duration_s,max_hand_speed,frac_over_5ms,max_head_speed,max_quat_step,lead_in_s,lead_out_s,dead_air_frac,path_per_s,idle_frac,lab,episode_hash
93.6,13.531564341902474,0.007481296758104738,3.273085131373713,0.3674198378923258,0.0,0.0,0.0,1.325036988875955,0.0024937655860349127,rl2,2025-09-20-17-42-51-000000
93.83333333333333,23.20925089527722,0.00550817341862118,6.936072905663317,0.7122452363670028,0.03333333333333333,0.0,0.0003552397868561279,1.085592696599858,0.028784648187633263,rl2,2025-09-20-17-47-54-000000
112.76666666666667,20.309680190545723,0.004287403903015967,5.966449990723395,0.41836551698245916,0.0,0.0,0.0,0.8719781450021171,0.008574807806031934,rl2,2025-09-20-18-05-52-000000
104.53333333333333,24.92590403168727,0.003668261562998405,3.9672864381971267,0.42606034570364254,0.0,0.0,0.0,1.1121620078120127,0.004784688995215311,rl2,2025-09-20-18-11-35-000000
123.73333333333333,14.291393145270392,0.004311506332524926,5.5648466860513714,0.46531230360185555,0.0,0.0,0.0,1.0067022644757226,0.008623012665049851,rl2,2025-09-20-18-39-18-000000
78.33333333333333,16.816930814305245,0.006172839506172839,9.754032382221526,0.970741098312296,0.0,0.0,0.0,1.2028578479162368,0.0008514261387824606,rl2,2025-09-20-18-44-29-000000
78.1,14.269253684466857,0.004269854824935952,4.863776258433548,0.4353108369425946,0.0,0.0,0.0,1.2447192736257073,0.0004269854824935952,rl2,2025-09-20-18-59-55-000000
82.4,15.102963751392895,0.0046539862403885066,5.934760871483984,0.15127354312602487,0.0,0.0,0.0,0.9925753814048407,0.0012140833670578712,rl2,2025-09-20-19-04-22-000000
74.2,15.340202103693823,0.004269662921348315,9.759142427683003,0.8111828711500588,0.0,0.0,0.0,1.0674446408839071,0.0008988764044943821,rl2,2025-09-20-19-53-07-000000
70.03333333333333,16.59139772170452,0.008571428571428572,9.906966943694552,0.7986532514996557,0.0,0.0,0.0,1.3370663396874056,0.0014285714285714286,rl2,2025-09-20-19-57-29-000000
86.9,17.706180005322874,0.0061396776669224865,10.684728022564451,0.8643338915937917,0.0,0.0,0.0,1.0264380212292914,0.009976976208749041,rl2,2025-09-20-20-23-06-000000
68.33333333333333,15.545092359541538,0.00854075158613958,11.424080243132902,0.9231965152076538,0.0,0.0,0.0,1.2702028535814196,0.0014641288433382138,rl2,2025-09-20-20-27-23-000000
77.63333333333334,27.822482984099,0.00429553264604811,7.752139041610196,0.6502329546251097,0.0,0.0,0.0,1.1822786558689617,0.000859106529209622,rl2,2025-09-20-20-55-13-000000
81.16666666666667,9.866283205220476,0.0024650780608052587,6.941304620602608,0.5440364726732098,0.0,0.0,0.0,0.9435118081430326,0.002054231717337716,rl2,2025-09-20-20-59-45-000000
69.63333333333334,19.688865632691623,0.012691570881226053,12.111147640642155,0.9897741401089992,0.0,0.0,0.0,1.3550400514335599,0.004789272030651341,rl2,2025-09-20-21-23-13-000000
76.46666666666667,13.33934375978015,0.005887483645878762,8.938203494709432,0.8366714721983274,0.0,0.0,0.0,1.1918974201132047,0.0008722197993894462,rl2,2025-09-20-21-27-15-000000
108.5,19.805416221926126,0.0035341118623232943,4.029003010781636,0.2468432401580049,0.0,0.0,0.0,0.8435662101411086,0.003073140749846343,rl2,2025-09-21-20-44-10-000000
91.0,26.430949238444136,0.004397215097105167,5.808721821031315,0.5419357569697147,0.0,0.0,0.0,0.9013581912754328,0.00036643459142543056,rl2,2025-09-21-20-50-33-000000
83.46666666666667,16.6588775957927,0.004994007191370355,4.702354869089099,0.19698889602265135,0.0,0.0,0.0,1.067493155820958,0.00039952057530962844,rl2,2025-09-21-20-56-12-000000
117.6,26.638470173032196,0.0021264530762687838,11.173407870662892,0.31626790758134615,0.0,0.0,0.0,0.8781083432134487,0.0008505812305075135,rl2,2025-09-21-21-01-12-000000
99.8,27.34469884529079,0.003842298696959572,3.639385549830374,0.3997514829418304,0.0,0.0,0.0,0.8816046359015148,0.0036752422318743734,rl2,2025-09-21-21-35-21-000000
116.93333333333334,24.73309372924434,0.001710863986313088,2.5322088010394883,0.23715486890492074,0.0,0.0,0.0,0.8195591652077633,0.0051325919589392645,rl2,2025-09-21-21-40-03-000000
110.9,20.301178285878,0.0016536380036079375,9.043620154378802,0.169697562017644,0.0,0.0,0.0,0.9776927544092002,0.0,rl2,2025-09-21-22-17-10-000000
118.03333333333333,16.90302597721267,0.0026836158192090395,5.563973981743718,0.2574929670875032,0.0,0.0,0.0,0.7886939188739093,0.002824858757062147,rl2,2025-09-21-22-21-41-000000
105.9,22.58482139989785,0.0028337531486146094,8.68572248674233,0.24882396982173596,0.0,0.0,0.0,1.0125717874656406,0.0,rl2,2025-09-22-01-56-37-000000
126.83333333333333,22.37887296834739,0.003548895899053628,6.409294570231324,0.3767178945425852,0.0,0.0,0.0,0.722212057136034,0.0002628811777076761,rl2,2025-09-22-02-02-19-000000
141.33333333333334,8.96007568913038,0.0033026657230478887,2.5194167000392227,0.2499006070374746,0.0,0.0,0.0,0.8086445353594905,0.009436187780136825,rl2,2025-09-22-02-19-38-000000
126.16666666666667,20.643716981459217,0.0018498942917547568,2.442768971612173,0.33996961028778816,0.0,0.03333333333333333,0.0002642007926023778,0.8604123842359759,0.0023784355179704017,rl2,2025-09-22-02-24-19-000000
124.1,21.107410610459997,0.003895754970445997,6.945004921853872,0.24907819905987763,0.0,0.0,0.0,0.8439850882331569,0.002955400322407308,rl2,2025-09-22-02-31-37-000000
115.86666666666666,9.361629218169252,0.002589928057553957,3.227588937297533,0.3204865976229403,0.0,0.0,0.0,0.8224843719165731,0.0011510791366906475,rl2,2025-09-22-02-36-16-000000
119.26666666666667,10.02865959860652,0.00363433044450657,4.506950898110757,0.23840764271717832,0.0,0.0,0.0,0.8627401522742331,0.002516074923119933,rl2,2025-09-22-03-09-27-000000
121.96666666666667,18.872650641157882,0.003417167851284855,4.558854596430112,0.3722738935179179,0.0,0.0,0.0,0.8308625005064152,0.0005467468562055768,rl2,2025-09-22-03-13-58-000000
89.46666666666667,22.93258883373674,0.002609019754006709,6.023717307810572,0.5198123727362721,0.0,0.0,0.0,0.7546565676451644,0.0003727171077152441,rl2,2025-09-22-19-42-55-000000
129.73333333333332,22.867482748866824,0.0030840400925212026,7.703940743395303,0.6556140121723636,0.0,0.0,0.0,0.7435927370763655,0.0038550501156515036,rl2,2025-09-22-19-49-07-000000
73.1,9.783925374549009,0.0004562043795620438,4.54319687587014,0.2593859888448954,0.0,0.0,0.0,0.859980020761836,0.007755474452554745,rl2,2025-09-22-20-11-49-000000
90.0,10.322147005386281,0.0011115227862171174,3.4166245056537945,0.3908077516404001,0.0,0.0,0.0,0.7813111408710672,0.002223045572434235,rl2,2025-09-22-20-17-09-000000
110.56666666666666,18.140168251799107,0.0015078407720144752,11.278305918619145,0.6601259686573246,0.0,0.0,0.0,0.8134099980233249,0.0018094089264173703,rl2,2025-09-22-20-23-21-000000
79.93333333333334,23.51854190970153,0.004797663746349603,4.448356623553659,0.526885666464111,0.0,0.0,0.0,0.9322724993925189,0.002920317062995411,rl2,2025-09-22-20-27-48-000000
90.56666666666666,24.894615786666694,0.007363770250368188,4.997502935357678,0.703741013507019,0.0,0.0,0.0,0.8741101765318147,0.008100147275405008,rl2,2025-09-22-20-35-24-000000
163.33333333333334,21.962874346687535,0.004694835680751174,4.810745245714734,0.5743884884641094,0.0,0.03333333333333333,0.0002040816326530612,0.8435481317463012,0.001224739742804654,rl2,2025-09-22-20-41-18-000000
90.6,23.638847855095147,0.005704821494295178,7.373098353234511,0.5818883813911891,0.0,0.0,0.0,0.9438914682859111,0.001840264998159735,rl2,2025-09-22-20-47-49-000000
89.63333333333334,23.951404688360373,0.011160714285714286,6.740585227286399,0.7931558040566943,0.0,0.0,0.0,1.1821612088615654,0.0003720238095238095,rl2,2025-09-22-21-00-06-000000
100.66666666666667,21.919686479466005,0.00728718118582312,7.401538219135893,0.7834754701524508,0.0,0.0,0.0,0.9345961592657696,0.0023186485591255384,rl2,2025-09-22-21-04-21-000000
71.3,20.757476229837525,0.007015902712815715,9.78821083759885,0.8139324911540367,0.0,0.0,0.0,1.1463551995542234,0.0023386342376052385,rl2,2025-09-23-19-20-34-000000
86.16666666666667,16.61188635791121,0.001741486068111455,6.540365819429391,0.20538225658513737,0.0,0.0,0.0,0.6592124967268139,0.0027089783281733747,rl2,2025-09-23-19-25-08-000000
75.9,23.040460399968435,0.005052724077328647,9.080342603234667,0.4537436521518629,0.0,0.0,0.0,0.9564904901908011,0.0026362038664323375,rl2,2025-09-23-19-32-44-000000
68.5,23.357791378236172,0.006329113924050633,10.943301841016332,0.4190965751915233,0.0,0.0,0.0,1.1792764727936906,0.004381694255111977,rl2,2025-09-23-19-37-29-000000
90.43333333333334,18.006671987290694,0.003687315634218289,8.10533557323212,0.6489744382427048,0.0,0.0,0.0,0.861142956264947,0.007743362831858407,rl2,2025-09-23-20-14-31-000000
88.3,15.700942267780322,0.0024546827794561933,5.76837065431391,0.38648393449373475,0.0,0.0,0.0,0.6492053847778024,0.01850453172205438,rl2,2025-09-23-20-19-39-000000
78.93333333333334,17.443185667308605,0.005069708491761723,4.188527611041708,0.513057583422973,0.0,0.0,0.0,0.9354117577102399,0.009716941275876637,rl2,2025-09-23-20-30-13-000000
101.2,13.56059838659802,0.002471169686985173,5.485405870816999,0.24972086275015679,0.0,0.0,0.0,0.8202578580447125,0.006260296540362438,rl2,2025-09-23-20-34-49-000000
78.0,18.984367018443244,0.005771697306541257,8.375187097217825,0.3308036223458026,0.0,0.0,0.0,0.7756501613231468,0.006840530141085934,rl2,2025-09-23-21-10-33-000000
64.86666666666666,13.695509490282342,0.006169665809768638,5.50858455289966,0.33510247545556854,0.0,0.0,0.0,0.915101326278579,0.002570694087403599,rl2,2025-09-23-21-14-51-000000
98.86666666666666,19.7657918999142,0.004047217537942664,7.089097588984678,0.5931235784260801,0.0,0.0,0.0,0.7686230719432173,0.003709949409780776,rl2,2025-09-23-21-34-16-000000
99.36666666666666,17.740245760943367,0.005201342281879195,5.330331641907516,0.3533850119840225,0.0,0.0,0.0,0.706762489234965,0.009060402684563758,rl2,2025-09-23-21-38-55-000000
75.73333333333333,16.355396445760416,0.00836635843240863,8.473014335091351,0.22035328776405724,0.0,0.0,0.0,1.1383367905332942,0.0048436811977102595,rl2,2025-09-23-21-58-00-000000
77.06666666666666,15.739589530051518,0.004759844223279966,6.945853529860566,0.3709216861545631,0.0,0.0,0.0,0.9948144526937224,0.006490696668109044,rl2,2025-09-23-22-15-03-000000
83.96666666666667,18.045244430089678,0.007347100873709293,5.085095799415848,0.23176060021707948,0.0,0.0,0.0,0.8537476699670121,0.0019857029388403494,rl2,2025-09-23-22-43-03-000000
79.03333333333333,13.48769991147953,0.00569620253164557,7.040021961943859,0.29523974473515896,0.0,0.0,0.0,0.9242926135894706,0.0004219409282700422,rl2,2025-09-23-22-47-12-000000
64.0,19.600790976671192,0.008337675872850442,7.0398036555794015,0.7247262674046369,0.0,0.0,0.0,1.2064375934028395,0.006253256904637832,rl2,2025-09-24-03-12-23-000000
76.93333333333334,14.460802519159857,0.004334633723450368,5.695875204145403,0.6223140621784193,0.0,0.0,0.0,1.012046496301491,0.0082358040745557,rl2,2025-09-24-03-15-53-000000
63.0,14.863201211039623,0.008205399682371625,5.313753233265307,0.7985907883475243,0.0,0.0,0.0,1.3172930048779066,0.008470089994706194,rl2,2025-09-24-03-19-17-000000
56.333333333333336,23.71159452841038,0.017169923031379514,6.915078068594163,0.7244676816917636,0.0,0.0,0.0,1.51601021997621,0.0041444641799881585,rl2,2025-09-24-03-30-47-000000
76.26666666666667,24.56160758101892,0.010494097070397902,6.221725707838741,0.6286021181621898,0.0,0.0,0.0,1.2043701164089835,0.00043725404459991256,rl2,2025-09-24-03-34-16-000000
53.86666666666667,20.962092139543532,0.009287925696594427,7.918136063312954,0.6193784814454228,0.0,0.0,0.0,1.3310638051045178,0.006811145510835914,rl2,2025-09-24-03-55-38-000000
55.766666666666666,17.23333761600635,0.012858851674641148,5.568817466880125,0.5990730552362167,0.0,0.0,0.0,1.5134897463032395,0.004784688995215311,rl2,2025-09-24-03-59-06-000000
79.73333333333333,20.05404760080997,0.0075282308657465494,7.620831214317304,0.6734723759465028,0.0,0.0,0.0,1.0357739855143195,0.004600585529067336,rl2,2025-09-24-04-02-36-000000
54.13333333333333,35.07125454361346,0.012014787430683918,3.6371715798849515,0.40980508471732346,0.0,0.0,0.0,1.3904816749951476,0.0061614294516327784,rl2,2025-09-24-04-07-27-000000
68.53333333333333,17.1232677992149,0.00851581508515815,5.063199733778826,0.5695519301896369,0.0,0.0,0.0,1.2119885020280339,0.00535279805352798,rl2,2025-09-24-04-10-46-000000
75.0,16.240099355990722,0.005558025789239662,6.097720416311169,0.6255203452178575,0.0,0.0,0.0,1.0742146133160428,0.007114273010226767,rl2,2025-09-24-04-14-10-000000
65.76666666666667,10.87851908094732,0.0058316430020283975,3.994710896623453,0.5028170252380126,0.0,0.0,0.0,1.311339131388833,0.0015212981744421906,rl2,2025-09-24-04-35-30-000000
68.8,27.896977309454407,0.003635482307319438,3.916515181067319,0.5360193873957402,0.0,0.0,0.0,1.2720397227007072,0.0024236548715462916,rl2,2025-09-24-04-38-51-000000
58.53333333333333,18.99728630248115,0.009686609686609686,7.1712612861313625,0.5766111325086278,0.0,0.0,0.0,1.4244026094272344,0.0017094017094017094,rl2,2025-09-24-04-43-51-000000
46.03333333333333,17.602251679792765,0.015579710144927537,8.810245650887348,0.7805179260807792,0.0,0.0,0.0,1.5786228261148234,0.0014492753623188406,rl2,2025-09-24-04-47-05-000000
74.33333333333333,18.29452613568931,0.008972633467922835,6.454610401487726,0.6179041595076031,0.0,0.0,0.0,1.222452503804996,0.0022431583669807087,rl2,2025-09-24-04-50-31-000000
53.3,18.359875455134567,0.017521902377972465,6.271068803615384,0.6869572103716141,0.0,0.0,0.0,1.5868076409575327,0.0037546933667083854,rl2,2025-09-24-05-09-51-000000
69.9,18.526993764288054,0.01383587786259542,5.928275989313469,0.6209386884764684,0.0,0.0,0.0,1.3990864628773787,0.002385496183206107,rl2,2025-09-24-05-17-51-000000
64.96666666666667,15.677164976198535,0.008983572895277207,7.752450314410341,0.5728523914580159,0.0,0.0,0.0,1.2363915747272725,0.002053388090349076,rl2,2025-09-24-05-21-13-000000
77.7,18.826775395144807,0.008798283261802575,6.732655602584206,0.4549087933701286,0.0,0.0,0.0,1.1199677238488923,0.006008583690987125,rl2,2025-09-24-05-25-40-000000
64.76666666666667,18.133717146473575,0.011585993820803296,6.857188929726491,0.6215244349278615,0.0,0.0,0.0,1.3700826214654025,0.001544799176107106,rl2,2025-09-24-05-29-17-000000
52.46666666666667,19.107785665773072,0.02066115702479339,7.170686545120073,0.61267318916345,0.0,0.03333333333333333,0.0006353240152477763,1.6098197852120373,0.0025429116338207248,rl2,2025-09-24-05-32-41-000000
82.66666666666667,13.62414897088257,0.00463896732553449,5.718045567357248,0.2945312541259225,0.0,0.0,0.0,1.1194404661748159,0.0004033884630899556,rl2,2025-09-24-13-46-02-000000
88.83333333333333,19.6674888904245,0.0033783783783783786,5.95000291905275,0.23857472577570524,0.0,0.0,0.0,0.7962186092969711,0.0011261261261261261,rl2,2025-09-24-13-50-23-000000
96.76666666666667,10.284321027799992,0.002584424534803584,5.941552775157262,0.2002589742742394,0.0,0.0,0.0,0.8411254801712691,0.00034458993797381116,rl2,2025-09-24-14-06-40-000000
89.66666666666667,11.25663384100649,0.007437709185570844,5.116775166322954,0.2742168331003608,0.0,0.0,0.0,1.1269163887366487,0.0003718854592785422,rl2,2025-09-24-14-11-01-000000
95.56666666666666,12.775666559545579,0.004361479413817167,5.60428814003274,0.40042992517984877,0.0,0.0,0.0,0.8261538301506309,0.0003489183531053733,rl2,2025-09-24-14-37-48-000000
118.26666666666667,15.01851036920741,0.0031012122920778123,5.871600787479421,0.18414125146456284,0.0,0.0,0.0,0.9230638368917642,0.000563856780377784,rl2,2025-09-24-14-42-14-000000
101.86666666666666,11.542570952144947,0.007037643207855973,6.349417237484378,0.33965739437961723,0.0,0.0,0.0,0.9721000243439925,0.0009819967266775777,rl2,2025-09-24-14-57-32-000000
95.9,15.299645400421866,0.005389429763560501,9.022495526000943,0.41421189947460996,0.0,0.0,0.0,0.9540816874368774,0.0003477051460361613,rl2,2025-09-24-15-01-42-000000
120.83333333333333,11.597752933717253,0.0030353200883002206,3.4959590176682513,0.22811778152149406,0.0,0.0,0.0,0.7400583083170175,0.002207505518763797,rl2,2025-09-24-15-16-29-000000
102.8,12.433431709248591,0.007460265974699967,4.999570460175183,0.3792291294514519,0.0,0.0,0.0,1.0261635386179584,0.0003243593902043464,rl2,2025-09-24-15-20-42-000000
109.73333333333333,13.08992390395704,0.006988757216651474,6.215262155792775,0.3005929971777128,0.0,0.0,0.0,0.8578261325651079,0.0,rl2,2025-09-24-15-39-38-000000
106.13333333333334,13.117838144551026,0.0034558592522777255,7.173020632271473,0.23001707904630508,0.0,0.0,0.0,0.9493601122716453,0.00031416902293433867,rl2,2025-09-24-15-44-35-000000
89.76666666666667,20.35923411472673,0.009286775631500743,7.822838915587303,0.37085549849565597,0.0,0.0,0.0,1.206068873917015,0.0,rl2,2025-09-24-16-04-23-000000
91.86666666666666,14.204648113870983,0.005626134301270417,6.9924245154392,0.31689908962342017,0.0,0.0,0.0,1.118725839447979,0.0,rl2,2025-09-24-16-08-35-000000
110.23333333333333,14.264912023951236,0.004990925589836661,7.877778495119917,0.2867860336974071,0.0,0.0,0.0,1.0698659564657373,0.0,rl2,2025-09-24-16-24-49-000000
100.83333333333333,17.980840681610008,0.01240079365079365,7.382251994229958,0.4158829353417073,0.0,0.0,0.0,1.1267080311236481,0.0013227513227513227,rl2,2025-09-24-16-28-59-000000
56.266666666666666,16.34276034363888,0.0038529934795494963,5.376791255444945,0.2341249038584383,0.0,0.0,0.0,0.9980038593062638,0.0023710729104919974,rl2,2025-09-25-18-10-53-000000
84.5,13.347198180533256,0.003551696921862668,6.40357441426288,0.14446192344789685,0.0,0.0,0.0,0.9865547446834118,0.0007892659826361484,rl2,2025-09-25-18-17-20-000000
63.766666666666666,26.442527412343694,0.011244769874476987,4.915788787382456,0.41663569582999466,0.0,0.0,0.0,1.3788804954235452,0.0005230125523012552,rl2,2025-09-25-18-37-35-000000
54.833333333333336,21.204830517982337,0.006995133819951338,5.81275626049102,0.21621399128655153,0.0,0.0,0.0,1.2045262805317059,0.0,rl2,2025-09-25-18-42-13-000000
61.3,22.08465195334793,0.00544069640914037,6.495645059103078,0.4725062160034506,0.0,0.0,0.0,1.2128834920661056,0.000544069640914037,rl2,2025-09-25-19-01-00-000000
84.4,15.283945767836808,0.0031608060055314103,5.169490481321892,0.1744736458614765,0.0,0.0,0.0,0.8480478499770431,0.0075069142631371,rl2,2025-09-25-19-11-49-000000
51.666666666666664,24.193946415719605,0.004196255648805681,4.657894180594958,0.40193741018456625,0.0,0.0,0.0,0.8796583551299824,0.0012911555842479018,rl2,2025-09-25-19-27-43-000000
77.03333333333333,19.683481764949583,0.009956709956709957,5.2745701338220545,0.22967956250582683,0.0,0.0,0.0,1.3107900232806702,0.0008658008658008658,rl2,2025-09-25-20-03-37-000000
73.8,18.290554084248598,0.010393131495707185,7.6248969852160196,0.3541877552790148,0.0,0.0,0.0,1.094013819324184,0.0018075011296882061,rl2,2025-09-25-20-08-06-000000
90.9,23.10413343726814,0.003851797505502568,3.1474458346463656,0.3029392202426345,0.0,0.0,0.0,1.1208381237777518,0.0007336757153338225,rl2,2025-09-25-21-01-27-000000
82.5,22.459426399401533,0.008488278092158448,3.662434876299398,0.34631702815632043,0.0,0.0,0.0,1.3636784049893842,0.0016168148746968471,rl2,2025-09-25-21-05-37-000000
62.63333333333333,22.53902323774942,0.006123535676251331,3.4309297924128894,0.44370401144782323,0.0,0.0,0.0,1.1102112291441102,0.001597444089456869,rl2,2025-09-25-21-53-41-000000
68.03333333333333,11.596819294984964,0.006127450980392157,4.357902140525514,0.3361229856713468,0.0,0.0,0.0,1.3781655878792587,0.0,rl2,2025-09-25-21-57-46-000000
84.53333333333333,22.197499249532097,0.0035502958579881655,3.4871628472912777,0.2937662052412347,0.0,0.0,0.0,0.9331708734084495,0.001183431952662722,rl2,2025-09-25-22-39-54-000000
91.2,16.893868432779875,0.008775137111517367,4.870667190213755,0.390920480847524,0.0,0.0,0.0,1.5242947630939117,0.0,rl2,2025-09-25-22-44-19-000000
129.9,21.404435054195268,0.004748459958932238,4.691018209046281,0.34337707778326776,0.0,0.0,0.0,0.9170439945389262,0.016940451745379878,rl2,2025-09-26-17-40-42-000000
125.3,7.472989988686239,0.004257583821181479,2.962763430158916,0.12554485747421382,0.0,0.0,0.0,0.8277323438265698,0.015699840340606706,rl2,2025-09-26-17-45-46-000000
117.83333333333333,8.324781203604145,0.003395585738539898,3.6778202200083387,0.3597729761427435,0.0,0.0,0.0,0.8484527745915665,0.011601584606677985,rl2,2025-09-26-17-51-49-000000
124.66666666666667,9.786583379632889,0.005482749398234822,7.76158029205808,0.5152266477683582,0.0,0.0,0.0,0.938432737926086,0.01684942497994116,rl2,2025-09-26-17-56-04-000000
118.83333333333333,20.083800135125443,0.004489337822671156,4.753628369185587,0.6211939115295351,0.0,0.0,0.0,0.98202644701539,0.008978675645342313,rl2,2025-09-26-18-23-35-000000
128.63333333333333,24.093973794659664,0.004665629860031105,6.843218485274376,0.7969720084603029,0.0,0.0,0.0,1.0306733777875037,0.006998444790046656,rl2,2025-09-26-18-27-57-000000
99.96666666666667,7.878255885088215,0.0011674449633088727,3.931461480923538,0.47062938238767926,0.0,0.0,0.0,0.8006242897526797,0.00733822548365577,rl2,2025-09-26-18-36-44-000000
77.56666666666666,17.739841098261806,0.005588993981083405,2.7526273911800034,0.18654949887613834,0.0,0.0,0.0,1.2507904275948765,0.0008598452278589854,rl2,2025-09-26-18-41-35-000000
127.96666666666667,23.630604510467908,0.007816571130797291,4.075931022822707,0.47811737564168016,0.0,0.0,0.0,0.9316104238366921,0.02058363731109953,rl2,2025-09-26-18-43-07-000000
134.2,19.379203990116867,0.009068322981366459,6.099506710766579,0.6071789813104157,0.0,0.0,0.0,1.2289064204711062,0.0052173913043478265,rl2,2025-09-26-18-47-40-000000
91.73333333333333,12.56605135894531,0.0034532897128316978,3.408911411293915,0.1455907788764424,0.0,0.0,0.0,0.9701114823745102,0.0036350418029807343,rl2,2025-09-26-18-58-59-000000
120.2,25.11641074066439,0.0076282940360610264,8.189094319972192,0.8792994069230932,0.0,0.0,0.0,1.2653549899045102,0.0008321775312066575,rl2,2025-09-26-19-04-09-000000
93.36666666666666,22.267672215467353,0.0032142857142857142,9.675081540215745,0.18555744962534526,0.0,0.0,0.0,0.9895399230841707,0.002142857142857143,rl2,2025-09-26-19-06-11-000000
137.0,20.278934286305848,0.009613044536383548,7.68185315227236,0.885030225465409,0.0,0.0,0.0,1.1869316681654327,0.0038938914577756143,rl2,2025-09-26-19-08-33-000000
92.96666666666667,35.15288877129322,0.007890961262553802,5.224769933201018,0.3169690902530177,0.0,0.0,0.0,1.1003236452815783,0.0068149210903873745,rl2,2025-09-26-19-28-55-000000
91.13333333333334,29.22993831955398,0.0060373216245883645,5.174415103461558,0.5430171960833641,0.0,0.0,0.0,1.0110130026273183,0.003293084522502744,rl2,2025-09-26-19-33-12-000000
132.46666666666667,22.339486602435482,0.005285678328718852,8.581176437607693,0.6010061235492103,0.0,0.0,0.0,0.962021225263522,0.0072992700729927005,rl2,2025-09-26-19-33-15-000000
115.53333333333333,8.369170582656338,0.0025974025974025974,3.4800864350579483,0.29013251006363794,0.0,0.0,0.0,0.8913182034035072,0.012121212121212121,rl2,2025-09-26-19-37-28-000000
109.26666666666667,9.487522580030847,0.0022886786695148,4.715808506310443,0.22491114028141723,0.0,0.0,0.0,0.6105702472104456,0.01281660054928288,rl2,2025-09-26-19-47-50-000000
115.43333333333334,25.411468124238013,0.003755054881571346,6.927652180078083,0.4491454927605998,0.0,0.0,0.0,1.001384503428342,0.0008665511265164644,rl2,2025-09-26-19-52-12-000000
103.83333333333333,19.631416344432015,0.00995504174694926,9.093461692815799,0.8617992707366391,0.0,0.0,0.0,1.3263639462383627,0.004174694926140013,rl2,2025-09-26-19-53-43-000000
104.23333333333333,12.92531288460015,0.0067178502879078695,6.746326299523709,0.251001280618019,0.0,0.0,0.0,1.120959071212306,0.0006397952655150352,rl2,2025-09-26-19-56-45-000000
108.26666666666667,17.98922389848846,0.0020018478595626734,5.974690082543402,0.6333544696645594,0.0,0.0,0.0,0.9070346030281284,0.010163227594702803,rl2,2025-09-26-19-58-43-000000
87.9,12.772483497615884,0.004362670713201821,5.683240318719193,0.4114228556625405,0.0,0.0,0.0,0.9254065042545102,0.0,rl2,2025-09-26-20-12-50-000000
110.56666666666666,17.351809335799345,0.0048250904704463205,4.873559394154177,0.5725510011358915,0.0,0.0,0.0,1.213921760314883,0.0015078407720144752,rl2,2025-09-26-20-13-41-000000
85.73333333333333,25.22369916007576,0.0031116297160637884,10.151927756256187,0.3713877192715801,0.0,0.0,0.0,0.9946703101092537,0.0,rl2,2025-09-26-20-17-33-000000
118.63333333333334,24.339718251276608,0.002529510961214165,2.4532440079473985,0.25000945920815365,0.0,0.0,0.0,0.9802311275369242,0.0039347948285553686,rl2,2025-09-26-20-18-17-000000
125.46666666666667,10.340869260229535,0.005182035609885729,3.234089489522373,0.2827899524269441,0.0,0.0,0.0,1.0564936495396653,0.004251926654265214,rl2,2025-09-26-20-32-15-000000
85.06666666666666,10.953795889244365,0.003724029792238338,3.540706814014715,0.33139295411292224,0.0,0.0,0.0,0.9376937700317646,0.0027440219521756176,rl2,2025-09-26-20-36-20-000000
120.9,11.357981245285472,0.003033645890788748,5.789071695640713,0.23983821782668052,0.0,0.0,0.0,1.0568087619966096,0.0002757859900717044,rl2,2025-09-26-20-50-48-000000
114.43333333333334,15.03983034725389,0.008595571095571096,5.976035636712587,0.3664723381442801,0.0,0.0,0.0,1.2963920274330067,0.0,rl2,2025-09-26-20-54-50-000000
107.9,21.24038704946938,0.0023176761433868973,5.204400864769488,0.17562544457721552,0.0,0.0,0.0,0.6322743140108407,0.002781211372064277,rl2,2025-09-27-20-24-52-000000
92.23333333333333,16.66328086351471,0.010665220535068692,7.259128495876037,0.45440730903234294,0.0,0.0,0.0,1.0620605553221218,0.0032537960954446853,rl2,2025-09-27-20-29-18-000000
95.9,24.92395733259388,0.008692628650904033,10.047271582331595,0.33218661033935704,0.0,0.0,0.0,1.0746701648499175,0.0,rl2,2025-09-27-20-44-44-000000
135.0,19.810034345864562,0.005927389478883675,6.726615119147331,0.5593569898905305,0.0,0.0,0.0,1.0384371480031949,0.0,rl2,2025-09-27-20-49-54-000000
113.73333333333333,27.940971840732548,0.0038111990618586926,3.371458232039276,0.34083113423627975,0.0,0.0,0.0,0.87879082797715,0.002638522427440633,rl2,2025-09-27-21-06-03-000000
125.86666666666666,27.44948119663184,0.0030463576158940397,3.8803675002266393,0.3265824245690816,0.0,0.0,0.0,0.806844148181443,0.003443708609271523,rl2,2025-09-27-21-10-46-000000
147.16666666666666,18.389796232332593,0.0026053466243769825,4.530836591810409,0.3102787625353255,0.0,0.0,0.0,0.8937349119937936,0.001359311282283643,rl2,2025-09-27-21-42-08-000000
120.03333333333333,18.709661441979545,0.01138888888888889,6.035620093109406,0.46506781301155803,0.0,0.0,0.0,1.461385863015377,0.0002777777777777778,rl2,2025-09-27-21-46-02-000000
129.26666666666668,20.437954321139895,0.007608976012380707,6.98523851198871,0.38895572479112717,0.0,0.0,0.0,1.2696709430338737,0.0,rl2,2025-09-27-22-01-47-000000
155.83333333333334,14.781638400640913,0.005883611467693625,9.049497020265521,0.3587237866139858,0.0,0.0,0.0,1.26955260319131,0.0002139495079161318,rl2,2025-09-27-22-06-08-000000
129.3,17.681202838193087,0.010830324909747292,8.678563662458023,0.33497314021660907,0.0,0.0,0.0,1.258310586765436,0.00025786487880350697,rl2,2025-09-27-22-20-20-000000
151.1,15.203709212613711,0.004523389232127096,9.10616167878909,0.3801336672415485,0.0,0.0,0.0,1.0844110724831189,0.0,rl2,2025-09-27-22-24-24-000000
101.46666666666667,15.847493839248028,0.005422280644101216,9.720153733124796,0.4787208588141699,0.0,0.03333333333333333,0.000328515111695138,0.9257071703889403,0.0006572461386789353,rl2,2025-10-03-17-01-49-000000
137.0,16.454529913780544,0.0038938914577756143,6.292153728608981,0.32713690060186235,0.0,0.0,0.0,1.052859619841842,0.0007301046483329277,rl2,2025-10-03-17-06-00-000000
118.73333333333333,26.13399323357948,0.0032294299354114014,8.129600479143386,0.5025509579365603,0.0,0.0,0.0,0.93577638383568,0.0,rl2,2025-10-03-17-06-02-000000
125.5,18.588202692518156,0.008235919234856535,5.325502796062997,0.7316807435062588,0.0,0.0,0.0,1.3729507949608857,0.00026567481402763017,rl2,2025-10-03-17-09-59-000000
129.56666666666666,48.855912506625025,0.006176016469377252,8.59179603014648,0.674418260112488,0.0,0.0,0.0,1.1728946119656736,0.0002573340195573855,rl2,2025-10-03-17-25-15-000000
141.9,11.959048991371448,0.008928571428571428,5.558174990598448,0.3965090465690975,0.0,0.0,0.0,1.2143793600008046,0.00023496240601503758,rl2,2025-10-03-17-29-31-000000
69.63333333333334,18.07329890128923,0.011494252873563218,6.9939215507966095,0.8609500838674691,0.0,0.0,0.0,1.5497501153358992,0.0004789272030651341,rl2,2025-10-12-01-38-11-933000
74.96666666666667,21.301365669554876,0.007339857651245551,7.816139143839159,0.866328587446203,0.0,0.0,0.0,1.3992171823062813,0.00044483985765124553,rl2,2025-10-12-01-38-27-674000
74.4,28.277855971997454,0.008516360376512775,8.400010758075178,0.9141235247706536,0.0,0.0,0.0,1.461610025386592,0.0,rl2,2025-10-12-01-39-14-013000
87.76666666666667,21.241629547185894,0.003799392097264438,8.209964648864645,0.8648573604887047,0.0,0.0,0.0,1.2728100060003154,0.00037993920972644377,rl2,2025-10-12-01-39-29-633000
67.3,25.022672713811062,0.009415262636273538,8.060581742270864,0.8901397980044649,0.0,0.0,0.0,1.5920077236695458,0.0,rl2,2025-10-12-01-39-44-736000
80.46666666666667,14.247763305142842,0.00435142975549109,9.834519955052022,0.8434562539063342,0.0,0.0,0.0,1.2272439450361907,0.0,rl2,2025-10-12-01-48-33-473000
77.3,17.144485527994085,0.0060396893874029335,8.136351142600558,0.9041496525816344,0.0,0.0,0.0,1.1463600276078203,0.0,rl2,2025-10-12-01-48-48-267000
85.4,12.95927794434427,0.006247559547051933,6.8614788021619,0.8295813122189367,0.0,0.0,0.0,1.1594016667609048,0.0007809449433814916,rl2,2025-10-12-01-49-22-409000
73.1,9.296646841572937,0.00479014598540146,2.937073536961546,0.1533376794469774,0.0,0.0,0.0,1.464494674069028,0.0004562043795620438,rl2,2025-10-12-01-50-21-394000
78.46666666666667,7.995024473788932,0.0008499787505312367,1.131173046475418,0.1202004486419398,0.0,0.0,0.0,1.028795886785475,0.0016999575010624734,rl2,2025-10-12-01-51-04-211000
70.2,10.632687877586111,0.004275534441805225,4.704978165375016,0.6716712723901549,0.0,0.0,0.0,1.1161141361765985,0.006175771971496437,rl2,2025-10-12-01-51-26-218000
87.1,9.079576232532178,0.002679938744257274,2.4579198329873835,0.28668320326007896,0.0,0.03333333333333333,0.0003827018752391887,0.8580962773991087,0.010719754977029096,rl2,2025-10-12-01-51-49-249000
66.4,9.816422088633807,0.006027122049221497,6.479369204598183,0.9123205205030054,0.0,0.0,0.0,1.2287483033051618,0.0030135610246107484,rl2,2025-10-12-04-18-32-000000
62.766666666666666,12.7640319335504,0.005579171094580234,5.544560615941253,0.7793298082625076,0.0,0.0,0.0,1.399930542839566,0.002656748140276302,rl2,2025-10-12-04-25-04-000000
99.06666666666666,9.227205543670339,0.0013463480309660047,3.5672919706651216,0.5429706231201039,0.0,0.0,0.0,1.1584332103710708,0.0030292830696735107,rl2,2025-10-12-04-31-48-000000
64.9,11.878544632062834,0.00539568345323741,7.064286358810551,0.841746733320739,0.0,0.0,0.0,1.2725031785172782,0.007708119218910586,rl2,2025-10-12-04-36-08-000000
73.4,10.176593004896468,0.006587914584279873,7.138386843412136,0.8066058931183362,0.0,0.0,0.0,1.2771998812256091,0.0031803725579282144,rl2,2025-10-12-16-21-45-000000
86.23333333333333,10.28757717595831,0.0025135344160866204,6.436732401030483,0.7847609318770833,0.0,0.0,0.0,1.1592450554936162,0.0027068832173240526,rl2,2025-10-12-16-27-30-000000
49.43333333333333,16.22722472260484,0.00775978407557355,5.398751786180456,0.6984032565630229,0.0,0.0,0.0,1.5470740295772691,0.001349527665317139,rl2,2025-10-12-16-35-00-000000
69.83333333333333,14.344789924582157,0.0064469914040114614,4.810693557188223,0.5921982429519309,0.0,0.0,0.0,1.3202748475775172,0.0052531041069723014,rl2,2025-10-12-16-41-01-000000
66.33333333333333,9.499557114024174,0.008295625942684766,3.364384364928214,0.43622713510381655,0.0,0.0,0.0,1.351114751326091,0.0015082956259426848,rl2,2025-10-12-16-50-06-000000
85.7,10.292274415705041,0.0033073929961089494,3.8048340275822103,0.47391485986913123,0.0,0.0,0.0,1.0577897261701474,0.010505836575875487,rl2,2025-10-12-16-57-37-000000
58.6,11.860351616546708,0.008537279453614115,5.2927096209464635,0.7260159714990335,0.0,0.0,0.0,1.4296926594994714,0.001707455890722823,rl2,2025-10-12-17-08-49-000000
223.63333333333333,26.59578872033444,0.003205128205128205,8.792462471842823,0.7499872407512489,0.0,0.0,0.0,0.6899566130358731,0.004621347644603459,rl2,2025-10-12-19-17-44-000000
151.73333333333332,18.278335032959113,0.005273566249176005,12.914771777625957,0.412049973154525,0.0,0.0,0.0,0.8494080083078708,0.00043946385409800046,rl2,2025-10-12-19-30-48-000000
233.23333333333332,18.864173053056856,0.004145225843339051,5.074391922251638,0.32934380904710886,0.0,0.0,0.0,0.8769800787434567,0.004145225843339051,rl2,2025-10-12-19-55-02-000000
184.73333333333332,22.404342957626838,0.0030680382602418337,4.865065014276588,0.27830094747836304,0.03333333333333333,0.0,0.0001804402742692169,0.8335507992667125,0.0027070925825663237,rl2,2025-10-12-20-04-24-000000
195.73333333333332,21.46200436009602,0.0022142735479475386,4.37105527270461,0.22321526197621466,0.0,0.0,0.0,0.7082612923588731,0.011241696474195196,rl2,2025-10-12-20-15-26-000000
200.16666666666666,34.33649353974529,0.0016655562958027982,11.531150892835011,0.2888421639691182,0.0,0.0,0.0,0.9025137941184026,0.004497001998667555,rl2,2025-10-12-20-39-19-000000
174.23333333333332,16.99566415339884,0.002296211251435132,8.977731053595452,0.34623963285277937,0.0,0.0,0.0,0.799106941972785,0.0024875621890547263,rl2,2025-10-12-20-52-11-000000
230.46666666666667,7.564897462709644,0.0012295674815564878,6.830640584405327,0.19393057930524285,0.0,0.0,0.0,0.6788145999633599,0.005786199913207001,rl2,2025-10-12-21-23-35-000000
236.6,20.480781372204177,0.0023953783288713543,5.547375628129761,0.44431816582092554,0.0,0.0,0.0,0.8678099926636883,0.004368042835000705,rl2,2025-10-12-21-34-53-000000
270.2,14.624409924696607,0.0007402837754472548,7.243938262300782,0.2735608579001844,0.0,0.0,0.0,0.6874471470762723,0.005305367057371993,rl2,2025-10-12-21-50-03-000000
202.06666666666666,27.840148732203694,0.005774624649397789,7.497655090604215,0.4067754874647861,0.0,0.0,0.0,0.9933601222682437,0.004124731892426992,rl2,2025-10-12-23-35-41-000000
66.4,9.816739278778439,0.006027122049221497,6.479365998208767,0.9123193948884477,0.0,0.0,0.0,1.228746898287437,0.0030135610246107484,rl2,2025-10-12-23-59-23-433000
62.96666666666667,12.756849082544463,0.0034427966101694915,6.517127832408311,0.8210160692420773,0.0,0.0,0.0,1.3976559950269298,0.0026483050847457626,rl2,2025-10-12-23-59-38-361000
99.1,7.730064174650192,0.0023553162853297443,3.5672105619464385,0.5429700536205246,0.0,0.0,0.0,1.15685794842175,0.0033647375504710633,rl2,2025-10-12-23-59-52-539000
64.9,11.878491903612886,0.00539568345323741,7.06427085704078,0.8417467895983478,0.0,0.0,0.0,1.2725031317461584,0.007708119218910586,rl2,2025-10-13-00-00-06-022000
72.83333333333333,14.52418858988925,0.00641025641025641,6.5075290370328585,0.8069228872749888,0.0,0.0,0.0,1.2824066593185568,0.004120879120879121,rl2,2025-10-13-00-00-19-171000
86.13333333333334,12.701863556471402,0.0040650406504065045,6.4367273124552025,0.7847609429329049,0.0,0.0,0.0,1.1707983020804524,0.0027100271002710027,rl2,2025-10-13-00-00-33-262000
49.166666666666664,10.396627076715012,0.0067842605156037995,5.236663730873873,0.7042005601082234,0.0,0.0,0.0,1.5249049744285925,0.0013568521031207597,rl2,2025-10-13-00-00-46-425000
69.83333333333333,14.344768112549682,0.0064469914040114614,4.810201660546392,0.5922029001233631,0.0,0.0,0.0,1.3202751456306392,0.0052531041069723014,rl2,2025-10-13-00-01-00-898000
66.33333333333333,9.49945685495838,0.008295625942684766,3.3647946411510734,0.43622618247134554,0.0,0.0,0.0,1.3511127746333136,0.0015082956259426848,rl2,2025-10-13-00-01-17-454000
86.1,9.193913155292343,0.003292021688613478,3.1235138977571837,0.3943992406287883,0.0,0.0,0.0,1.0581668486968503,0.010457010069713401,rl2,2025-10-13-00-01-37-879000
58.6,11.859432476609792,0.008537279453614115,5.291773662692015,0.726023442021537,0.0,0.0,0.0,1.4296913399518227,0.001707455890722823,rl2,2025-10-13-00-02-22-038000
238.76666666666668,43.783145124974304,0.005864283719631388,3.557136407135301,0.3381897505310292,0.0,0.0,0.0,1.0370141114666658,0.00502652890254119,rl2,2025-10-13-00-04-59-000000
53.6,8.51121071667246,0.0043559427504667085,5.0932689106282165,0.6648922733733406,0.0,0.0,0.0,1.2021977044596708,0.010578718108276292,rl2,2025-10-13-00-26-50-123000
59.36666666666667,10.39460655934057,0.0044943820224719105,3.420468513999423,0.27059364504845534,0.03333333333333333,0.0,0.0005614823133071309,1.208628254466411,0.0005617977528089888,rl2,2025-10-13-00-27-04-770000
69.4,7.327940843596544,0.0031234983181162904,4.807852755037478,0.4480041829855405,0.0,0.0,0.0,1.0910096466257722,0.004805382027871216,rl2,2025-10-13-00-27-19-744000
70.73333333333333,8.479741780440676,0.0016501650165016502,3.2726988026866835,0.1702544637502243,0.0,0.0,0.0,1.2263887111341538,0.0033003300330033004,rl2,2025-10-13-00-27-33-211000
234.83333333333334,12.46121920791504,0.0033361726291879614,4.984992593281935,0.2370706009995771,0.0,0.0,0.0,0.9103766375777187,0.00326519023282226,rl2,2025-10-13-00-35-50-000000
201.93333333333334,8.001121512621783,0.0006603929337956084,2.3030739706964085,0.2533584927016713,0.0,0.0,0.0,0.8873487575581249,0.005283143470364867,rl2,2025-10-13-00-43-42-000000
273.6,16.40920840131178,0.005056658949677105,6.798320673333947,0.4767507259506259,0.0,0.0,0.0,0.9704056063216546,0.0029243328865602536,rl2,2025-10-13-00-57-30-000000
216.26666666666668,19.905323381265113,0.005934946816710343,8.464864376652555,0.4093236455375824,0.0,0.0,0.0,1.1517745607127874,0.0004624633883150917,rl2,2025-10-13-01-18-34-000000
198.6,19.382975086826335,0.001342957864696995,5.47936104175362,0.27258391460718906,0.0,0.0,0.0,0.8521399151172012,0.00268591572939399,rl2,2025-10-13-02-24-10-000000
203.23333333333332,31.537548360849033,0.002870734908136483,22.376298628533807,0.5168056375241554,0.0,0.0,0.0,0.9297752352355452,0.000984251968503937,rl2,2025-10-13-02-33-23-000000
197.83333333333334,6.19874062549079,0.00016852039096730705,1.596512655245746,0.23843636453273503,0.0,0.0,0.0,0.8628858973677739,0.015503875968992248,rl2,2025-10-13-02-48-34-000000
163.6,12.683672468032164,0.0007132667617689016,4.026009315642358,0.5112414652995563,0.0,0.0,0.0,0.7258388262392591,0.012431220705115141,rl2,2025-10-13-02-56-33-000000
80.96666666666667,8.106144643549548,0.002059308072487644,2.0632704160114197,0.076008308189113,0.0,0.0,0.0,1.106346082352869,0.00041186161449752884,rl2,2025-10-13-03-51-05-413000
72.5,10.67527948373134,0.0034498620055197792,2.4087295717682053,0.10677559341933139,0.0,0.0,0.0,1.2132350831239473,0.00045998160073597056,rl2,2025-10-13-03-51-22-623000
75.2,14.83458101854677,0.005764966740576497,1.8214058377327857,0.10929705980490713,0.0,0.0,0.0,1.3659567423534307,0.0004434589800443459,rl2,2025-10-13-03-52-23-515000
77.5,13.449879925222055,0.008820998278829604,2.5967109035993454,0.11867437535517017,0.0,0.0,0.0,1.3031588303383757,0.006454388984509466,rl2,2025-10-13-03-52-56-528000
83.16666666666667,15.735755536932789,0.004611066559743384,1.370801046642558,0.09818806730289546,0.0,0.0,0.0,1.2606773475275272,0.0008019246190858059,rl2,2025-10-13-03-53-27-758000
80.6,22.713861223536917,0.00703351261894911,7.306042096391013,0.7937374135267888,0.0,0.0,0.0,1.3094678855335913,0.0004137360364087712,rl2,2025-10-13-03-53-53-876000
89.33333333333333,17.160295064681275,0.004665920119447555,8.428253019219852,0.9702928806920753,0.0,0.0,0.0,1.264642640595517,0.0,rl2,2025-10-13-03-54-21-206000
79.0,8.156416398371857,0.002321654706627269,5.106873732956136,0.7736004602411474,0.0,0.0,0.0,1.200026181642159,0.001266357112705783,rl2,2025-10-13-03-55-38-230000
13.766666666666667,7.991764257100339,0.0036407766990291263,0.6889240049781123,0.03279043936820834,0.0,0.0,0.0,1.030540211395602,0.009708737864077669,rl2,2025-10-13-03-55-42-588000
83.1,9.966039952159548,0.006821829855537721,5.748091968563513,0.7731801686419476,0.0,0.0,0.0,1.2419893814456575,0.0008025682182985554,rl2,2025-10-13-03-56-06-797000
62.36666666666667,14.129462028036645,0.006417112299465241,8.10598759843405,0.9479269459605008,0.0,0.0,0.0,1.3558405094439379,0.0005347593582887701,rl2,2025-10-13-03-56-28-534000
73.86666666666666,15.065333167763416,0.005417607223476298,3.4398381462816214,0.3654349193176351,0.0,0.0,0.0,1.3638325927981292,0.002257336343115124,rl2,2025-10-13-03-56-52-773000
79.56666666666666,9.513633859752748,0.003981559094719195,6.757612609620469,0.8760711892103028,0.0,0.0,0.0,1.1975361028004483,0.00041911148365465214,rl2,2025-10-13-03-58-47-763000
78.66666666666667,11.881092196986561,0.002755404832556168,6.966302081204776,0.7890149276625285,0.0,0.0,0.0,1.2271283170411222,0.0,rl2,2025-10-13-03-59-26-539000
93.06666666666666,13.006485853064024,0.0017914725904693658,2.29073211987835,0.06361083780553986,0.0,0.03333333333333333,0.00035816618911174784,0.6922318052299703,0.005374417771408097,rl2,2025-10-13-15-48-09-742000
84.9,20.730555853457208,0.0027494108405341712,6.377928197598188,0.2367891939608051,0.0,0.0,0.0,0.8303678429733126,0.007462686567164179,rl2,2025-10-13-15-48-25-302000
96.1,21.667005853814004,0.004337265787647467,9.280993722727581,0.24289001123858886,0.0,0.03333333333333333,0.000346860908775581,0.8289284039548082,0.00034698126301179735,rl2,2025-10-13-15-48-40-837000
85.83333333333333,17.62104419837677,0.006993006993006993,5.43630990112603,0.7913171061346437,0.0,0.0,0.0,1.1895537637794706,0.0019425019425019425,rl2,2025-10-13-16-22-05-280000
71.43333333333334,14.483638301409524,0.01353874883286648,6.063942630890596,0.20012348403853727,0.03333333333333333,0.0,0.0004666355576294913,1.6228098579102919,0.008403361344537815,rl2,2025-10-13-16-22-15-663000
70.1,10.535899483216621,0.004043767840152236,2.8687155422340793,0.12221507826011788,0.0,0.0,0.0,1.1003875067313311,0.0028544243577545195,rl2,2025-10-13-16-22-29-635000
61.86666666666667,10.287102359588967,0.009433962264150943,1.7793279619799525,0.14234121717592302,0.0,0.0,0.0,1.2125376922274822,0.00431266846361186,rl2,2025-10-13-16-22-42-479000
100.0,12.910340590103514,0.0040013337779259755,4.941927843117766,0.6617762663572456,0.0,0.0,0.0,1.0668334438282157,0.004668222740913638,rl2,2025-10-13-16-22-55-437000
106.13333333333334,22.112756768718455,0.007225887527489789,6.786258235406433,0.7663533440526402,0.0,0.0,0.0,1.187316619481413,0.002199183160540371,rl2,2025-10-13-16-23-05-802000
74.2,12.264860055802833,0.010112359550561797,5.0382405740741225,0.7762711676466121,0.0,0.0,0.0,1.4722768440567042,0.001348314606741573,rl2,2025-10-13-16-23-16-056000
72.03333333333333,14.350024016953839,0.014583333333333334,6.995687474320552,0.7626892091847944,0.0,0.0,0.0,1.7033937117564673,0.0032407407407407406,rl2,2025-10-13-16-23-27-391000
75.7,8.090394706898554,0.003964757709251102,2.175112051756388,0.21975414808521299,0.0,0.03333333333333333,0.00044033465433729633,1.114821802104914,0.0030837004405286344,rl2,2025-10-13-16-37-33-020000
114.66666666666667,24.09093867704531,0.0027624309392265192,10.721851367885844,0.27389720997552697,0.0,0.0,0.0,0.8227221263835839,0.0005815644082582146,rl2,2025-10-13-16-38-08-386000
103.86666666666666,14.879672260016694,0.003531300160513644,2.688698427233856,0.32483542293391166,0.0,0.0,0.0,0.7784660223813863,0.01348314606741573,rl2,2025-10-13-16-38-26-806000
111.23333333333333,7.369793173825507,0.001498800959232614,2.2305819525032256,0.26469909894414956,0.0,0.0,0.0,0.7654132182455193,0.0035971223021582736,rl2,2025-10-13-16-38-43-697000
89.9,11.385119698719556,0.004265578635014837,0.9111183711882349,0.06971078621853817,0.0,0.03333333333333333,0.0003707823507601038,1.0170628442048275,0.016320474777448073,rl2,2025-10-13-16-39-00-562000
99.86666666666666,21.24639179384002,0.004006677796327212,5.38807823777947,0.31596619467228815,0.0,0.03333333333333333,0.0003337783711615487,1.0311126797021857,0.00333889816360601,rl2,2025-10-13-17-49-55-711000
72.13333333333334,18.301156763915348,0.004160887656033287,3.144825215912677,0.4284153411989868,0.0,0.0,0.0,0.9164355232591556,0.0013869625520110957,rl2,2025-10-13-17-50-15-502000
97.3,10.724235807529912,0.002398903358464702,5.809733638819864,0.3406651904774241,0.0,0.0,0.0,0.9383281421932397,0.0013708019191226869,rl2,2025-10-13-17-50-36-573000
100.6,15.076072169139293,0.008120649651972157,3.1736296893054994,0.33210482933561725,0.0,0.0,0.0,1.104833779479253,0.010275107722903546,rl2,2025-10-13-17-50-56-268000
115.7,16.623028535226517,0.006484149855907781,5.286691534363544,0.373171058002298,0.0,0.0,0.0,0.885271792439417,0.008933717579250721,rl2,2025-10-13-17-51-16-579000
97.13333333333334,31.43628262923752,0.004119464469618949,2.801226978164174,0.3644970660531633,0.0,0.03333333333333333,0.00034317089910775565,0.9483143345432489,0.01132852729145211,rl2,2025-10-13-17-52-54-347000
92.76666666666667,6.6390555375351346,0.0010783608914450035,1.9789604433007144,0.08492632237646476,0.0,0.03333333333333333,0.00035932446999640676,0.7454931424282615,0.007548526240115025,rl2,2025-10-13-17-53-08-337000
94.93333333333334,15.662834697335358,0.0043905865823674044,3.093598962287983,0.30390368292779674,0.0,0.0,0.0,1.023292955475667,0.014401123990165085,rl2,2025-10-13-17-53-22-578000
86.36666666666666,12.8024219074873,0.0019305019305019305,6.199838905875927,0.19886107260684233,0.0,0.0,0.0,0.9348791190890242,0.004633204633204633,rl2,2025-10-13-17-53-37-475000
68.16666666666667,13.502591214210229,0.007827788649706457,7.056857198061363,0.920166365694633,0.0,0.0,0.0,1.3389480745743498,0.0009784735812133072,rl2,2025-10-14-02-53-00-652000
72.63333333333334,10.627057283787668,0.008953168044077135,1.5535603620231004,0.2662570388990132,0.0,0.0,0.0,1.2754323623724602,0.015151515151515152,rl2,2025-10-14-02-53-17-389000
90.26666666666667,14.657001248226743,0.005910602142593277,5.216986549182521,0.6243581096416342,0.0,0.0,0.0,1.1053529808664808,0.012560029553010712,rl2,2025-10-14-03-22-18-000000
77.63333333333334,14.027689019860636,0.00665807560137457,4.251191525026093,0.5661673585262122,0.0,0.0,0.0,1.1953066701228072,0.00859106529209622,rl2,2025-10-14-03-27-35-000000
113.0,10.299432923617438,0.004131012097964001,3.2501792517439907,0.42435287108031117,0.0,0.0,0.0,1.0477036920156766,0.005016228976099144,rl2,2025-10-14-03-33-04-000000
97.83333333333333,17.053283191401505,0.01141785957736878,4.367457788783014,0.5322942668706037,0.0,0.0,0.0,1.2825971847809674,0.009884117246080437,rl2,2025-10-14-03-41-18-000000
106.8,16.90859109744585,0.006088042460193568,5.104377864022794,0.47489558575785923,0.0,0.0,0.0,1.2630133945649693,0.0015610365282547611,rl2,2025-10-14-03-46-49-000000
81.83333333333333,16.56028367826493,0.012836185819070905,5.3047486176318115,0.6845293750645304,0.0,0.0,0.0,1.3933843434410214,0.005297473512632437,rl2,2025-10-14-03-52-11-000000
40.4,12.76638953566594,0.013212221304706853,4.3777928853885095,0.4890559860633522,0.0,0.0,0.0,1.6249885468196776,0.00495458298926507,rl2,2025-10-14-04-00-10-000000
96.26666666666667,19.84127166490984,0.01593349497748528,5.345933296801128,0.5837728084525893,0.0,0.0,0.0,1.448151743110885,0.0048493245583650845,rl2,2025-10-14-04-15-30-000000
130.43333333333334,22.085918591222146,0.00651840490797546,8.010332110665859,0.8618894555041536,0.0,0.0,0.0,1.0059023677767753,0.007924335378323108,rl2,2025-10-14-04-21-05-000000
101.06666666666666,12.467876540531567,0.004124051468162322,5.406407177923099,0.7013395694309416,0.0,0.0,0.0,1.1114822795854087,0.003299241174529858,rl2,2025-10-14-04-29-19-106000
78.56666666666666,8.69582544005661,0.007852292020373514,4.024344348873269,0.3774101467178425,0.0,0.0,0.0,1.1392405595021886,0.0021222410865874364,rl2,2025-10-14-04-29-38-501000
75.06666666666666,8.365138595052644,0.009773434029320302,3.376910951905879,0.32485016644058035,0.0,0.0,0.0,1.3356888421748023,0.00444247001332741,rl2,2025-10-14-04-29-58-059000
80.76666666666667,9.840788527574501,0.004748142031379026,5.634654743212339,0.7175236994617467,0.0,0.0,0.0,1.2261810765215573,0.0016515276630883566,rl2,2025-10-14-04-30-14-819000
79.06666666666666,10.002994390704446,0.008857022353437369,4.817565033328895,0.6159019312344908,0.0,0.0,0.0,1.1644703435577337,0.0029523407844791226,rl2,2025-10-14-04-30-33-706000
74.6,12.827294310349915,0.008493518104604381,6.342124763570175,0.8581085475520391,0.0,0.0,0.0,1.5030668585776885,0.0013410818059901655,rl2,2025-10-14-04-31-24-089000
67.9,27.205939584656285,0.0063850687622789785,7.4584481232122135,0.6089859221592956,0.0,0.0,0.0,1.0319590829925038,0.002455795677799607,rl2,2025-10-15-20-26-47-000000
77.03333333333333,27.36165767136386,0.006277056277056277,9.819522738362457,0.83047178576962,0.0,0.0,0.0,0.9013941021335488,0.0004329004329004329,rl2,2025-10-15-20-30-56-000000
99.73333333333333,14.413370963286049,0.0018388498829822802,7.048872174259468,0.25999763251797153,0.0,0.0,0.0,0.8215697714814204,0.0010030090270812437,rl2,2025-10-15-20-36-36-000000
70.2,27.677015540705277,0.005225653206650831,10.194269504263117,0.8272085296891581,0.0,0.0,0.0,1.1025755183354085,0.00047505938242280285,rl2,2025-10-15-20-40-40-000000
175.6,22.04623821367075,0.005695842035314221,12.377389270864757,0.40599225749864115,0.0,0.0,0.0,0.8848874857058829,0.000569584203531422,rl2,2025-10-21-00-09-38-000000
236.33333333333334,14.140382786974053,0.0035971223021582736,6.664989930040473,0.4199371725637115,0.0,0.0,0.0,1.0171853394666215,0.0015516998166172943,rl2,2025-10-21-00-28-58-000000
94.46666666666667,10.869484993097497,0.00864807624426403,5.783870788579157,0.6579800140473376,0.0,0.0,0.0,1.198950578201991,0.0024708789269325803,rl2,2025-10-29-21-54-36-189000
86.83333333333333,12.273082239554858,0.010176651305683564,5.356513838694552,0.6106760085901843,0.0,0.0,0.0,1.4970515343623922,0.009984639016897081,rl2,2025-10-29-21-54-36-190000
87.3,13.867250886918566,0.0053475935828877,5.240544811234942,0.618362258996988,0.0,0.0,0.0,1.254668949606827,0.014896867838044309,rl2,2025-10-29-21-54-36-194000
108.63333333333334,30.533725095472924,0.004450583179864948,24.030674530838375,0.185442686475034,0.0,0.0,0.0,1.0037764327092293,0.004910988336402701,rl2,2025-10-29-21-54-36-195000
118.0,26.07077116574046,0.003814636903079966,5.903682022196868,0.7017891812624338,0.0,0.0,0.0,1.071469817439938,0.0016953941791466515,rl2,2025-10-29-21-54-36-196000
93.76666666666667,11.028132801746267,0.007823613086770981,1.2170106900879918,0.07262789923852828,0.0,0.0,0.0,1.2809073172882937,0.001422475106685633,rl2,2025-10-29-21-54-36-197000
84.06666666666666,24.491970208369857,0.008131693772312574,4.625091883650765,0.5337893336939198,0.0,0.0,0.0,1.4538941960846195,0.0015866719555731853,rl2,2025-10-29-21-54-36-198000
93.9,25.874367474429327,0.007102272727272727,6.411260446505958,0.7137295770639233,0.0,0.0,0.0,1.293434823859279,0.01065340909090909,rl2,2025-10-29-21-54-36-199000
122.73333333333333,16.728151044339928,0.005161640858462374,6.254214150193957,0.6913793546517908,0.0,0.0,0.0,0.8565019859139213,0.011681608258625374,rl2,2025-10-29-21-54-36-200000
113.33333333333333,10.395830159195498,0.00617828773168579,6.889730301840936,0.7084095446170258,0.0,0.0,0.0,0.9610489585257866,0.0038246543100912034,rl2,2025-10-29-21-54-36-201000
88.76666666666667,14.076296566971058,0.009767092411720512,5.722132097675784,0.7033458904680231,0.0,0.0,0.0,1.388002352096219,0.003756574004507889,rl2,2025-10-29-21-54-36-202000
119.76666666666667,13.1058711429413,0.0037583518930957684,6.5253950845691255,0.7592400020129246,0.0,0.0,0.0,0.898397648910455,0.004454342984409799,rl2,2025-10-29-21-54-36-203000
106.7,14.824228133239705,0.0053125,6.37323940341026,0.7323244356091752,0.0,0.0,0.0,0.9516261798606829,0.006875,rl2,2025-10-29-21-54-36-204000
99.46666666666667,15.644213149776261,0.005698960777740529,6.396050978478304,0.7547017966216245,0.0,0.0,0.0,1.2638648982570224,0.0006704659738518271,rl2,2025-10-29-21-54-36-213000
87.76666666666667,14.040005814112199,0.009688449848024316,7.537720980161529,0.7264848551362427,0.0,0.0,0.0,1.6376848831557422,0.0007598784194528875,rl2,2025-10-29-21-54-36-214000
108.4,11.812163975313913,0.004152568440479852,5.720811302605583,0.7233128465209013,0.0,0.0,0.0,1.1342040077055116,0.0012303906490310674,rl2,2025-10-29-21-54-36-215000
87.1,14.853997549749081,0.01225114854517611,6.618930758388157,0.8584465204981665,0.0,0.0,0.0,1.502932151823091,0.0030627871362940277,rl2,2025-10-29-21-54-36-216000
84.53333333333333,15.837263451579183,0.0126232741617357,9.17572097575462,0.7065275882941403,0.0,0.0,0.0,1.5548088582846304,0.002366863905325444,rl2,2025-10-29-21-54-36-217000
123.66666666666667,12.373253810571562,0.006470746832030197,6.912214351029321,0.7089735603624315,0.0,0.0,0.0,1.0829113861530306,0.004044216770018873,rl2,2025-10-29-21-54-36-218000
93.7,15.547756917673532,0.009252669039145907,5.9110011371239155,0.6942096718633635,0.0,0.0,0.0,1.381831397516784,0.0056939501779359435,rl2,2025-10-29-21-54-36-220000
123.9,16.982737952443866,0.004978471474703983,7.811468556387492,0.7472584065966683,0.0,0.0,0.0,1.0205159865483422,0.003767491926803014,rl2,2025-10-29-21-54-36-221000
90.9,19.88792926454959,0.004952311078503301,6.612363311582642,0.7649822735415109,0.0,0.0,0.0,1.2785491108914977,0.001467351430667645,rl2,2025-10-29-21-54-36-222000
112.13333333333334,15.093901036095023,0.0034195658638120725,16.12190940080641,0.8990591510438172,0.0,0.0,0.0,1.0702324352559454,0.0020814748736247396,rl2,2025-10-29-21-54-36-223000
89.16666666666667,14.157779509690936,0.005609573672400898,7.640434819552659,0.7418023643508733,0.0,0.0,0.0,1.325571341585959,0.0014958863126402393,rl2,2025-10-29-21-54-36-224000
93.43333333333334,11.639873390731328,0.008922198429693077,7.170102193121223,0.8022560384324359,0.0,0.0,0.0,1.3595447319396314,0.0035688793718772305,rl2,2025-10-29-21-54-36-225000
109.73333333333333,17.702466561944128,0.001671224551807961,4.366521405439604,0.261575080524124,0.0,0.0,0.0,0.8335424202036927,0.0036463081130355514,rl2,2025-10-29-21-59-28-866000
88.73333333333333,6.476176877848263,0.0016910935738444193,4.426576051928057,0.5454187685595357,0.0,0.0,0.0,1.0102521215698017,0.01615933859451334,rl2,2025-10-29-21-59-41-062000
86.96666666666667,21.964611036622635,0.0013420245398773007,5.563377294440025,0.28853491641219303,0.0,0.0,0.0,0.9618563222559532,0.0007668711656441718,rl2,2025-10-29-21-59-44-346000
92.63333333333334,23.38611803210286,0.008639308855291577,2.3360737165795524,0.3048644149469191,0.0,0.03333333333333333,0.0003598416696653472,1.1300386352841998,0.0064794816414686825,rl2,2025-10-29-21-59-49-791000
83.63333333333334,16.184017524672743,0.0033891547049441787,6.549028054002715,0.47190691133047186,0.0,0.0,0.0,1.007491198325098,0.001594896331738437,rl2,2025-10-29-21-59-56-325000
80.6,23.653711890382926,0.004757964418700869,9.800746472248237,0.3675011380570493,0.0,0.0,0.0,1.073580809078508,0.0004137360364087712,rl2,2025-10-29-21-59-59-879000
90.66666666666667,11.356423052885757,0.0016550202280250091,3.6922403364896037,0.3167832365408308,0.0,0.0,0.0,0.8088664191370065,0.0051489518205222505,rl2,2025-10-29-22-00-54-819000
108.0,17.329600341075434,0.0009262117937635072,3.4021453701460556,0.41064948268074936,0.0,0.0,0.0,0.6868350032134425,0.004631058968817536,rl2,2025-10-29-22-00-54-820000
91.46666666666667,18.894149795656972,0.0032810791104629965,7.303069875153139,0.31963269991467047,0.0,0.0,0.0,0.9093507262143233,0.002916514764855997,rl2,2025-10-29-22-00-54-821000
120.1,13.77392100523141,0.000694058856191005,5.311694923818787,0.34386173723878827,0.0,0.0,0.0,0.6354446293956397,0.005830094392004442,rl2,2025-10-29-22-00-54-822000
87.36666666666666,26.526893855650858,0.004389312977099237,4.8578219006952335,0.44474457874492873,0.0,0.0,0.0,0.9903211914402386,0.0064885496183206106,rl2,2025-10-29-22-01-11-717000
99.03333333333333,22.773276333386335,0.003703703703703704,5.751368714889704,0.48378982667036763,0.0,0.0,0.0,0.8645123478174244,0.005050505050505051,rl2,2025-10-29-22-01-11-719000
71.86666666666666,22.285624742824226,0.006728538283062645,6.562137126083902,0.4203997923110693,0.0,0.0,0.0,1.1209412261997147,0.004640371229698376,rl2,2025-10-29-22-01-11-720000
111.66666666666667,22.230426374793172,0.0041803523439832785,8.415848402460796,0.46536858626894134,0.0,0.0,0.0,0.9107710267326273,0.0017915795759928337,rl2,2025-10-29-22-01-11-721000
107.9,21.96620192413594,0.0058714462299134735,3.9491140724429306,0.4059680441279043,0.0,0.03333333333333333,0.00030892801977139327,0.7973760983265298,0.009888751545117428,rl2,2025-10-29-22-01-11-722000
109.16666666666667,20.656237667320507,0.0019853390348197925,6.609335401853508,0.48431353660234727,0.0,0.0,0.0,0.8230901587076459,0.003359804520464264,rl2,2025-10-29-22-01-11-723000
122.23333333333333,16.890355330888706,0.0038188761593016913,6.692032976313433,0.5009353958732103,0.0,0.0,0.0,0.9844348702376267,0.00845608292416803,rl2,2025-10-29-22-01-54-603000
116.93333333333334,14.7060418155708,0.016966067864271458,8.51791795790555,0.4264218407114052,0.0,0.0,0.0,1.3142546815449887,0.0025662959794696323,rl2,2025-10-29-22-01-54-605000
121.43333333333334,6.703955647954214,0.0023338824821526635,1.6628251953038564,0.1991180228226704,0.0,0.0,0.0,0.9463933674888376,0.008237232289950576,rl2,2025-10-29-22-01-54-606000
105.46666666666667,13.630246191217983,0.005532722099272842,6.00098656844181,0.36487458854165805,0.0,0.0,0.0,0.8939175068628679,0.002213088839709137,rl2,2025-10-29-22-01-54-607000
103.9,13.30636226918406,0.007220795892169448,7.375264833509632,0.44302764768972774,0.0,0.0,0.0,0.9247289877669197,0.0016046213093709885,rl2,2025-10-29-22-01-54-608000
106.56666666666666,13.130951141253906,0.008291614518147685,6.282429818127406,0.38338104139125617,0.0,0.0,0.0,0.9633070690439963,0.0009386733416770963,rl2,2025-10-29-22-01-54-609000
99.93333333333334,14.960203321068935,0.007340674007340674,10.553322328069823,0.510578430016484,0.0,0.0,0.0,1.0109261226438653,0.002669336002669336,rl2,2025-10-29-22-01-58-834000
118.8,13.140505289784945,0.007437552624193096,3.4478511694965697,0.49547147230714284,0.0,0.0,0.0,0.8755655930436682,0.009542520348021331,rl2,2025-10-29-22-02-01-699000
92.46666666666667,8.700126136274456,0.003606202668589975,3.740632615501783,0.25090691880029237,0.0,0.0,0.0,0.859890954174868,0.0010818608005769925,rl2,2025-10-29-22-02-04-385000
93.63333333333334,26.79855732126621,0.021723646723646725,14.50962015833293,1.0707620158518163,0.0,0.0,0.0,1.252411615398713,0.0017806267806267807,rl2,2025-10-29-22-02-07-340000
109.56666666666666,9.696426182194166,0.006390748630553865,2.993942204244235,0.26134646391209904,0.0,0.0,0.0,0.8694039634449342,0.017954960438222763,rl2,2025-10-29-22-02-10-145000
109.03333333333333,30.403665190308338,0.015596330275229359,17.374371170479662,0.5897619949547297,0.0,0.0,0.0,1.3525582153720563,0.0006116207951070336,rl2,2025-10-29-22-02-15-410000
96.66666666666667,18.623005253735883,0.012245601931700587,13.32657946342474,0.6762159287272769,0.0,0.0,0.0,1.3655983532149374,0.00034494653328734045,rl2,2025-10-29-22-02-20-323000
119.03333333333333,14.20479461873108,0.0021008403361344537,9.453960180501817,0.24596356469619268,0.0,0.0,0.0,0.9445928133385216,0.011764705882352941,rl2,2025-10-29-22-02-23-166000
123.5,11.92333759655526,0.004454643628509719,4.96898919522444,0.33516513053942254,0.0,0.0,0.0,0.8930981602163273,0.0013498920086393088,rl2,2025-10-29-22-02-23-167000
113.16666666666667,15.114715499000495,0.007071302298173247,6.899545137320992,0.4626487942094834,0.0,0.0,0.0,1.0576460400424432,0.0005892751915144372,rl2,2025-10-29-22-02-23-168000
112.66666666666667,14.908136266636811,0.004439183190292986,3.7322307368153456,0.37408665418313336,0.0,0.0,0.0,1.0058419232118825,0.014501331754957087,rl2,2025-10-29-22-02-26-818000
125.76666666666667,10.99899449909956,0.0051696712619300105,6.766477213003277,0.3502519072535208,0.03333333333333333,0.0,0.00026504108136761196,0.8921368448238962,0.0005302226935312832,rl2,2025-10-29-22-02-26-819000
131.16666666666666,13.018511599716597,0.005719369598373157,6.331888549081086,0.41903221279961544,0.0,0.0,0.0,0.8546241406281669,0.0017793594306049821,rl2,2025-10-29-22-02-26-820000
126.1,9.755110574763426,0.008593336858804866,5.7180490829355906,0.3617107452385991,0.0,0.0,0.0,0.9434624505661772,0.0037017451084082496,rl2,2025-10-29-22-02-26-821000
117.23333333333333,14.429135041429015,0.015216154721274175,5.2816918373041055,0.6818213266075835,0.0,0.0,0.0,1.2661973610900061,0.002559726962457338,rl2,2025-10-29-22-02-29-525000
119.5,11.315713969396839,0.012834821428571428,5.2889632471001455,0.34940500458323415,0.0,0.0,0.0,0.9409482995413246,0.0033482142857142855,rl2,2025-10-29-22-02-29-527000
124.8,10.961666085754768,0.008816457387122629,7.057296977328665,0.5461516214236772,0.0,0.0,0.0,0.8705397583029462,0.004541811381244991,rl2,2025-10-29-22-02-29-528000
123.43333333333334,9.82351998624566,0.005132360886007563,2.233018523002169,0.27173676778373196,0.0,0.0,0.0,0.8749540348657193,0.01242571582928147,rl2,2025-10-29-22-02-29-529000
114.96666666666667,10.530989470009983,0.008120649651972157,4.938121065918919,0.4475581554643022,0.0,0.0,0.0,0.9397056457026762,0.010730858468677494,rl2,2025-10-29-22-02-32-487000
112.2,12.27654991131076,0.008320950965824666,5.098513458702743,0.46974181612438426,0.0,0.0,0.0,0.8889263936102002,0.005052005943536404,rl2,2025-10-29-22-02-32-488000
101.36666666666666,12.794163769220816,0.00625,5.638704685583741,0.5505045723779088,0.0,0.0,0.0,0.833990077097424,0.006578947368421052,rl2,2025-10-29-22-02-32-490000
117.86666666666666,16.983649341563343,0.006930693069306931,10.513014833296781,0.38648324484536295,0.0,0.0,0.0,0.8783073439091017,0.018104667609618104,rl2,2025-10-29-22-02-32-491000
113.46666666666667,15.63921842565434,0.001763150161622098,11.217793777405074,0.41174593744581717,0.03333333333333333,0.0,0.0002937720329024677,0.7990123482640372,0.025271818983250073,rl2,2025-10-29-22-02-35-975000
84.53333333333333,13.079574693375092,0.0015779092702169625,15.005415168171611,0.29337359190497486,0.03333333333333333,0.0,0.0003943217665615142,0.7847156295447352,0.015384615384615385,rl2,2025-10-29-22-02-35-976000
104.9,13.197481410792768,0.004767959313413859,6.919462472397352,0.601196510250778,0.0,0.0,0.0,0.8233226857713037,0.004132231404958678,rl2,2025-10-29-22-02-35-977000
79.4,7.317938179751252,0.0035699286014279717,4.465896622617393,0.17258804952157727,0.0,0.0,0.0,0.8481617889974473,0.008399832003359933,rl2,2025-10-29-22-02-35-978000
95.36666666666666,19.40557981780232,0.01048951048951049,10.666761591130657,0.5944454122853441,0.0,0.0,0.0,1.0048651311895196,0.033216783216783216,rl2,2025-10-29-22-02-43-002000
94.93333333333334,16.536182924627422,0.009483667017913594,6.3152990828190285,0.5334957063207555,0.0,0.0,0.0,1.0977243814128623,0.0091324200913242,rl2,2025-10-29-22-02-43-003000
87.0,16.045147578797224,0.0026830203142966655,14.00853269630267,0.22149509151351257,0.0,0.0,0.0,0.8619535120084577,0.025680337293982367,rl2,2025-10-29-22-02-43-004000
98.66666666666667,14.341197572766456,0.005407232173031429,9.928731999836966,0.6940099543249643,0.0,0.03333333333333333,0.0003378378378378378,1.1738883056410245,0.004055424129773572,rl2,2025-10-29-22-03-34-282000
96.63333333333334,10.830061119488473,0.004313319530710835,1.9119894009798362,0.09336166418633882,0.0,0.0,0.0,1.397761315489216,0.0024154589371980675,rl2,2025-10-29-22-03-40-792000
102.06666666666666,14.889671807687765,0.008003920287487748,7.669833241258494,0.8081566268129903,0.0,0.0,0.0,1.2055406811551586,0.0013067624959163672,rl2,2025-10-29-22-03-46-365000
95.13333333333334,10.859590949119946,0.004556607080266386,6.253721338682978,0.7580414322348455,0.0,0.0,0.0,1.2524010766307525,0.005608131791097091,rl2,2025-10-29-22-03-49-312000
90.7,10.428119297615229,0.003860294117647059,1.4617152508809192,0.10748707475570674,0.0,0.0,0.0,1.3031034613444503,0.004779411764705883,rl2,2025-10-29-22-03-53-625000
104.7,13.160202004070605,0.005732484076433121,6.511948250695511,0.7113214416240058,0.0,0.0,0.0,1.0312929454626596,0.0025477707006369425,rl2,2025-10-29-22-03-56-738000
130.83333333333334,9.653637178877505,0.0011467889908256881,1.0067747473847646,0.08079392109854584,0.0,0.0,0.0,1.0253956114489888,0.003567787971457696,rl2,2025-10-29-22-04-01-785000
102.1,10.980953972422864,0.003429131286740692,2.237500046186269,0.14548018250977462,0.0,0.0,0.0,1.0916591768025343,0.0022860875244937948,rl2,2025-10-29-22-04-01-787000
103.0,10.395577743931092,0.0022661055357720947,1.221714914667227,0.1018733418250107,0.0,0.0,0.0,0.9595155922828763,0.01165425704111363,rl2,2025-10-29-22-04-01-788000
104.1,10.747684089892498,0.0046444586803331194,4.0051776023893835,0.4580027527425069,0.0,0.0,0.0,1.3362796696369186,0.004484304932735426,rl2,2025-10-29-22-04-05-565000
89.7,18.363107503144878,0.007620817843866171,12.035660667208967,0.08275909302555083,0.0,0.0,0.0,1.252840379698283,0.013011152416356878,rl2,2025-10-29-22-04-05-567000
102.3,10.880173344548204,0.004400260756192959,1.3221900830168154,0.10400257917679001,0.0,0.0,0.0,1.0610774986879066,0.003585397653194263,rl2,2025-10-29-22-04-05-568000
90.86666666666666,10.800064937870689,0.008073394495412844,2.3657490417124354,0.10209761969698834,0.0,0.0,0.0,1.1850891478641972,0.0022018348623853213,rl2,2025-10-29-22-04-05-569000
101.46666666666667,14.045845078716585,0.0077226421294774895,7.202510879201222,0.7660565129372668,0.0,0.0,0.0,1.0757632161496287,0.008544199802826159,rl2,2025-10-29-22-04-09-105000
93.0,10.88223583975426,0.006812477590534241,7.263516953350885,0.6950060372231434,0.0,0.0,0.0,1.40509768502957,0.004302617425600574,rl2,2025-10-29-22-04-09-107000
126.8,12.362457925699088,0.004601630291874836,5.866456561442746,0.642375837665908,0.0,0.0,0.0,0.9002365106488087,0.008414409676571128,rl2,2025-10-29-22-04-09-108000
92.3,9.914904678758408,0.006141618497109827,6.61902736685821,0.7430970243217367,0.0,0.0,0.0,1.229004111807337,0.000722543352601156,rl2,2025-10-29-22-04-09-109000
122.63333333333334,12.130662462884201,0.002582925502990756,5.928504104024918,0.6610909423149143,0.0,0.0,0.0,0.9017664298178953,0.012234910277324634,rl2,2025-10-29-22-04-18-886000
89.4,14.468382370087571,0.009511376352107423,4.053912261991327,0.25433559656665644,0.0,0.0,0.0,1.3075243167247015,0.0011189854531891085,rl2,2025-10-29-22-05-17-803000
102.56666666666666,10.988597110478427,0.004551365409622887,2.6024796324191017,0.16177655428291454,0.0,0.0,0.0,1.0243365262652229,0.0019505851755526658,rl2,2025-10-29-22-05-17-804000
93.43333333333334,15.432137094510283,0.00945753033547466,6.670352342872584,0.7452429882603592,0.0,0.0,0.0,1.6735583379738184,0.0007137758743754461,rl2,2025-10-29-22-05-17-806000
98.0,13.0574380833289,0.007825791085403199,2.293402373801524,0.21335010668562843,0.0,0.0,0.0,1.1817055918714015,0.0003402517863218782,rl2,2025-10-29-22-05-17-807000
94.53333333333333,15.267461055907622,0.010758377425044091,7.579371553934101,0.8461705608671196,0.0,0.0,0.0,1.4729296628834643,0.0014109347442680777,rl2,2025-10-29-22-05-17-809000
99.8,18.097787453162486,0.007517540928833946,7.614935948810394,0.7726429654032558,0.0,0.0,0.0,1.2376869541982556,0.0020046775810223854,rl2,2025-10-29-22-05-17-810000
113.5,16.88107026337225,0.004700352526439483,3.8874301197882994,0.31268074760941433,0.0,0.0,0.0,1.0856459373279097,0.004112808460634548,rl2,2025-10-29-22-05-17-811000
75.43333333333334,9.559483910676008,0.0033156498673740055,3.390184813333641,0.4590669553424967,0.0,0.0,0.0,1.2918695037023813,0.0,rl2,2025-10-29-22-05-17-814000
87.3,16.91734416933744,0.0021008403361344537,3.0764272323423905,0.4272987677065351,0.0,0.0,0.0,1.3345616839046632,0.0,rl2,2025-10-29-22-05-17-815000
74.13333333333334,16.053007851476814,0.004048582995951417,6.359080143452414,0.7225992705659136,0.0,0.0,0.0,1.291218468916274,0.0,rl2,2025-10-29-22-05-17-816000
119.26666666666667,11.243920590958819,0.0022365110427732737,3.518685041112621,0.38311058266994,0.0,0.0,0.0,1.0380604188464637,0.002516074923119933,rl2,2025-10-29-22-05-17-817000
100.3,13.005234879042048,0.0029920212765957447,3.971371113468389,0.5158382397332832,0.0,0.0,0.0,1.122977088605747,0.003324468085106383,rl2,2025-10-29-22-05-17-818000
80.7,19.728954805861356,0.006198347107438017,5.585945896645669,0.695541086248248,0.0,0.0,0.0,1.3648559403347542,0.0024793388429752068,rl2,2025-10-29-22-05-17-819000
122.93333333333334,21.396234288290373,0.003932736642256577,5.955811652452515,0.8137769115053636,0.0,0.0,0.0,1.048969578619924,0.003525901817195552,rl2,2025-10-29-22-05-17-820000
85.56666666666666,41.58761567091321,0.012860483242400623,31.406822095758113,0.6123020831329058,0.0,0.0,0.0,1.6935086427099688,0.0011691348402182386,rl2,2025-10-29-22-05-17-821000
97.03333333333333,21.84349588473394,0.008419243986254295,8.024929296557312,0.8447077460943592,0.0,0.0,0.0,1.316480864446588,0.0010309278350515464,rl2,2025-10-29-22-05-17-822000
116.33333333333333,18.65395625095037,0.0031527658354829464,3.7915174236946316,0.25259489281554337,0.0,0.0,0.0,1.0354427362861582,0.0005732301519059903,rl2,2025-10-29-22-05-17-823000
105.06666666666666,22.662088453890497,0.008251348778165662,7.369970746981608,0.6489130662163871,0.0,0.0,0.0,1.4050017200360048,0.002221516978736909,rl2,2025-10-29-22-05-17-824000
92.66666666666667,21.833594599066746,0.01187477509895646,8.443798737177582,0.851781399019773,0.0,0.0,0.0,1.5027686052395066,0.0003598416696653472,rl2,2025-10-29-22-05-17-826000
107.16666666666667,20.256110210018218,0.005600497822028625,6.780021954551156,0.6486823971864051,0.0,0.0,0.0,1.0964643576515363,0.0012445550715619166,rl2,2025-10-29-22-05-17-828000
88.73333333333333,21.21891813629372,0.012589252160841788,8.649050486775758,0.9180877697016288,0.0,0.0,0.0,1.7496386535035862,0.0,rl2,2025-10-29-22-05-17-829000
98.96666666666667,17.902893278673773,0.010950134770889488,8.559454526987231,0.8517068153153537,0.03333333333333333,0.0,0.0003368137420006736,1.5065045642618982,0.004043126684636119,rl2,2025-10-29-22-05-17-830000
86.7,15.223590208364158,0.0038461538461538464,4.4470466992922,0.39731872952046626,0.0,0.0,0.0,1.0762834845147276,0.004230769230769231,rl2,2025-10-29-22-05-17-832000
84.13333333333334,18.544146285098194,0.004359889021006738,8.777422863481892,0.6408934482159219,0.0,0.0,0.0,1.390287032789828,0.0,rl2,2025-10-29-22-05-17-833000
91.8,15.623376264514125,0.006901561932437341,5.465040839220339,0.6953989999975154,0.0,0.0,0.0,1.2593003837436874,0.000726480203414457,rl2,2025-10-29-22-05-17-835000
89.3,18.346889113097756,0.015309932785660941,6.4732803762650954,0.7488749088861093,0.0,0.0,0.0,1.5927832424373531,0.0014936519790888724,rl2,2025-10-29-22-05-17-836000
121.23333333333333,19.756274364886355,0.003437843784378438,5.8723737335873905,0.5057131682704386,0.0,0.0,0.0,1.1991110740812907,0.0016501650165016502,rl2,2025-10-29-22-05-17-838000
94.86666666666666,17.811730766671726,0.007381370826010545,5.608642003740253,0.7443663896709637,0.0,0.0,0.0,1.2742385372227476,0.00070298769771529,rl2,2025-10-29-22-05-17-839000
82.13333333333334,20.507938788373707,0.012992285830288266,7.294474191029458,0.809269638247758,0.0,0.0,0.0,1.5919435706738472,0.0016240357287860333,rl2,2025-10-29-22-05-17-840000
119.76666666666667,16.99353000649003,0.0048719376391982185,7.237799955206372,0.774082334032573,0.0,0.0,0.0,1.107341056565203,0.0008351893095768374,rl2,2025-10-29-22-05-17-842000
106.63333333333334,56.482755175330034,0.006253908692933083,51.516391045096775,0.7782937886251615,0.03333333333333333,0.0,0.00031259768677711783,1.233675632549679,0.0015634771732332708,rl2,2025-10-29-22-05-17-843000
93.76666666666667,16.478543418858226,0.007290184921763869,6.089073775798469,0.6626979569924537,0.0,0.0,0.0,1.5965668924944332,0.0017780938833570413,rl2,2025-10-29-22-05-17-845000
81.83333333333333,16.56025998723752,0.012836185819070905,5.304725790872911,0.684529344607778,0.0,0.0,0.0,1.3933838925486717,0.005297473512632437,rl2,2025-10-29-22-06-00-404000
106.8,16.908603609514675,0.006088042460193568,5.104427737656704,0.4748954594813048,0.0,0.0,0.0,1.263013593811756,0.0015610365282547611,rl2,2025-10-29-22-06-00-405000
97.83333333333333,17.053327189498575,0.01141785957736878,4.367493181002981,0.53229479570148,0.0,0.0,0.0,1.2825991264369643,0.009884117246080437,rl2,2025-10-29-22-06-00-406000
113.0,10.29939121660835,0.004131012097964001,3.250172955881428,0.42435293695165044,0.0,0.0,0.0,1.0477029700130662,0.005016228976099144,rl2,2025-10-29-22-06-00-408000
77.63333333333334,14.02768610284761,0.00665807560137457,4.2511902180327725,0.5661673940194522,0.0,0.0,0.0,1.1953068753082898,0.00859106529209622,rl2,2025-10-29-22-06-00-409000
89.13333333333334,12.863171185793165,0.005237560793116348,4.717484966617694,0.6243580471838974,0.0,0.0,0.0,1.0784974013598616,0.012719790497568275,rl2,2025-10-29-22-06-00-410000
115.76666666666667,19.52096411412916,0.007776497695852535,5.515624554536563,0.5148619301338161,0.0,0.0,0.0,1.2468324677349312,0.002880184331797235,rl2,2025-10-29-22-06-00-411000
130.43333333333334,22.085918234292773,0.00651840490797546,8.010332118259699,0.8618894542019269,0.0,0.0,0.0,1.0059023813153645,0.007924335378323108,rl2,2025-10-29-22-06-00-412000
96.26666666666667,19.84125809923882,0.01593349497748528,5.345933294822268,0.5837728080976337,0.0,0.0,0.0,1.4481521930296577,0.0048493245583650845,rl2,2025-10-29-22-06-00-414000
40.4,12.766391001495867,0.013212221304706853,4.377775251376681,0.4890559637000397,0.0,0.0,0.0,1.6249885201013385,0.00495458298926507,rl2,2025-10-29-22-06-00-415000
52.46666666666667,19.107727764934097,0.02066115702479339,7.170807243285023,0.6126729840871261,0.0,0.03333333333333333,0.0006353240152477763,1.6098176852886958,0.0025429116338207248,rl2,2025-10-29-22-06-00-416000
64.76666666666667,18.13369076024385,0.011585993820803296,6.857185396311126,0.6215239662941274,0.0,0.0,0.0,1.3700826701061009,0.001544799176107106,rl2,2025-10-29-22-06-00-417000
78.0,19.06773117523836,0.010260795211628902,15.100926705119504,0.5936625140018831,0.0,0.0,0.0,1.1561062309825354,0.005985463873450192,rl2,2025-10-29-22-06-00-418000
73.83333333333333,18.793205423658318,0.009259259259259259,6.721845468963869,0.6834748716888316,0.0,0.0,0.0,1.2339790417193663,0.002258355916892502,rl2,2025-10-29-22-06-00-419000
58.1,17.403798375758786,0.009184845005740528,6.225054281268352,0.5674881690469816,0.0,0.0,0.0,1.3848940617556964,0.001722158438576349,rl2,2025-10-29-22-06-00-420000
64.96666666666667,15.677139155002024,0.008983572895277207,7.752491895493498,0.572852804269675,0.0,0.0,0.0,1.2363914784647063,0.002053388090349076,rl2,2025-10-29-22-06-00-421000
69.9,18.526980325209095,0.01383587786259542,5.928205001991623,0.6209387074972178,0.0,0.0,0.0,1.399086229579898,0.002385496183206107,rl2,2025-10-29-22-06-00-422000
53.333333333333336,19.684900206902213,0.017510944340212633,6.463985615668465,0.6869568578169207,0.0,0.0,0.0,1.6150771482507995,0.00375234521575985,rl2,2025-10-29-22-06-00-423000
55.233333333333334,18.596089533370964,0.01358695652173913,5.995142460146109,0.6417868643943664,0.0,0.0,0.0,1.519635465679684,0.004830917874396135,rl2,2025-10-29-22-06-00-424000
75.0,16.240112549024577,0.005558025789239662,6.097762411901542,0.6255203414061014,0.0,0.0,0.0,1.0742133215210397,0.007114273010226767,rl2,2025-10-29-22-06-00-425000
69.13333333333334,17.751238879318887,0.008683068017366137,5.063219796470654,0.5541668443487415,0.0,0.0,0.0,1.2195851737923595,0.005306319343945972,rl2,2025-10-29-22-06-00-426000
54.03333333333333,36.3126741706524,0.012345679012345678,4.510875657846076,0.5470132317106671,0.0,0.0,0.0,1.4372594658806348,0.006172839506172839,rl2,2025-10-29-22-06-00-427000
69.53333333333333,27.949237628175755,0.003357314148681055,4.654596095028603,0.5876880213506277,0.0,0.0,0.0,1.2826577393412395,0.002398081534772182,rl2,2025-10-29-22-06-00-428000
71.2,27.029884364563102,0.00819672131147541,9.667036246898723,0.6198515074497748,0.0,0.0,0.0,1.2545257769600793,0.00468384074941452,rl2,2025-10-29-22-06-00-429000
76.23333333333333,23.856605243086545,0.009623797025371828,6.2214963425289564,0.5499292800767953,0.0,0.0,0.0,1.2009240529251124,0.0004374453193350831,rl2,2025-10-29-22-06-00-430000
55.93333333333333,16.96313480721909,0.015802027429934407,6.525808301848788,0.6743265808893373,0.0,0.0,0.0,1.4790490582419848,0.0035778175313059034,rl2,2025-10-29-22-06-00-431000
63.0,14.863171126733464,0.008205399682371625,5.313737839993901,0.7985908432517645,0.0,0.0,0.0,1.3172911135762027,0.008470089994706194,rl2,2025-10-29-22-06-00-432000
63.766666666666666,19.388537517403787,0.008629707112970711,7.039824462353158,0.6999324908230362,0.0,0.0,0.0,1.1993300969623726,0.006276150627615063,rl2,2025-10-29-22-06-00-433000
115.66666666666667,20.903142509283644,0.008503891611415394,5.515624554536563,0.5723471898042817,0.0,0.0,0.0,1.2479341005880165,0.0028826751225136927,rl2,2025-10-29-22-06-00-434000
129.86666666666667,22.12819981151689,0.006803594351732991,8.010332118259699,0.8618894542019269,0.0,0.0,0.0,1.0042508435631337,0.008215661103979461,rl2,2025-10-29-22-06-00-435000
96.26666666666667,19.84125809923882,0.01593349497748528,5.345933294822268,0.5837728080976337,0.0,0.0,0.0,1.4481521930296577,0.0048493245583650845,rl2,2025-10-29-22-06-00-436000
78.1,13.288532309999333,0.006831767719897523,4.2511902180327725,0.5661673940194522,0.0,0.0,0.0,1.1924185529446847,0.008539709649871904,rl2,2025-10-29-22-06-00-437000
89.13333333333334,12.863171185793165,0.005237560793116348,4.717484966617694,0.6243580471838974,0.0,0.0,0.0,1.0784974013598616,0.012719790497568275,rl2,2025-10-29-22-06-00-461000
82.7,18.34756213470933,0.014112903225806451,5.176851580685886,0.6737315349874766,0.0,0.0,0.0,1.4312158485961046,0.005241935483870968,rl2,2025-10-29-22-06-00-462000
97.83333333333333,17.053327189498575,0.01141785957736878,4.367493181002981,0.53229479570148,0.0,0.0,0.0,1.2825991264369643,0.009884117246080437,rl2,2025-10-29-22-06-00-463000
73.36666666666666,12.597611987747749,0.006818181818181818,6.344543563833399,0.22471082683639027,0.0,0.0,0.0,1.1899531474182705,0.0022727272727272726,rl2,2025-11-11-22-45-26-046000
50.233333333333334,13.517147138931755,0.010956175298804782,4.449927054790296,0.31082320656485046,0.0,0.0,0.0,1.5639129575531667,0.0026560424966799467,rl2,2025-11-11-22-45-45-372000
64.33333333333333,11.267815164290388,0.005184033177812338,4.043859428916256,0.09470053974938858,0.0,0.0,0.0,1.2010594938228532,0.0015552099533437014,rl2,2025-11-11-22-46-01-494000
62.833333333333336,14.435286301049949,0.006900212314225053,5.168657246251249,0.27035179906598067,0.0,0.0,0.0,1.33860336793348,0.0010615711252653928,rl2,2025-11-11-22-46-20-861000
51.96666666666667,14.001591412192706,0.005776636713735558,10.793459543352402,0.817200239770183,0.0,0.0,0.0,1.1718868009995766,0.0006418485237483953,rl2,2025-11-11-22-46-39-752000
69.06666666666666,15.452871830119618,0.0031385803959439883,8.282544819616465,0.825166054949152,0.0,0.0,0.0,1.087287834412834,0.0004828585224529213,rl2,2025-11-11-22-46-59-304000
63.3,20.126815217962733,0.0036880927291886197,10.133765362924308,0.8658436273054021,0.0,0.0,0.0,1.1380087393294247,0.001053740779768177,rl2,2025-11-11-22-47-16-402000
65.23333333333333,18.37501703542488,0.004601226993865031,8.54405469300475,0.8348701868766769,0.0,0.0,0.0,1.0016092894124062,0.002556237218813906,rl2,2025-11-11-22-47-33-445000
70.83333333333333,15.434753108787472,0.0018832391713747645,6.495889224221678,0.7546690897195412,0.0,0.0,0.0,0.9678533065834177,0.0009416195856873823,rl2,2025-11-11-22-48-06-312000
84.53333333333333,21.907075645844987,0.0007889546351084812,1.8375747165222658,0.0688535789100338,0.0,0.0,0.0,0.8334793026653975,0.0035502958579881655,rl2,2025-11-11-22-48-22-636000
72.63333333333334,14.18531574085376,0.001147842056932966,2.1231074248133686,0.20604764304427808,0.0,0.0,0.0,0.8534020255860452,0.0027548209366391185,rl2,2025-11-11-22-48-37-186000
85.16666666666667,7.766518523177429,0.0005873140172278779,2.799055522190109,0.2663617104816178,0.0,0.0,0.0,0.7892482391417084,0.0007830853563038371,rl2,2025-11-11-22-48-53-224000
74.66666666666667,8.368196730647528,0.0031263957123715946,3.3384967948796054,0.19886248032283568,0.0,0.0,0.0,0.7419959055377434,0.0080393032603841,rl2,2025-11-11-22-49-12-078000
55.06666666666667,10.906539485041405,0.004845548152634767,2.7112046125022107,0.20994143629823017,0.0,0.03333333333333333,0.0006053268765133171,0.9303959158350621,0.0024227740763173833,rl2,2025-11-11-22-49-33-824000
79.0,9.007038201196025,0.001266357112705783,2.316132925816992,0.20390098603715873,0.0,0.0,0.0,0.8766140551140786,0.0008442380751371887,rl2,2025-11-11-22-49-55-195000
73.56666666666666,5.141574291816802,0.00022665457842248413,1.9150050860332593,0.1572765544936416,0.0,0.0,0.0,0.8312055160904119,0.003173164097914778,rl2,2025-11-11-22-50-12-026000
74.96666666666667,7.172827945212138,0.001112099644128114,3.1263635467401034,0.3150376741496927,0.0,0.03333333333333333,0.00044464206313917296,0.6459253972697986,0.0026690391459074734,rl2,2025-11-11-22-50-29-413000
68.53333333333333,10.109204326012145,0.0019464720194647203,2.828785094528474,0.3231366757024365,0.0,0.0,0.0,0.5967843432841852,0.01119221411192214,rl2,2025-11-11-22-50-42-693000
52.36666666666667,16.44617743697303,0.0031847133757961785,2.444902069284031,0.20103485718506517,0.0,0.0,0.0,0.8725972882474058,0.001910828025477707,rl2,2025-11-11-22-51-05-701000
75.2,7.536026258335085,0.0017738359201773836,2.1280702514999654,0.21205142438150387,0.0,0.0,0.0,0.8309839852381617,0.0066518847006651885,rl2,2025-11-11-22-51-29-487000
74.86666666666666,8.835366180505408,0.0024498886414253897,2.8061642951666483,0.2295945102730925,0.0,0.0,0.0,0.748358446423158,0.0022271714922048997,rl2,2025-11-11-22-51-51-342000
77.66666666666667,6.3913579841940855,0.0015027908973808501,2.643623354894625,0.2738999254847791,0.0,0.0,0.0,0.712464127496762,0.005152425933877201,rl2,2025-11-11-22-52-13-639000
74.5,11.046294652500865,0.0011190689346463742,5.749489551343505,0.7415602698427745,0.0,0.0,0.0,0.6874845741916162,0.004476275738585497,rl2,2025-11-11-22-52-33-756000
64.53333333333333,14.204357027034309,0.0020671834625322996,6.0205512673911805,0.7185773730532883,0.0,0.0,0.0,0.8873797995138211,0.0031007751937984496,rl2,2025-11-11-22-52-56-176000
67.36666666666666,10.101510385569005,0.0012376237623762376,5.541084665768602,0.7741481047883473,0.0,0.0,0.0,0.7968266254962109,0.006435643564356435,rl2,2025-11-11-22-53-12-397000
77.56666666666666,11.540461007311915,0.0012897678417884782,5.580345319232773,0.7806526976693475,0.0,0.0,0.0,0.6544368822643091,0.010318142734307825,rl2,2025-11-11-22-53-29-485000
67.33333333333333,13.697522602304527,0.003467062902426944,7.072471839102453,0.756107693041366,0.0,0.0,0.0,0.9444466780128415,0.001981178801386825,rl2,2025-11-11-22-53-46-156000
74.56666666666666,13.417705869310664,0.0022361359570661895,5.726051964567374,0.6988507170100087,0.0,0.0,0.0,0.8702409874718903,0.0004472271914132379,rl2,2025-11-11-22-54-07-644000
58.0,13.467075709578765,0.0037377803335250145,5.279913175544748,0.6810258896338648,0.0,0.0,0.0,0.8318560390435753,0.0011500862564692352,rl2,2025-11-11-22-54-29-457000
48.63333333333333,13.637249790536574,0.0024005486968449933,2.628467392110952,0.22027224484621544,0.0,0.0,0.0,0.7574038044192302,0.006858710562414266,rl2,2025-11-11-22-54-43-853000
78.66666666666667,5.2358677485431455,0.000211954217888936,3.545138023774033,0.4070975269593472,0.0,0.0,0.0,0.8703330345498493,0.022891055532005086,rl2,2025-11-11-22-55-03-203000
58.1,12.563552748033834,0.0031572904707233064,5.983432206276597,0.9879818058222628,0.0,0.0,0.0,1.1163537664977028,0.016073478760045924,rl2,2025-11-11-22-55-17-748000
52.233333333333334,9.680355765538728,0.004469987228607918,5.209560539698456,0.8146797228583145,0.0,0.0,0.0,1.0745847973343563,0.008939974457215836,rl2,2025-11-11-22-55-28-353000
45.56666666666667,10.591383418425965,0.005856515373352855,1.6327111896822575,0.09912369756653257,0.0,0.0,0.0,1.3402735213774064,0.0021961932650073207,rl2,2025-11-11-22-55-39-656000
54.266666666666666,11.270361278289323,0.005224339274738783,1.738846623643991,0.20355008606816227,0.0,0.0,0.0,1.236537011946018,0.002458512599877074,rl2,2025-11-11-22-55-56-880000
64.8,9.383783629705501,0.0028306742151312406,3.3308984168778797,0.283911420275628,0.03333333333333333,0.0,0.00051440329218107,1.0344043351243688,0.01544004117344313,rl2,2025-11-11-22-56-13-083000
67.06666666666666,10.257047302169038,0.0027349577324714074,2.5891691134570434,0.3123367597550403,0.0,0.0,0.0,0.9928352392068487,0.006464445549477871,rl2,2025-11-11-22-56-28-321000
53.166666666666664,9.649308700637965,0.0056461731493099125,2.67486638226711,0.3300324350946431,0.0,0.0,0.0,1.116611853052362,0.010037641154328732,rl2,2025-11-11-22-56-48-683000
91.8,15.623372332416853,0.006901561932437341,5.465005705058236,0.6953990069189434,0.0,0.0,0.0,1.2593005097873378,0.000726480203414457,rl2,2025-11-22-23-48-44-070000
99.8,18.09774472912612,0.007517540928833946,7.614862981066646,0.7726436570782589,0.0,0.0,0.0,1.2376864111610641,0.0020046775810223854,rl2,2025-11-22-23-48-44-089000
58.766666666666666,11.03602151745098,0.00851305334846765,2.7484848671378557,0.38253625556503884,0.0,0.0,0.0,1.4196368272949988,0.0022701475595913734,rl2,2025-11-22-23-48-44-122000
119.46666666666667,15.338460779582991,0.0019536701088473346,5.71062996644807,0.3716360829833623,0.0,0.0,0.0,1.0474429031082602,0.006419201786212671,rl2,2025-11-23-19-41-59-700000
94.63333333333334,29.019911091595525,0.0029950669485553204,25.776077486807154,0.7039551966893274,0.0,0.0,0.0,1.0771292874684293,0.0010570824524312897,rl2,2025-11-23-19-42-15-896000
78.63333333333334,27.133852936843105,0.002544529262086514,19.921886266730677,0.7934319980854807,0.0,0.0,0.0,0.930166341152575,0.001272264631043257,rl2,2025-11-23-19-42-30-541000
117.0,17.96894530644663,0.0009974351667141636,4.188230886808159,0.2192573341870584,0.0,0.0,0.0,0.8149959831023138,0.006839555428897122,rl2,2025-11-23-19-42-41-832000
117.36666666666666,5.759109952711917,0.0008522727272727272,2.976565703751962,0.27717036295080644,0.0,0.0,0.0,0.7726912905528931,0.014772727272727272,rl2,2025-11-23-19-42-53-057000
109.03333333333333,19.709077398767228,0.0044342507645259936,5.961993905284773,0.40545910908615107,0.0,0.0,0.0,1.132087709262349,0.003669724770642202,rl2,2025-11-23-19-43-04-853000
99.96666666666667,18.825893254949055,0.0028352234823215477,4.703685499422949,0.35923030771496156,0.0,0.0,0.0,1.1019323419584566,0.000333555703802535,rl2,2025-11-23-19-43-18-340000
96.9,19.102768782496604,0.005333792154163799,3.038990354886867,0.23608819975502307,0.0,0.0,0.0,0.9889800018479186,0.0055058499655884375,rl2,2025-11-23-19-43-46-578000
104.5,18.903109357564837,0.0035098915124441607,3.818947449730876,0.3084425873264924,0.0,0.0,0.0,1.0856914211557347,0.0038289725590299937,rl2,2025-11-23-19-44-09-197000
104.83333333333333,22.173439204936017,0.010019083969465648,4.965945424067061,0.5007054539736474,0.0,0.0,0.0,1.134140910965461,0.006679389312977099,rl2,2025-11-23-19-44-25-710000
105.36666666666666,19.262130563702453,0.004746835443037975,4.3789914665666245,0.45390747060672737,0.0,0.0,0.0,1.0194949655460352,0.005063291139240506,rl2,2025-11-23-19-44-41-638000
113.43333333333334,16.460229042064782,0.0024985302763080542,11.300037801483619,0.4344678487153228,0.0,0.0,0.0,1.0047188514583199,0.0005878894767783657,rl2,2025-11-23-19-44-54-068000
88.66666666666667,9.438731801828236,0.0028206092515983454,4.225212177527947,0.4236601513848734,0.0,0.0,0.0,0.9154157726655371,0.009402030838661151,rl2,2025-11-23-19-45-07-808000
89.56666666666666,17.02102318857874,0.004839910647803425,10.432537591569575,0.7477779393148191,0.0,0.0,0.0,0.8959327873604365,0.0011169024571854058,rl2,2025-11-23-19-45-26-311000
84.33333333333333,17.826172632707028,0.003361012257809411,8.771721146593586,0.420392632661896,0.0,0.0,0.0,0.9512596883239077,0.00039541320680110717,rl2,2025-11-23-19-45-45-117000
107.13333333333334,16.02726802598826,0.0032679738562091504,5.209698549795032,0.43492162259283035,0.0,0.0,0.0,1.0315245272978362,0.008092125739184563,rl2,2025-11-24-20-22-59-483000
127.63333333333334,27.782152023285526,0.004832810867293626,9.317653403061527,0.7540044505077463,0.0,0.0,0.0,0.9069947420514055,0.006530825496342737,rl2,2025-11-24-20-23-14-893000
119.73333333333333,26.275917910672632,0.013088276246170982,11.473050765896,0.6925276446856464,0.0,0.0,0.0,1.2791693972722284,0.006961849067112225,rl2,2025-11-24-20-23-30-277000
125.73333333333333,13.16759458377755,0.0017236807212940865,4.137003789402477,0.460489605060078,0.0,0.0,0.0,1.2154648596216862,0.002916998143728454,rl2,2025-11-24-20-23-46-303000
79.46666666666667,30.729159956742624,0.008602601762484263,8.563080048769972,0.4922858042045674,0.0,0.0,0.0,1.1621571067854404,0.001678556441460344,rl2,2025-11-24-20-24-01-320000
110.33333333333333,25.359894782295452,0.001813236627379873,6.458213071846793,0.28324103170234166,0.0,0.0,0.0,0.8970717520426562,0.004533091568449683,rl2,2025-11-24-20-24-16-462000
115.23333333333333,21.339269333520207,0.00390625,5.4796045915877585,0.45249943436104384,0.0,0.0,0.0,1.1464300207915725,0.002025462962962963,rl2,2025-11-24-20-24-32-080000
110.56666666666666,24.503557144544587,0.0061821471652593486,14.74707106251602,0.29594497632433003,0.0,0.0,0.0,1.2693224341487381,0.0006031363088057901,rl2,2025-11-24-20-24-48-557000
91.2,18.664369972899962,0.005118829981718464,6.56996438840972,0.30336259272704047,0.0,0.0,0.0,1.2466974575996845,0.0014625228519195613,rl2,2025-11-24-20-25-05-493000
107.9,22.521765607010217,0.00788009888751545,9.162276455775226,0.25656430645900125,0.0,0.0,0.0,1.1998291058785275,0.0006180469715698393,rl2,2025-11-24-20-25-22-940000
52.96666666666667,17.908099026941578,0.011335012594458438,6.528561092950547,0.5562317053943978,0.0,0.0,0.0,1.425089218144329,0.001889168765743073,rl2,2025-11-24-20-25-32-091000
83.6,23.459808963404537,0.0015955325089748703,16.624032273499687,0.9139038247892973,0.0,0.0,0.0,0.9269363853935648,0.0035899481451934583,rl2,2025-11-24-20-25-48-438000
106.86666666666666,15.512231814761932,0.006864274570982839,5.457829614331611,0.44078677565526997,0.0,0.0,0.0,1.4432671664260042,0.00093603744149766,rl2,2025-11-24-20-26-03-116000
117.16666666666667,17.903801121963134,0.004695503699487763,16.708853630333323,0.5093786179839834,0.0,0.0,0.0,1.0964794286628532,0.0011383039271485487,rl2,2025-11-24-20-26-18-264000
103.9,19.509032386117866,0.005134788189987163,5.004252666129708,0.28270677898032326,0.0,0.0,0.0,1.1570335769144342,0.0019255455712451862,rl2,2025-11-24-20-26-32-162000
95.1,13.517239085401222,0.001402524544179523,4.600968281785178,0.33391339503582707,0.0,0.0,0.0,1.057029232569492,0.004207573632538569,rl2,2025-11-24-20-26-47-208000
88.23333333333333,11.782569428548321,0.003779289493575208,3.2194884411543776,0.15973589388143128,0.0,0.0,0.0,1.080265533441472,0.0026455026455026454,rl2,2025-11-24-20-27-06-126000
121.0,18.592752224557728,0.0038578120694406173,5.5117966246412395,0.24888131937987756,0.0,0.0,0.0,1.1524223543426089,0.0013777900248002205,rl2,2025-11-24-20-27-24-975000
120.66666666666667,16.279222371788293,0.008980381320806852,5.237775324345073,0.5515663681020675,0.0,0.0,0.0,1.3254896342876148,0.0016579165515335729,rl2,2025-11-24-20-27-44-006000
107.36666666666666,16.78601223424228,0.006521739130434782,4.68871920540453,0.570122501264785,0.0,0.0,0.0,1.2438816211823194,0.002173913043478261,rl2,2025-11-24-20-28-03-428000
102.46666666666667,5.467481397607157,0.0006508298080052066,6.602408550348895,0.3627419487877223,0.0,0.0,0.0,1.136781236777017,0.0016270745200130166,rl2,2025-12-09-23-00-30-725000
109.83333333333333,6.843332776484755,0.0007589556769884638,5.148611335020154,0.2798409238321218,0.0,0.0,0.0,0.9694795514033613,0.0018214936247723133,rl2,2025-12-09-23-01-29-940000
77.2,16.488579743448067,0.001511879049676026,7.886572393434269,0.526775153274202,0.0,0.0,0.0,0.9989327755714985,0.00043196544276457883,rl2,2025-12-09-23-01-46-368000
99.5,15.373643400265571,0.0013404825737265416,5.8860147518761865,0.553010874475397,0.0,0.0,0.0,1.1561193354132202,0.0023458445040214475,rl2,2025-12-09-23-02-03-731000
115.56666666666666,17.797808524961543,0.01081938834391229,4.935318977390397,0.4795360957907125,0.03333333333333333,0.0,0.0002884338044418806,1.2788007580188285,0.006347374495095211,rl2,2025-12-09-23-02-21-846000
105.16666666666667,24.113933573639883,0.0057070386810399495,4.905820285068997,0.425479323592274,0.0,0.0,0.0,1.1252682276490478,0.0019023462270133164,rl2,2025-12-09-23-02-39-780000
108.86666666666666,26.297985355154406,0.005819295558958652,7.351543163741314,0.4735797655488019,0.0,0.0,0.0,1.1724639259138807,0.003981623277182236,rl2,2025-12-09-23-02-57-487000
96.4,11.037860843430668,0.0006918021445866483,2.822210050323017,0.3004419027495155,0.0,0.0,0.0,0.814509795073874,0.009685230024213076,rl2,2025-12-09-23-03-14-919000
89.9,29.715123401933376,0.008902077151335312,9.132823632784179,0.5022825966444698,0.0,0.0,0.0,1.1091203871026833,0.00185459940652819,rl2,2026-01-06-20-50-02-445000
83.36666666666666,26.658366367622953,0.0054,6.371216899071878,0.35172090505790016,0.0,0.0,0.0,1.0249414781272468,0.0076,rl2,2026-01-06-20-52-14-820000
71.3,13.3227488709116,0.008886810102899906,6.94630359370449,0.778021817509634,0.0,0.0,0.0,1.2895398851332367,0.003274087932647334,rl2,2026-01-08-21-51-53-000000
98.63333333333334,19.812734196499164,0.005070993914807302,9.393499647824425,0.6739760119079923,0.0,0.0,0.0,1.1570481953925291,0.000676132521974307,rl2,2026-01-08-21-58-04-000000
89.13333333333334,10.520801160198836,0.00411522633744856,9.504952283746816,0.6950130240510514,0.0,0.0,0.0,1.182002193762568,0.0007482229704451926,rl2,2026-01-08-22-02-55-000000
94.7,20.696874427430107,0.005633802816901409,9.654143680511277,0.7627418234009445,0.0,0.03333333333333333,0.00035198873636043646,1.2416571731348478,0.00035211267605633805,rl2,2026-01-08-22-07-39-000000
83.76666666666667,13.511390581675755,0.007165605095541401,7.11307906662147,0.725287892013861,0.0,0.03333333333333333,0.0003979307600477517,1.4091827037997855,0.0,rl2,2026-01-08-22-41-22-000000
89.0,12.755687141475358,0.005058074185088048,12.711641354479427,0.7092328362128132,0.0,0.0,0.0,1.2487581797323097,0.0,rl2,2026-01-08-22-48-30-000000
79.63333333333334,14.722817258577251,0.005862646566164154,7.05594895213155,0.7469577942621897,0.0,0.0,0.0,1.203114803061648,0.0004187604690117253,rl2,2026-01-08-22-59-47-000000
112.03333333333333,11.380911502509896,0.001636904761904762,9.349519587711859,0.8150005893758182,0.0,0.0,0.0,0.9657407425394635,0.00029761904761904765,rl2,2026-01-08-23-04-48-000000
83.23333333333333,8.670614067707568,0.002203525641025641,7.312835414011768,0.5750342095888087,0.03333333333333333,0.0,0.00040048057669203043,1.170955677828536,0.001201923076923077,rl2,2026-01-08-23-18-36-000000
104.66666666666667,10.709015046320328,0.0012742911755336094,7.675567378259895,0.6052531007817279,0.0,0.0,0.0,0.8265172829045102,0.00541573749601784,rl2,2026-01-08-23-23-46-000000
88.13333333333334,8.24062948736649,0.0020809685962920924,6.711447050312481,0.8013902437737803,0.0,0.0,0.0,1.080991075691608,0.0011350737797956867,rl2,2026-01-08-23-32-08-000000
99.06666666666666,18.227083296058904,0.003702457085156513,8.97214392963353,0.6008329070595663,0.0,0.0,0.0,0.9919128428657958,0.0030292830696735107,rl2,2026-01-08-23-42-39-000000
99.93333333333334,13.186647027625591,0.0018351685018351686,5.821739081590085,0.13837333076752656,0.0,0.0,0.0,1.0105241468531452,0.001001001001001001,rl2,2026-01-08-23-51-17-000000
80.2,13.681015911577319,0.00395010395010395,8.166501171214435,0.7310763491520704,0.0,0.0,0.0,1.1735624378654892,0.0004158004158004158,rl2,2026-01-08-23-57-13-000000
94.26666666666667,8.281697128591928,0.0010611956137247967,6.673068506383315,0.5548434466505865,0.0,0.0,0.0,0.9849746922921232,0.00035373187124159886,rl2,2026-01-09-00-04-42-000000
93.13333333333334,12.166901334397316,0.0019692087361260296,6.186159079378555,0.5565854742238331,0.0,0.0,0.0,1.0713582253115455,0.0010741138560687433,rl2,2026-01-09-00-09-32-000000
83.36666666666666,9.956566541288797,0.0036,6.797436227286131,0.6459889695147766,0.0,0.0,0.0,1.1421602640782278,0.002,rl2,2026-01-09-00-14-38-000000
106.8,8.389985593380915,0.0009366219169528567,3.9600614851712654,0.45836543671853536,0.0,0.0,0.0,0.9284122612829656,0.010302841086481423,rl2,2026-01-09-00-19-36-000000
90.4,13.581061539804626,0.005717447436370343,6.6875130670379965,0.5340838527179191,0.0,0.0,0.0,1.2008716511173545,0.0025820730357801547,rl2,2026-01-09-00-24-08-000000
104.9,12.424239581400082,0.0030197075651621106,11.547091365518806,0.47688760918521755,0.0,0.0,0.0,1.0530940338143542,0.0006357279084551812,rl2,2026-01-09-00-29-05-000000
78.4,11.455913877012886,0.006592939174819226,7.956268420230959,0.5788741166777167,0.0,0.0,0.0,1.3391470274692923,0.0,rl2,2026-01-09-00-41-56-000000
96.7,29.908866445725437,0.006206896551724138,25.541117957941623,0.5983978883907946,0.0,0.0,0.0,1.2131863216447432,0.0,rl2,2026-01-09-00-50-24-000000
87.93333333333334,12.1481812824407,0.010428517254455821,5.882129414280152,0.36383740840439466,0.0,0.0,0.0,1.3982012225639144,0.0,rl2,2026-01-09-00-55-10-000000
100.66666666666667,15.44353634299944,0.004140443855581318,12.93997436011011,0.3844992423504033,0.0,0.0,0.0,0.9997793341967168,0.0,rl2,2026-01-09-01-00-13-000000
97.0,12.10448227858234,0.006359573736679271,7.4282917087927505,0.8869565705531022,0.0,0.0,0.0,1.2567927442640403,0.002750085940185631,rl2,2026-01-09-19-48-24-000000
91.7,10.375562979159023,0.0012727272727272728,6.161728634148346,0.7124394690166918,0.0,0.0,0.0,1.066394671794334,0.001090909090909091,rl2,2026-01-09-19-53-09-000000
94.73333333333333,10.267124220308467,0.004751847940865892,5.7266500535498945,0.7877183428528944,0.0,0.0,0.0,1.2609140402877457,0.008447729672650475,rl2,2026-01-09-19-57-45-000000
100.13333333333334,12.218821774126623,0.0014985014985014985,7.015705720999881,0.6557370337972731,0.0,0.03333333333333333,0.0003328894806924101,1.0396518826703014,0.000666000666000666,rl2,2026-01-09-20-03-13-000000
102.46666666666667,22.338936051249334,0.0027660266840221284,22.13117053197202,0.9820374792759491,0.0,0.0,0.0,1.0808381597777497,0.0003254149040026033,rl2,2026-01-09-20-14-23-000000
85.2,10.093590622877024,0.00410958904109589,6.926265238688601,0.4380249728230844,0.0,0.0,0.0,1.3387582140047245,0.0,rl2,2026-01-09-20-19-26-000000
95.4,11.033928517790118,0.003495281370150297,4.734342720312128,0.2554039054471236,0.0,0.0,0.0,1.217510066454046,0.0003495281370150297,rl2,2026-01-09-20-24-04-000000
102.5,12.775080964493503,0.0034157449577098243,6.708363202118834,0.5004065364453949,0.0,0.0,0.0,1.1632468804816702,0.0,rl2,2026-01-09-20-31-25-000000
115.66666666666667,15.85875940717065,0.003459210147016431,8.07330768642662,0.28392488747794786,0.0,0.0,0.0,1.1995208654427487,0.0037474776592678004,rl2,2026-01-20-21-28-19-470000
96.43333333333334,11.874930378190715,0.004495159059474412,3.6172145924167216,0.09162006423123344,0.0,0.0,0.0,1.1959759207942524,0.012448132780082987,rl2,2026-01-20-21-28-33-672000
114.13333333333334,12.045791471824,0.00292141396435875,5.503475468121215,0.16278889590655957,0.0,0.0,0.0,0.8430218874325082,0.022202746129126497,rl2,2026-01-20-21-28-46-027000
120.4,22.820148508302204,0.002215452783162559,9.994608447979248,0.6074401673601761,0.03333333333333333,0.0,0.0002768549280177187,1.1322482331691865,0.012184990307394073,rl2,2026-01-20-21-28-58-868000
143.56666666666666,13.66124507332766,0.0013934045517882026,6.128152744016891,0.4597219517878155,0.0,0.0,0.0,0.852109830124467,0.024152345564328843,rl2,2026-01-20-21-29-45-799000
104.7,16.32624506844529,0.003662420382165605,9.522059997199424,0.8388622492087988,0.0,0.0,0.0,0.9939003940310139,0.030254777070063694,rl2,2026-01-20-21-30-16-883000
112.8,21.97665464227049,0.005172923440733077,10.75935503805218,0.9682970685100228,0.0,0.0,0.0,1.2427861333100574,0.007094295004433935,rl2,2026-01-20-21-30-45-970000
103.06666666666666,14.435754769115809,0.0008087997411840828,4.297494188946728,0.1962469010982091,0.0,0.0,0.0,1.142743037584492,0.019087673891944355,rl2,2026-01-20-21-31-13-320000
91.93333333333334,13.108034467020047,0.0012694958287994198,5.884389240462242,0.5108815390484839,0.0,0.0,0.0,1.1467765335842812,0.011969532100108813,rl2,2026-01-20-21-31-40-476000
105.5,15.186190612170536,0.0028445006321112516,11.70419577916259,0.9329724452422476,0.0,0.0,0.0,1.277042043115118,0.0050568900126422255,rl2,2026-01-20-21-32-08-684000
99.96666666666667,22.244412511860038,0.001667778519012675,5.558824940814449,0.2754872022223453,0.0,0.0,0.0,1.0983149681032047,0.019679786524349565,rl2,2026-01-20-21-32-36-344000
102.5,10.653499886242601,0.0013012361743656475,5.127213560036817,0.2178071716279819,0.0,0.0,0.0,1.0034895334977807,0.009433962264150943,rl2,2026-01-20-21-33-05-081000
6.7,1.096975337214158,0.0,0.253332340876311,0.003605567148689214,0.0,0.0,0.0,0.6896648919088205,0.0,microagi,2026-03-26-11-40-14-667452
10.7,3.7885771217681983,0.0,0.0824740986975133,0.002738088553529761,0.0,0.0,0.0,0.4521076404517202,0.0,microagi,2026-03-27-08-45-58-271814
19.9,1.0975489035341714,0.0,0.3197093708773472,0.0033795572452383718,0.0,0.0,0.0,0.3680083812184411,0.0,microagi,2026-03-27-08-46-37-202721
7.7,0.7725975829374029,0.0,0.06498248206490266,0.0022023571571055355,0.0,0.0,0.0,0.31055695849971704,0.0,microagi,2026-03-27-08-52-36-621016
8.4,0.563868928308381,0.0,0.03667546774237495,0.0010624697015723143,0.0,0.0,0.0,0.1953800816464761,0.0,microagi,2026-03-27-09-14-35-034607
11.333333333333334,0.2518117406145402,0.0,0.037254270247134395,0.0011154189512846602,0.0,0.0,0.0,0.12912129149696122,0.017699115044247787,microagi,2026-03-27-09-16-19-246306
25.1,1.6761096421487265,0.0,0.7013986027082821,1.9999993074245572,0.0,0.0,0.0,0.47841112092848803,0.0,microagi,2026-03-27-11-20-58-639658
12.633333333333333,0.5736683417130526,0.0,0.08412939993565993,0.0019863673963913986,0.0,0.0,0.0,0.319195613072988,0.0,microagi,2026-03-27-11-31-49-057344
14.066666666666666,3.161644703986219,0.0,0.1838258979196985,0.0037339594268295407,0.0,0.0,0.0,0.8344352703807958,0.0,microagi,2026-03-27-11-38-14-817062
58.9,2.746944883085917,0.0,0.5226039299087144,0.015067719099551815,0.0,0.0,0.0,0.776980137362418,0.0,microagi,2026-03-27-18-35-26-188339
7.8,1.5119620499270217,0.0,0.5568225317827331,0.01195596756078929,0.0,0.0,0.0,1.00264859941933,0.0,microagi,2026-03-27-18-38-33-739644
9.7,1.3554349376052004,0.0,0.35302320908184215,0.009622806958361945,0.0,0.0,0.0,0.9738730682476471,0.0,microagi,2026-03-27-18-40-26-398821
5.766666666666667,1.6584893154871818,0.0,0.5894298288239236,0.01239319911560027,0.0,0.0,0.0,0.6294387246003416,0.0,microagi,2026-03-27-18-50-27-319295
6.4,1.2926995423644956,0.0,0.1523266060821732,0.005500607917287389,0.0,0.0,0.0,0.5282532656701983,0.0,microagi,2026-03-27-18-50-51-172628
18.933333333333334,1.6778173876832014,0.0,0.7528948939833962,0.01631657092683289,0.0,0.0,0.0,0.9954556211758614,0.0,microagi,2026-03-27-18-53-04-480123
9.3,2.9170929628530615,0.0,0.18431898024703117,0.01073441645765597,0.0,0.0,0.0,1.0774346765645704,0.0,microagi,2026-03-28-08-18-49-957026
7.233333333333333,1.635963717590439,0.0,0.35717184530840523,0.01104597764237113,0.0,0.0,0.0,1.1103316900622844,0.0,microagi,2026-03-28-08-21-43-788054
6.966666666666667,3.2479334202578194,0.0,0.34160277559963725,0.01578337915622459,0.0,0.0,0.0,1.1276418080756583,0.0,microagi,2026-03-28-08-23-35-476070
8.2,2.0803702651453215,0.0,1.1040574486840202,0.02670827606194036,0.0,0.0,0.0,1.4515977416934331,0.0,microagi,2026-03-28-08-24-27-103977
9.4,3.844824375705525,0.0,0.679361770134056,0.02211604703593744,0.0,0.0,0.0,1.343368767354007,0.0,microagi,2026-03-28-08-29-21-741058
15.833333333333334,1.2911313194546312,0.0,0.5184413521315316,0.011289067594710865,0.0,0.0,0.0,0.8806456778406898,0.0,microagi,2026-03-28-13-56-07-141506
6.266666666666667,2.9231116772063177,0.0,0.2967880175345936,0.014658180497756175,0.0,0.0,0.0,0.8203734391341069,0.0,microagi,2026-03-28-13-56-30-568026
11.0,1.889240627714007,0.0,0.48756692716641814,0.01454201074147132,0.0,0.0,0.0,1.177364933924703,0.0,microagi,2026-03-28-20-36-06-132489
10.366666666666667,1.700050862874463,0.0,0.41050931987148886,0.014393219591965514,0.0,0.0,0.0,0.9371040448647714,0.0,microagi,2026-03-28-20-36-18-202489
12.766666666666667,1.6063034637506681,0.0,0.3086688809958741,0.0083043104173815,0.0,0.0,0.0,1.0300939164122438,0.0,microagi,2026-03-28-20-38-26-385142
6.0,1.761779038267243,0.0,0.5837552522014822,0.01707871304337654,0.0,0.0,0.0,1.2059753250040863,0.0,microagi,2026-03-28-21-21-26-519285
5.2,1.643376270087996,0.0,0.6340366764833989,0.025221058490393952,0.0,0.0,0.0,1.13002237295289,0.0,microagi,2026-03-28-21-25-51-251114
12.266666666666667,1.3274659638016617,0.0,0.4149981058957195,0.004250360029845043,0.0,0.0,0.0,0.6766044249052546,0.0,microagi,2026-03-29-13-37-22-118963
13.866666666666667,3.4724704194892952,0.0,0.6387068360933126,0.044089864203973164,0.0,0.0,0.0,0.9419158004238127,0.0,microagi,2026-03-30-13-01-24-631805
7.766666666666667,1.54732441100874,0.0,0.47650281794707117,0.02224823524229157,0.0,0.0,0.0,1.0404565976453193,0.0,microagi,2026-03-30-13-02-23-391713
7.7,1.424732594198704,0.0,0.4659376176803516,0.010689279064881617,0.0,0.0,0.0,0.9318709937784465,0.0,microagi,2026-03-31-19-50-25-944370
5.466666666666667,1.6266158945229738,0.0,0.23314835986553395,0.0052588036360635745,0.0,0.0,0.0,0.6452801385398271,0.0,microagi,2026-03-31-20-00-04-230079
19.6,2.681328845572847,0.0,0.5551021332637323,0.017121173235422966,0.0,0.0,0.0,0.8191815306391524,0.0,microagi,2026-04-01-08-06-04-604641
10.633333333333333,1.0271921744187018,0.0,0.16022911579727453,0.007273999801256752,0.0,0.0,0.0,0.600465353845665,0.0,microagi,2026-04-01-09-17-26-467133
14.633333333333333,3.3924738461787523,0.0,0.43707429922397967,0.014883985438823575,0.0,0.0,0.0,0.7874010269900856,0.0,microagi,2026-04-01-10-25-39-295548
17.733333333333334,2.050357349858179,0.0,0.42196927699532255,0.017605646414816684,0.0,0.0,0.0,0.8963247830049663,0.0,microagi,2026-04-01-10-28-02-511250
52.96666666666667,1.4658123270262502,0.0,0.2720861574349765,0.009635657004930779,0.0,0.0,0.0,0.4073723840852662,0.0031486146095717885,microagi,2026-04-01-10-30-23-792320
18.0,2.438034350585857,0.0,0.33511189907049344,0.011879786538681157,0.0,0.0,0.0,0.42842159469082947,0.0,microagi,2026-04-01-10-52-59-822631
13.666666666666666,1.2921454150069749,0.0,0.35698432046639794,0.011472401188550837,0.0,0.0,0.0,0.7511833258966246,0.0,microagi,2026-04-01-10-54-24-772631
5.1,1.5558752186497014,0.0,0.24029703274376943,0.00929299277981167,0.0,0.0,0.0,1.195507226611739,0.0,microagi,2026-04-01-10-56-34-881235
6.6,1.1540680546122535,0.0,0.12960920659523822,0.006675476963613438,0.0,0.0,0.0,0.8914243764652593,0.0,microagi,2026-04-01-11-31-31-705696
6.0,1.8951854428802566,0.0,0.14234231596980806,0.004216297424828391,0.0,0.0,0.0,0.7484861195762181,0.0,microagi,2026-04-01-11-31-51-750696
11.9,2.5538713147077288,0.0,0.21006549983555994,0.008725258659226574,0.0,0.0,0.0,0.6330231932385897,0.0028089887640449437,microagi,2026-04-01-11-34-49-220469
7.2,1.2431172934616188,0.0,0.24611513602876955,0.006969666112894479,0.0,0.0,0.0,0.7043905820053625,0.0,microagi,2026-04-01-11-38-27-749085
7.033333333333333,1.1368998171325098,0.0,0.28386845596142013,0.012139605206138143,0.0,0.0,0.0,0.668560588856427,0.0,microagi,2026-04-01-11-38-36-019085
6.733333333333333,1.4229734644112484,0.0,0.20146503685650816,0.009871396268986107,0.0,0.0,0.0,0.9862211614841048,0.0,microagi,2026-04-01-11-39-41-791025
19.3,1.1025501148570447,0.0,0.2840789055090168,0.013570925504859497,0.0,0.0,0.0,0.4931902936760995,0.0,microagi,2026-04-01-11-45-41-734474
9.733333333333333,1.4731881740468273,0.0,0.19495351471288228,0.006535957701718847,0.0,0.0,0.0,0.6169696593610862,0.0,microagi,2026-04-01-11-47-39-069138
30.833333333333332,2.2943176045411184,0.0,0.1805112064306979,0.009071932737008173,0.0,0.0,0.0,0.4399475833790127,0.0010822510822510823,microagi,2026-04-01-17-00-48-166352
10.4,1.453574270606454,0.0,0.22013475321977588,0.00357427131436544,0.0,0.0,0.0,0.26841685750070443,0.0,microagi,2026-04-02-11-36-41-328267
5.033333333333333,1.1933377002069208,0.0,0.2440835673357794,0.004916737126892477,0.0,0.0,0.0,0.6785379435343337,0.0,microagi,2026-04-02-12-17-37-321720
10.966666666666667,0.7928435143936998,0.0,0.48471446349206315,0.003101611108573048,0.0,0.0,0.0,0.38783902446400864,0.0,microagi,2026-04-02-13-23-50-635817
10.0,1.3683246099646516,0.0,0.3418203105405229,0.0048932830703916535,0.0,0.0,0.0,0.7328731032785688,0.0,microagi,2026-04-02-13-45-43-551015
15.033333333333333,1.3542321829569097,0.0,0.22096939191318438,0.004923254291001513,0.0,0.0,0.0,0.5656300694427315,0.0,microagi,2026-04-02-13-45-55-104172
54.93333333333333,1.327173996544394,0.0,0.7642802545022199,0.018373140632860215,0.0,0.0,0.0,0.636772599579048,0.0,microagi,2026-04-02-14-25-07-140147
12.766666666666667,1.115309446518198,0.0,0.6637418816278999,0.019562074620479653,0.0,0.0,0.0,0.5354182254802576,0.0,microagi,2026-04-02-14-26-42-645147
16.866666666666667,0.9793360138851024,0.0,0.28736514327752516,0.0044009592768736025,0.0,0.0,0.0,0.5180353161266794,0.0,microagi,2026-04-02-16-13-34-510341
14.933333333333334,1.2132441685318742,0.0,0.2494172233965413,0.0035712062737869414,0.0,0.0,0.0,0.3810668982542144,0.0,microagi,2026-04-03-09-37-11-955602
5.6,1.4857721835533695,0.0,0.15775156724678732,0.008195888079365948,0.0,0.0,0.0,0.6620021348674597,0.0,microagi,2026-04-05-23-18-50-844523
9.566666666666666,1.0311734588845805,0.0,0.4509389992921365,0.017877100107758816,0.0,0.0,0.0,0.6649130275713188,0.0,microagi,2026-04-05-23-21-29-104082
8.966666666666667,2.0372042935318944,0.0,0.26100462036587246,0.012179130452453404,0.0,0.0,0.0,0.757703041881769,0.0,microagi,2026-04-07-11-50-17-545512
15.433333333333334,0.8918340362176157,0.0,0.6357871989693951,1.9999999120635197,0.0,0.0,0.0,0.47548528618550684,0.0,microagi,2026-04-08-02-33-49-708277
7.9,3.9388069192287296,0.0,0.2147068164857363,0.007106451088705262,0.0,0.0,0.0,1.0476846184384399,0.0,microagi,2026-04-08-12-55-55-722596
9.1,1.3123570441366699,0.0,0.5952481782781791,0.01055358369817021,0.0,0.0,0.0,0.8084259129354358,0.0,microagi,2026-04-08-13-00-02-086437
6.766666666666667,2.0742908826743682,0.0,0.24788388810856865,0.007048167870924357,0.0,0.0,0.0,0.7631603679995982,0.0,microagi,2026-04-08-13-24-30-523778
18.0,1.3557079271160977,0.0,0.28857029920197574,0.007915527913029283,0.0,0.0,0.0,0.7088489682588305,0.0,microagi,2026-04-08-14-10-52-669945
14.966666666666667,3.391093978849332,0.0,0.9451549538410592,0.01887961118636912,0.0,0.0,0.0,1.1006563187782783,0.0,microagi,2026-04-08-14-58-38-890071
8.933333333333334,3.4127420061942937,0.0,0.6515776138313932,0.03412078917260783,0.0,0.0,0.0,1.176383477422771,0.0,microagi,2026-04-08-15-02-47-997270
5.8,0.9751407628272464,0.0,0.2194713609623394,0.004223746272277364,0.0,0.0,0.0,0.34616703313558983,0.0,microagi,2026-04-08-16-14-18-527868
21.766666666666666,1.5662155361266874,0.0,0.43006303436818993,0.008087292376215015,0.0,0.0,0.0,0.8835148557476891,0.0,microagi,2026-04-09-07-09-49-965007
12.833333333333334,0.7839510312179201,0.0,0.13261249469744196,0.003454609253587173,0.0,0.0,0.0,0.3791326023631081,0.0,microagi,2026-04-09-07-17-57-808963
18.733333333333334,1.3469791164137621,0.0,0.5117198745869771,0.026276246081428863,0.0,0.0,0.0,0.6710593083339715,0.0,microagi,2026-04-09-07-39-32-422366
7.2,2.029766270146276,0.0,0.5989070661064869,0.022441269314522543,0.0,0.0,0.0,0.9354938212511735,0.0,microagi,2026-04-09-11-59-11-828310
6.7,1.7488831607696422,0.0,0.6030185206963777,0.027766290190810686,0.0,0.0,0.0,1.1647773459687558,0.0,microagi,2026-04-09-12-40-14-488910
9.833333333333334,1.8274407709281442,0.0,0.7372875204507626,0.02846022182832189,0.0,0.0,0.0,0.9529389296294473,0.0,microagi,2026-04-09-12-44-35-311211
6.9,1.3450820240312311,0.0,0.4197910831119418,0.012052683890097582,0.0,0.0,0.0,1.0065739173341124,0.0,microagi,2026-04-09-12-46-37-806019
38.36666666666667,2.2297335299371697,0.0,0.14436773505805042,0.0020370217737751897,0.0,0.0,0.0,0.20527461712415626,0.0017391304347826088,microagi,2026-04-09-15-08-08-211197
7.833333333333333,0.9287624539209984,0.0,0.2168907085350099,0.0025370796280813684,0.0,0.0,0.0,0.32587110276449915,0.0,microagi,2026-04-10-13-21-14-173295
16.233333333333334,0.5872309313378568,0.0,0.3896232687754917,0.0029675536651304997,0.0,0.0,0.0,0.18397402550126843,0.00205761316872428,microagi,2026-04-10-14-17-00-179203
11.6,1.3587263355920218,0.0,0.0622126955544732,1.9999998888745691,0.0,0.0,0.0,0.4062438130645682,0.0,microagi,2026-04-10-14-37-16-209828
8.866666666666667,1.0590964576297928,0.0,0.12966304249939875,0.0035933725200511086,0.0,0.0,0.0,0.6422662518479733,0.0,microagi,2026-04-11-20-33-24-668775
5.066666666666666,1.6019391315724325,0.0,0.18394705401739092,0.004402153275037637,0.0,0.0,0.0,1.1733401826475396,0.0,microagi,2026-04-12-22-54-05-992154
6.8,1.6327576749497457,0.0,0.21553727151335603,0.0076091585693337785,0.0,0.0,0.0,0.8134287742735784,0.0,microagi,2026-04-12-22-57-31-767492
7.5,2.392126050254854,0.0,0.24785264050427208,0.008310180763304295,0.0,0.0,0.0,0.9945987002629856,0.0,microagi,2026-04-13-00-21-30-982125
22.0,3.528259239529161,0.0,0.2747508972091448,0.01204423217862305,0.0,0.0,0.0,0.954648149414587,0.0,microagi,2026-04-13-00-21-47-320458
5.333333333333333,1.7641421267312916,0.0,0.6924056420314346,0.008525858767678815,0.0,0.0,0.0,1.2248237567752855,0.0,microagi,2026-04-13-04-37-20-238020
9.9,1.8681992400675438,0.0,1.116851052811529,0.03345972822293035,0.0,0.0,0.0,0.9116990323823303,0.0,microagi,2026-04-13-21-20-38-083232
5.666666666666667,1.5700728503504406,0.0,0.26561244264912925,0.007019476866354779,0.0,0.0,0.0,1.0037750719805567,0.0,microagi,2026-04-15-12-54-15-415723
22.433333333333334,3.094101710593287,0.0,0.3914699102258837,0.016985794331840283,0.0,0.0,0.0,0.8927743446049133,0.0,microagi,2026-04-15-15-06-39-624734
5.066666666666666,0.9337242541331193,0.0,0.17608784671795044,0.011286560006718049,0.0,0.0,0.0,0.6759083858007227,0.0,microagi,2026-04-15-15-07-30-274932
8.033333333333333,1.5524728084062664,0.0,0.6467415401014192,0.01639000534572355,0.0,0.0,0.0,0.9887343105915901,0.0,microagi,2026-04-15-15-52-02-292676
7.466666666666667,3.5384047578225664,0.0,0.9592278920826833,0.02440570822647287,0.0,0.0,0.0,1.1085776078265772,0.0,microagi,2026-04-15-15-52-43-546009
37.6,2.701341245350928,0.0,0.8194279242751246,0.0316573329916447,0.0,0.0,0.0,1.0461482348787985,0.0,microagi,2026-04-15-15-53-14-061009
11.033333333333333,3.3682289050614793,0.0,0.8729646595019146,0.015671595161811176,0.0,0.0,0.0,1.130006929452018,0.0,microagi,2026-04-15-15-55-03-881807
5.266666666666667,1.500091056087807,0.0,0.8361598414416797,0.010813161744746443,0.0,0.0,0.0,1.1989597716092881,0.0,microagi,2026-04-15-15-55-26-591807
16.0,1.6274789617557894,0.0,0.192067494861775,0.0027755360413523915,0.0,0.03333333333333333,0.0020833333333333333,0.32347401145383914,0.0,microagi,2026-04-16-13-13-31-781853
15.9,0.9147337874246444,0.0,0.1791885906373254,0.002584668732518509,0.0,0.06666666666666667,0.0041928721174004195,0.4432174904195252,0.0021008403361344537,microagi,2026-04-16-13-13-59-652569
5.666666666666667,1.023797475893268,0.0,0.2225730990419186,0.004289158991042268,0.0,0.0,0.0,0.67531379227083,0.0,microagi,2026-04-16-15-42-03-794830
7.3,1.1271291925911726,0.0,0.34852554441667843,0.007470289507199043,0.0,0.0,0.0,0.8150564660732617,0.0,microagi,2026-04-17-08-48-16-683227
17.7,1.5124868262276279,0.0,0.4127588930334603,0.011800810584059363,0.0,0.0,0.0,0.9193425548373866,0.0,microagi,2026-04-17-08-48-24-854894
13.9,1.4383271332529277,0.0,0.2058884719205961,0.005156002157902647,0.0,0.0,0.0,0.7940558688150303,0.0,microagi,2026-04-17-11-00-00-745617
6.033333333333333,1.3333326243928327,0.0,0.16343707599800789,0.0048103009792606136,0.0,0.0,0.0,0.7479759692380961,0.0,microagi,2026-04-17-11-00-29-028950
5.866666666666666,1.3302722685635957,0.0,0.18174834814279442,0.006268026065244202,0.0,0.0,0.0,0.7588602980483616,0.0,microagi,2026-04-17-11-01-55-375957
5.0,1.6479083397610261,0.0,0.21232629914774498,0.008944688135806851,0.0,0.0,0.0,0.9234051010787876,0.0,microagi,2026-04-17-11-07-50-933983
5.3,1.4569946681011914,0.0,0.40067834553328885,0.01971980033450564,0.0,0.0,0.0,1.099281900290932,0.0,microagi,2026-04-17-11-07-56-637317
18.766666666666666,1.616363278385661,0.0,0.6687396769686796,0.01212233640751613,0.0,0.0,0.0,0.8852768507938411,0.0,microagi,2026-04-17-15-00-13-476110
5.966666666666667,1.2621929168820651,0.0,0.12498073983001243,0.00519568475345208,0.0,0.0,0.0,0.7415944409080136,0.0,microagi,2026-04-18-00-32-50-964904
6.566666666666666,1.7677942480012114,0.0,0.5585867808735416,0.014410781211915236,0.0,0.0,0.0,1.1172997375299751,0.0,microagi,2026-04-18-10-10-19-299610
12.0,2.66497961357332,0.0,0.24535241006142347,0.010173566589838319,0.0,0.0,0.0,0.9120609983302579,0.0,microagi,2026-04-18-10-11-49-422921
7.833333333333333,1.5089572935715783,0.0,0.4967723213718144,0.01392892531290474,0.03333333333333333,0.0,0.00425531914893617,0.9748041718054653,0.0,microagi,2026-04-18-10-13-44-629657
5.333333333333333,1.177468914597578,0.0,0.6223267504869558,0.009271908027671381,0.0,0.0,0.0,0.8613290306923518,0.0,microagi,2026-04-18-10-14-36-194657
6.966666666666667,1.5360308674198457,0.0,0.3391980752345498,0.007899009986047803,0.0,0.0,0.0,0.7680682120761388,0.0,microagi,2026-04-18-12-42-07-576076
12.433333333333334,2.0807340351724144,0.0,0.4499276472271325,0.02718906660979522,0.0,0.0,0.0,0.6846054731320224,0.0,microagi,2026-04-18-12-42-19-316076
6.766666666666667,1.2087680091861759,0.0,0.2450618489509517,0.012160337063128662,0.0,0.0,0.0,0.8688951177672074,0.0,microagi,2026-04-18-15-24-42-784760
9.7,1.4406152511579648,0.0,0.48909909870550367,0.006044117767890657,0.0,0.0,0.0,0.7047938948720462,0.0,microagi,2026-04-18-17-19-55-699547
25.766666666666666,2.964429421174292,0.0,0.3818251766849055,0.011090316882344853,0.0,0.0,0.0,0.8080540364486578,0.0,microagi,2026-04-18-17-20-23-232531
14.733333333333333,1.4642865687892626,0.0,0.6896724326927113,0.013653729131099818,0.0,0.0,0.0,0.7062154259047119,0.0,microagi,2026-04-19-07-42-54-471986
6.666666666666667,1.5194162295799893,0.0,0.481257927156022,0.01121670106590775,0.0,0.0,0.0,1.1865307703954877,0.0,microagi,2026-04-19-10-56-31-727388
8.666666666666666,1.605794360699054,0.0,0.7438801969860678,0.01927944118790697,0.0,0.0,0.0,1.1152091514837226,0.0,microagi,2026-04-19-11-00-14-250942
6.033333333333333,1.9107735557879595,0.0,0.4106285272148361,0.00953339847524394,0.0,0.0,0.0,0.9389522869890948,0.0,microagi,2026-04-19-11-01-29-948099
8.266666666666667,1.2192178880788125,0.0,0.1692628880364876,0.005587953827201759,0.0,0.0,0.0,0.6375296912729103,0.0,microagi,2026-04-19-13-54-17-337209
6.333333333333333,3.5224346149762304,0.0,0.26384758767597305,0.009582858985067123,0.0,0.0,0.0,0.8008572006993372,0.0,microagi,2026-04-19-13-54-49-853628
33.56666666666667,2.2319381564176375,0.0,0.38642501589202427,0.014799135320852641,0.0,0.0,0.0,0.7790110112395107,0.0,microagi,2026-04-19-14-22-39-199461
16.2,2.226659210957588,0.0,0.5875057940106561,0.026853683852480596,0.0,0.0,0.0,0.7789043089144491,0.0,microagi,2026-04-19-14-23-45-828757
7.633333333333334,1.0485270474071287,0.0,0.7950588817300482,0.010259699102515361,0.0,0.0,0.0,0.5363276400760911,0.0,microagi,2026-04-20-11-24-08-922520
9.366666666666667,1.7594655631665486,0.0,1.3316770578408574,0.024335775230896906,0.0,0.0,0.0,1.187363704879979,0.0,microagi,2026-04-20-11-25-04-107520
8.733333333333333,1.7542089044226958,0.0,0.9473796308941617,0.03296831362712621,0.0,0.0,0.0,1.2319625030989487,0.0,microagi,2026-04-20-11-29-10-160965
5.4,1.5495730816825743,0.0,0.7531204526669366,0.016457464837943702,0.0,0.0,0.0,1.0036489879957629,0.0,microagi,2026-04-20-11-35-51-467669
14.033333333333333,2.3497956452367905,0.0,0.6712310195488155,0.02954994914245034,0.0,0.0,0.0,0.8612692494811716,0.0,microagi,2026-04-20-11-47-19-518075
9.633333333333333,1.4924883434674538,0.0,0.5251484450063673,0.008999571349113627,0.0,0.0,0.0,0.8108654854162306,0.0,microagi,2026-04-20-19-48-08-013987
8.5,1.851041142635821,0.0,0.9245879907425122,0.03046426095161443,0.0,0.0,0.0,1.2666967203228545,0.0,microagi,2026-04-20-19-49-54-879243
32.46666666666667,7.7889454168577235,0.005652620760534429,0.7223307336825417,0.0179475528968643,0.03333333333333333,0.0,0.0010266940451745378,0.8679931299848381,0.0020554984583761563,microagi,2026-04-21-05-34-16-920046
5.433333333333334,1.185795058615017,0.0,0.377081351728129,0.018525377235815824,0.0,0.0,0.0,0.8276612687992357,0.0,microagi,2026-04-21-09-22-47-890565
9.166666666666666,1.6170891537221905,0.0,0.3668892796244167,0.011343647019472042,0.0,0.0,0.0,0.8280103752672344,0.0,microagi,2026-04-21-09-23-01-932232
6.066666666666666,1.2270193329704433,0.0,0.408699447937413,0.014132430463566985,0.0,0.0,0.0,0.9908746316667115,0.0,microagi,2026-04-21-09-23-45-789672
5.266666666666667,1.102138215165144,0.0,0.20258542064684248,0.008590369118438749,0.0,0.0,0.0,0.7458582853593055,0.0,microagi,2026-04-21-15-12-23-234675
12.366666666666667,1.5563432331924363,0.0,0.5939207447868818,0.014246557261115088,0.0,0.0,0.0,0.9794017656820434,0.0,microagi,2026-04-21-15-12-36-976342
34.13333333333333,4.677387318471606,0.0,0.4567074993436571,0.009559081284034163,0.0,0.0,0.0,0.4018810390849323,0.002932551319648094,microagi,2026-04-21-20-36-58-015539
9.066666666666666,1.9990186044790195,0.0,0.3861177863776565,0.01667600862443651,0.0,0.0,0.0,0.6918117204160874,0.0,microagi,2026-04-22-11-11-47-860379
5.4,1.5975123342632376,0.0,0.2691993246546593,0.02373802763995519,0.0,0.0,0.0,0.7039127811390884,0.0,microagi,2026-04-22-11-12-22-808713
9.666666666666666,2.282255313771692,0.0,0.2509211683798415,0.0130208223378061,0.0,0.0,0.0,1.1652585699057074,0.0,microagi,2026-04-22-15-44-34-566171
19.2,1.2339566683453547,0.0,0.2931339085087372,0.0022177061138942146,0.0,0.0,0.0,0.2950676339853203,0.0017391304347826088,microagi,2026-04-22-21-00-48-165903
7.733333333333333,2.1281402984852855,0.0,0.739129447071495,0.040250474409265505,0.0,0.0,0.0,1.1585454601233072,0.0,microagi,2026-04-23-09-30-22-449747
31.033333333333335,2.0703937728698594,0.0,0.7061940060923432,0.020751300816864455,0.0,0.0,0.0,0.8459075806613409,0.0,microagi,2026-04-23-09-32-07-433688
19.033333333333335,2.4739043778168326,0.0,1.222600174081567,0.028795048155227557,0.0,0.0,0.0,1.0132629405616391,0.0,microagi,2026-04-23-09-34-12-194228
28.666666666666668,1.3856306508714167,0.0,0.49641263770499106,0.01750447934821386,0.0,0.0,0.0,0.8536821150543169,0.0,microagi,2026-04-23-09-36-43-835690
8.9,1.5511278528668246,0.0,0.2629259242812742,0.015444050259785964,0.0,0.0,0.0,0.9088706179219916,0.0,microagi,2026-04-23-10-40-49-937151
9.5,2.1660128492928568,0.0,0.3233033840659745,0.007728027701561899,0.0,0.0,0.0,1.0772319492322349,0.0,microagi,2026-04-23-10-42-29-280484
15.066666666666666,3.13286362873451,0.0,0.7186242843492829,0.02817686845059611,0.0,0.0,0.0,1.052227968553912,0.0,microagi,2026-04-23-15-46-15-737042
7.7,1.5335647921130462,0.0,0.3788852207038661,0.02239305649826761,0.0,0.0,0.0,1.185770892655363,0.0,microagi,2026-04-23-15-47-02-190375
7.8,1.6142459936422393,0.0,0.2774426168918742,0.013696139683080085,0.0,0.0,0.0,0.8410902583424166,0.0,microagi,2026-04-23-15-47-11-927042
6.966666666666667,1.8917848400348936,0.0,0.4613990577044454,0.022099956904231912,0.0,0.0,0.0,0.9146916083642667,0.0,microagi,2026-04-23-15-47-23-733709
4.966666666666667,1.2951026257881129,0.0,0.3285202150067598,0.00980704168299693,0.0,0.0,0.0,0.713511469196294,0.0,microagi,2026-04-23-15-51-38-303009
6.166666666666667,1.6346555767971522,0.0,0.5956339758336965,0.003780664075184479,0.0,0.0,0.0,0.741588344203892,0.0,microagi,2026-04-23-21-43-55-539827
21.8,1.42336358094446,0.0,0.6554262303105964,0.00994295315113117,0.0,0.0,0.0,0.8794882241681986,0.0,microagi,2026-04-23-22-50-41-320313
6.966666666666667,1.9536133288181798,0.0,0.8794039428783534,0.03488198846775533,0.0,0.0,0.0,1.0385479888213276,0.0,microagi,2026-04-23-22-51-03-561980
10.0,1.3668646977459105,0.0,0.4974527129061914,0.010490881612316236,0.0,0.0,0.0,0.8171818855173412,0.0,microagi,2026-04-23-22-52-22-560099
5.766666666666667,2.373852126338534,0.0,0.8393834977250291,0.034779130373404715,0.0,0.0,0.0,1.2148161792666567,0.0,microagi,2026-04-23-22-57-26-677703
7.933333333333334,2.1153911886627133,0.0,1.0915885220273136,0.02753993368230887,0.0,0.0,0.0,1.540626189426348,0.0,microagi,2026-04-24-05-41-57-756538
10.5,1.510384642732786,0.0,0.16921845304712071,0.009550097436766833,0.0,0.0,0.0,0.7602017281053163,0.0,microagi,2026-04-24-05-47-04-977339
8.233333333333333,2.0940727247655957,0.0,0.10138843997703315,0.005001875322262169,0.0,0.0,0.0,0.7057197594123167,0.0,microagi,2026-04-24-05-48-11-305369
9.433333333333334,1.5805807882215788,0.0,0.1634685928711143,0.011984083926542594,0.0,0.0,0.0,0.7771274259996542,0.0,microagi,2026-04-24-05-58-28-704416
15.6,1.7378642251996643,0.0,0.7899256237684065,0.011980002024760673,0.0,0.0,0.0,0.613333579147443,0.010706638115631691,microagi,2026-04-24-09-36-21-419132
6.966666666666667,1.2214304135308711,0.0,0.5046229375709997,0.021774256716971793,0.0,0.0,0.0,0.7162987485610363,0.0,microagi,2026-04-24-09-38-58-447661
5.766666666666667,1.261588469043895,0.0,0.2407098814354831,0.008631086545783357,0.0,0.0,0.0,0.6141456795507352,0.0,microagi,2026-04-24-09-40-31-639530
6.566666666666666,1.2106869313262885,0.0,0.4065790311635603,0.014991707035879475,0.0,0.0,0.0,0.7850094055723317,0.0,microagi,2026-04-24-09-42-08-497863
16.766666666666666,3.1069643081312126,0.0,0.20270854577031228,0.0033341383926081473,0.0,0.0,0.0,0.5105641505437807,0.0,microagi,2026-04-24-09-55-11-889588
8.533333333333333,2.002060941743245,0.0,0.8871263793932851,0.028560162843132703,0.0,0.0,0.0,1.5648804037821646,0.0,microagi,2026-04-24-10-25-30-475487
14.866666666666667,1.8760382743442097,0.0,1.118915973267986,0.03496677184408893,0.0,0.0,0.0,0.6696307009811193,0.0,microagi,2026-04-24-10-25-39-480487
18.466666666666665,2.3224334416768104,0.0,0.5327244599947437,0.011446969634150803,0.0,0.0,0.0,0.5604076020767619,0.0,microagi,2026-04-24-16-19-47-876569
22.266666666666666,3.2982519295817356,0.0,0.4210392095085407,0.01771097936747575,0.0,0.0,0.0,1.0808562060545523,0.0,microagi,2026-04-24-16-24-58-545668
11.9,3.362470587839672,0.0,0.407378857415252,0.018437332880256316,0.0,0.0,0.0,1.167427659996883,0.0,microagi,2026-04-24-16-29-02-292782
5.1,1.9315382058403086,0.0,0.9762357852610022,0.017007417425281075,0.0,0.0,0.0,1.0651503564776426,0.0,microagi,2026-04-24-20-18-23-780047
5.266666666666667,1.4075584050528414,0.0,0.28456467776806865,0.014520383093264555,0.0,0.0,0.0,0.6866522028366532,0.0,microagi,2026-04-25-12-12-39-011936
7.8,1.5357904514787821,0.0,0.2989968568774327,0.009050422894476924,0.0,0.0,0.0,0.9187262727734117,0.0,microagi,2026-04-25-14-15-37-029559
31.133333333333333,1.8349254417772571,0.0,0.7062016545753707,0.014194897077226104,0.0,0.0,0.0,0.8919129765188685,0.0,microagi,2026-04-25-14-24-44-151149
6.466666666666667,1.745633898935615,0.0,0.414379286095322,0.015808290094748906,0.0,0.0,0.0,0.7258911514864664,0.0,microagi,2026-04-25-16-19-27-084071
6.066666666666666,1.4285523372488924,0.0,1.086283466653756,0.01887185259983715,0.0,0.0,0.0,0.8610983454664095,0.0,microagi,2026-04-25-16-19-52-834071
13.0,1.2685108606094941,0.0,0.28684939202875837,1.9999997698344805,0.0,0.0,0.0,0.39368446402903956,0.0,microagi,2026-04-26-20-40-58-889438
5.766666666666667,1.3513954874441514,0.0,0.31491932270922746,0.010462908557943065,0.0,0.0,0.0,0.8790342860372905,0.0,microagi,2026-04-27-08-04-09-784403
8.333333333333334,2.8216334123260407,0.0,0.9028501288086683,0.04910573095067963,0.0,0.0,0.0,1.156966026166198,0.0,microagi,2026-04-27-08-05-50-466434
6.933333333333334,1.3395584976697903,0.0,0.6797908056696903,0.01614798113068504,0.0,0.0,0.0,1.0283954003394336,0.0,microagi,2026-04-27-08-07-18-040066
22.733333333333334,2.9720795787887946,0.0,0.9245356036464686,0.035790678651398476,0.0,0.0,0.0,1.0477169505750357,0.0,microagi,2026-04-27-12-04-13-587644
13.533333333333333,4.160571468002831,0.0,0.8012631663800938,0.019277483698329018,0.0,0.0,0.0,0.9735752771728639,0.0,microagi,2026-04-27-12-05-05-170978
8.4,2.000601549562982,0.0,0.7300791744371457,0.020346201923403338,0.0,0.0,0.0,0.9903327548032267,0.0,microagi,2026-04-27-13-28-44-056156
11.733333333333333,1.4881550042981633,0.0,0.3753469978921218,0.009361615759301516,0.0,0.0,0.0,0.8515028001155992,0.0,microagi,2026-04-27-13-30-57-895976
13.866666666666667,1.4544491891601217,0.0,0.5051421547338388,0.020275927456776702,0.0,0.0,0.0,0.737575124468619,0.0,microagi,2026-04-27-14-36-09-778913
9.066666666666666,3.0074817992239837,0.0,0.47491056813654264,0.04888721005862979,0.0,0.0,0.0,1.2813530445205477,0.0,microagi,2026-04-27-14-56-41-276743
31.5,2.092436056372158,0.0,0.8064393973136925,0.039702364253683765,0.0,0.0,0.0,0.8933332050190368,0.0,microagi,2026-04-27-17-55-19-946531
12.066666666666666,2.203595723146883,0.0,0.4839885775999337,0.02294202350903988,0.0,0.0,0.0,0.7957818368452487,0.0,microagi,2026-04-27-19-41-02-668886
19.333333333333332,1.3092035785892089,0.0,0.30400445930611186,0.01763693141641002,0.0,0.0,0.0,0.49067135523695227,0.018998272884283247,microagi,2026-04-27-19-41-43-866252
8.133333333333333,0.8619047325943149,0.0,0.24634617017058033,0.0018732776125723225,0.0,0.0,0.0,0.45292028801046935,0.0,microagi,2026-04-28-07-13-42-489990
42.96666666666667,1.46071485589963,0.0,0.17700338998627008,1.9999999228521446,0.0,0.0,0.0,0.33586268098651373,0.0,microagi,2026-04-28-07-56-06-984972
28.1,0.8143812046209011,0.0,0.10824021864059859,1.999999996562669,0.0,0.0,0.0,0.3339264279975925,0.0,microagi,2026-04-28-07-56-59-640700
15.233333333333333,1.6098727918739122,0.0,0.3032662644348584,0.002868372125297086,0.0,0.3,0.019693654266958426,0.3403501736272372,0.0,microagi,2026-04-28-08-04-03-460757
5.333333333333333,1.45561670762397,0.0,0.372301745511664,0.006335594615474203,0.0,0.0,0.0,0.7686512185656939,0.0,microagi,2026-04-28-14-24-17-734529
5.066666666666666,1.2955200446165989,0.0,0.3425650103030632,0.014053968390638986,0.0,0.0,0.0,0.8520702983931328,0.0,microagi,2026-04-28-14-27-12-415318
22.933333333333334,1.5658036404236824,0.0,0.25867851553337584,0.01250539526406528,0.0,0.0,0.0,0.9043146836288325,0.0,microagi,2026-04-29-01-21-30-598053
10.0,1.615067395262223,0.0,0.11448033195251478,0.0052548198296706854,0.0,0.0,0.0,0.7619283078591874,0.0,microagi,2026-04-29-01-22-10-818304
5.466666666666667,1.5765202084786705,0.0,0.19629904922632083,0.00909044509504252,0.0,0.0,0.0,0.8803887849960609,0.0,microagi,2026-04-29-01-45-24-631280
15.733333333333333,3.2471317704687768,0.0,0.613705759779726,0.015846264417621297,0.0,0.0,0.0,0.6428739209071662,0.012738853503184714,microagi,2026-04-29-14-37-56-099259
11.3,1.4301253937885567,0.0,0.3846358197031641,0.012387251656695976,0.0,0.0,0.0,0.978036464349848,0.0,microagi,2026-04-29-19-08-21-870000
5.433333333333334,1.5338873455708235,0.0,0.5244394036755077,0.007198316349775549,0.0,0.0,0.0,0.899121309528603,0.0,microagi,2026-04-30-11-42-52-769826
9.166666666666666,1.6086757800558567,0.0,0.304426837732124,0.018505038592386495,0.0,0.0,0.0,0.42487768068147824,0.043795620437956206,microagi,2026-04-30-14-35-54-260676
8.7,2.090424612729471,0.0,0.25576679960317755,0.010222550493432273,0.0,0.0,0.0,1.1293181153018446,0.0,microagi,2026-04-30-14-36-42-687343
12.9,1.5974209094847651,0.0,0.2376181773383621,0.006210400183001096,0.0,0.0,0.0,0.6955517453321112,0.0,microagi,2026-04-30-18-28-56-365958
6.0,2.0743690893650757,0.0,0.17892453603646977,0.004713518033090242,0.0,0.0,0.0,0.6982767187832115,0.0,microagi,2026-04-30-18-29-19-172625
10.366666666666667,2.0849043322801872,0.0,0.22387530327180113,0.010539319863189713,0.0,0.0,0.0,0.797164991027421,0.0,microagi,2026-04-30-18-29-57-085958
11.3,2.123429827295151,0.0,0.10665714281852465,0.006777668424320866,0.0,0.0,0.0,0.6640788669616502,0.0,microagi,2026-04-30-18-52-48-305715
14.8,1.833536327704799,0.0,0.11657355089903525,0.004984466980198832,0.0,0.0,0.0,0.6779666329856868,0.0,microagi,2026-04-30-18-54-32-307543
5.266666666666667,0.8312633833242982,0.0,0.15680433651476244,0.009446466313011768,0.0,0.0,0.0,0.5151883649765001,0.0,microagi,2026-04-30-19-10-53-216745
5.066666666666666,3.2851362709410665,0.0,0.10526812390766407,0.004301165317826571,0.0,0.0,0.0,0.4474720473558938,0.0,microagi,2026-04-30-19-12-12-076817
10.3,2.595015534477095,0.0,0.27512636062785023,0.008137563987705442,0.0,0.0,0.0,0.7020359229776858,0.0,microagi,2026-04-30-19-29-40-481831
7.1,2.955720589420332,0.0,0.11194734232206358,0.003094895698086194,0.0,0.0,0.0,0.8458342096157437,0.0,microagi,2026-04-30-19-36-43-124985
5.1,0.5076811940397129,0.0,0.12130521287904981,0.005377561729732305,0.0,0.0,0.0,0.4210406923859582,0.0,microagi,2026-04-30-19-55-18-610954
5.933333333333334,2.356491573264564,0.0,0.09079905217823879,0.004441503257813971,0.0,0.0,0.0,0.7152867930267856,0.0,microagi,2026-04-30-19-56-09-027621
5.166666666666667,0.6850222477677704,0.0,0.29533334168368564,0.002416707615299666,0.0,0.0,0.0,0.34059029256570167,0.0,microagi,2026-04-30-23-04-19-499912
8.2,1.3072890765636709,0.0,0.21399418668910933,0.007116441493368155,0.0,0.0,0.0,0.9849747990264315,0.0,microagi,2026-05-01-16-53-58-519850
31.733333333333334,4.993402551341473,0.0,1.0744476847244322,0.026405217442068748,0.0,0.0,0.0,1.253422384423162,0.0,microagi,2026-05-01-16-54-15-294850
11.266666666666667,1.125209417452741,0.0,0.16197244724175902,0.005405249153569789,0.0,0.0,0.0,0.6889472674710307,0.0,microagi,2026-05-01-17-39-24-949427
12.866666666666667,1.620838787819887,0.0,0.12501828185788022,0.00565141526782144,0.0,0.0,0.0,0.5718273176394127,0.0,microagi,2026-05-01-17-45-51-001374
6.233333333333333,0.9680296710754014,0.0,0.14221080776783632,0.006573623509528354,0.0,0.0,0.0,0.6058547269083436,0.0,microagi,2026-05-01-17-50-49-099407
9.066666666666666,1.2833569901283215,0.0,0.12262716167669407,0.0032053090078937247,0.0,0.0,0.0,0.49904763843651784,0.0,microagi,2026-05-02-09-33-08-487843
9.633333333333333,1.351594367426579,0.0,0.34244750806956253,0.01101853924176039,0.0,0.0,0.0,0.7173292324028757,0.0,microagi,2026-05-02-11-41-44-483168
5.266666666666667,1.1436716458437406,0.0,0.7114466511949072,0.012024666060892064,0.0,0.0,0.0,0.7324183801558682,0.0,microagi,2026-05-02-11-42-01-293168
6.166666666666667,1.3181056799202744,0.0,0.31216025212545123,0.012936823429722171,0.0,0.0,0.0,0.8535990275192337,0.0,microagi,2026-05-02-17-07-55-412876
7.033333333333333,1.2651721588443703,0.0,0.38601229850452407,0.013791284455543425,0.0,0.0,0.0,0.9319986367680607,0.0,microagi,2026-05-02-17-08-54-586297
8.166666666666666,1.3388957910408195,0.0,0.5903171292631468,0.01617288294654032,0.0,0.0,0.0,0.7728229424146846,0.0,microagi,2026-05-02-18-14-01-024403
6.0,1.3079123326110298,0.0,0.1634359096448115,0.010901774053807746,0.0,0.0,0.0,1.0090172374635409,0.0,microagi,2026-05-02-22-18-51-842903
50.666666666666664,3.201415172210507,0.0,0.6409338515613694,0.020656584210532916,0.0,0.0,0.0,0.8177023973631964,0.0,microagi,2026-05-03-02-33-51-590487
8.4,1.5106652646038672,0.0,0.5222605471894358,0.023503016687056864,0.0,0.0,0.0,0.8837411976477798,0.0,microagi,2026-05-03-02-36-07-979235
68.13333333333334,2.7599693631943776,0.0,0.9360955181649767,0.024527631407308525,0.0,0.0,0.0,0.704772059012678,0.0,microagi,2026-05-03-02-38-11-062918
20.5,2.186126219207032,0.0,0.527614054526637,0.024317243337580008,0.0,0.0,0.0,0.9199607137837882,0.0,microagi,2026-05-03-02-49-16-263974
68.8,2.054731406898632,0.0,0.7075395159703888,0.022882264799447345,0.0,0.0,0.0,0.7428216033566533,0.0,microagi,2026-05-03-02-56-12-299153
48.06666666666667,1.6848965095364077,0.0,0.788815189694835,0.0239483064647055,0.0,0.0,0.0,0.7949283578706499,0.0,microagi,2026-05-03-02-59-19-007520
5.066666666666666,1.592360920877257,0.0,0.4320736306131617,0.012322007844604473,0.0,0.0,0.0,0.688897901783543,0.0,microagi,2026-05-03-03-03-16-836607
6.866666666666666,1.6074252334798513,0.0,0.4723315781129477,0.022607321576665777,0.0,0.0,0.0,0.9727784749272647,0.0,microagi,2026-05-03-03-03-39-278274
5.5,1.3650689997764403,0.0,0.6024818203303771,0.014772672666753413,0.0,0.0,0.0,0.9515764915007126,0.0,microagi,2026-05-03-03-04-18-428274
6.666666666666667,1.332777598835395,0.0,0.7720083253320982,0.012151389823712676,0.0,0.0,0.0,0.8475667822607633,0.0,microagi,2026-05-03-03-08-02-451485
5.5,1.5198683355081593,0.0,0.5167510018790241,0.026360088522391696,0.0,0.0,0.0,1.0303127575389412,0.0,microagi,2026-05-03-03-09-49-161442
10.666666666666666,1.3091589961883285,0.0,0.2961486498894804,0.012187084413153344,0.0,0.0,0.0,0.7882541977262063,0.0,microagi,2026-05-03-09-41-25-960279
11.633333333333333,2.577397177788246,0.0,0.849948125327143,0.03674726830803126,0.0,0.0,0.0,1.1457446655767198,0.0,microagi,2026-05-03-09-42-11-940279
12.266666666666667,0.8411243477160265,0.0,0.4581786844215305,0.006295068685717004,0.0,0.0,0.0,0.5941421861503822,0.0,microagi,2026-05-03-15-05-44-046962
21.133333333333333,1.2660391751584825,0.0,0.4458655011145177,0.008842616916002055,0.0,0.0,0.0,0.5225063095216043,0.0,microagi,2026-05-03-15-15-42-413766
46.53333333333333,1.967365533940676,0.0,0.7572765627507652,0.02974640263813277,0.03333333333333333,0.0,0.0007163323782234957,0.5096634071124159,0.002150537634408602,microagi,2026-05-03-15-18-53-191862
18.6,1.086897292189956,0.0,0.27077537241124716,0.01229041509020172,0.0,0.0,0.0,0.5184738037725952,0.0,microagi,2026-05-03-15-20-38-403329
50.5,2.0360462960942876,0.0,0.6720734760521655,0.022324351292422665,0.0,0.0,0.0,0.5198371274984616,0.0033025099075297227,microagi,2026-05-03-15-22-39-486375
18.766666666666666,2.069582162830526,0.0,0.5610159137104429,0.0316656308808217,0.0,0.0,0.0,0.4322697484404997,0.03202846975088968,microagi,2026-05-03-15-26-57-994002
7.766666666666667,1.2540679845331857,0.0,0.29031008006156217,0.013181715255203594,0.0,0.0,0.0,0.5611741157046256,0.0,microagi,2026-05-03-15-37-02-321410
12.533333333333333,1.6519223401176797,0.0,0.8403494009195612,0.012577366596164081,0.0,0.0,0.0,0.5130944104791324,0.0,microagi,2026-05-03-15-39-27-714217
16.933333333333334,1.3115975397791912,0.0,0.38620271888843166,0.014697325805015454,0.0,0.0,0.0,0.6865036233997444,0.0,microagi,2026-05-03-15-40-04-995884
29.066666666666666,1.4061972593891627,0.0,0.6728661449049533,0.019649659875054206,0.0,0.0,0.0,0.4762026144441962,0.02640642939150402,microagi,2026-05-03-15-41-41-601982
22.433333333333334,1.4156805840429958,0.0,0.44718314381467866,0.01080083705866787,0.0,0.0,0.0,0.4985061557076353,0.002976190476190476,microagi,2026-05-03-15-43-04-769738
9.3,1.4226424848239219,0.0,0.3638298836641473,0.01047582915225034,0.0,0.0,0.0,0.47903525799247604,0.0,microagi,2026-05-03-15-43-51-089738
6.866666666666666,3.0076403942109646,0.0,0.5829097140233427,0.027011575832224362,0.0,0.0,0.0,1.2625358603196835,0.0,microagi,2026-05-03-18-00-19-569686
9.733333333333333,1.5850219282709739,0.0,0.3295534543166119,0.021009602930477704,0.0,0.0,0.0,0.9330412414614736,0.0,microagi,2026-05-03-18-01-56-004994
6.666666666666667,1.6993189853085142,0.0,0.43394366641557214,0.008684054164614386,0.0,0.0,0.0,1.164982417271684,0.0,microagi,2026-05-03-18-02-24-219142
9.7,1.7143728984176545,0.0,0.4441717128224745,0.012264688294400543,0.0,0.0,0.0,1.070469609952963,0.0,microagi,2026-05-03-18-10-04-112974
9.466666666666667,1.333613552502579,0.0,0.3382213278077245,0.01480274536029801,0.0,0.0,0.0,1.0068426303325404,0.0,microagi,2026-05-03-18-57-18-556976
24.5,2.0954876554980024,0.0,0.8833770526161546,0.027662230709090248,0.0,0.0,0.0,0.9692270783741718,0.0,microagi,2026-05-03-18-57-47-168064
7.2,1.4627440061063464,0.0,0.24511326016208929,0.01122843106647435,0.0,0.0,0.0,0.5294008191036785,0.0,microagi,2026-05-03-19-20-55-623100
6.1,1.3449334504112296,0.0,0.1637974793705532,0.005589271673694826,0.0,0.0,0.0,0.8138864127846025,0.0,microagi,2026-05-03-19-27-38-275208
8.733333333333333,1.5972652708444952,0.0,0.3520202589443594,0.011612834421361268,0.0,0.0,0.0,0.6392100770311463,0.0,microagi,2026-05-04-10-35-01-613699
9.766666666666667,1.5510087250426061,0.0,0.5985264414203183,0.022776923379361106,0.0,0.0,0.0,0.6665929573130285,0.0,microagi,2026-05-04-10-35-54-967033
8.066666666666666,6.102443694868354,0.002074688796680498,0.4695328657227461,0.0128771577862624,0.0,0.0,0.0,1.1005263247669717,0.0,microagi,2026-05-04-19-41-53-334893
13.2,2.012377341068282,0.0,0.6075351566979774,0.014439157684953866,0.0,0.0,0.0,0.9019675813990627,0.0,microagi,2026-05-04-19-42-20-583226
52.266666666666666,1.5549896752099688,0.0,0.5353620922636473,0.01820583589249706,0.0,0.0,0.0,0.6539562204999911,0.0,microagi,2026-05-04-20-45-39-285811
6.466666666666667,1.5108073518857537,0.0,0.468603609331484,0.011430725932068415,0.0,0.0,0.0,0.792829612318924,0.0,microagi,2026-05-04-20-46-49-982820
6.1,1.4354114204866226,0.0,0.2442780145991053,0.011640591153940361,0.0,0.0,0.0,1.0370255341267118,0.0,microagi,2026-05-04-20-48-25-912091
5.933333333333334,1.5305969055133581,0.0,0.11382122698199598,0.004477501647745985,0.0,0.0,0.0,0.9500453282965595,0.0,microagi,2026-05-04-20-48-50-511056
13.566666666666666,1.5828355576958693,0.0,0.37069852043791024,0.01769067535618003,0.0,0.0,0.0,0.7853769402067579,0.0,microagi,2026-05-04-20-49-42-675520
14.133333333333333,1.8872031124998683,0.0,0.5796880456978805,0.020361975548567716,0.0,0.0,0.0,0.9991238973218687,0.0,microagi,2026-05-04-20-50-00-541432
8.066666666666666,1.038322325225973,0.0,0.2825174110482807,0.013271070908776486,0.0,0.0,0.0,0.6187757209771507,0.0,microagi,2026-05-04-20-54-43-996113
7.433333333333334,1.7844445741337585,0.0,0.14880050381761045,0.006308106729793996,0.0,0.0,0.0,0.8883612557136912,0.0,microagi,2026-05-04-21-02-44-375805
9.2,1.8976807329797216,0.0,1.0766905875321988,0.021691516940990467,0.0,0.0,0.0,0.7419385512134562,0.0,microagi,2026-05-05-06-39-06-053202
13.5,1.4055113570757043,0.0,0.6237585470268642,0.008924671764765489,0.0,0.0,0.0,0.8229727144720271,0.0,microagi,2026-05-05-12-15-49-712251
17.8,1.9168175103137954,0.0,0.7511766106087044,0.024770710910710758,0.0,0.0,0.0,0.714357185738468,0.0,microagi,2026-05-05-12-26-08-605266
5.2,1.3043582661878326,0.0,0.07932197322545823,0.0050912494561593915,0.0,0.0,0.0,0.7437732161710502,0.0,microagi,2026-05-05-12-30-40-876766
22.166666666666668,1.7963526371566654,0.0,0.3358105523385296,0.005808613568445668,0.0,0.0,0.0,0.7550451486816692,0.0,microagi,2026-05-05-12-31-27-558433
8.9,2.225351876331946,0.0,0.5282237037274131,1.9999982065944868,0.0,0.0,0.0,0.9881108133259401,0.0,microagi,2026-05-05-13-13-03-574706
17.666666666666668,2.9451744232282207,0.0,0.7580958880553593,1.9999981049304583,0.0,0.0,0.0,1.0618989325335095,0.0,microagi,2026-05-05-13-16-48-261447
25.466666666666665,2.2665859522047653,0.0,0.6495403700432424,1.9999968238860009,0.0,0.0,0.0,1.0899373504979548,0.0,microagi,2026-05-05-13-17-46-592182
38.233333333333334,1.9942895311110844,0.0,0.7527643141110536,1.9999976100741896,0.0,0.0,0.0,1.0460576656483638,0.0,microagi,2026-05-05-13-18-13-273849
10.0,1.683996046416818,0.0,0.6204096251573925,1.999996701199095,0.0,0.0,0.0,0.9898569486985602,0.0,microagi,2026-05-05-13-23-45-650851
6.233333333333333,1.3378555178123341,0.0,0.6953675480776713,1.99991540692093,0.0,0.0,0.0,0.9121782391303472,0.0,microagi,2026-05-05-14-26-47-885361
9.966666666666667,1.9030545900636446,0.0,0.8628342044444333,1.9999438760646946,0.0,0.0,0.0,1.1802376999245625,0.0,microagi,2026-05-05-14-29-57-118974
5.6,1.8611925616270588,0.0,0.8243595646772087,0.022626930886863992,0.0,0.0,0.0,1.262272151716158,0.0,microagi,2026-05-05-15-41-40-375853
43.46666666666667,3.8395060425155147,0.0,1.0706304884475037,0.036712309522334896,0.0,0.0,0.0,0.968856907870378,0.0,microagi,2026-05-05-15-53-12-654640
15.7,2.373750989035511,0.0,1.0659319570188126,0.029217315546177805,0.0,0.0,0.0,1.2407775463850739,0.0,microagi,2026-05-05-15-58-49-133666
6.8,1.7671120566862228,0.0,0.7288241590673366,0.022291349579087738,0.0,0.0,0.0,1.278828089636477,0.0,microagi,2026-05-06-06-05-43-242715
33.0,2.588920402936889,0.0,0.9797380736618816,0.032251332435851904,0.0,0.0,0.0,1.195176773669659,0.0,microagi,2026-05-06-06-15-38-192951
12.866666666666667,2.1613555251392165,0.0,0.6974159068659097,0.035122271238589416,0.0,0.0,0.0,1.262898001556931,0.0,microagi,2026-05-06-06-17-43-193683
55.0,3.3418397283769385,0.0,0.8139097403466112,0.04081365260330499,0.0,0.0,0.0,1.0998018785114865,0.0,microagi,2026-05-06-06-19-28-716079
7.2,1.4977673075421478,0.0,0.08220519122812076,0.00472192996020959,0.0,0.0,0.0,0.7710607466188995,0.0,microagi,2026-05-06-09-39-48-610067
5.4,1.7113319664828612,0.0,0.1108213759226502,0.005268364925810328,0.0,0.0,0.0,0.8221395610321846,0.0,microagi,2026-05-06-09-42-56-772103
7.433333333333334,1.2384465956929556,0.0,0.7542377104879558,0.015339158850749964,0.0,0.0,0.0,0.9974669371954562,0.0,microagi,2026-05-06-09-44-05-781996
5.466666666666667,2.266513818102384,0.0,0.28991497924651016,0.010681198489510949,0.0,0.0,0.0,1.1441266768191318,0.0,microagi,2026-05-06-14-48-19-072615
6.966666666666667,1.6788193272631358,0.0,0.33604682062683666,0.010175980139130575,0.0,0.0,0.0,0.8184638833262519,0.0,microagi,2026-05-06-16-34-26-591041
6.5,1.9711468958792167,0.0,1.1586649533366273,0.028151615795865698,0.0,0.0,0.0,1.4545165452611204,0.0,microagi,2026-05-06-16-38-56-361472
5.2,1.3213335226335896,0.0,0.3190888396593316,0.012326006714084861,0.0,0.0,0.0,0.6723810256617128,0.0,microagi,2026-05-06-16-43-58-109421
5.466666666666667,1.2783036841913027,0.0,0.41224805102366985,0.011753016500663073,0.0,0.0,0.0,0.6993845010252064,0.0,microagi,2026-05-06-16-44-29-622754
6.7,1.3777683777860736,0.0,0.3550987911466014,0.012480644284910525,0.0,0.0,0.0,0.7477975830240744,0.0,microagi,2026-05-06-16-46-43-307036
6.3,1.7236800825427905,0.0,0.30334718363085095,0.004336669753511427,0.0,0.0,0.0,1.1634136201656788,0.0,microagi,2026-05-06-19-19-00-284601
5.566666666666666,0.7413594029166816,0.0,0.15406524802098734,0.003874504331279166,0.0,0.0,0.0,0.43925827276529794,0.0,microagi,2026-05-07-00-26-06-766863
10.2,1.7658450047182939,0.0,0.4103117148031947,0.009397881387818607,0.0,0.0,0.0,0.9868639973980692,0.0,microagi,2026-05-07-04-43-51-454955
35.46666666666667,3.8548621119532087,0.0,0.7088935550308223,0.01094994238707919,0.0,0.0,0.0,0.9354375644135315,0.0,microagi,2026-05-07-14-13-54-326359
37.266666666666666,3.431273147624284,0.0,1.2420465717518039,1.9999250038897343,0.0,0.0,0.0,1.1285546643354925,0.0,microagi,2026-05-07-15-17-14-469377
13.566666666666666,1.673974096531631,0.0,0.5360882980715224,0.01238714826128649,0.0,0.0,0.0,0.855213407801145,0.0,microagi,2026-05-07-15-24-21-713948
29.633333333333333,2.1339974779826725,0.0,1.6054392835562263,0.04772763216775759,0.0,0.0,0.0,0.9238813064331511,0.0,microagi,2026-05-07-15-26-24-980558
10.866666666666667,1.2654733823113622,0.0,0.203898353300491,0.009992701835809716,0.0,0.0,0.0,0.8702787526152037,0.0,microagi,2026-05-07-18-33-46-019433
14.4,1.6579677996177093,0.0,0.16076949964022585,0.006693939930106903,0.0,0.0,0.0,0.5969491307794625,0.0,microagi,2026-05-07-18-34-30-479433
15.3,1.5824444640645179,0.0,0.2995205688700374,0.010435032560412252,0.0,0.0,0.0,0.7217485956630544,0.0,microagi,2026-05-07-18-34-46-356635
6.566666666666666,3.1240030944631583,0.0,0.2402761160215247,0.008792291924383248,0.0,0.0,0.0,0.8140905655381844,0.0,microagi,2026-05-07-18-35-07-569968
9.166666666666666,4.364167558821045,0.0,0.26898475766580277,0.006775783123439976,0.0,0.0,0.0,0.9401151754514055,0.0,microagi,2026-05-07-18-35-42-191635
10.533333333333333,2.1262246270006826,0.0,0.1534465262633909,0.008075860909772204,0.0,0.0,0.0,0.5557087235311103,0.0,microagi,2026-05-07-18-36-54-103590
8.366666666666667,4.357229393819852,0.0,0.41150137359830363,0.01834510771251571,0.0,0.0,0.0,0.9552860036744337,0.0,microagi,2026-05-07-19-10-01-214129
8.166666666666666,1.7228638514686418,0.0,0.5135404827297263,0.03155110385023928,0.0,0.0,0.0,0.8831096060237514,0.0,microagi,2026-05-07-19-10-49-911299
5.8,1.4872354444803424,0.0,0.363734211243381,0.011222076585244472,0.0,0.0,0.0,0.8382890034641023,0.0,microagi,2026-05-07-19-11-14-426299
16.966666666666665,3.0857595871371455,0.0,0.6601383780830099,0.0390490479157233,0.0,0.0,0.0,0.8825407154259173,0.0,microagi,2026-05-07-19-12-06-992966
52.56666666666667,3.98894946326116,0.0,0.5332141983380746,0.01279508643198124,0.0,0.0,0.0,0.8154446221873648,0.0,microagi,2026-05-07-19-22-04-801275
7.6,2.643812349215776,0.0,0.16421225205218218,0.012425619878460033,0.0,0.0,0.0,1.0031032838472627,0.0,microagi,2026-05-08-17-52-07-224658
5.133333333333334,1.870969658555239,0.0,0.18440262673029784,0.008518844178179687,0.0,0.0,0.0,0.7832241009572237,0.0,microagi,2026-05-08-17-56-06-943456
6.533333333333333,1.1320375435810683,0.0,0.7100413930538209,0.008544217285792606,0.0,0.0,0.0,0.9687892404698399,0.0,microagi,2026-05-08-18-06-03-915868
6.366666666666666,1.5578267550193572,0.0,0.5777763735902148,0.014269299068497379,0.0,0.0,0.0,1.0574403081477142,0.0,microagi,2026-05-08-22-03-28-381671
11.7,1.813685784939167,0.0,0.47069054153900547,0.00926487780557217,0.0,0.0,0.0,0.7365033581690211,0.0,microagi,2026-05-08-22-04-57-482299
6.066666666666666,1.4603282300319038,0.0,0.8642206089981163,0.014890653218760957,0.0,0.0,0.0,0.9131089790077199,0.0,microagi,2026-05-09-09-19-07-857384
9.833333333333334,1.831221269050191,0.0,0.5400405169082175,0.011012761626528776,0.0,0.0,0.0,0.9515336349429029,0.0,microagi,2026-05-09-09-20-34-778975
7.333333333333333,1.7855173647171538,0.0,0.26079862445944124,0.014541192494204758,0.0,0.0,0.0,1.047920105248719,0.0,microagi,2026-05-09-09-27-34-710561
11.1,2.1368521775538576,0.0,0.27356482806875976,0.005285520863899838,0.0,0.0,0.0,1.0969445463966263,0.0,microagi,2026-05-09-09-27-51-544450
29.166666666666668,1.6035292772816439,0.0,0.7316647709932886,0.02040375292813982,0.0,0.0,0.0,0.9330097082758075,0.0,microagi,2026-05-09-09-55-34-936356
15.3,1.7957577031433536,0.0,0.36567257039929835,0.009765838534259956,0.0,0.0,0.0,0.9240810747348733,0.0,microagi,2026-05-09-09-56-26-498634
7.3,1.4481383160426125,0.0,0.27109862783230326,0.00937300500626192,0.0,0.0,0.0,0.849948468737681,0.0,microagi,2026-05-09-15-26-55-694079
16.066666666666666,3.0525545117919273,0.0,0.21297096634745225,0.005282946864509987,0.0,0.0,0.0,0.6849885640090477,0.0,microagi,2026-05-09-15-27-19-204079
12.266666666666667,2.531933625923933,0.0,0.31030145137825615,0.00937220191916586,0.0,0.0,0.0,0.9465255288641642,0.0,microagi,2026-05-09-15-29-06-655357
7.233333333333333,1.4166042812163184,0.0,0.3783482661904571,0.009091036137070225,0.0,0.0,0.0,0.9271278969655741,0.0,microagi,2026-05-09-16-23-49-023772
32.43333333333333,2.076158838897995,0.0,0.5926345583923734,0.026211617093218058,0.0,0.0,0.0,0.7105523250705648,0.0,microagi,2026-05-09-16-33-09-599071
11.133333333333333,1.6581526715185828,0.0,0.17555790477757344,0.006500611572416508,0.0,0.0,0.0,0.4798137753379284,0.0,microagi,2026-05-09-16-33-58-225737
6.066666666666666,2.583788938911205,0.0,0.5045030901086133,0.028899116942184118,0.0,0.0,0.0,1.4197990843148705,0.0,microagi,2026-05-09-16-34-56-457765
16.2,2.0592060649314994,0.0,0.5434645291178,0.03415721190046723,0.0,0.0,0.0,0.972004713239759,0.0,microagi,2026-05-09-16-36-02-226098
22.166666666666668,3.62221946337849,0.0,0.49804083616760525,0.010565074021905598,0.0,0.0,0.0,0.6746197807678702,0.0,microagi,2026-05-09-16-41-26-878254
6.433333333333334,1.6782444817447821,0.0,0.1384632206239418,0.006799948074228499,0.0,0.0,0.0,0.801227018112901,0.0,microagi,2026-05-09-17-18-35-286158
13.933333333333334,1.453080241857157,0.0,0.1926029564877675,0.007788155850603922,0.0,0.0,0.0,0.8117799095586707,0.0,microagi,2026-05-09-17-21-49-252443
8.766666666666667,1.718632125823485,0.0,0.3078264591265843,0.01831417885272585,0.0,0.0,0.0,0.9168874435300276,0.0,microagi,2026-05-09-17-43-47-955685
26.433333333333334,2.8873533391861455,0.0,0.9147075503675807,0.030892839538395576,0.0,0.0,0.0,1.0530243885990445,0.0,microagi,2026-05-09-17-56-23-254286
8.266666666666667,1.6727215133145372,0.0,0.48923685589675026,0.017309568096120564,0.0,0.0,0.0,0.8524669653736685,0.0,microagi,2026-05-09-17-56-50-370952
13.0,1.1034726788765412,0.0,0.391757954395632,0.008497863905743214,0.0,0.0,0.0,0.6089657982301442,0.0,microagi,2026-05-10-11-01-26-919686
16.366666666666667,1.2266819373929534,0.0,0.19044125551259455,0.0031748173078370856,0.0,0.0,0.0,0.5730197228446873,0.0,microagi,2026-05-10-11-25-18-539858
65.93333333333334,3.9943313537438123,0.0,0.6827521633101583,0.004858954223982712,0.0,0.0,0.0,0.5990618724910468,0.0,microagi,2026-05-10-11-28-41-385564
9.5,1.7706997384450625,0.0,0.32337930712851287,0.010503987461298648,0.0,0.0,0.0,0.7945444870829279,0.0,microagi,2026-05-10-11-49-24-149358
28.6,3.03130238267409,0.0,1.2515145800281373,0.026709865817085416,0.0,0.0,0.0,0.9272948332427877,0.0,microagi,2026-05-10-12-55-43-868601
20.766666666666666,1.1813398818741756,0.0,0.3063831151031635,0.01482900744640023,0.0,0.0,0.0,0.45792369498581137,0.0,microagi,2026-05-10-14-45-31-341962
9.766666666666667,0.910760062506247,0.0,0.24245820150175984,0.011951258293441541,0.0,0.0,0.0,0.43027435884385773,0.0,microagi,2026-05-10-14-52-44-302714
8.866666666666667,0.9063249082656128,0.0,0.12927278029350267,0.005959539905813869,0.0,0.0,0.0,0.4259458899116807,0.0,microagi,2026-05-10-14-53-23-648980
12.766666666666667,1.3517768030712156,0.0,0.3888100044269823,0.011886456788894105,0.0,0.0,0.0,0.8721025434789306,0.0,microagi,2026-05-11-09-37-20-387221
11.8,1.8288001201322224,0.0,0.33959799424457743,0.013816169642521922,0.0,0.0,0.0,1.0472668466839874,0.0,microagi,2026-05-11-09-38-19-285620
5.3,1.7049525639955234,0.0,0.35889150528007474,0.010455701829511839,0.0,0.0,0.0,0.8476944276884705,0.0,microagi,2026-05-11-09-39-48-345202
5.366666666666666,1.4474233337701043,0.0,0.35952164017901866,0.009162802759718956,0.0,0.0,0.0,1.1379633146428647,0.0,microagi,2026-05-11-09-41-33-082423
5.133333333333334,1.499389039876177,0.0,0.24632641205788075,0.006527313963774206,0.0,0.0,0.0,0.7301827638467318,0.0,microagi,2026-05-11-13-40-40-375812
8.4,1.3483353706616552,0.0,0.4095289280010654,0.009778115292823492,0.0,0.0,0.0,0.8967647292259096,0.0,microagi,2026-05-11-13-41-33-161567
5.866666666666666,1.1032992769745114,0.0,0.37093957223230256,0.007630993780268876,0.0,0.0,0.0,0.7812226376601976,0.0,microagi,2026-05-11-13-46-53-335709
8.6,2.3663722454809086,0.0,0.4673887244183398,0.035733037863898566,0.0,0.0,0.0,1.1520333793459985,0.0,microagi,2026-05-11-17-02-56-729177
31.6,2.11040825568404,0.0,0.585933125559218,0.03114522475811778,0.0,0.0,0.0,1.061845197798889,0.0,microagi,2026-05-11-17-03-52-923834
21.9,2.5351925800310395,0.0,0.6113846260416897,0.03002719751445051,0.0,0.0,0.0,1.1013265804799715,0.0,microagi,2026-05-11-17-04-54-518834
26.533333333333335,1.438944734207685,0.0,0.4834052040117691,0.024995646474231383,0.0,0.0,0.0,0.8045514950644024,0.0,microagi,2026-05-11-17-17-06-672188
15.8,1.6102860653703388,0.0,0.23386734760601652,0.005747092097514475,0.0,0.0,0.0,0.5811307408240084,0.0,microagi,2026-05-11-18-57-21-994702
17.566666666666666,1.5017763632684393,0.0,0.08789983927321583,0.004179950345388563,0.0,0.0,0.0,0.5618653243365979,0.0,microagi,2026-05-11-18-59-17-145650
9.7,1.5766892258179295,0.0,0.37343411218948314,0.010128004951975172,0.0,0.0,0.0,0.9426246791100701,0.0,microagi,2026-05-11-22-42-07-629760
10.633333333333333,1.634374479335981,0.0,0.32704850470591645,0.01041190936059788,0.0,0.0,0.0,0.8937428500728817,0.0,microagi,2026-05-11-22-42-18-869760
11.533333333333333,1.0863074482700998,0.0,0.37424584915981945,0.015737491508611246,0.0,0.0,0.0,0.5638587141727255,0.0,microagi,2026-05-12-10-18-06-159919
5.1,1.3410143048989063,0.0,0.14388565885491117,0.006406986959281872,0.0,0.0,0.0,0.8499585498244064,0.0,microagi,2026-05-12-11-41-05-180545
20.766666666666666,1.9322954466893951,0.0,0.14906914073754554,0.007250395164231007,0.0,0.0,0.0,0.7929297188775987,0.0,microagi,2026-05-12-12-11-16-692797
7.333333333333333,1.338010175986786,0.0,0.11716420208457608,0.005537872157232789,0.0,0.0,0.0,0.7661863047438949,0.0,microagi,2026-05-12-12-30-09-936224
7.366666666666666,1.2267162103855744,0.0,0.1833786470444527,0.0052622856981258,0.0,0.0,0.0,0.8507815712249719,0.0,microagi,2026-05-12-12-30-26-842891
136.5,3.5414999611341784,0.0,0.19461244603324707,0.006727266301956369,0.0,0.0,0.0,0.6746750532368537,0.0,microagi,2026-05-12-12-31-08-659557
15.233333333333333,2.098667298904536,0.0,0.09732098090145508,0.00423093784053325,0.0,0.0,0.0,0.641339898031766,0.0,microagi,2026-05-12-12-33-31-451417
19.7,1.32914277137813,0.0,0.22396775813535044,0.008122165828585791,0.0,0.0,0.0,0.6611184771405668,0.0,microagi,2026-05-12-12-34-36-511417
5.066666666666666,1.2149630326904628,0.0,0.5021562973778794,0.0129675726808342,0.0,0.0,0.0,0.8123726680923644,0.0,microagi,2026-05-12-12-40-06-313131
10.033333333333333,1.2403258514494904,0.0,0.2308299301582022,0.007598948435939824,0.0,0.0,0.0,0.6101646569434592,0.0,microagi,2026-05-12-12-44-49-860336
14.966666666666667,3.016000130743417,0.0,0.11021376613449152,0.004923213547907153,0.0,0.0,0.0,0.7023797080629717,0.0,microagi,2026-05-12-12-46-13-760585
19.066666666666666,2.7206326386310957,0.0,0.1280009738682416,0.006472914455473846,0.0,0.0,0.0,0.7399599418103339,0.0,microagi,2026-05-12-13-28-08-028052
15.333333333333334,3.1967543718653544,0.0,0.0785671996320563,0.004416409959416338,0.0,0.0,0.0,0.681678177997159,0.0,microagi,2026-05-12-13-28-27-236386
22.666666666666668,1.3299106077822658,0.0,0.13858277272709713,0.007649446696820715,0.0,0.0,0.0,0.5513320417182814,0.0,microagi,2026-05-12-16-20-40-604066
36.03333333333333,6.095076628229666,0.002777777777777778,0.124568795857815,0.0050808601148003745,0.0,0.0,0.0,0.5898863616824421,0.0,microagi,2026-05-12-16-21-04-703042
48.63333333333333,2.23919046059364,0.0,0.16971149252323076,0.007629806988661914,0.0,0.0,0.0,0.5741846364673456,0.0,microagi,2026-05-12-16-25-03-063377
8.066666666666666,1.3694145770261612,0.0,0.10481201056918538,0.004401515319603411,0.0,0.0,0.0,0.5639535396597354,0.0,microagi,2026-05-12-16-32-45-843816
23.4,2.246834802629163,0.0,0.13073488948732095,0.007011235366664668,0.0,0.0,0.0,0.5521618283172379,0.0,microagi,2026-05-12-16-34-16-706643
15.033333333333333,1.1130627590021402,0.0,0.09697221675033153,0.004419916798048927,0.0,0.0,0.0,0.7023227006924992,0.0,microagi,2026-05-12-16-42-20-986169
36.733333333333334,1.4708065613970511,0.0,0.10315557909202852,0.006330775957097735,0.0,0.0,0.0,0.5488371387619664,0.0,microagi,2026-05-12-16-43-14-950554
16.466666666666665,1.241201058238507,0.0,0.12224381914450506,0.004857968936754417,0.0,0.0,0.0,0.524150968361516,0.0,microagi,2026-05-12-16-50-35-031951
11.633333333333333,2.3534073218779694,0.0,0.2717646751056029,0.004807019228672847,0.0,0.0,0.0,0.5980188725735863,0.0,microagi,2026-05-12-16-52-24-227332
18.933333333333334,0.9854400379130466,0.0,0.13004183705877484,0.004017105367359968,0.0,0.0,0.0,0.5703303480715146,0.0,microagi,2026-05-12-16-57-15-181693
19.066666666666666,2.745887340362281,0.0,0.2765203253931456,0.009733205319351509,0.0,0.0,0.0,0.5802129137971385,0.0,microagi,2026-05-12-17-07-23-989288
14.766666666666667,1.7689979770852435,0.0,0.2799151242461228,0.010155231066516479,0.0,0.0,0.0,0.6958388864495196,0.0,microagi,2026-05-12-17-07-50-721500
10.033333333333333,1.0960876735948213,0.0,0.25366700488118576,0.00587131044326928,0.0,0.0,0.0,0.6457235173460163,0.0,microagi,2026-05-12-18-17-57-610206
5.933333333333334,1.080214951958855,0.0,0.14185058569540182,0.0074550187927394,0.0,0.0,0.0,0.6993805013376181,0.0,microagi,2026-05-12-20-28-18-567378
6.466666666666667,0.9955957955457514,0.0,0.2284152101245685,0.004769559599863571,0.0,0.0,0.0,0.5308553008309256,0.0,microagi,2026-05-12-20-34-01-193874
14.266666666666667,1.9499647435510385,0.0,0.38884231007502235,0.011545446427948096,0.0,0.0,0.0,0.971052710543951,0.0,microagi,2026-05-13-13-23-32-317572
6.033333333333333,1.593778031198232,0.0,0.36880441134319364,0.008420959897551678,0.0,0.0,0.0,0.8787224809243287,0.0,microagi,2026-05-13-13-23-59-032572
12.066666666666666,1.7407942894183963,0.0,0.6405618883202567,0.022212595001486188,0.0,0.0,0.0,0.9607358268299774,0.0,microagi,2026-05-13-13-25-16-474239
6.766666666666667,1.1551701666590541,0.0,0.07431267632242339,0.004984605459326703,0.0,0.0,0.0,0.6818288813994677,0.0,microagi,2026-05-13-18-57-45-456384
28.866666666666667,2.1506181786556993,0.0,0.7369937324937524,0.024047431075881438,0.0,0.0,0.0,0.8444358524895456,0.0,microagi,2026-05-13-20-58-15-740502
55.666666666666664,2.308015868841205,0.0,0.5139097814385524,0.032451206871215395,0.0,0.0,0.0,0.7857664331048287,0.0,microagi,2026-05-13-21-01-07-830947
7.5,1.8420660472875563,0.0,0.6998598146173737,0.03284265764981735,0.0,0.0,0.0,1.0102856141970709,0.0,microagi,2026-05-13-21-17-00-197000
7.566666666666666,1.5515780867517366,0.0,0.4315946894851852,0.01760143776902937,0.0,0.0,0.0,0.985249849880801,0.0,microagi,2026-05-13-21-18-50-546582
35.233333333333334,2.1215747236143425,0.0,0.6341351006035845,0.029749964489312972,0.0,0.0,0.0,0.9320499394490842,0.0,microagi,2026-05-13-21-19-33-833248
33.06666666666667,2.2294143575326366,0.0,0.9180444877002648,0.019686172273872916,0.0,0.0,0.0,0.9774352140922907,0.0,microagi,2026-05-13-21-21-24-154024
6.433333333333334,2.481108036004288,0.0,0.2994748719035993,0.009102965096374711,0.0,0.0,0.0,0.8946302157796615,0.0,microagi,2026-05-14-00-41-04-352650
10.766666666666667,1.7571162178389694,0.0,0.6271385234892219,0.021508958677722387,0.0,0.0,0.0,0.8579804327206619,0.0,microagi,2026-05-14-01-47-01-774666
7.933333333333334,1.3178937958117303,0.0,0.4921953533638221,0.011810927803039389,0.0,0.0,0.0,1.0422210385165998,0.0,microagi,2026-05-14-08-36-53-076323
6.233333333333333,2.0207237213004356,0.0,0.28529297964337097,0.007286853372009178,0.0,0.0,0.0,1.1070884424610714,0.0,microagi,2026-05-14-08-38-04-281323
5.1,1.382252169820696,0.0,0.5434281596007494,0.012541741325991777,0.0,0.0,0.0,1.1480312859136468,0.0,microagi,2026-05-14-08-39-18-287665
12.633333333333333,1.2241935193499636,0.0,0.38873843401641467,1.9999996127899176,0.0,0.0,0.0,0.7365884273212002,0.0,microagi,2026-05-14-08-42-31-424832
5.933333333333334,1.1517117895026916,0.0,0.34426747134971364,1.9999972301251994,0.0,0.0,0.0,0.7914977696754482,0.0,microagi,2026-05-14-08-42-45-164832
5.5,1.470859684331065,0.0,0.5418034311798849,1.9999911457233008,0.0,0.0,0.0,1.0261046993161855,0.0,microagi,2026-05-14-08-43-12-746498
8.266666666666667,1.786121096627285,0.0,0.3362966079702934,0.009032157889366732,0.0,0.0,0.0,0.9028492776490681,0.0,microagi,2026-05-14-08-44-37-659080
11.733333333333333,2.988755528221006,0.0,0.48022284408454863,0.014588943161077974,0.0,0.0,0.0,1.0565951627012093,0.0,microagi,2026-05-14-08-45-28-085746
8.466666666666667,2.1528049456191405,0.0,0.32979579213263366,0.007791907235972748,0.0,0.0,0.0,1.0181008603505985,0.0,microagi,2026-05-14-08-46-18-213199
13.733333333333333,2.0083438235816646,0.0,0.38773776356367107,0.008073068094058871,0.0,0.0,0.0,0.9232411787729172,0.0,microagi,2026-05-14-08-47-16-709866
11.1,1.240329827731252,0.0,0.7141998292594594,0.016840282270797664,0.0,0.0,0.0,1.0011713952912455,0.0,microagi,2026-05-14-09-30-28-006474
10.966666666666667,1.2015369523370967,0.0,0.55566162042835,0.0067386667610597785,0.0,0.0,0.0,0.814075089691439,0.0,microagi,2026-05-14-13-56-43-616709
12.5,0.9840750115546255,0.0,0.5598998525148178,0.0062819397651815495,0.0,0.0,0.0,0.6041046896610348,0.0,microagi,2026-05-14-16-43-49-081865
5.6,1.338523136191299,0.0,0.46504732256982345,1.9999985357798995,0.0,0.0,0.0,0.821780881304234,0.0,microagi,2026-05-15-03-30-37-226295
10.1,1.9287366280594447,0.0,0.5531542259569519,0.0163601275206518,0.0,0.0,0.0,1.2435249625850255,0.0,microagi,2026-05-15-03-31-56-338979
5.666666666666667,1.403687241316761,0.0,0.363227128476639,1.9999992962337383,0.0,0.0,0.0,0.9396151769476238,0.0,microagi,2026-05-15-03-34-00-476223
6.366666666666666,1.7006602197323168,0.0,0.3176986381520129,0.00721294962230896,0.0,0.0,0.0,1.092835263969414,0.0,microagi,2026-05-15-03-36-28-962074
36.266666666666666,1.4320632690148418,0.0,0.17808118606106144,0.0035454396523212453,0.06666666666666667,0.0,0.001838235294117647,0.4218695673678465,0.0,microagi,2026-05-15-11-01-17-104823
58.86666666666667,1.5745368105470954,0.0,0.4010208305871692,1.9999995134550248,0.0,0.0,0.0,0.594310561656942,0.0,microagi,2026-05-15-11-01-56-093823
51.36666666666667,1.9619117029742907,0.0,0.2130441468453456,0.005422672315215505,0.0,0.0,0.0,0.5883555709135633,0.0,microagi,2026-05-15-11-05-04-709605
42.7,1.1884305879788983,0.0,0.34586781687994245,0.0058915274184788416,0.0,0.0,0.0,0.5315500551444462,0.0,microagi,2026-05-15-11-13-27-090629
42.3,2.194549924760514,0.0,0.22733065559180937,0.0042520111935483015,0.0,0.0,0.0,0.4972288945171296,0.0,microagi,2026-05-15-11-17-01-134247
8.166666666666666,1.8660946736689799,0.0,0.8903898799178763,0.010019335080030245,0.0,0.0,0.0,0.971249631821927,0.0,microagi,2026-05-15-14-43-40-384175
7.7,1.438708054989117,0.0,0.322170867640532,0.010619034205200488,0.0,0.0,0.0,0.7525549206523495,0.0,microagi,2026-05-15-14-46-26-750310
12.066666666666666,1.4279838225565062,0.0,0.037462430959916554,0.0019525220258522962,0.0,0.0,0.0,0.529664371691706,0.0,microagi,2026-05-15-15-20-58-312491
7.3,1.1630395564639722,0.0,0.02923921024876892,0.0013736283745649112,0.0,0.0,0.0,0.6126331832342828,0.0,microagi,2026-05-15-15-21-43-312374
5.333333333333333,0.9221960070377416,0.0,0.0524786373160756,0.001703588913349906,0.0,0.0,0.0,0.5493758045156223,0.0,microagi,2026-05-15-15-22-14-345708
36.13333333333333,2.04939615593465,0.0,0.3235800859351176,0.004095848023927577,0.0,0.0,0.0,0.888694873590854,0.0,microagi,2026-05-15-15-23-34-585501
6.533333333333333,1.3288267145822918,0.0,0.36054198989850406,0.00637255699945189,0.0,0.0,0.0,0.6874353331647949,0.0,microagi,2026-05-15-15-24-48-512208
5.1,1.0129635830765602,0.0,0.04118054841224012,0.0016179466009853924,0.0,0.0,0.0,0.28197683418600245,0.006578947368421052,microagi,2026-05-15-15-27-45-578700
5.3,1.9298699530111048,0.0,0.05654790754953657,0.0007826748775979207,0.0,0.0,0.0,1.0462909619609408,0.0,microagi,2026-05-15-21-33-45-025383
9.466666666666667,2.1213891784465284,0.0,0.0489451885663478,0.0013869228291381198,0.0,0.0,0.0,1.0611433100591245,0.0,microagi,2026-05-15-21-33-50-854127
10.6,1.9874960371668031,0.0,0.05421184202035962,0.0008002273007599296,0.0,0.0,0.0,0.9540820548990561,0.0,microagi,2026-05-15-21-34-06-441750
5.866666666666666,1.6427142237134338,0.0,0.6675085116954355,0.015865177063788097,0.0,0.0,0.0,0.8172604018932075,0.0,microagi,2026-05-15-23-08-35-354806
11.933333333333334,2.6297535919146715,0.0,0.8377075094631344,0.026594652300403435,0.0,0.0,0.0,1.2340014951276999,0.0,microagi,2026-05-16-06-58-16-855750
5.733333333333333,1.7098013818280051,0.0,0.3612586272397409,0.005769812407188809,0.0,0.0,0.0,1.0238964708082783,0.0,microagi,2026-05-16-06-59-39-070299
14.466666666666667,2.4467790327685552,0.0,0.1737763516550563,0.008123007673319452,0.0,0.0,0.0,0.700755539051279,0.0,microagi,2026-05-16-11-25-15-959124
7.3,3.3783483087067063,0.0,0.06469919527449537,0.002855457487926428,0.0,0.0,0.0,0.8743231627979428,0.0,microagi,2026-05-16-11-46-32-723018
8.4,1.1760990606796446,0.0,0.07329447774634416,0.003750737832960107,0.0,0.0,0.0,0.674213184453571,0.0,microagi,2026-05-16-12-17-18-932321
8.433333333333334,1.0280721778729058,0.0,0.45721859675513205,0.009320026978040841,0.0,0.0,0.0,0.7409370062870326,0.0,microagi,2026-05-16-12-25-25-878403
21.266666666666666,1.4490621115214821,0.0,0.206937883699255,0.01043627995459147,0.0,0.0,0.0,0.6489141417033345,0.0,microagi,2026-05-16-12-26-26-942489
9.133333333333333,1.2805192075709675,0.0,0.10186597979958732,0.008464590819792547,0.0,0.0,0.0,0.7598057201568212,0.0,microagi,2026-05-16-12-27-02-307662
12.633333333333333,1.1791103291222944,0.0,0.08705642620152446,0.006925206434035436,0.0,0.0,0.0,0.6791115717566151,0.0,microagi,2026-05-16-12-30-12-766274
5.233333333333333,1.3945008662176615,0.0,0.08606177471579807,0.006398536857749173,0.0,0.0,0.0,0.7315757059065624,0.0,microagi,2026-05-16-12-34-00-389981
12.766666666666667,1.2077789757579034,0.0,0.14777905889012066,0.0060871312730386,0.0,0.0,0.0,0.6580475185980893,0.0,microagi,2026-05-16-12-34-18-222558
52.06666666666667,1.0869848890877072,0.0,0.40776543114968233,0.0156828714694898,0.0,0.0,0.0,0.5041072839865084,0.0,microagi,2026-05-16-12-35-30-652831
17.433333333333334,1.281109486843253,0.0,0.43287558685960037,0.014902795690268209,0.0,0.0,0.0,0.6534252625357637,0.0,microagi,2026-05-16-12-37-36-480846
15.866666666666667,1.2031340491638567,0.0,0.2967298713255647,0.005278362513301813,0.0,0.0,0.0,0.5111547551297465,0.0,microagi,2026-05-16-14-48-16-422166
24.133333333333333,1.3652223603318692,0.0,0.323905838536405,0.004396326205582491,0.0,0.0,0.0,0.4486500829083833,0.0,microagi,2026-05-16-15-09-08-112541
19.7,1.4769099401928305,0.0,0.33455019728052415,0.006685733648995643,0.0,0.0,0.0,0.5192732878449412,0.0,microagi,2026-05-16-15-12-24-111863
8.933333333333334,1.5915780520067044,0.0,0.19873282417482865,0.0037392644495442386,0.0,0.0,0.0,0.42655734246070104,0.0,microagi,2026-05-16-15-40-51-243101
8.0,1.0499092217288293,0.0,0.17228851909392087,0.005810536798125441,0.0,0.0,0.0,0.7211087577917039,0.0,microagi,2026-05-16-16-25-49-534777
14.433333333333334,1.5210496750371862,0.0,0.6845748616093792,0.015424530198222739,0.0,0.0,0.0,0.6380365578502729,0.0,microagi,2026-05-16-18-57-50-733711
8.0,1.211255838961805,0.0,0.8481726209074278,0.019186653126208836,0.0,0.0,0.0,1.0182188469637452,0.0,microagi,2026-05-16-20-47-50-970729
5.5,1.7717428048714454,0.0,0.5788229970813911,0.011857816187892849,0.0,0.0,0.0,1.1924630404136698,0.0,microagi,2026-05-16-20-50-21-252282
26.033333333333335,1.7805048258189744,0.0,0.9310154441403242,0.016490367374117666,0.0,0.0,0.0,0.8703661506882019,0.0,microagi,2026-05-16-20-50-29-055615
7.2,2.050213098883438,0.0,0.6498221399880786,0.013824349898362405,0.0,0.0,0.0,0.9118395988868205,0.0,microagi,2026-05-16-20-52-39-225378
6.666666666666667,1.1601255542263134,0.0,0.4497487424075112,0.005401557484256871,0.0,0.0,0.0,0.782892194822928,0.0,microagi,2026-05-16-21-44-06-725859
6.866666666666666,1.8637202231160628,0.0,0.31935900677476026,0.011187029625977531,0.0,0.0,0.0,1.0194525432311288,0.0,microagi,2026-05-17-08-37-10-629199
12.133333333333333,1.2979967616259884,0.0,0.21512020313543048,0.007841322237391783,0.0,0.0,0.0,0.8377742925549718,0.0,microagi,2026-05-17-09-04-34-950513
11.7,1.2361095599212653,0.0,0.19608146144185887,0.008486742861039691,0.0,0.0,0.0,0.5400180246972734,0.0,microagi,2026-05-17-09-49-23-379875
6.766666666666667,1.5146171625264655,0.0,0.16498537737038876,0.007256331233057935,0.0,0.0,0.0,0.8176813378722619,0.0,microagi,2026-05-17-09-51-45-680109
8.8,1.3392892970108785,0.0,0.4506109697813432,0.013123398859248224,0.0,0.0,0.0,0.9991564645843475,0.0,microagi,2026-05-17-09-55-37-688428
5.433333333333334,1.473103055026882,0.0,0.34357332954465086,0.017236449059019183,0.0,0.0,0.0,0.908175231939868,0.0,microagi,2026-05-17-13-08-44-542845
9.7,1.6729330732648087,0.0,0.8401158914329157,0.018522932769977647,0.0,0.0,0.0,1.0510490491805036,0.0,microagi,2026-05-17-13-09-35-602845
5.9,2.5888593745650645,0.0,0.5346083858937699,0.005892941605622031,0.0,0.0,0.0,0.8584841329505104,0.0,microagi,2026-05-17-17-08-44-310901
17.366666666666667,1.5570968537740013,0.0,0.700658900833255,0.01412751657468363,0.0,0.0,0.0,0.8888739708562511,0.0,microagi,2026-05-17-17-09-30-704234
6.2,1.341618666517497,0.0,0.2772649997668673,0.011588756660593627,0.0,0.0,0.0,0.9860551546793508,0.0,microagi,2026-05-17-17-12-33-746850
18.1,1.7153673463723729,0.0,0.14135200766081363,0.005166178345745518,0.0,0.0,0.0,0.9284426506775876,0.0,microagi,2026-05-18-06-23-13-468681
7.633333333333334,1.5244186051917454,0.0,0.23984011388816162,0.004718259210902824,0.0,0.0,0.0,0.7737752399355339,0.0,microagi,2026-05-18-14-20-48-522570
9.433333333333334,1.3847887059389503,0.0,0.3483195865283369,0.004116386160660826,0.0,0.0,0.0,0.7935860244665498,0.0,microagi,2026-05-18-14-24-18-626479
10.566666666666666,1.0043657465235707,0.0,0.508370706436984,1.9999970442023183,0.0,0.0,0.0,0.6164467608797636,0.0,microagi,2026-05-18-14-33-22-792738
13.233333333333333,1.31831547046341,0.0,0.13319569115358837,0.0046692592322079805,0.0,0.0,0.0,0.6871598577624196,0.0,microagi,2026-05-18-14-41-46-407218
9.4,1.3477655389674978,0.0,0.30709430791974,0.004997679538010092,0.0,0.0,0.0,0.658579982198605,0.0,microagi,2026-05-18-14-44-58-979176
10.9,1.6745661539101437,0.0,0.18598379766818382,0.004287263468965276,0.0,0.0,0.0,0.6657313038506734,0.0,microagi,2026-05-18-14-45-54-298162
10.666666666666666,1.2528056773388534,0.0,0.17616353377523808,0.00938617470837233,0.0,0.0,0.0,0.7071202188268789,0.0,microagi,2026-05-18-16-12-50-060238
5.233333333333333,1.1346835712649945,0.0,0.2155941702967541,0.005724816965112706,0.0,0.0,0.0,0.5456616075812636,0.0,microagi,2026-05-18-16-21-11-868409
11.7,1.2526883485644709,0.0,0.22861093355702247,0.008472071529993021,0.0,0.0,0.0,0.5776898323186415,0.0,microagi,2026-05-18-16-34-26-183438
20.666666666666668,1.072608499445394,0.0,0.3935779518476437,0.011669304155869881,0.0,0.0,0.0,0.445688108895567,0.0,microagi,2026-05-18-16-51-09-744635
13.5,1.0963371757348812,0.0,0.260625890944748,0.008551749504417274,0.0,0.0,0.0,0.6321370460376445,0.0,microagi,2026-05-18-16-52-42-859139
6.233333333333333,1.2059722754121707,0.0,0.17722360192583198,0.005881953324756327,0.0,0.0,0.0,0.6786390299422156,0.0,microagi,2026-05-18-16-55-50-895946
19.966666666666665,1.2779228646538192,0.0,0.29400593739205483,0.009497027103893736,0.0,0.0,0.0,0.6721783938118683,0.0,microagi,2026-05-18-17-02-26-531665
6.5,1.0312674940195763,0.0,0.2508443742446082,0.007691143317927513,0.0,0.0,0.0,0.6787274431939962,0.0,microagi,2026-05-18-17-03-16-562945
30.466666666666665,1.6052469631116708,0.0,0.43848055524611407,0.01299816785103876,0.0,0.0,0.0,0.9239927324354914,0.0,microagi,2026-05-18-17-32-12-397145
15.333333333333334,1.3612152061057767,0.0,0.4836995260420782,0.020521508059498116,0.0,0.0,0.0,0.9437112975946859,0.0,microagi,2026-05-18-17-32-56-353811
8.3,1.4101734600516926,0.0,0.4937374514179996,0.014203028325325977,0.0,0.0,0.0,1.0743472821287083,0.0,microagi,2026-05-18-17-35-01-023379
36.266666666666666,4.047398010477876,0.0,0.3166265492475723,0.00912023005100929,0.0,0.0,0.0,0.7253508809868977,0.0,microagi,2026-05-18-17-38-51-911895
19.433333333333334,1.739369172852437,0.0,0.6918355774053214,0.023264725685541398,0.0,0.0,0.0,1.0479147264028719,0.0,microagi,2026-05-18-17-38-53-682117
5.233333333333333,1.7415901424464437,0.0,0.6832885550198327,0.02670581814111874,0.0,0.0,0.0,1.2432705893146174,0.0,microagi,2026-05-18-17-43-15-587052
6.666666666666667,2.105527148835975,0.0,0.4435674466451465,0.011801358365927215,0.0,0.0,0.0,0.8964613111116598,0.0,microagi,2026-05-18-17-46-16-015819
7.8,1.4452988527753543,0.0,0.3998844487150786,0.013398960124038026,0.0,0.0,0.0,1.0581528078454345,0.0,microagi,2026-05-18-17-48-28-452747
13.333333333333334,1.3732858900459335,0.0,0.40849170680747615,0.008098465247887213,0.0,0.0,0.0,0.7011738969444299,0.0,microagi,2026-05-18-17-57-05-943305
5.366666666666666,1.2973247996966255,0.0,0.2923372535978696,0.007223482545499658,0.0,0.0,0.0,0.7459790702510827,0.0,microagi,2026-05-18-18-01-11-721933
9.8,1.2194303931437576,0.0,0.29238303055490367,0.0078642224220557,0.0,0.0,0.0,0.5367895456611085,0.0,microagi,2026-05-19-17-48-30-864700
20.1,1.7532727067487206,0.0,0.4696642283776399,0.009670526125892934,0.0,0.0,0.0,0.677431878142981,0.0,microagi,2026-05-19-18-32-10-902839
5.033333333333333,1.5053394911017408,0.0,0.775002566595385,1.9999975795419755,0.0,0.0,0.0,1.2096588309872165,0.0,microagi,2026-05-19-18-33-48-407839
7.833333333333333,1.2464238268021672,0.0,0.35115672101677087,0.0068111339752880045,0.0,0.0,0.0,0.7310109396468002,0.0,microagi,2026-05-19-21-30-21-305639
37.43333333333333,1.2271374184553283,0.0,0.45597921597096885,0.007471287667998077,0.0,0.0,0.0,0.5317334473224606,0.0,microagi,2026-05-20-07-20-51-640438
49.833333333333336,1.4569755202629386,0.0,0.27260318784338383,0.010179027928059995,0.0,0.0,0.0,0.43482942357293325,0.0013386880856760374,microagi,2026-05-20-07-22-33-417109
10.6,1.47542004824367,0.0,0.46200553040152936,0.007037700844821271,0.0,0.0,0.0,0.6756179508193142,0.0,microagi,2026-05-20-07-25-35-590752
22.666666666666668,2.2938012790579094,0.0,0.7714784666114782,0.01583283787183513,0.0,0.0,0.0,0.7404008171714811,0.0,microagi,2026-05-20-11-37-29-383825
5.6,1.5370821757402948,0.0,0.6480413550836156,0.010749688815312549,0.0,0.0,0.0,0.8202644539517681,0.0,microagi,2026-05-20-11-38-05-673825
8.833333333333334,2.1569036791117964,0.0,0.9128435012963259,0.0277279475748066,0.0,0.0,0.0,1.017906198523957,0.0,microagi,2026-05-20-11-38-52-804896
10.233333333333333,2.034497279119293,0.0,0.7980349802151083,0.012176058643538802,0.0,0.0,0.0,1.1209798917708407,0.0,microagi,2026-05-20-11-43-02-028596
11.866666666666667,1.2894580904189052,0.0,0.494863922240393,0.00860713628143202,0.0,0.0,0.0,0.6125611389442417,0.0,microagi,2026-05-20-12-07-42-347800
118.13333333333334,2.1866524252698256,0.0,0.17716122178357363,0.005909963427739129,0.8333333333333334,0.03333333333333333,0.007336343115124154,0.5206017134979352,0.004798193621224951,microagi,2026-05-20-13-15-01-855291
6.533333333333333,1.0290313031814853,0.0,0.2911655386528625,0.006451687588646901,0.0,0.0,0.0,0.6159270605282936,0.0,microagi,2026-05-20-13-25-34-036239
14.733333333333333,1.0618160821498086,0.0,0.4495205240468414,0.005676417108578866,0.0,0.0,0.0,0.589756157403093,0.0,microagi,2026-05-21-07-30-23-814834
11.433333333333334,0.8746925854300772,0.0,0.3304814577315046,0.006785368652553366,0.0,0.0,0.0,0.4750594083835719,0.0,microagi,2026-05-21-08-26-34-896794
8.166666666666666,1.901873474151765,0.0,0.1542681004007247,0.005385156092048998,0.0,0.0,0.0,0.806733920949559,0.0,microagi,2026-05-21-10-43-07-333935
18.266666666666666,1.4092479597188465,0.0,0.3654773987767093,0.010091898185088348,0.0,0.0,0.0,0.821862932273018,0.0,microagi,2026-05-21-10-52-53-966195
6.033333333333333,1.2902736236338572,0.0,0.2518315888427928,0.012034501860278919,0.0,0.0,0.0,0.7518521714084299,0.0,microagi,2026-05-21-10-56-45-858230
11.433333333333334,1.3981663568148663,0.0,0.25566487069833466,0.010100747599208452,0.0,0.0,0.0,0.8469711384057568,0.0,microagi,2026-05-21-10-57-19-871564
18.266666666666666,1.135211107870384,0.0,0.2015347021332618,0.006135497364598654,0.0,0.0,0.0,0.7089932860000009,0.0,microagi,2026-05-21-16-47-29-480268
7.6,3.1284643933863885,0.0,0.8113032291880153,1.9999280833172666,0.0,0.0,0.0,1.0428062964608857,0.0,microagi,2026-05-21-19-48-13-986409
11.3,1.4349417366130213,0.0,0.5406656671399596,0.01644958509521143,0.0,0.0,0.0,0.8835830525449909,0.0,microagi,2026-05-21-19-50-10-606145
7.666666666666667,2.350162916947178,0.0,0.6391240314210392,0.02578817028569446,0.0,0.0,0.0,1.0577679747592996,0.0,microagi,2026-05-21-19-51-18-150899
6.933333333333334,2.0641746035977953,0.0,0.7764940204276867,1.999999612337202,0.0,0.0,0.0,1.0549274423313635,0.0,microagi,2026-05-21-19-56-23-669249
7.466666666666667,0.6167876907342412,0.0,0.06235922130227418,0.0030006916938492096,0.0,0.0,0.0,0.23207562515918004,0.0,microagi,2026-05-21-21-09-44-052564
6.7,2.495715434449681,0.0,0.8881874484418699,0.03586222154046577,0.0,0.0,0.0,1.4011909421815194,0.0,microagi,2026-05-22-03-23-49-309395
16.466666666666665,2.8672077846298856,0.0,0.5372768238452189,0.01138931524885403,0.0,0.0,0.0,0.4890138566871659,0.13184584178498987,microagi,2026-05-22-11-10-28-067528
11.266666666666667,1.207061786542226,0.0,0.6405918490160298,0.007977149797870557,0.0,0.0,0.0,0.6613523740809575,0.0,microagi,2026-05-22-11-12-23-202528
5.1,1.2408899821303652,0.0,0.21364507568861207,0.01248931280859725,0.0,0.0,0.0,0.8946862418544325,0.0,microagi,2026-05-22-13-22-07-381103
10.833333333333334,1.2738414643785205,0.0,0.446534155794179,0.01731399428628589,0.0,0.0,0.0,0.8882858337219939,0.0,microagi,2026-05-22-14-27-56-812825
20.0,1.4911986919818399,0.0,0.742829962258696,0.01551312234271221,0.0,0.0,0.0,0.6002799241385708,0.0,microagi,2026-05-22-16-41-10-841898
7.766666666666667,1.620674038768477,0.0,0.4974960094103104,0.009471086406794092,0.0,0.0,0.0,0.742049086231016,0.0,microagi,2026-05-22-16-43-10-775159
5.3,1.4261798075037972,0.0,0.8895852144962562,0.03211774637340925,0.0,0.0,0.0,1.1205819708894695,0.0,microagi,2026-05-22-16-43-35-597403
23.066666666666666,1.6738234873409512,0.0,1.1665014983750568,0.0250231322106129,0.0,0.0,0.0,0.782757004446964,0.0,microagi,2026-05-22-16-44-29-590312
10.8,4.1097321661037745,0.0,0.5373066562628546,0.028404833144564306,0.0,0.0,0.0,1.053625951292015,0.0,microagi,2026-05-22-16-54-13-485424
14.966666666666667,1.8277154167013467,0.0,0.42623521665078296,0.019863031099730737,0.0,0.0,0.0,1.0674139003449474,0.0,microagi,2026-05-22-16-54-40-867091
5.066666666666666,1.7345712802565818,0.0,0.6571869958165801,0.02808061121225961,0.0,0.0,0.0,1.2065390890230945,0.0,microagi,2026-05-22-17-04-06-637929
7.4,1.6655119228947592,0.0,0.2595511294265447,0.008614959441756661,0.0,0.0,0.0,1.0455738577706943,0.0,microagi,2026-05-22-17-11-06-054590
5.133333333333334,1.033428047429668,0.0,0.375049140589136,0.005561434276446509,0.0,0.0,0.0,0.6740187493506744,0.0,microagi,2026-05-22-17-49-19-435068
7.9,1.3492658892277793,0.0,0.1573873473724619,0.004601763041724556,0.0,0.0,0.0,0.743853539041517,0.0,microagi,2026-05-22-17-49-44-583402
26.0,1.674666547176937,0.0,0.3947746291369388,0.011022168465749176,0.0,0.0,0.0,0.8852233334989715,0.0,microagi,2026-05-22-17-54-14-812293
7.3,2.135736501271288,0.0,0.5243629852323116,0.02217454194852056,0.0,0.0,0.0,0.5488752672434102,0.0,microagi,2026-05-22-18-27-53-949083
5.6,1.3101131840553202,0.0,0.159745895008303,0.007690164627722876,0.0,0.0,0.0,1.0757011001565542,0.0,microagi,2026-05-22-18-41-36-896925
8.433333333333334,2.5167352750053853,0.0,0.4893680785430845,0.029506837462056873,0.0,0.0,0.0,0.9455450280574641,0.0,microagi,2026-05-23-10-43-43-269939
5.5,2.5010629868607,0.0,0.2950463020726513,0.006659054068679574,0.0,0.0,0.0,1.0527018961433894,0.0,microagi,2026-05-23-10-45-31-647825
13.833333333333334,1.4101355440417318,0.0,0.2815567733149947,0.01288381649797194,0.0,0.0,0.0,0.801504257314108,0.0,microagi,2026-05-23-11-27-06-759474
9.666666666666666,2.053216733848978,0.0,0.3061250637439729,0.018760008220721828,0.0,0.0,0.0,0.7961128392013892,0.0,microagi,2026-05-23-12-20-48-609642
5.933333333333334,1.1236058947326304,0.0,0.24260151608607744,0.005244614012169202,0.0,0.0,0.0,0.5631330111216339,0.0,microagi,2026-05-23-12-23-15-991366
5.766666666666667,1.2973249444149189,0.0,0.355897707673524,0.010288829430007865,0.0,0.0,0.0,0.9433069371751417,0.0,microagi,2026-05-23-16-48-30-885747
10.033333333333333,4.340667144075268,0.0,0.7188745648003755,0.014286330645874791,0.0,0.0,0.0,0.9071988175990978,0.0,microagi,2026-05-23-17-04-36-121229
14.666666666666666,1.8181961861129272,0.0,0.31803536091308265,0.012779208047631269,0.0,0.0,0.0,0.724030249235932,0.0,microagi,2026-05-23-17-06-43-455028
25.233333333333334,2.7991094803199714,0.0,0.4779712460283411,0.019647609040227852,0.0,0.0,0.0,1.143220049524772,0.0,microagi,2026-05-23-17-09-25-509269
5.266666666666667,1.4929792538591216,0.0,0.23112704052669872,0.010991505075402856,0.0,0.0,0.0,1.1608855541897798,0.0,microagi,2026-05-23-18-43-34-683543
8.466666666666667,1.6223956314073744,0.0,0.3884767942709034,0.007510751553838989,0.0,0.0,0.0,0.940698186359922,0.0,microagi,2026-05-23-18-45-33-154442
6.333333333333333,1.0374561384119163,0.0,0.12137442197657196,0.006125255683901528,0.0,0.0,0.0,0.43163821497521493,0.0,microagi,2026-05-23-22-24-47-967929
72.96666666666667,3.5591610204430113,0.0,0.1848740332481676,0.008745931559938748,0.0,0.0,0.0,0.4411522799859335,0.0,microagi,2026-05-23-22-29-22-048649
5.0,0.8324354357344769,0.0,0.3953454051482524,0.011832569590757031,0.0,0.0,0.0,0.3906769933593667,0.0,microagi,2026-05-24-12-09-40-633741
5.2,1.349070445785905,0.0,0.341159746145029,0.01124316833050289,0.0,0.0,0.0,0.8247955503735828,0.0,microagi,2026-05-24-12-11-17-150264
14.166666666666666,1.7225087393176226,0.0,0.4129130669699747,0.02235270186696592,0.0,0.0,0.0,0.665229627663847,0.0,microagi,2026-05-24-12-11-30-956931
5.033333333333333,0.6626166727293805,0.0,0.08714004775348376,0.0029633155098992133,0.0,0.0,0.0,0.45171166746795044,0.0,microagi,2026-05-24-13-06-38-829268
23.333333333333332,1.3648981249090704,0.0,0.6297855234857028,0.013022602047734826,0.0,0.0,0.0,0.5657371395995511,0.0,microagi,2026-05-24-13-08-19-531014
5.466666666666667,1.21715582535891,0.0,0.27722464968491417,0.007156045201626212,0.0,0.0,0.0,0.6462139360023162,0.0,microagi,2026-05-25-06-00-34-628019
28.633333333333333,8.684583354774126,0.007575757575757576,0.5898334125962175,0.008897781292142942,0.0,0.0,0.0,1.089264312330081,0.0,microagi,2026-05-25-06-32-51-625954
24.266666666666666,1.7208932900606868,0.0,0.49721068284792247,0.019097072370191866,0.0,0.0,0.0,0.8542435686530663,0.0,microagi,2026-05-25-06-44-27-436932
15.533333333333333,1.8238361647910013,0.0,0.4279051234563268,0.014411322863718717,0.0,0.0,0.0,0.9560844281983554,0.0,microagi,2026-05-25-06-53-41-754061
18.7,1.3087062405459184,0.0,0.3719774442143158,0.009547362851475356,0.0,0.0,0.0,0.648371737071332,0.0,microagi,2026-05-25-07-30-22-008949
21.633333333333333,1.482528059494872,0.0,0.8433647611152437,0.029166594219595554,0.0,0.0,0.0,0.6456035454058099,0.0,microagi,2026-05-25-07-37-05-234358
26.6,1.0357773379742496,0.0,0.38339224463311133,0.013153362000916154,0.0,0.0,0.0,0.5195032123185204,0.0,microagi,2026-05-25-07-47-12-939769
5.966666666666667,1.3931178835311144,0.0,0.27809308624780826,0.011659608450317905,0.0,0.0,0.0,0.915301804809059,0.0,microagi,2026-05-25-08-26-08-639444
6.833333333333333,1.4838560976886603,0.0,0.19412832216134143,0.009155746056747183,0.0,0.0,0.0,0.8783084126600424,0.0,microagi,2026-05-25-08-26-22-779561
5.9,1.9617725539824287,0.0,0.2556056065400864,0.006193130859264415,0.0,0.0,0.0,0.7823871906088393,0.0,microagi,2026-05-25-08-29-24-566887
5.933333333333334,1.6436526819199284,0.0,0.27278195906703395,0.007933699070274748,0.0,0.0,0.0,0.9067909157503671,0.0,microagi,2026-05-25-08-31-02-951777
7.666666666666667,1.5473467775159155,0.0,0.23104161625970632,0.006700641840133852,0.0,0.0,0.0,0.8749967522867024,0.0,microagi,2026-05-25-08-31-15-070935
7.866666666666666,1.7062213830107187,0.0,0.4440138300644011,0.007163641047016458,0.0,0.0,0.0,0.8599599627055473,0.0,microagi,2026-05-25-08-31-34-115312
12.6,1.3194780264066475,0.0,0.3209355347366497,0.014181508807968717,0.0,0.0,0.0,0.7263741109786218,0.0,microagi,2026-05-25-08-36-30-102373
5.533333333333333,2.2290161859707904,0.0,0.19056874050037229,0.009229768145190059,0.0,0.0,0.0,0.8452284048937987,0.0,microagi,2026-05-25-08-37-14-450480
20.4,1.021955830544,0.0,0.41985422680402207,0.01006480112921851,0.0,0.0,0.0,0.29075713224555616,0.009819967266775777,microagi,2026-05-25-09-46-11-012905
10.033333333333333,1.781527934459387,0.0,0.7974686573200072,0.021107420854451973,0.0,0.0,0.0,1.1223310385621537,0.0,microagi,2026-05-25-13-46-56-227043
7.7,1.5741139375656383,0.0,0.7360877009678783,0.024712532371095705,0.0,0.0,0.0,1.1387882866458736,0.0,microagi,2026-05-25-13-47-26-538710
8.1,2.568259919573181,0.0,0.9323333591780334,0.04150274491998637,0.0,0.0,0.0,1.0085802622507116,0.0,microagi,2026-05-25-13-48-30-264173
16.733333333333334,1.2670353973189898,0.0,0.4050582701683652,0.009237777695593776,0.0,0.0,0.0,0.639586855828328,0.0,microagi,2026-05-25-15-07-31-488136
7.433333333333334,3.0239989455024996,0.0,0.18244846614310195,0.004782885855862907,0.0,0.0,0.0,0.5898395152190411,0.0,microagi,2026-05-25-15-09-05-730604
17.066666666666666,1.6762977921571158,0.0,0.23473305296525265,0.012461275195360834,0.0,0.0,0.0,0.9223005102669917,0.0,microagi,2026-05-25-19-44-40-183634
12.833333333333334,1.6348201348463796,0.0,0.20708853979521324,0.01336347394225973,0.0,0.0,0.0,0.9285857570632906,0.0,microagi,2026-05-25-19-44-59-591967
5.333333333333333,1.3893894322941833,0.0,0.1311532699857949,0.004687363490558173,0.0,0.0,0.0,0.9085610229206698,0.0,microagi,2026-05-25-19-45-12-896967
8.066666666666666,1.4292251269783693,0.0,0.3697923754447356,0.0123458843316097,0.0,0.0,0.0,0.8661492836505947,0.0,microagi,2026-05-25-19-45-32-805218
10.033333333333333,1.498759233388517,0.0,0.23656428639133598,0.006448431181884576,0.0,0.0,0.0,1.0423338630801497,0.0,microagi,2026-05-25-19-46-19-191885
58.3,3.012475192072809,0.0,0.9885808015791011,0.017120114638288785,0.0,0.0,0.0,0.8929829297021695,0.0,microagi,2026-05-26-13-36-11-545933
22.2,1.9913060997030805,0.0,0.6025387115300002,0.008638785542556452,0.0,0.0,0.0,0.9692111767563506,0.0,microagi,2026-05-26-13-41-23-021939
7.766666666666667,1.6703516946391983,0.0,0.06646755897859412,0.003984942250330441,0.0,0.0,0.0,0.7255316916173232,0.0,microagi,2026-05-26-13-57-48-034012
13.366666666666667,1.6559487856335946,0.0,0.39559231365682973,0.020337504285310715,0.03333333333333333,0.0,0.0024937655860349127,1.0262453992414005,0.005,microagi,2026-05-26-17-30-04-755420
8.033333333333333,1.6735240335983257,0.0,0.33447732593652635,0.013149350182927518,0.0,0.0,0.0,1.0318593531339262,0.0,microagi,2026-05-26-17-42-31-393513
13.466666666666667,1.8969823799422514,0.0,0.33301957212292727,0.008258362128399508,0.0,0.0,0.0,0.8807034134669556,0.0,microagi,2026-05-26-17-43-29-183513
7.366666666666666,1.1330007070728574,0.0,0.08389307206766641,0.0032175662283025963,0.0,0.0,0.0,0.39552402644185325,0.004545454545454545,microagi,2026-05-26-19-30-27-931654
6.7,1.1173898453990359,0.0,0.16498761911976728,0.004188629059655487,0.06666666666666667,0.0,0.009950248756218905,0.8421147979529011,0.0,microagi,2026-05-26-19-31-50-065452
29.933333333333334,1.4690082186983056,0.0,0.21391366705773973,0.009810521600127596,0.0,0.0,0.0,0.6739637605314801,0.0,microagi,2026-05-26-19-32-00-740452
15.433333333333334,1.3538281961111385,0.0,0.11468559126167642,0.005807663067360572,0.0,0.0,0.0,0.7254638345382685,0.0,microagi,2026-05-26-19-35-13-495854
6.7,1.5173435955234214,0.0,1.051893768759918,0.02479820822042128,0.0,0.0,0.0,0.7963685497743624,0.0,microagi,2026-05-27-08-42-32-218699
5.966666666666667,1.7441169724115504,0.0,0.6365040227004457,0.007858402442847833,0.0,0.0,0.0,1.0728249186936283,0.0,microagi,2026-05-27-09-20-06-722047
13.966666666666667,1.8098243638232743,0.0,0.9350790566867543,0.02238223746549637,0.0,0.0,0.0,0.8036679505665736,0.0,microagi,2026-05-27-09-20-48-945380
49.766666666666666,2.749936055928975,0.0,0.4694474674507395,0.01828342770928259,0.0,0.0,0.0,0.9479633879269697,0.0,microagi,2026-05-28-09-38-21-312808
12.066666666666666,2.092144423981569,0.0,0.33245592648042144,0.021543780361229985,0.0,0.0,0.0,0.9469762641961321,0.0,microagi,2026-05-28-09-39-20-767808
5.9,2.930529009562708,0.0,0.3850922477066248,0.024632294759839714,0.0,0.0,0.0,1.6158212251178259,0.0,microagi,2026-05-28-09-39-24-576583
6.033333333333333,1.6846014692013989,0.0,0.31949355337444985,0.006139525299337054,0.0,0.0,0.0,0.8588725406581301,0.0,microagi,2026-05-28-09-39-53-349236
6.466666666666667,4.533823939041259,0.0,0.4050054731602866,0.009332757770294244,0.0,0.0,0.0,1.0915509371664414,0.0,microagi,2026-05-28-09-40-02-588712
10.6,1.7548772513717539,0.0,0.21865672623799934,0.015916271617160936,0.0,0.0,0.0,0.8141718218545123,0.0,microagi,2026-05-28-12-27-25-753171
13.4,1.2306865051015548,0.0,0.3977506944688411,0.009750245007077173,0.0,0.0,0.0,0.6793508667066248,0.0,microagi,2026-05-28-15-07-04-330063
26.766666666666666,1.708166862714629,0.0,0.691910485620875,0.013586726867567797,0.0,0.0,0.0,0.7816945447457517,0.0,microagi,2026-05-28-15-14-53-174886
11.033333333333333,4.476994146630209,0.0,0.22288470173086117,0.014706069498867665,0.0,0.0,0.0,1.0067315202227503,0.0,microagi,2026-05-28-15-33-08-079446
18.266666666666666,2.4593274716996048,0.0,0.49231989812291843,0.03727489507863453,0.0,0.0,0.0,0.9577561779577648,0.0,microagi,2026-05-28-15-33-37-362779
6.466666666666667,2.467734797498701,0.0,0.7232426681229991,0.037144568636998256,0.0,0.0,0.0,0.9502219352909854,0.0,microagi,2026-05-28-16-15-55-307195
9.533333333333333,1.3824703525165754,0.0,0.16011554940578482,0.008146552839525721,0.0,0.0,0.0,0.8164648371339652,0.0,microagi,2026-05-28-16-16-19-017195
9.2,2.272932173900349,0.0,0.8345801984567256,0.017121076126016314,0.0,0.0,0.0,1.2048437839024253,0.0,microagi,2026-05-28-18-26-03-781366
5.066666666666666,1.7665392164377962,0.0,0.31686064158296384,0.006145841849261341,0.0,0.0,0.0,1.1314162228754618,0.0,microagi,2026-05-28-18-28-18-536748
8.133333333333333,1.300079419225056,0.0,0.13111268657342073,0.006533049387883247,0.0,0.0,0.0,0.6056815104264258,0.0,microagi,2026-05-28-19-47-50-257549
37.5,1.7203970200701093,0.0,0.4894885401814969,0.011954791925973233,0.0,0.0,0.0,0.7550322968043635,0.0,microagi,2026-05-29-09-37-56-012457
5.866666666666666,2.2530518932153774,0.0,0.6111464964041362,0.024414267990639577,0.0,0.0,0.0,1.14554541559182,0.0,microagi,2026-05-29-10-38-56-378378
6.1,3.4420709721814755,0.0,0.9435103755524232,0.01825997105030412,0.0,0.0,0.0,1.2597028101474996,0.0,microagi,2026-05-29-12-14-18-221857
9.733333333333333,2.468321176156572,0.0,0.8289551214785831,0.0180225571145057,0.0,0.0,0.0,0.9883271983294166,0.0,microagi,2026-05-29-12-16-57-584108
8.833333333333334,2.151927691971665,0.0,0.9214567857202781,0.035005726415133734,0.0,0.0,0.0,1.1465361333750488,0.0,microagi,2026-05-29-12-48-13-500976
21.566666666666666,3.6341451000266782,0.0,0.5412112497090504,0.01621826798698894,0.0,0.0,0.0,0.6506136227546225,0.0,microagi,2026-05-29-13-01-35-539443
10.2,1.583501270956,0.0,0.7522674812484318,0.031234212603643622,0.0,0.0,0.0,0.7005001664858943,0.0,microagi,2026-05-29-13-03-31-309338
12.4,1.596379647726998,0.0,0.6651720916742596,0.02632292627303177,0.0,0.0,0.0,0.6436135779049796,0.0,microagi,2026-05-29-13-09-38-200299
74.13333333333334,1.3201543071733939,0.0,0.9398807760522802,0.02468422459147054,0.0,0.0,0.0,0.4832862250635815,0.000449842555105713,microagi,2026-05-29-13-15-10-667518
11.933333333333334,1.060667603437332,0.0,0.8718783178279551,0.026201450272848724,0.0,0.0,0.0,0.7794055309473981,0.0,microagi,2026-05-29-13-17-14-377177
6.466666666666667,2.4754993864313057,0.0,0.4542038289882223,0.03706038684890331,0.0,0.0,0.0,0.7922173114085963,0.0,microagi,2026-05-29-16-21-44-817657
5.033333333333333,0.9091689214268484,0.0,0.13466409819195224,0.005927484062191937,0.0,0.0,0.0,0.486354647983065,0.0,microagi,2026-05-29-16-31-19-031146
12.566666666666666,1.1186662203040256,0.0,0.2904401156071781,0.018198160199708553,0.0,0.0,0.0,0.5730805434490186,0.0,microagi,2026-05-29-16-32-30-607813
16.133333333333333,2.465659598355749,0.0,0.3480728671855004,0.007007455851827335,0.0,0.0,0.0,0.8517581676576061,0.0,microagi,2026-05-29-16-34-46-723237
6.033333333333333,2.1103422704899857,0.0,0.36130213572389464,0.007956887368990093,0.0,0.0,0.0,0.6959815289010265,0.0,microagi,2026-05-29-16-39-51-839875
122.46666666666667,3.9600168979637744,0.0,0.6014366217450133,0.029571519364016176,0.0,0.0,0.0,0.7772138471916709,0.0,microagi,2026-05-29-16-55-12-398226
25.433333333333334,2.1163497968161553,0.0,0.5412627313718524,0.01605575211894178,0.0,0.0,0.0,0.9696417460526204,0.0,microagi,2026-05-29-16-59-35-956032
5.9,1.0864301792607123,0.0,0.30916913010913505,0.011612389995654497,0.0,0.0,0.0,0.7186792866374216,0.0,microagi,2026-05-29-17-00-01-504667
6.166666666666667,1.6280499336736214,0.0,0.647599332356206,0.01513375431113616,0.0,0.0,0.0,1.0281432241854305,0.0,microagi,2026-05-29-17-04-22-260292
10.366666666666667,1.5239237121286027,0.0,0.4758512663105715,0.012048728778125432,0.0,0.0,0.0,0.8951260232200041,0.0,microagi,2026-05-29-17-33-44-935182
6.2,1.470449589027716,0.0,0.3422830716703618,0.015614574711320325,0.0,0.0,0.0,0.9281667330842257,0.0,microagi,2026-05-29-17-35-21-526046
7.133333333333334,1.540398498903059,0.0,0.659856672523578,0.012870717819411903,0.0,0.0,0.0,0.9681794347511916,0.0,microagi,2026-05-29-17-36-12-391046
5.433333333333334,1.5515490509369645,0.0,0.27601334474036116,0.007103583387750116,0.0,0.0,0.0,0.8192729018863698,0.0,microagi,2026-05-29-17-36-37-839379
6.7,1.5646501324628215,0.0,0.46358359035461627,0.008850265733470733,0.0,0.0,0.0,0.8543846441997957,0.0,microagi,2026-05-29-17-37-24-366486
14.2,1.7757350937598266,0.0,0.41326589306369943,0.01787353266873804,0.0,0.0,0.0,0.8702279106850417,0.0,microagi,2026-05-29-17-40-52-358713
5.033333333333333,1.1570159666647006,0.0,0.35097829065299224,0.009391126287681984,0.0,0.0,0.0,0.7859443468159011,0.0,microagi,2026-05-29-17-41-22-475380
10.033333333333333,1.4468768914157892,0.0,0.6163344715978778,0.010219735280498087,0.0,0.0,0.0,0.9854963582298517,0.0,microagi,2026-05-29-17-42-31-317047
41.03333333333333,2.2490937995301294,0.0,0.41672758089561435,0.020673960904819235,0.0,0.0,0.0,0.6328491341053435,0.0,microagi,2026-05-29-17-54-41-318672
7.733333333333333,1.3057922040214458,0.0,0.6521266860246696,0.02793962137115702,0.0,0.0,0.0,0.9192254261870659,0.0,microagi,2026-05-29-18-00-08-429106
8.4,1.3996273196685995,0.0,0.40945515328269605,0.012171236297053642,0.0,0.0,0.0,0.5941793120726518,0.0,microagi,2026-05-29-18-00-39-114106
8.566666666666666,1.6118968062584051,0.0,1.3378750706064841,0.01575505896772473,0.0,0.0,0.0,0.8452736633664887,0.0,microagi,2026-05-29-18-01-53-726582
7.133333333333334,1.7938299522386254,0.0,0.36914626389255484,0.01854938296421425,0.0,0.0,0.0,0.8414251330330356,0.0,microagi,2026-05-29-18-05-31-125765
15.3,1.5699101811423284,0.0,0.5676936946402648,0.010022427236964131,0.0,0.0,0.0,0.6466268082174471,0.0,microagi,2026-05-29-18-06-59-779098
12.966666666666667,2.167395955642008,0.0,0.2810094738386662,0.012571366204116105,0.0,0.0,0.0,0.8616066516247994,0.0,microagi,2026-05-30-00-22-30-064710
24.333333333333332,1.3649651548303066,0.0,0.668096098784751,0.024992012133715557,1.7,0.0,0.06986301369863014,0.48193916984561974,0.04663923182441701,microagi,2026-05-30-07-34-52-323210
24.4,1.7739267388462827,0.0,0.12298303725084515,0.004654933632653879,0.0,0.2,0.00819672131147541,0.30258564214271183,0.006839945280437756,microagi,2026-05-30-07-54-44-556675
48.833333333333336,0.9386902780964509,0.0,0.18933433544878936,0.007803387265813737,0.0,0.0,0.0,0.2632783700751766,0.015710382513661202,microagi,2026-05-30-08-07-46-744969
46.86666666666667,1.6775495933708369,0.0,0.24603745111182607,0.009098549832273798,0.0,0.0,0.0,0.25228817689346383,0.007829181494661922,microagi,2026-05-30-08-08-53-586336
5.666666666666667,0.520142094005956,0.0,0.1341346417687416,0.003755030386941694,0.0,0.0,0.0,0.3561926302331958,0.0,microagi,2026-05-30-08-10-37-716336
26.933333333333334,0.9695623533687695,0.0,0.6684360973220483,0.020960612697622123,0.0,0.0,0.0,0.4788004887703866,0.0,microagi,2026-05-30-08-12-03-867694
8.733333333333333,0.7191953770160797,0.0,0.11475229230949299,0.005541254262524498,0.0,0.0,0.0,0.2849788277978179,0.011494252873563218,microagi,2026-05-30-08-14-39-562389
16.533333333333335,0.9390533570104344,0.0,0.20328527605404198,0.011960809107342546,0.0,0.0,0.0,0.46456433249531515,0.0,microagi,2026-05-30-08-17-12-321800
37.233333333333334,1.4260915534362941,0.0,0.9470940161241155,0.022299019643235597,0.0,0.0,0.0,0.5392521387240917,0.0008960573476702509,microagi,2026-05-30-08-20-30-276479
20.033333333333335,1.1790402489862912,0.0,0.33043610835829024,0.020909580636997247,0.0,0.0,0.0,0.4247393086528417,0.0016666666666666668,microagi,2026-05-30-08-22-18-742845
15.5,0.9725227934022458,0.0,0.36720334100434826,0.015081639693492282,0.0,0.0,0.0,0.5418512309684771,0.0,microagi,2026-05-30-08-23-25-682531
167.6,1.997974579123498,0.0,0.6808074457441939,0.01833254602546224,0.0,0.0,0.0,0.4880708558255486,0.00039785160135269546,microagi,2026-05-30-08-28-08-555299
130.56666666666666,1.397553217625997,0.0,0.6440452760427888,0.020244744463995424,0.0,0.0,0.0,0.394226051146785,0.003319713993871297,microagi,2026-05-30-08-32-41-154671
39.6,2.744715760889467,0.0,0.5044589168695821,0.012741017750286104,0.0,0.0,0.0,0.6460050125065226,0.0,microagi,2026-05-30-08-40-53-981235
22.233333333333334,2.8515521805893527,0.0,0.7649558190174715,0.01047776814662597,0.0,0.0,0.0,0.7790995218037409,0.0,microagi,2026-05-30-08-52-22-312183
6.066666666666666,1.0979820702508796,0.0,0.4927821952052077,0.012957205215283422,0.0,0.0,0.0,0.7111146871613917,0.0,microagi,2026-05-30-08-56-56-444727
12.3,1.4288447665673456,0.0,0.591104526306865,0.015534836694553848,0.0,0.0,0.0,0.9499785880948519,0.0,microagi,2026-05-30-11-10-59-795635
25.8,1.4338848781117088,0.0,0.41821831708248103,0.011035857994268436,0.0,0.0,0.0,0.8441868025158047,0.0,microagi,2026-05-30-11-11-21-507301
38.9,1.9309554553566541,0.0,0.7833575085430201,0.010384184945608568,0.0,0.0,0.0,0.5921136957722598,0.0,microagi,2026-05-30-13-31-40-248685
5.6,2.157226647184241,0.0,0.09476647463592806,0.004504827472764476,0.0,0.0,0.0,0.8169835273825364,0.0,microagi,2026-05-30-14-15-03-586388
12.9,1.5504693337023463,0.0,0.2097720166256079,0.008659055427776452,0.0,0.0,0.0,0.6949162254274135,0.0,microagi,2026-05-30-14-15-15-328055
48.166666666666664,2.15031044087025,0.0,0.5149494328895821,0.015326532699642865,0.0,0.0,0.0,0.6575660970849886,0.0,microagi,2026-05-30-14-32-02-299850
39.4,3.0580879600150777,0.0,0.6947444324424192,0.019248739342519416,0.0,0.0,0.0,0.8186811463215808,0.0,microagi,2026-05-30-14-36-59-044802
9.133333333333333,1.4788530868661656,0.0,0.664132592445539,0.015446858780297834,0.0,0.0,0.0,0.7850260299469289,0.0,microagi,2026-05-30-14-39-33-869677
19.733333333333334,1.617648943324665,0.0,0.4580320938162798,0.012109044433511044,0.0,0.0,0.0,0.7649296677894353,0.0,microagi,2026-05-30-14-40-11-158011
9.533333333333333,2.3986357782029923,0.0,0.3410344219187195,0.02038038316026357,0.0,0.0,0.0,0.879534171473624,0.0,microagi,2026-05-30-14-41-23-701077
41.766666666666666,3.2897085082276893,0.0,0.7478358441192842,0.025949036415539674,0.0,0.0,0.0,0.9705268621296528,0.0,microagi,2026-05-30-14-43-02-593968
34.0,1.8530017838275692,0.0,0.6440927814150539,0.01900012330258465,0.0,0.0,0.0,0.9115090748760468,0.0,microagi,2026-05-30-14-43-54-925635
7.2,1.2393412495589473,0.0,0.6060436007808396,0.022359018711987887,0.0,0.0,0.0,1.0666373797234763,0.0,microagi,2026-05-30-14-50-44-367632
26.9,1.9943307883062449,0.0,0.5021363553366758,0.012842323325518497,0.0,0.0,0.0,0.7358747034751144,0.0,microagi,2026-05-30-14-51-56-677216
17.233333333333334,0.949546475471903,0.0,0.38304516853545906,0.005556604981618041,0.0,0.0,0.0,0.48619267925727205,0.0,microagi,2026-05-30-19-26-01-363327
15.166666666666666,2.8216807379804507,0.0,0.3630658916351992,0.01627540764893016,0.0,0.0,0.0,0.7800219035579868,0.0,microagi,2026-05-30-19-29-45-892414
23.333333333333332,1.8135513399955512,0.0,0.37289471023353216,0.010969996403043848,0.0,0.0,0.0,0.9315858456859561,0.0,microagi,2026-05-30-19-32-55-866810
9.633333333333333,2.253827926778624,0.0,0.32090426168630426,0.014429846418766549,0.0,0.0,0.0,0.9955611326563828,0.0,microagi,2026-05-30-19-45-45-586874
6.9,1.7230828477605207,0.0,0.5694715362765067,0.012636443541701141,0.0,0.0,0.0,0.8983505850740339,0.0,microagi,2026-05-30-19-46-30-783789
7.133333333333334,1.3042233758673825,0.0,0.4183886903171853,0.006280341884700371,0.0,0.0,0.0,0.852936997270073,0.0,microagi,2026-05-30-23-32-06-633681
13.9,1.7211910899572251,0.0,0.17046093860857336,0.008306471582800352,0.0,0.0,0.0,0.7129176669406968,0.0,microagi,2026-05-30-23-51-37-329869
5.433333333333334,2.0222658044830837,0.0,0.2619441828672848,0.011129465573626759,0.0,0.0,0.0,1.1775789360010172,0.0,microagi,2026-05-30-23-52-49-993626
7.7,2.306046770210442,0.0,0.2388575363320769,0.011496384500568727,0.0,0.0,0.0,1.1544769772359713,0.0,microagi,2026-05-30-23-57-48-081059
7.833333333333333,1.960265636889237,0.0,0.5139297657827138,0.02489511810574739,0.0,0.0,0.0,1.0805123903009073,0.0,microagi,2026-05-31-00-12-25-694536
7.633333333333334,2.015618472840255,0.0,0.19141672912636115,0.009592613004320362,0.0,0.0,0.0,0.9444415368001396,0.0,microagi,2026-05-31-00-14-41-183246
7.0,0.9994646863526229,0.0,0.8334235670901765,0.017736340499700916,0.0,0.0,0.0,0.8350759830125065,0.0,microagi,2026-05-31-13-51-57-145510
5.166666666666667,1.3398773993737443,0.0,0.6156909689885953,0.008008917706996778,0.0,0.0,0.0,0.9510375188389134,0.0,microagi,2026-05-31-13-52-49-828382
6.233333333333333,2.0724418206083053,0.0,1.000637448297182,0.022096414422588136,0.0,0.0,0.0,1.1755600305364646,0.0,microagi,2026-05-31-13-53-43-344315
20.066666666666666,2.1350346803151243,0.0,0.9565602509252966,0.022353922481182596,0.0,0.0,0.0,1.1320795142194249,0.0,microagi,2026-05-31-13-54-26-963472
10.0,2.3132425791803,0.0,0.2841067809099051,0.0051604092328466885,0.0,0.0,0.0,0.9516639746747902,0.0,microagi,2026-05-31-19-38-51-956775
6.9,2.9782114151214194,0.0,0.1835291344476771,0.0047415503110667815,0.0,0.0,0.0,1.0434157872186898,0.0,microagi,2026-05-31-19-40-23-580127
5.966666666666667,1.4313150653472615,0.0,0.6073059808837448,0.01681700040392945,0.0,0.0,0.0,0.979815484656147,0.0,microagi,2026-05-31-19-40-38-090127
24.5,2.049563110363755,0.0,0.3920099050676245,0.01680692858053559,0.0,0.0,0.0,0.8183803378534981,0.0,microagi,2026-05-31-19-40-50-396793
8.6,2.2342360034939652,0.0,0.8155089146934635,0.04302409331321064,0.0,0.0,0.0,1.466552471295737,0.0,microagi,2026-06-01-00-20-39-520405
8.133333333333333,1.02375356838249,0.0,0.2268001627892731,0.005697245868457977,0.0,0.0,0.0,0.5548238569722962,0.0,microagi,2026-06-01-02-39-45-150791
13.633333333333333,2.417827158624438,0.0,0.5346556673638689,0.026997880186449046,0.0,0.0,0.0,0.9923402160531398,0.0,microagi,2026-06-01-03-38-46-915286
9.4,1.3597288079731165,0.0,0.28933805488100495,0.011015510954446923,0.0,0.0,0.0,0.8909343358151974,0.0,microagi,2026-06-01-03-39-12-063177
26.133333333333333,1.9002002244634202,0.0,0.12026899677730338,0.006867955114979921,0.0,0.0,0.0,0.5337475900212554,0.0,microagi,2026-06-01-11-16-49-719022
19.133333333333333,1.4378552966534244,0.0,0.6099789254642839,0.016223501971960503,0.0,0.0,0.0,0.9109739657629926,0.0,microagi,2026-06-01-11-20-08-035022
11.366666666666667,1.4895312829243035,0.0,0.3829897243255127,0.0083713992188362,0.0,0.0,0.0,0.881991018985155,0.0,microagi,2026-06-01-11-27-12-385893
16.833333333333332,1.8467045709207266,0.0,0.6666797570129188,0.01641835405492689,0.0,0.0,0.0,1.0285991069487792,0.0,microagi,2026-06-01-11-28-54-377959
8.366666666666667,1.4265156610823493,0.0,0.25071686489206146,0.006162585605992074,0.0,0.0,0.0,0.8259107567727649,0.0,microagi,2026-06-01-11-32-21-866457
5.5,1.7853220430168195,0.0,0.47633840951049045,0.006466045027211361,0.0,0.0,0.0,0.9848252344736198,0.0,microagi,2026-06-01-11-35-12-097325
5.433333333333334,1.3985695661315427,0.0,0.2235424094024343,0.006142614506147057,0.0,0.0,0.0,1.0351052377358763,0.0,microagi,2026-06-01-11-38-45-988093
5.3,1.6409777548380975,0.0,0.6974409573578895,0.01671152170994758,0.0,0.0,0.0,0.9840931492996706,0.0,microagi,2026-06-01-11-41-40-622041
6.7,1.26824743712734,0.0,0.5087792796431314,0.008427438985188067,0.0,0.0,0.0,0.9341603202075623,0.0,microagi,2026-06-01-11-42-44-059222
9.233333333333333,1.4927071287646683,0.0,0.28203325892288833,0.014796361602243732,0.0,0.0,0.0,0.806296927084357,0.0,microagi,2026-06-02-09-17-31-260922
100.33333333333333,2.482166448550652,0.0,1.1149836977329586,0.03934207871368835,0.0,0.16666666666666666,0.0016611295681063123,0.6812889835104865,0.00033233632436025255,microagi,2026-06-02-09-44-37-416346
8.866666666666667,1.2074019450999176,0.0,0.5394855178366856,0.006608653205625263,0.0,0.0,0.0,0.6772871047932273,0.0,microagi,2026-06-02-10-14-29-369982
55.6,1.3410122801422562,0.0,0.6702214125673348,0.02583611219945269,0.0,0.0,0.0,0.506947164924202,0.0,microagi,2026-06-02-14-57-37-973948
25.733333333333334,1.4554238358943339,0.0,0.6071206285417979,0.03167887024829382,0.0,0.0,0.0,0.5053705998486351,0.0,microagi,2026-06-02-14-58-59-357282
14.533333333333333,1.6592482967242965,0.0,0.7900011936240584,0.03237433691161156,0.0,0.0,0.0,0.6467095132920749,0.0,microagi,2026-06-02-15-00-56-496280
25.633333333333333,1.7157368803622453,0.0,0.8403887486563104,0.044429552211575685,0.0,0.0,0.0,0.5890310862294964,0.0,microagi,2026-06-02-15-01-11-771772
19.066666666666666,1.0313654451747878,0.0,0.3616282924119583,0.011900667804531376,0.0,0.0,0.0,0.42994704209643425,0.0,microagi,2026-06-02-16-31-46-821186
7.8,2.681854616017928,0.0,0.2957401128017797,0.011109836896763267,0.0,0.0,0.0,0.7766523462700848,0.0,microagi,2026-06-02-16-35-31-315281
12.1,2.2449884055385496,0.0,0.592541346761555,0.018216310854508797,0.0,0.0,0.0,1.1319362595345728,0.0,microagi,2026-06-02-17-06-44-242474
5.1,1.6170573152109105,0.0,0.6733341502339285,0.011490717451370957,0.0,0.0,0.0,1.3065107658839072,0.0,microagi,2026-06-02-17-10-04-556920
6.033333333333333,4.471784773667283,0.0,0.34467691645151727,0.009537237307741853,0.0,0.0,0.0,0.9918733147395725,0.0,microagi,2026-06-02-18-35-28-147145
7.766666666666667,1.9966939978352707,0.0,1.1709660291581308,0.014016901344194218,0.0,0.0,0.0,1.1672130952260575,0.0,microagi,2026-06-02-19-38-58-912152
7.433333333333334,1.621274198067646,0.0,0.9224059957495538,0.02789759240444766,0.0,0.0,0.0,1.3739825549821905,0.0,microagi,2026-06-02-21-12-31-175113
5.766666666666667,4.247796259557082,0.0,1.0405655658015016,0.016436938756011935,0.0,0.0,0.0,1.08730656977754,0.0,microagi,2026-06-02-21-15-04-603609
7.866666666666666,1.711027096715233,0.0,0.47254388341667164,0.014655537962787875,0.0,0.0,0.0,1.0995888270761784,0.0,microagi,2026-06-03-01-51-02-899641
5.9,1.0454478661975684,0.0,0.4516675896501841,0.022625148253153263,0.0,0.0,0.0,0.6378692566079056,0.0,microagi,2026-06-03-06-56-44-763455
14.033333333333333,0.8746072855081926,0.0,0.6341437777150998,0.01792208480093121,0.0,0.0,0.0,0.44346738313688205,0.0,microagi,2026-06-03-07-03-25-752629
10.366666666666667,0.9680879820467638,0.0,0.47172365530396093,0.022562836576422923,0.0,0.0,0.0,0.5340655018763449,0.0,microagi,2026-06-03-07-03-56-872629
18.2,1.39494017442163,0.0,0.6964395845582529,0.02490678750507819,0.0,0.0,0.0,0.6018005630028449,0.0,microagi,2026-06-03-07-07-11-824284
59.06666666666667,1.4041091029906765,0.0,0.5857681043219597,0.023074572591374885,0.0,0.0,0.0,0.46580841747783386,0.0,microagi,2026-06-03-07-54-18-860173
21.0,1.111345693683807,0.0,0.5120650191240183,0.0235744182265557,0.0,0.0,0.0,0.4497388907774358,0.0,microagi,2026-06-03-08-01-30-097474
46.266666666666666,1.0871750694109406,0.0,0.4537718828224701,0.01871007271488148,0.0,0.0,0.0,0.45490788437323787,0.0014419610670511895,microagi,2026-06-03-08-22-04-089663
7.333333333333333,0.7807129350461771,0.0,0.27534733038092113,0.01584672258543358,0.0,0.0,0.0,0.4277146391720353,0.0,microagi,2026-06-03-08-27-03-539197
24.066666666666666,0.7389720593371624,0.0,0.1502794403188651,0.006467359205019428,0.0,0.0,0.0,0.3527289169642444,0.0,microagi,2026-06-03-08-29-25-358868
36.2,1.4361149884337696,0.0,0.6807114853543607,0.03206158236174049,0.0,0.0,0.0,0.5569791300448336,0.0,microagi,2026-06-03-08-32-20-564893
5.566666666666666,1.9749395671388519,0.0,0.22432184649062986,0.007780649125425961,0.0,0.0,0.0,0.9233971236783448,0.0,microagi,2026-06-03-11-31-22-343863
8.933333333333334,3.2259194866042504,0.0,0.4852191348695362,0.02570717063663884,0.0,0.0,0.0,1.1674614459244177,0.0,microagi,2026-06-03-13-26-10-464958
5.466666666666667,2.879553900636176,0.0,0.5043017940499636,0.022495649892141773,0.0,0.0,0.0,1.3680652951536612,0.0,microagi,2026-06-03-13-26-23-636625
8.533333333333333,2.2071275356157782,0.0,0.5849874875472282,0.036928755052489756,0.0,0.0,0.0,1.2005373364229233,0.0,microagi,2026-06-03-13-29-25-241291
10.033333333333333,1.9753053262596134,0.0,0.1927202343877798,0.010205655170712964,0.0,0.0,0.0,1.075622430913296,0.0,microagi,2026-06-03-14-51-49-865175
9.066666666666666,1.977996170193037,0.0,0.08976392319389379,0.003638407085891587,0.0,0.0,0.0,0.762002630211563,0.0,microagi,2026-06-03-14-59-14-526023
13.133333333333333,1.5338361019958167,0.0,0.27980435444183205,0.005255461557764136,0.0,0.0,0.0,0.6835603793409625,0.0,microagi,2026-06-03-14-59-42-642690
10.233333333333333,1.8484310578365057,0.0,0.2765892789067761,0.005211404651688062,0.0,0.0,0.0,0.9910047209580356,0.0,microagi,2026-06-03-14-59-56-117690
10.066666666666666,4.562622479129542,0.0,0.3354741967826981,0.006724288486389447,0.0,0.0,0.0,0.8978036570675081,0.0,microagi,2026-06-03-18-02-47-483595
11.266666666666667,1.3180678763925897,0.0,0.42486922831093377,0.01133605210857949,0.0,0.0,0.0,0.8998530293536431,0.0,microagi,2026-06-03-19-20-29-967434
22.633333333333333,1.8368374067837776,0.0,0.4757237414793753,0.014332025622244778,0.0,0.0,0.0,0.8558813613194509,0.0,microagi,2026-06-03-19-21-27-900768
80.7,3.6083960047148445,0.0,0.7624202611726795,0.018322474737600312,0.0,0.0,0.0,0.8588473599415342,0.0,microagi,2026-06-03-19-39-47-591075
81.46666666666667,4.069980864779498,0.0,0.7283523461466654,0.025785371157703726,0.0,0.0,0.0,0.9031116369580783,0.0,microagi,2026-06-03-19-42-47-530578
125.73333333333333,2.875016922577926,0.0,0.6287670728795648,0.025500875928510722,0.0,0.0,0.0,0.8154471461225745,0.0,microagi,2026-06-03-20-02-44-475398
10.066666666666666,1.561278999831007,0.0,0.6031989014948826,0.01782527708950162,0.0,0.0,0.0,0.8883914866620567,0.0,microagi,2026-06-03-20-05-17-233399
14.933333333333334,1.5103966438345804,0.0,0.20157544613220818,0.004709207062970279,0.0,0.0,0.0,0.8011353075892964,0.0,microagi,2026-06-04-01-49-48-050079
6.533333333333333,1.3036328203265335,0.0,0.5312956748712857,0.007225294782717163,0.0,0.0,0.0,0.6691450530200534,0.0,microagi,2026-06-04-01-50-33-745079
7.133333333333334,1.7794789605101753,0.0,0.222219157347658,0.006135050167201981,0.0,0.0,0.0,0.45342507349079236,0.0,microagi,2026-06-04-01-54-43-460458
17.466666666666665,3.1782609954199006,0.0,0.6446325261615338,0.007936450277772655,0.0,0.0,0.0,0.9792753378989221,0.0,microagi,2026-06-04-01-59-35-169886
21.433333333333334,2.474286962675098,0.0,1.1559509882468548,0.031196401421235764,0.0,0.0,0.0,0.9380067729229321,0.0,microagi,2026-06-04-02-18-33-116086
5.133333333333334,2.265214425001591,0.0,0.46769656806308635,0.0035645212977616697,0.0,0.0,0.0,0.8811450059602823,0.0,microagi,2026-06-04-09-41-31-144976
47.7,1.6972286073822662,0.0,1.0021629942268666,0.028959782600659106,0.0,0.0,0.0,0.6625146021999346,0.0,microagi,2026-06-04-09-44-25-454687
56.36666666666667,1.6054428626216297,0.0,1.0226565555627294,0.020701098715768234,0.0,0.0,0.0,0.7478835141196609,0.0,microagi,2026-06-04-09-54-35-653184
217.83333333333334,1.6693935830204774,0.0,0.4510220617097491,0.013800384003801925,0.0,0.0,0.0,0.47459533612378346,0.0,microagi,2026-06-04-10-35-47-484128
333.43333333333334,1.7709916863774808,0.0,0.8345947522797916,0.012407254183032516,0.0,0.0,0.0,0.4687514721739557,9.998000399920016e-05,microagi,2026-06-04-10-39-25-273332
25.066666666666666,1.0904615139939302,0.0,0.45259184880009723,0.011801192765874753,0.0,0.0,0.0,0.5620998330387548,0.0,microagi,2026-06-04-10-49-42-287417
37.166666666666664,1.245726504346431,0.0,0.5057649700858602,0.011322447154964077,0.0,0.0,0.0,0.5518657377493483,0.0,microagi,2026-06-04-10-50-22-678641
73.86666666666666,1.6709628632537363,0.0,0.8608333716417907,0.022048572515168317,0.0,0.0,0.0,0.6636718528531084,0.0,microagi,2026-06-04-10-51-40-106704
5.533333333333333,1.178280177467993,0.0,0.15042913832467483,0.006779515351284176,0.0,0.0,0.0,0.7756194057595209,0.0,microagi,2026-06-04-10-55-37-750421
8.166666666666666,1.0020654263443192,0.0,0.6365806410510284,0.00917624547052758,0.0,0.0,0.0,0.4992430564384528,0.0,microagi,2026-06-04-11-01-17-680679
5.8,1.357999699696592,0.0,0.4098086558915243,0.015631448652248418,0.0,0.0,0.0,0.5508890039282849,0.0,microagi,2026-06-04-11-03-29-326852
11.266666666666667,2.3034931005029256,0.0,1.307759925454514,0.029804817646423457,0.0,0.0,0.0,1.3863085506766337,0.0,microagi,2026-06-04-11-09-44-124605
11.733333333333333,1.6651191249875628,0.0,0.45047365905592396,0.015186300355210238,0.0,0.0,0.0,1.1241828401500251,0.0,microagi,2026-06-04-12-00-26-568631
30.566666666666666,1.0882554165021847,0.0,1.012619671699172,0.01566330734074175,0.0,0.0,0.0,0.6023776275633457,0.0,microagi,2026-06-04-12-00-46-357164
5.933333333333334,1.4269165921938105,0.0,0.4143488973596939,0.011681054083822856,0.0,0.0,0.0,0.7676154917969986,0.0,microagi,2026-06-04-12-01-31-934490
9.266666666666667,1.8598738204262157,0.0,0.719020843088472,0.028242281750492454,0.0,0.0,0.0,1.061713817103279,0.0,microagi,2026-06-04-12-03-37-765262
36.8,1.479538473544582,0.0,0.952123374251762,0.01588124362237307,0.0,0.0,0.0,0.6031424944571862,0.0,microagi,2026-06-04-12-03-43-994077
16.966666666666665,1.0538599583697574,0.0,0.9994644809196755,0.011683163640495767,0.0,0.0,0.0,0.6778303705917726,0.0,microagi,2026-06-04-12-04-36-975194
8.433333333333334,1.1474773719379174,0.0,0.4654927363909598,0.015013838710172167,0.0,0.0,0.0,0.6851745101347927,0.0,microagi,2026-06-04-12-05-14-061990
57.13333333333333,3.2394903967485082,0.0,0.5719960055315524,0.027426452710601363,0.0,0.0,0.0,1.038681201927687,0.0,microagi,2026-06-04-12-08-06-303451
8.133333333333333,1.7084582826685284,0.0,0.35671219054618525,0.01444328518927663,0.0,0.0,0.0,0.9238380581099401,0.0,microagi,2026-06-04-12-09-19-675974
11.833333333333334,1.8985909310829636,0.0,0.5042607536838477,0.025455720651288892,0.0,0.0,0.0,1.1497754243482305,0.0,microagi,2026-06-04-12-12-16-730431
11.4,1.9540414942919386,0.0,0.6660115096869863,0.018744061092504614,0.0,0.0,0.0,1.045143740920868,0.0,microagi,2026-06-04-13-32-47-953087
32.733333333333334,2.230447316735628,0.0,0.9092432471073141,0.04397835372067662,0.0,0.0,0.0,1.0316363147463172,0.0,microagi,2026-06-04-13-37-01-457912
43.03333333333333,2.290966516784553,0.0,0.9716100513800643,0.03609182071098412,0.0,0.0,0.0,0.6925582479592619,0.0,microagi,2026-06-04-13-50-49-800450
8.166666666666666,4.177708790550373,0.0,0.4049212827719486,0.013731236918044046,0.0,0.0,0.0,1.1834088515656427,0.0,microagi,2026-06-04-14-23-31-942035
14.266666666666667,2.555376769143932,0.0,0.5480067185490626,0.011465735805214651,0.0,0.0,0.0,1.0683470872012215,0.0,microagi,2026-06-04-14-24-41-473319
13.066666666666666,1.2761248097394429,0.0,0.3249574961162074,0.015742199829475313,0.0,0.0,0.0,0.9931129586983839,0.0,microagi,2026-06-04-14-25-10-986653
5.333333333333333,1.7137819076292926,0.0,0.7702264077560285,1.9999979110500867,0.0,0.0,0.0,1.0417158643681372,0.0,microagi,2026-06-04-15-55-09-050681
13.4,1.275987418136633,0.0,0.25453366563816304,0.007888438398096052,0.0,0.0,0.0,0.6943097250432246,0.0,microagi,2026-06-04-19-18-35-068384
7.7,2.306206726749423,0.0,0.11105987789885623,0.004313517115472704,0.0,0.0,0.0,0.5940841971311212,0.0,microagi,2026-06-04-19-18-56-948384
10.4,1.62373716775907,0.0,0.3177933204302352,0.02116981726266931,0.0,0.0,0.0,0.6631237582348134,0.0,microagi,2026-06-04-19-19-05-520051
7.033333333333333,2.647331594088157,0.0,0.2866961688678334,0.005889452410585039,0.0,0.0,0.0,0.9600504568989006,0.0,microagi,2026-06-04-19-21-19-463186
9.866666666666667,1.7338880463225512,0.0,0.3548289076351894,0.010164163459948456,0.0,0.0,0.0,0.854775783157656,0.0,microagi,2026-06-04-19-22-35-307307
7.133333333333334,1.0609902997206717,0.0,0.27864867808642196,0.016557619810398817,0.0,0.0,0.0,0.44463364947225303,0.0,microagi,2026-06-04-19-32-44-855883
34.36666666666667,2.3375164301471076,0.0,1.1385524631419006,0.049590397699101674,0.0,0.0,0.0,0.7530026435292757,0.0,microagi,2026-06-04-20-36-55-319909
10.266666666666667,1.3961196192917278,0.0,0.28800469705719095,0.007360119386378161,0.0,0.0,0.0,0.8296884304723406,0.0,microagi,2026-06-05-08-27-00-826860
13.033333333333333,1.6839971590828224,0.0,0.1278380960036071,0.00290843144961569,0.0,0.0,0.0,0.7391547638003493,0.0,microagi,2026-06-05-08-27-49-463932
5.033333333333333,1.624186292434097,0.0,0.5121173028071806,0.014778948837424314,0.0,0.0,0.0,0.9197070633142129,0.0,microagi,2026-06-05-08-29-13-639966
9.066666666666666,1.7295986302353827,0.0,0.9071753462536456,0.02103721950695126,0.0,0.0,0.0,0.9511510906546076,0.0,microagi,2026-06-05-08-29-48-126632
8.3,1.4169257866130998,0.0,0.4214207007527938,0.014915721539474862,0.0,0.0,0.0,1.007765525287194,0.0,microagi,2026-06-05-08-31-48-864776
11.866666666666667,1.5592886418247383,0.0,0.6145854626307711,0.014685726581983612,0.0,0.0,0.0,0.827746811960087,0.0,microagi,2026-06-05-08-33-20-652377
28.0,3.2384058382987266,0.0,1.0606578002071323,0.021957443488440698,0.0,0.0,0.0,1.114170074710031,0.0,microagi,2026-06-05-08-35-23-325012
6.166666666666667,1.4319457027982991,0.0,0.2521050537339842,0.01843953465809388,0.0,0.0,0.0,1.0114463237895086,0.0,microagi,2026-06-05-08-40-17-332449
5.066666666666666,1.5108096822513666,0.0,0.6497489635550383,0.016161104205243162,0.0,0.0,0.0,0.9127315779373859,0.0,microagi,2026-06-05-08-46-01-504071
9.3,1.3838262043180365,0.0,0.5846914811147721,0.016193230254750335,0.0,0.0,0.0,0.8042209824951474,0.0,microagi,2026-06-05-08-46-13-210738
8.833333333333334,1.6993429388917907,0.0,0.18277007879679052,0.0065687073118532585,0.0,0.0,0.0,0.8874998276266427,0.0,microagi,2026-06-05-08-47-58-940260
8.933333333333334,2.4794555428488967,0.0,0.6624093148848932,0.00856936179672876,0.0,0.0,0.0,0.8253132511931188,0.0,microagi,2026-06-05-08-48-10-277295
56.9,1.8562353285398383,0.0,0.6120838640919997,1.999999116704182,0.0,0.0,0.0,0.6878419006076557,0.0,microagi,2026-06-05-10-07-38-688318
14.933333333333334,4.062221805261774,0.0,0.6532020113645833,0.014342329298089845,0.0,0.0,0.0,0.9286813098766032,0.0,microagi,2026-06-05-10-08-04-870941
11.466666666666667,1.4453701537672576,0.0,0.7528198680731285,0.02107157975493431,0.0,0.0,0.0,0.8819783070177115,0.0,microagi,2026-06-05-10-15-18-929042
13.366666666666667,1.9701205078568833,0.0,0.693638778191568,0.014849893754895826,0.0,0.0,0.0,1.3304006908220811,0.0,microagi,2026-06-05-10-15-48-588973
8.366666666666667,1.5062197492364506,0.0,0.5512802876556148,0.014774421214480648,0.0,0.0,0.0,0.6989381068619117,0.0,microagi,2026-06-05-10-18-53-422373
8.466666666666667,1.0151500554891248,0.0,0.5820504032704579,0.009818134322788332,0.0,0.0,0.0,0.6994327246629638,0.0,microagi,2026-06-05-10-25-43-964809
7.866666666666666,1.2229752162369583,0.0,0.06927353573443311,0.0028278667373639096,0.0,0.0,0.0,0.4071969346662509,0.01276595744680851,microagi,2026-06-05-11-52-28-360763
14.733333333333333,1.5984398534069104,0.0,0.262862829728621,0.008748371942885063,0.0,0.0,0.0,0.7159180533712838,0.0,microagi,2026-06-05-11-54-22-272430
17.733333333333334,1.2000767951166622,0.0,0.23117927569472738,0.012275928484474237,0.0,0.0,0.0,0.7221676631329335,0.0,microagi,2026-06-05-12-41-03-515283
15.3,1.7357780270412442,0.0,0.5719763606762764,0.01074605750989061,0.0,0.0,0.0,0.9702547347574603,0.0,microagi,2026-06-05-12-42-08-416950
5.633333333333334,1.5086482591637544,0.0,0.10112670831942064,0.006966659195460243,0.0,0.0,0.0,0.8003001699350307,0.0,microagi,2026-06-05-15-28-57-574105
16.3,1.7562240668006543,0.0,0.4624738286049593,0.011317361673252122,0.0,0.0,0.0,0.7836401590287645,0.0,microagi,2026-06-05-15-59-25-199378
6.0,1.5779206340909462,0.0,0.09495223440904946,0.006789938653687272,0.0,0.0,0.0,1.0022098098922765,0.0,microagi,2026-06-05-18-49-14-865346
8.366666666666667,1.4331839792529089,0.0,0.7104509177821894,0.009625640949615523,0.0,0.0,0.0,1.04929038714672,0.0,microagi,2026-06-05-18-53-54-626125
7.466666666666667,1.711193372136456,0.0,0.8643391459239943,0.012833779784942568,0.0,0.0,0.0,1.108476705647224,0.0,microagi,2026-06-05-18-54-41-830467
13.133333333333333,2.1314971010255874,0.0,0.7830876875487032,0.009714062581192402,0.0,0.0,0.0,1.0910817347080541,0.0,microagi,2026-06-05-18-58-46-330792
10.6,1.7939231505707303,0.0,0.6899991175675835,0.00786969774401832,0.0,0.0,0.0,1.0174322020594282,0.0,microagi,2026-06-05-19-14-34-551655
6.5,1.8911528051921107,0.0,0.5457387556557562,0.011594475625779498,0.0,0.0,0.0,0.8447786236335512,0.0,microagi,2026-06-05-19-26-08-847548
5.1,1.6131019023495305,0.0,0.43966804453403086,0.010194513205167547,0.0,0.0,0.0,1.0949881364529561,0.0,microagi,2026-06-06-00-03-14-480829
5.933333333333334,1.5589762794167394,0.0,0.3806195389061806,0.00621861622908153,0.0,0.0,0.0,0.9777224150536218,0.0,microagi,2026-06-06-00-04-05-009163
5.366666666666666,1.467628609981778,0.0,0.4728359222598698,0.011720896451196925,0.0,0.0,0.0,0.9092718636282902,0.0,microagi,2026-06-06-11-31-45-594605
5.533333333333333,3.200630825210952,0.0,1.5678053397878082,1.9996367761584564,0.0,0.0,0.0,1.7568409971854206,0.0,microagi,2026-06-06-11-31-55-817319
30.966666666666665,3.0076270488396815,0.0,0.09396459057614805,0.004252560082905736,0.0,0.0,0.0,0.5046332381578286,0.0010775862068965517,microagi,2026-06-06-13-04-09-614899
25.333333333333332,2.3433214511333147,0.0,0.10091449218197837,0.0064244342961976095,0.0,0.0,0.0,0.36104493239933155,0.0,microagi,2026-06-06-13-12-44-265167
10.733333333333333,2.6660146276289445,0.0,0.3288546069030354,0.030353298706974452,0.0,0.0,0.0,1.0943030452012048,0.0,microagi,2026-06-06-13-19-21-776049
8.133333333333333,2.081040498238926,0.0,0.651101038303302,0.008826358824366155,0.0,0.0,0.0,0.9987566451049588,0.0,microagi,2026-06-06-15-49-09-291327
5.766666666666667,1.7918269006403316,0.0,0.7872527790581982,0.014428929883626302,0.0,0.0,0.0,1.1984363515863308,0.0,microagi,2026-06-06-15-56-06-361462
10.166666666666666,2.045921827476715,0.0,0.64675106710901,0.024003400224413572,0.0,0.0,0.0,1.0647601800625626,0.0,microagi,2026-06-06-16-00-02-160466
5.166666666666667,2.1761406820434024,0.0,0.685092772884799,0.01417722279316027,0.0,0.0,0.0,1.0937173933300477,0.0,microagi,2026-06-06-16-01-50-305748
10.766666666666667,3.41016922476508,0.0,0.9487107811719803,0.01661533565938501,0.0,0.0,0.0,1.084527317659344,0.0,microagi,2026-06-06-16-03-04-404081
8.466666666666667,2.848685998489527,0.0,0.6094233577268706,0.03738853962786681,0.0,0.0,0.0,0.9814243273150545,0.0,microagi,2026-06-06-16-03-24-901023
487.0,2.4248829752841994,0.0,0.8335404536486677,0.021370883476474797,0.0,0.0,0.0,0.6975679063608375,0.0002053528646724622,microagi,2026-06-07-04-17-17-606583
35.233333333333334,2.2532965502327036,0.0,0.6623909594822956,0.012914746144557785,0.0,0.0,0.0,0.8869602712591648,0.0,microagi,2026-06-07-04-35-56-701561
8.133333333333333,1.7616422270735288,0.0,0.9819236750779321,0.025252990326707792,0.0,0.0,0.0,1.1031282000409868,0.0,microagi,2026-06-07-04-41-40-772736
34.833333333333336,2.6302218815356255,0.0,0.7221003219881097,0.01079651845154766,0.0,0.0,0.0,0.6932396660442864,0.0,microagi,2026-06-07-04-44-49-784921
12.233333333333333,1.446141416208822,0.0,1.110549294978362,0.02490860231529872,0.0,0.0,0.0,1.143096334194048,0.0,microagi,2026-06-07-04-50-41-726045
11.566666666666666,1.9506933238166564,0.0,0.8091190515391136,0.026009759492660836,0.0,0.0,0.0,0.7885934312111446,0.0,microagi,2026-06-07-09-46-35-903380
7.2,1.9124940731867344,0.0,0.0766379584006346,0.005106754857803091,0.0,0.0,0.0,0.7277227060311758,0.0,microagi,2026-06-07-09-48-43-271367
6.733333333333333,1.0741723480962517,0.0,0.46273368167340817,0.0068142577183954185,0.0,0.0,0.0,0.7775891381752386,0.0,microagi,2026-06-07-09-54-21-115151
6.2,1.8647172449013765,0.0,0.11497687286746867,0.007634912620366957,0.0,0.0,0.0,0.6063526876868794,0.0,microagi,2026-06-07-14-27-32-249421
24.133333333333333,1.674035925962051,0.0,0.7660308078759783,0.03126436587512466,0.0,0.0,0.0,0.9017542713534589,0.0,microagi,2026-06-07-14-29-23-393709
10.433333333333334,3.2012292062960825,0.0,0.6588286302179529,0.012547392337582687,0.0,0.0,0.0,1.1471545893975388,0.0,microagi,2026-06-07-14-41-59-886855
11.366666666666667,2.305975230476287,0.0,0.9599579659258471,0.02604324886764116,0.0,0.0,0.0,1.05317764635314,0.0,microagi,2026-06-07-15-55-13-307833
6.033333333333333,1.4059534401059213,0.0,0.6703376927442413,0.012489690298163963,0.0,0.0,0.0,1.058327075396659,0.0,microagi,2026-06-07-15-58-02-679042
8.433333333333334,1.5283151716460035,0.0,0.567171586853636,0.015398745774429573,0.0,0.0,0.0,1.1485110723039365,0.0,microagi,2026-06-07-16-43-13-865216
13.3,2.6468590464962714,0.0,0.750303431663993,0.04450009017191473,0.0,0.0,0.0,0.9154982316220811,0.0,microagi,2026-06-07-16-58-15-639125
6.833333333333333,1.5984340243755137,0.0,0.3755094756700178,0.025220025212080135,0.0,0.0,0.0,0.9123390054649753,0.0,microagi,2026-06-07-18-50-59-255333
20.0,2.4536678952576367,0.0,0.7949351904925124,0.035558691293190045,0.0,0.0,0.0,0.923855972010115,0.0,microagi,2026-06-07-18-52-14-392000
11.1,2.269991756101384,0.0,1.0132698260587756,0.05085051868541053,0.0,0.0,0.0,1.1170890310350308,0.0,microagi,2026-06-07-19-06-35-642044
19.233333333333334,2.10119467598194,0.0,0.5094441653065019,0.026570047357595345,0.0,0.0,0.0,0.9456883637157187,0.0,microagi,2026-06-07-19-07-12-694635
28.4,1.078823923076185,0.0,0.2924328716503136,0.007521506224041701,0.0,0.0,0.0,0.5665037137562061,0.0,microagi,2026-06-07-22-46-46-441755
17.966666666666665,1.6939181763977003,0.0,0.19093675220195194,0.006444875567771828,0.0,0.0,0.0,0.5390506779909867,0.0,microagi,2026-06-07-23-00-02-876750
7.166666666666667,1.1959935223780964,0.0,0.13244202455013504,0.00620454963831887,0.0,0.0,0.0,0.7294061333468702,0.0,microagi,2026-06-07-23-02-09-818598
54.5,1.3302861098779055,0.0,0.5186262837779976,0.023175529663799946,0.0,0.0,0.0,0.6859551007480382,0.0,microagi,2026-06-07-23-02-29-392149
24.133333333333333,1.1625374632051448,0.0,0.14109724932161288,0.005886403356000561,0.0,0.0,0.0,0.5473023450383514,0.0013831258644536654,microagi,2026-06-07-23-03-30-412149
16.2,1.0692266447740968,0.0,0.15461838303509326,0.004581125962354446,0.0,0.0,0.0,0.5063676147353204,0.0,microagi,2026-06-07-23-04-31-932335
40.3,1.5086961356375932,0.0,0.3712850396220026,0.007144989561950535,0.0,0.0,0.0,0.5735162017324755,0.0,microagi,2026-06-07-23-05-11-845668
11.4,1.0790987530437726,0.0,0.49400287086468936,0.0037174461048713344,0.0,0.0,0.0,0.5106533529528002,0.0,microagi,2026-06-07-23-10-47-792807
25.566666666666666,1.4829382471166972,0.0,0.5642157811414706,0.016917783882340248,0.0,0.0,0.0,0.7351977422230425,0.0,microagi,2026-06-07-23-27-52-919797
13.8,1.2531966387982407,0.0,0.27348910123589437,0.010128112751165479,0.0,0.0,0.0,0.6909787224334797,0.0,microagi,2026-06-07-23-31-11-320420
5.866666666666666,1.02283150749532,0.0,0.7458107993665597,0.01636218664617502,0.0,0.0,0.0,0.8484146087799983,0.0,microagi,2026-06-07-23-32-48-603016
7.7,2.2210989750204186,0.0,0.4067755771556397,0.010949035450064867,0.0,0.0,0.0,0.8470940386591591,0.0,microagi,2026-06-07-23-33-50-168016
12.533333333333333,1.0124138799125721,0.0,0.43786730276324926,0.010944612971149344,0.0,0.0,0.0,0.7465724829654041,0.0,microagi,2026-06-07-23-35-44-592581
19.966666666666665,1.8377813503932048,0.0,0.6584757249599708,0.027111659881014806,0.0,0.0,0.0,0.8499450974594769,0.0,microagi,2026-06-07-23-37-19-473826
5.3,1.9866198051045,0.0,0.27016961855209637,0.008724412634402155,0.0,0.0,0.0,0.9561982471802041,0.0,microagi,2026-06-07-23-39-23-238179
15.833333333333334,0.7669510013927064,0.0,0.2991266851697206,0.007788775382782344,0.0,0.0,0.0,0.488422366961108,0.0,microagi,2026-06-08-05-58-59-478634
16.333333333333332,0.6299896558106846,0.0,0.21070917649844528,0.003073403117834632,0.0,0.0,0.0,0.34922799144466726,0.0,microagi,2026-06-08-05-59-18-353634
180.06666666666666,0.946227640840198,0.0,0.7001449490847909,0.014163242211838907,0.0,0.0,0.0,0.3376714937998024,0.00018515089798185522,microagi,2026-06-08-07-33-07-215877
103.96666666666667,0.9734130947740971,0.0,0.38272547514290617,0.012473612658037621,0.0,0.0,0.0,0.41009679020608064,0.0,microagi,2026-06-08-07-50-34-532206
6.2,1.8201204265020037,0.0,0.15490064275631243,0.0027760210120177857,0.0,0.0,0.0,0.509109605658025,0.0,microagi,2026-06-08-09-17-33-987180
5.3,1.2930393334798895,0.0,0.31090883886806525,0.005460356329348307,0.0,0.0,0.0,1.0233766782568803,0.0,microagi,2026-06-08-11-38-00-763981
7.266666666666667,1.0775969457063501,0.0,0.2506449747205896,0.0052508270842488705,0.0,0.0,0.0,0.6221966546481126,0.0,microagi,2026-06-08-15-24-22-973366
12.4,0.8032075853269902,0.0,0.3563639313131765,0.007551293676642882,0.0,0.0,0.0,0.4831132993970658,0.0,microagi,2026-06-08-15-31-33-888481
22.066666666666666,1.5442946920162628,0.0,0.6681074403940277,0.01594565339935927,0.0,0.0,0.0,0.751139428830795,0.0,microagi,2026-06-08-15-46-19-006273
17.866666666666667,1.184411923609828,0.0,0.35517040564658503,0.015477177537250643,0.0,0.0,0.0,0.7162794680188672,0.0,microagi,2026-06-08-15-52-12-024685
60.56666666666667,2.3662977315816778,0.0,1.2350995386068278,0.02051293279872118,0.0,0.0,0.0,0.8128965032391782,0.0,microagi,2026-06-08-15-52-38-723551
20.766666666666666,1.6024893456674603,0.0,0.5832894789600109,0.01222416530111978,0.0,0.0,0.0,0.7916785314679506,0.0,microagi,2026-06-08-15-53-43-587478
46.63333333333333,1.6048600330380884,0.0,0.7071202671042592,0.013871185162402192,0.0,0.0,0.0,0.7637419334270816,0.0,microagi,2026-06-08-15-57-26-744710
6.033333333333333,1.931539072981014,0.0,0.8961109371267123,0.02540290594138384,0.0,0.0,0.0,1.0309965249905593,0.0,microagi,2026-06-08-22-26-27-794461
6.7,2.8288291521391007,0.0,0.24685818922408684,0.009851882585196611,0.0,0.0,0.0,0.5949821770070263,0.0,microagi,2026-06-09-06-22-52-808646
10.233333333333333,1.1691294192609314,0.0,0.375085999968102,0.006246401900792315,0.0,0.0,0.0,0.44432224060180386,0.0,microagi,2026-06-09-06-55-44-468273
6.766666666666667,1.1508565482400817,0.0,0.541439082276271,0.011752881677688145,0.0,0.0,0.0,0.6828256913216945,0.0,microagi,2026-06-09-06-56-41-021606
34.03333333333333,2.1369434247261516,0.0,1.1513228213026827,0.03526053706205724,0.0,0.0,0.0,0.5871690590240861,0.0,microagi,2026-06-09-06-58-22-089509
6.4,0.5505200110906584,0.0,0.1209216957445299,0.003644065118555719,0.0,0.0,0.0,0.3119566145097886,0.0,microagi,2026-06-09-07-51-17-993389
6.433333333333334,1.0435995622498648,0.0,0.7849776917668266,0.01932064755506416,0.0,0.0,0.0,0.7347520571468362,0.0,microagi,2026-06-09-07-52-40-120788
20.366666666666667,1.381292413222408,0.0,0.5235068191526121,0.005821621437302512,0.0,0.0,0.0,0.5878926529497814,0.0,microagi,2026-06-09-08-05-23-776554
15.066666666666666,1.9780751428107894,0.0,0.8487537998103409,0.00873939683316128,0.0,0.0,0.0,0.6827274453191611,0.0,microagi,2026-06-09-08-10-08-861718
51.36666666666667,1.2445721549688942,0.0,0.7880087614067863,0.01635096448770523,0.0,0.0,0.0,0.6253531489678569,0.0,microagi,2026-06-09-08-11-34-292338
6.333333333333333,1.1771966997650347,0.0,0.604868707645215,0.01205313579329869,0.0,0.0,0.0,0.5792031922876211,0.0,microagi,2026-06-09-08-15-08-964781
24.6,1.2759888918031403,0.0,0.6476837532917946,0.00989707152358373,0.0,0.0,0.0,0.6621576418898408,0.0,microagi,2026-06-09-08-46-47-663594
6.666666666666667,1.688014741430071,0.0,0.7828585655986151,0.020203628629927767,0.0,0.0,0.0,0.8809643345586979,0.0,microagi,2026-06-09-08-49-07-177499
9.433333333333334,1.9248604096313284,0.0,0.8507148320764135,0.028536440814387033,0.0,0.0,0.0,0.7843245953980049,0.0,microagi,2026-06-09-08-51-28-926437
27.5,1.6697515765009228,0.0,1.0715858306431636,0.032542109871578836,0.0,0.0,0.0,0.5666460571546813,0.0,microagi,2026-06-09-08-52-46-052035
8.633333333333333,1.6049626969696416,0.0,0.9142137446355788,0.02878830700069178,0.0,0.0,0.0,0.7081808759617082,0.0,microagi,2026-06-09-08-55-58-284267
33.733333333333334,1.9570067811394,0.0,1.3065252979015256,0.0333266285839259,0.0,0.0,0.0,0.5179787775121605,0.0009891196834817012,microagi,2026-06-09-09-19-28-397646
47.7,1.284826195582771,0.0,0.678362668219473,0.010363814598711711,0.0,0.0,0.0,0.44285464628645393,0.0013986013986013986,microagi,2026-06-09-09-23-26-273216
115.56666666666666,2.8570015768497607,0.0,1.003203544071532,0.03684773477482368,0.0,0.0,0.0,0.7088796492726737,0.0,microagi,2026-06-09-10-05-44-372541
28.066666666666666,3.23640303434159,0.0,1.0305340682858737,0.032282330487331284,0.0,0.0,0.0,0.8115567189192638,0.0,microagi,2026-06-09-10-07-43-609611
5.366666666666666,2.83899754983681,0.0,0.22526965002477478,0.006253850324736935,0.0,0.0,0.0,0.6394187073615997,0.0,microagi,2026-06-09-10-08-12-984611
5.033333333333333,2.7519870595402844,0.0,0.5601283260616583,0.0337477074914657,0.0,0.0,0.0,0.9984104360054482,0.0,microagi,2026-06-09-10-08-13-383173
69.16666666666667,2.8531741211357975,0.0,0.9251952063075288,0.0304305456081626,0.0,0.0,0.0,0.6979778394854971,0.0,microagi,2026-06-09-10-11-43-448309
5.933333333333334,1.2684551659248229,0.0,1.0445023513715195,0.010833312507690963,0.0,0.0,0.0,0.7881035575902228,0.0,microagi,2026-06-09-10-15-43-656705
7.7,1.237683400066564,0.0,0.3415553169943673,0.009298104280538491,0.0,0.0,0.0,0.836908942532613,0.0,microagi,2026-06-09-11-13-32-245512
5.433333333333334,1.183876019808128,0.0,0.4289302876622053,0.02075218672856945,0.0,0.0,0.0,1.0574883348827973,0.0,microagi,2026-06-09-11-16-26-130823
7.0,1.6353448463471045,0.0,0.4644054108975179,0.016482841067973857,0.0,0.0,0.0,1.1986813491280588,0.0,microagi,2026-06-09-11-19-43-259165
6.733333333333333,3.7856561803679076,0.0,0.2685919353381688,0.007101140806021451,0.0,0.0,0.0,1.0451388580231042,0.0,microagi,2026-06-09-16-53-46-802409
13.6,1.8814127705140282,0.0,0.7428801274035192,0.01480926829826378,0.0,0.0,0.0,1.1078345666302225,0.0,microagi,2026-06-09-16-57-52-169690
8.266666666666667,1.746560125677668,0.0,0.8165830992736695,0.010989512532799436,0.0,0.0,0.0,1.1468319520045505,0.0,microagi,2026-06-09-17-00-07-589842
12.966666666666667,1.5523173557863952,0.0,0.4453281552289531,0.02937844624630201,0.0,0.0,0.0,0.6130338446761774,0.0,microagi,2026-06-09-17-05-16-315047
7.333333333333333,1.3340781140625193,0.0,0.5675598175019669,0.005779095073005314,0.0,0.0,0.0,0.6335162785343322,0.0,microagi,2026-06-09-17-53-02-909316
40.733333333333334,1.6967140883820528,0.0,0.7965493532941762,0.011162670521096995,0.0,0.0,0.0,0.6254714321683331,0.0,microagi,2026-06-09-18-12-37-271498
9.166666666666666,0.7984941043857794,0.0,0.44272042472528145,0.008807618351204914,0.0,0.0,0.0,0.33243624760741347,0.0,microagi,2026-06-09-18-14-00-953164
9.4,0.9133398019111327,0.0,0.7630534543202676,0.00999041239100223,0.0,0.0,0.0,0.46848392699024166,0.0,microagi,2026-06-09-18-17-58-257313
77.63333333333334,1.3783185072430058,0.0,0.8197686822719125,0.023257976157801202,0.0,0.0,0.0,0.710917328560481,0.0,microagi,2026-06-09-18-54-05-687206
7.633333333333334,1.352915422287705,0.0,0.7965564225583872,0.01152987245840067,0.0,0.0,0.0,0.7977693544471948,0.0,microagi,2026-06-09-18-55-39-974959
27.3,1.3242543030676277,0.0,0.9099186986228146,0.023807415480810133,0.0,0.0,0.0,0.7767384757176562,0.0,microagi,2026-06-09-18-57-07-626625
10.466666666666667,1.5418293705449404,0.0,0.5234219807540965,0.016824671270932387,0.0,0.0,0.0,0.8179076099187755,0.0,microagi,2026-06-09-18-58-32-608967
26.866666666666667,1.6536938167977542,0.0,0.9688516054531833,0.029719862955707096,0.0,0.0,0.0,0.7046925062061226,0.0,microagi,2026-06-09-19-00-27-541240
14.766666666666667,1.3488078447383738,0.0,0.895406205343785,0.007789976386571456,0.0,0.0,0.0,0.6785754854599425,0.0,microagi,2026-06-09-19-07-45-074262
92.83333333333333,1.6725117453339775,0.0,0.9891808220663921,0.026040079163874023,0.0,0.0,0.0,0.8301841271576716,0.0,microagi,2026-06-09-19-23-25-500935
20.266666666666666,1.5349739602356443,0.0,0.8649923586318357,0.02278778667835851,0.0,0.0,0.0,0.5532819921001884,0.0,microagi,2026-06-09-19-27-12-063680
43.733333333333334,3.736924603721827,0.0,0.40004519553344614,0.019106583084306607,0.0,0.0,0.0,0.8948938938459193,0.0,microagi,2026-06-09-21-11-05-735103
18.9,1.4823484933722666,0.0,0.5331343094943358,0.01595300837288851,0.0,0.0,0.0,0.9660445088357109,0.0,microagi,2026-06-09-21-13-41-032261
5.233333333333333,2.202805943440351,0.0,0.5866105407615275,0.011279967472155985,0.0,0.0,0.0,0.934870118173263,0.0,microagi,2026-06-09-21-14-45-357690
20.666666666666668,1.762878174825087,0.0,0.7578163955250472,0.011419886209946353,0.0,0.0,0.0,0.8166940520906684,0.0,microagi,2026-06-09-21-15-42-214356
38.266666666666666,1.6817479265284494,0.0,0.835185725820008,0.018667602208779773,0.0,0.0,0.0,0.622245214369342,0.0,microagi,2026-06-10-07-54-05-164526
39.833333333333336,2.1481350668647066,0.0,0.7291866189064702,0.013108995040774755,0.0,0.0,0.0,0.5101422915038518,0.0,microagi,2026-06-10-08-04-29-869464
75.5,5.292950272061454,0.00022084805653710247,0.8907704757054185,0.03222735350223562,0.0,0.0,0.0,0.7537256351678375,0.0,microagi,2026-06-10-08-05-14-849464
25.733333333333334,1.2469604029742343,0.0,0.24003113131415332,0.005750814274916958,0.0,0.0,0.0,0.35960782194571533,0.0025940337224383916,microagi,2026-06-10-08-11-59-479966
5.033333333333333,0.8299382503776582,0.0,0.16120066771309427,0.0065859886615857845,0.0,0.0,0.0,0.35028337381050784,0.0,microagi,2026-06-10-08-13-49-314926
70.96666666666667,2.1683787001176045,0.0,0.9248763330901413,0.019147614991601003,0.0,0.0,0.0,0.7364303783416548,0.0,microagi,2026-06-10-08-20-22-655263
6.9,1.4686511312984503,0.0,0.9681626719475152,0.015796419814815155,0.0,0.0,0.0,0.579446675171731,0.0,microagi,2026-06-10-08-22-10-789069
12.966666666666667,1.2135892699101938,0.0,0.6125471026669171,0.026125041162258108,0.0,0.0,0.0,0.7668735330268256,0.0,microagi,2026-06-10-08-30-36-777904
28.766666666666666,1.3520551434332557,0.0,0.8117728044124409,0.022313965463201864,0.0,0.0,0.0,0.7447986478501031,0.0,microagi,2026-06-10-08-38-57-670112
42.53333333333333,1.5726047887594679,0.0,0.5372187699921809,0.015655432634098358,0.0,0.0,0.0,0.6793352503741918,0.0,microagi,2026-06-10-08-39-28-080112
19.133333333333333,1.4705536024575163,0.0,0.7977675705597133,0.020647402035593922,0.0,0.0,0.0,0.7587341719833759,0.0,microagi,2026-06-10-08-44-18-675861
11.266666666666667,1.8850064326185996,0.0,0.9610322566143477,0.017867503844197788,0.0,0.0,0.0,0.8753692087018725,0.0,microagi,2026-06-10-08-45-45-004042
17.6,1.2852139176545285,0.0,0.42769832875963076,0.011297432529398873,0.0,0.0,0.0,0.553409244280582,0.0,microagi,2026-06-10-09-17-37-810219
14.1,2.666035430748805,0.0,0.8668141336995471,0.05276382631371584,0.0,0.0,0.0,0.7641478640211283,0.0,microagi,2026-06-10-09-21-47-794998
28.233333333333334,3.770557949718499,0.0,0.6205882567827861,0.017481646294854384,0.0,0.0,0.0,0.7510872922151535,0.0,microagi,2026-06-10-09-38-20-369402
13.333333333333334,2.723967659152066,0.0,0.23512289357191588,0.013011671003103067,0.0,0.0,0.0,0.5341082588745547,0.0,microagi,2026-06-10-09-42-59-723879
5.3,1.1849485069017751,0.0,0.6894726836796319,0.015009761037565466,0.0,0.0,0.0,0.6340965504515792,0.0,microagi,2026-06-10-09-53-48-241912
124.13333333333334,3.8172932710760406,0.0,1.063483722479176,0.022871283328993013,0.0,0.0,0.0,0.6518575127743145,0.0008058017727639,microagi,2026-06-10-09-56-08-820573
7.166666666666667,1.0518003387493817,0.0,0.4985783258295641,0.00616910212291113,0.0,0.0,0.0,0.5478415816053537,0.0,microagi,2026-06-10-10-02-07-601890
37.6,1.2487066351489098,0.0,0.7899373211496403,0.016592193040309098,0.0,0.0,0.0,0.6294358055197505,0.0,microagi,2026-06-10-10-02-18-238557
5.633333333333334,1.4947848014448775,0.0,0.24657824143787274,0.005381206924879066,0.0,0.0,0.0,0.5493623414750454,0.0,microagi,2026-06-10-13-47-27-846377
12.233333333333333,1.803366909621905,0.0,0.4078547700991314,0.02936492084342017,0.0,0.0,0.0,0.8859638481010462,0.0,microagi,2026-06-10-17-30-32-605981
7.8,0.7836913044094409,0.0,0.24023433253029425,0.005162050895893598,0.0,0.0,0.0,0.3941092069968695,0.0,microagi,2026-06-10-17-31-45-468102
12.433333333333334,1.4279449985721693,0.0,0.9212750365328632,0.023517939130334932,0.0,0.0,0.0,0.6865664656685997,0.005376344086021506,microagi,2026-06-10-17-32-54-708102
5.1,0.7085622815363388,0.0,0.3004544129311721,0.006630453283119293,0.0,0.0,0.0,0.45890100320162536,0.0,microagi,2026-06-11-07-17-16-830800
8.8,2.3341871922967337,0.0,0.3472887269771947,0.006779925722896122,0.0,0.0,0.0,0.5230129977229167,0.0,microagi,2026-06-11-07-18-26-619133
6.666666666666667,0.7190380974022672,0.0,0.30492944779464304,0.004118557542738725,0.0,0.0,0.0,0.47005065846934274,0.0,microagi,2026-06-11-07-24-42-739069
6.1,0.7830866870974428,0.0,0.327934904359177,0.008416615200646236,0.0,0.0,0.0,0.4955781608858243,0.0,microagi,2026-06-11-07-34-16-325959
16.0,1.6319768718419958,0.0,0.3192632740656639,0.010817659753861219,0.0,0.0,0.0,0.4977966713874452,0.0,microagi,2026-06-11-07-34-24-295959
11.633333333333333,1.723967612146072,0.0,0.6895704632213492,0.011221717398918665,0.0,0.0,0.0,0.7093939986682934,0.0,microagi,2026-06-11-07-36-03-494346
13.2,1.9037430912554012,0.0,0.7085413707715543,0.015819737329499862,0.0,0.0,0.0,0.7486581802191409,0.0,microagi,2026-06-11-07-36-56-444346
10.7,1.1703148334425764,0.0,0.6937503823062666,0.008455133307761981,0.0,0.0,0.0,0.5971440415221996,0.0,microagi,2026-06-11-07-37-14-049337
5.066666666666666,1.3555386619240775,0.0,0.611812047513125,0.00879006567550807,0.0,0.0,0.0,0.595296448883758,0.0,microagi,2026-06-11-07-38-19-071004
7.0,1.3967232969359602,0.0,0.07385094566958192,0.003801361921011848,0.0,0.0,0.0,0.6317324738647542,0.0,microagi,2026-06-11-12-34-55-249846
27.166666666666668,1.65510364254425,0.0,0.8114237489924315,0.017854228925161003,0.0,0.0,0.0,0.6966918450507318,0.0012285012285012285,microagi,2026-06-11-13-41-51-867030
7.433333333333334,1.302623656479304,0.0,0.8216897362469634,0.012950203913499754,0.0,0.0,0.0,0.9349949119828034,0.0,microagi,2026-06-11-13-47-55-561373
5.433333333333334,1.1857520109813742,0.0,0.8639938367369424,0.01046670421584619,0.0,0.0,0.0,0.6071639718043272,0.0,microagi,2026-06-11-13-50-54-008440
19.733333333333334,1.6576675838916084,0.0,0.3355037935562402,0.012561905696471715,0.0,0.0,0.0,0.7143440556037028,0.0,microagi,2026-06-11-13-51-25-600242
14.933333333333334,2.6783896609959212,0.0,0.3810858571808997,0.018952944774580153,0.0,0.0,0.0,0.5890181571850662,0.0,microagi,2026-06-11-13-51-53-543576
70.56666666666666,2.4339579301374505,0.0,0.7086478806327375,0.018562651271621065,0.0,0.0,0.0,0.6573742683775922,0.0,microagi,2026-06-11-13-52-37-025242
13.033333333333333,1.3783088796577982,0.0,0.44656321353637873,0.010647030136220642,0.0,0.0,0.0,0.6822382067762974,0.0,microagi,2026-06-11-13-54-31-065477
40.06666666666667,1.8787673925728483,0.0,1.0581051575029536,0.023724418609925003,0.0,0.0,0.0,0.6858377044946862,0.0,microagi,2026-06-11-13-57-01-783981
22.7,2.0662725726250795,0.0,1.2527503293164393,0.03983096883663896,0.0,0.0,0.0,0.8284703216520583,0.0,microagi,2026-06-11-14-05-01-384725
14.833333333333334,1.799320334117173,0.0,1.175117107050954,0.022191626156717072,0.0,0.0,0.0,0.7681750812230322,0.0,microagi,2026-06-11-14-06-08-774890
6.066666666666666,1.3385979462958184,0.0,0.507520770972598,0.024763882151762045,0.0,0.0,0.0,0.7699577300384148,0.0,microagi,2026-06-11-14-06-32-483224
5.466666666666667,1.7360839147167717,0.0,0.36611079439955113,0.0117884352747931,0.0,0.0,0.0,0.7272384000710729,0.0,microagi,2026-06-11-14-46-27-024928
9.7,0.9511758055293671,0.0,0.2628307319231547,0.008632985140637262,0.0,0.0,0.0,0.5001491078285085,0.0,microagi,2026-06-11-14-53-08-244586
12.633333333333333,1.3440517195712303,0.0,0.19568474447474954,0.008973226339794875,0.0,0.0,0.0,0.7267996775581822,0.0,microagi,2026-06-11-14-55-19-277056
7.333333333333333,1.0331845982563943,0.0,0.3950258404386382,0.02551381630095781,0.0,0.0,0.0,0.4325405854036256,0.0,microagi,2026-06-11-16-34-46-912724
6.666666666666667,0.7787317159591688,0.0,0.11659317233533409,0.005484515164905406,0.0,0.0,0.0,0.35990516765697184,0.0,microagi,2026-06-11-16-41-26-069451
9.4,0.7783832209096381,0.0,0.17938382748197387,0.006988063330679767,0.0,0.0,0.0,0.25528656057756477,0.0071174377224199285,microagi,2026-06-11-16-54-25-009269
12.5,1.1771882688653923,0.0,0.5662014289734595,0.024179918671635905,0.0,0.0,0.0,0.48469719072009027,0.0,microagi,2026-06-11-16-54-38-679269
7.966666666666667,1.188613725053673,0.0,0.23308061129048738,0.010762241270147103,0.0,0.0,0.0,0.42225135942037373,0.0,microagi,2026-06-11-16-57-01-556070
9.533333333333333,1.3404959059545234,0.0,0.44723373908081604,0.022851938660501205,0.03333333333333333,0.0,0.0034965034965034965,0.46361027641322017,0.0,microagi,2026-06-11-16-58-17-281497
6.366666666666666,1.5212856115620315,0.0,0.20867885320917245,0.00739664710073096,0.0,0.0,0.0,0.7219471204360806,0.0,microagi,2026-06-11-17-08-03-019352
6.866666666666666,3.360422276223193,0.0,0.3357230729420115,0.011130964794121902,0.0,0.0,0.0,0.7548511015605764,0.0,microagi,2026-06-11-17-08-40-442685
5.333333333333333,1.2795263952166924,0.0,0.12381655370078277,0.006174247273530329,0.0,0.0,0.0,0.8276961021142615,0.0,microagi,2026-06-11-17-12-19-362601
47.56666666666667,0.9477180575587075,0.0,0.246851691486216,0.006545827166932213,0.0,0.0,0.0,0.33077459175927426,0.0,microagi,2026-06-12-08-35-52-761055
146.1,1.8517026234857223,0.0,0.8356071861254593,0.01304457369641955,0.0,0.0,0.0,0.4849486456202515,0.00045641259698767686,microagi,2026-06-12-08-41-41-442508
55.53333333333333,1.1234792432862033,0.0,0.952408578270215,0.013220370954527664,0.0,0.0,0.0,0.4454164652762372,0.0006006006006006006,microagi,2026-06-12-08-45-39-255429
18.6,1.1626037825196716,0.0,0.9060244050851016,0.008860646102203273,0.0,0.0,0.0,0.4003835036749328,0.0,microagi,2026-06-12-08-47-43-430179
20.4,0.971274831408745,0.0,0.27080997060135936,0.006369377450621987,0.0,0.0,0.0,0.41720146501331834,0.0,microagi,2026-06-12-08-56-13-830048
12.333333333333334,1.4998806361775245,0.0,0.1567697661717295,0.0040307314561994975,0.0,0.0,0.0,0.6171445294113969,0.0,microagi,2026-06-13-01-54-26-317717
14.566666666666666,5.609972459239031,0.006880733944954129,0.1794186857029727,0.005294947510041579,0.0,0.0,0.0,0.9055090084113561,0.0,microagi,2026-06-13-01-55-33-756673
11.2,1.9207009204493022,0.0,0.43865084055937203,0.006140263373298683,0.0,0.0,0.0,0.9029091619650988,0.0,microagi,2026-06-13-01-56-05-579546
4.8,0.8047892078969996,0.0,0.4109089146116243,0.00589255960019418,0.0,0.0,0.0,0.5603547022599125,0.0,microagi,2026-06-13-08-43-56-692714
5.3,1.1352530906573983,0.0,0.1534918233898003,0.006078485873402617,0.0,0.0,0.0,0.698674785744831,0.0,microagi,2026-06-13-08-48-19-165540
5.466666666666667,1.0352531147910662,0.0,0.36727667278353343,0.012023229219990272,0.0,0.0,0.0,0.5265608525953742,0.0,microagi,2026-06-13-08-49-10-813900
7.366666666666666,1.7976210465568667,0.0,0.5179324372366643,0.015876980625772443,0.0,0.0,0.0,0.9871558285869027,0.0,microagi,2026-06-13-12-26-54-976592
6.733333333333333,1.9138596690404905,0.0,0.6857536948931594,0.018214646784190595,0.0,0.0,0.0,1.107732233339042,0.0,microagi,2026-06-13-14-36-46-982951
15.1,1.2972070741188548,0.0,0.4995443966283365,0.009766732369390812,0.0,0.0,0.0,0.7611697082938971,0.0,microagi,2026-06-13-16-30-34-283164
23.6,1.5675578200515234,0.0,0.6407758118990714,0.009815970624268543,0.0,0.0,0.0,0.29622207317095217,0.0,microagi,2026-06-13-17-43-22-577004
8.4,1.9271342501294955,0.0,0.6936646188293881,0.017335224374291233,0.0,0.0,0.0,1.0207722859687403,0.0,microagi,2026-06-14-05-11-59-717943
6.533333333333333,1.2395531623025164,0.0,0.6151717943400294,0.01360942838637831,0.0,0.0,0.0,0.9408554004075667,0.0,microagi,2026-06-14-05-14-26-316945
9.0,1.3127792143765291,0.0,0.6276631664342872,0.012326034103958956,0.0,0.0,0.0,0.769136370583771,0.0,microagi,2026-06-14-06-46-00-169608
7.333333333333333,1.2728958895700766,0.0,0.22926930919382904,0.0082795098449772,0.0,0.0,0.0,0.7119237672287225,0.0,microagi,2026-06-14-06-47-56-909532
6.4,2.322216905115274,0.0,0.2116777067429637,0.006531611734977954,0.0,0.0,0.0,0.45842811604069983,0.0,microagi,2026-06-14-06-49-04-217865
7.933333333333334,1.4012165482698795,0.0,0.48328037259105705,0.015097277320884792,0.0,0.0,0.0,0.648576540952886,0.0,microagi,2026-06-14-09-07-10-879117
13.0,1.9928563303940212,0.0,0.1139318675539913,0.004506107980415269,0.0,0.0,0.0,0.6124504959671234,0.0,microagi,2026-06-14-12-52-30-760139
8.866666666666667,3.546495567638309,0.0,0.10022876867180165,0.004475252255683312,0.0,0.0,0.0,0.723009985286454,0.0,microagi,2026-06-14-18-12-22-850417
5.7,1.5370675590734357,0.0,0.1501661270506779,0.004792103932954317,0.0,0.0,0.0,0.5798134035846493,0.0,microagi,2026-06-14-18-13-21-646267
5.466666666666667,1.5621719669561478,0.0,0.41794352158253073,0.018389580117262695,0.0,0.0,0.0,0.9455012659403254,0.0,microagi,2026-06-14-18-13-29-549601
5.233333333333333,1.2228154289988842,0.0,0.6565036328070376,0.011078702004622014,0.0,0.0,0.0,0.733367606587654,0.0,microagi,2026-06-15-01-57-17-046166
28.166666666666668,2.034503975109751,0.0,0.9030908098195018,0.006567270222697898,0.0,0.0,0.0,0.5842128865819232,0.0,microagi,2026-06-15-01-57-30-921166
34.733333333333334,1.65316705859397,0.0,0.6376545871102459,0.020740878880834795,0.0,0.0,0.0,0.630793503760945,0.0,microagi,2026-06-15-01-59-20-953840
16.266666666666666,2.4708830046284014,0.0,0.807463316324839,0.028014638515898423,0.0,0.0,0.0,1.0496082352945864,0.0,microagi,2026-06-15-09-34-48-831656
5.733333333333333,1.951637943583119,0.0,1.2822886523024306,0.022135785655220987,0.0,0.0,0.0,1.166267436675448,0.0,microagi,2026-06-15-09-35-08-039643
12.966666666666667,1.7286443405169818,0.0,0.9920259568232631,0.021003712960346484,0.0,0.0,0.0,0.35325837857201836,0.0,microagi,2026-06-15-09-39-29-890310
9.166666666666666,1.4196945532842316,0.0,0.6840878979303706,0.013372323828175556,0.0,0.0,0.0,1.050371990244256,0.0,microagi,2026-06-15-16-42-44-716188
10.866666666666667,1.4452416402048835,0.0,0.5945098953199296,0.035889738725792444,0.0,0.0,0.0,0.911299344673248,0.0,microagi,2026-06-15-20-03-56-317407
8.1,1.559481913517633,0.0,0.6130185250481816,0.02890006811969007,0.0,0.0,0.0,0.9633599842795645,0.0,microagi,2026-06-15-20-04-55-734074
5.066666666666666,1.107261727987261,0.0,0.09400486078207733,0.003319932188043647,0.0,0.0,0.0,0.7409106061406996,0.0,microagi,2026-06-16-06-30-01-945405
48.9,1.126272036585688,0.0,0.5050225186239342,0.008923981963588972,0.0,0.0,0.0,0.4624406697956604,0.0006821282401091405,microagi,2026-06-16-08-19-53-937834
631.9333333333333,3.775768825524965,0.0,0.2670556087712071,0.00742779702743034,0.0,0.03333333333333333,5.274818018778353e-05,0.4377240387590585,0.00010550192541013873,microagi,2026-06-16-08-50-32-798012
80.4,1.224418789876153,0.0,0.319218421819105,0.007124706121267798,0.0,0.0,0.0,0.4348098072680422,0.0,microagi,2026-06-16-09-30-09-790218
11.533333333333333,1.3187319357565719,0.0,0.8607700466068254,0.021998714154175245,0.0,0.0,0.0,0.8413207682369599,0.0,microagi,2026-06-16-12-30-10-896137
7.233333333333333,1.439929363431821,0.0,0.8693518113989751,0.03247847728136895,0.0,0.0,0.0,0.8861439609479221,0.0,microagi,2026-06-16-14-57-59-254612
13.533333333333333,1.8525883313371256,0.0,0.5278740270792939,0.01947178382968789,0.0,0.0,0.0,0.8229508498937858,0.0,microagi,2026-06-16-15-00-52-933682
36.2,1.812953139185501,0.0,0.6206012433459873,0.02334151601772184,0.0,0.0,0.0,0.9097912220579623,0.0,microagi,2026-06-16-15-01-07-407015
13.633333333333333,1.6343540043928804,0.0,0.4097414314049995,0.014704092708614655,0.0,0.0,0.0,0.9490755569076872,0.0,microagi,2026-06-16-15-13-01-098455
54.43333333333333,0.9870949583206721,0.0,0.4319856790804845,0.012943115377220264,0.0,0.0,0.0,0.4853563262804045,0.0006127450980392157,microagi,2026-06-16-18-21-13-584984
40.06666666666667,1.0265539789978388,0.0,0.6065678180134524,0.007870200679247957,0.0,0.0,0.0,0.4944244015450972,0.0,microagi,2026-06-16-18-25-12-872398
13.666666666666666,0.8158511323591238,0.0,0.7165293920075003,0.005585874138593933,0.0,0.0,0.0,0.5179607548340348,0.0,microagi,2026-06-16-18-29-07-656236
43.166666666666664,0.7713115304407854,0.0,0.43182806447954614,0.010167012750511854,0.0,0.0,0.0,0.46685701455710404,0.0007727975270479134,microagi,2026-06-16-18-31-11-534712
49.2,0.8836530655431113,0.0,0.4442347020532514,0.008744585343136334,0.0,0.0,0.0,0.33880141145608794,0.0006779661016949153,microagi,2026-06-16-18-38-23-891590
96.93333333333334,1.0426772543059504,0.0,0.6307738188350734,0.011942694251062086,0.0,0.0,0.0,0.49967295022020525,0.0003439972480220158,microagi,2026-06-16-19-04-20-662988
45.166666666666664,1.1745665145942352,0.0,0.501298030013521,0.008085483093886701,0.0,0.0,0.0,0.45096746065103727,0.0,microagi,2026-06-16-19-10-13-058281
44.766666666666666,1.1558136937390622,0.0,0.4090257733295567,0.007137790724194874,0.0,0.0,0.0,0.48072990300948537,0.0007451564828614009,microagi,2026-06-16-19-13-18-860417
8.1,0.5443991186699081,0.0,0.40667690001276374,0.004740261271152872,0.0,0.0,0.0,0.41153389068566987,0.0,microagi,2026-06-16-19-17-45-556032
46.06666666666667,1.00023390264633,0.0,0.4231351616486918,0.005889750120827497,0.0,0.0,0.0,0.4054292149947314,0.0,microagi,2026-06-16-19-18-50-646232
5.033333333333333,0.4742845631987102,0.0,0.32003005487211766,0.005417507616633454,0.0,0.0,0.0,0.41561981351521554,0.0,microagi,2026-06-16-19-20-32-483069
37.93333333333333,1.317082802405682,0.0,0.3777891530282352,0.006550046789041891,0.0,0.0,0.0,0.5298514294443006,0.0,microagi,2026-06-16-19-23-19-011532
27.066666666666666,1.2160848370447306,0.0,0.18977508048391306,0.0063141223361839385,0.0,0.0,0.0,0.4913295419485562,0.0,microagi,2026-06-16-19-32-01-166657
47.53333333333333,1.3047422649003044,0.0,0.6146070966671636,1.9999981702522502,0.0,0.0,0.0,0.4364271483639124,0.0,microagi,2026-06-17-00-23-44-994890
46.733333333333334,0.9010971850855779,0.0,0.577346539532968,1.999996003055425,0.0,0.0,0.0,0.4407159609901328,0.0,microagi,2026-06-17-00-24-39-148026
5.666666666666667,0.7353801188843793,0.0,0.2299735530029648,0.0017518307881865768,0.0,0.0,0.0,0.4380279984489969,0.0,microagi,2026-06-17-00-28-14-891181
27.4,1.0037872569237976,0.0,0.5159957720118132,1.9999988144539587,0.0,0.0,0.0,0.4454909277063465,0.001218026796589525,microagi,2026-06-17-00-32-01-206343
24.666666666666668,0.9022198023497673,0.0,0.4105775321798335,0.005630346315453899,0.0,0.0,0.0,0.4423364518093517,0.0,microagi,2026-06-17-00-50-52-508128
32.56666666666667,1.074310928270808,0.0,0.4729403693542197,0.005870329929204569,0.0,0.0,0.0,0.4612914111380138,0.0,microagi,2026-06-17-01-13-08-788979
13.533333333333333,0.9723816215102425,0.0,0.3483442224502341,0.00420533784813832,0.0,0.0,0.0,0.5020160729961104,0.0,microagi,2026-06-17-02-47-38-300752
7.8,1.5856339676460698,0.0,0.49417722998300484,0.025377123596411373,0.0,0.0,0.0,0.7204001343909248,0.0,microagi,2026-06-17-11-42-44-125339
11.6,3.1210838381959913,0.0,1.2284544011863603,0.032909780190955196,0.0,0.0,0.0,0.9791483381733586,0.0,microagi,2026-06-17-13-40-16-958490
36.266666666666666,3.3989691850129997,0.0,1.0818046363193508,0.035876409062237935,0.0,0.0,0.0,0.6006389942755227,0.0,microagi,2026-06-17-13-41-17-595157
28.0,1.7037319184685704,0.0,0.5966043925461817,0.011522756172424795,0.0,0.0,0.0,0.5520058411362008,0.0,microagi,2026-06-17-13-45-28-443642
19.5,2.782999427557504,0.0,0.6958429346762366,0.02470955974986691,0.0,0.0,0.0,0.6238271560020612,0.0,microagi,2026-06-17-13-53-29-008634
11.233333333333333,1.885204922982972,0.0,0.97973429049523,0.021800919406974005,0.0,0.0,0.0,0.7354822634412034,0.0,microagi,2026-06-17-13-58-02-170191
25.533333333333335,2.257760689261391,0.0,0.6792725776037384,0.0317105836979804,0.0,0.0,0.0,0.6241398523059182,0.0,microagi,2026-06-17-13-58-18-513524
11.933333333333334,1.0696027687849257,0.0,0.6032387062166835,0.020012643556280286,0.0,0.0,0.0,0.5739480607468233,0.0,microagi,2026-06-17-14-03-19-524295
95.86666666666666,2.686398806470718,0.0,1.0050731897315928,0.023626470166126047,0.0,0.0,0.0,0.5164812526688524,0.0006956521739130435,microagi,2026-06-17-14-03-32-565962
11.933333333333334,2.02632652892069,0.0,0.25957498447842176,1.9999836689580979,0.0,0.0,0.0,0.8741863405979399,0.0,microagi,2026-06-17-14-07-18-485770
33.3,6.333088124776599,0.005511022044088177,1.2443565748683927,0.027346398880427242,0.0,0.0,0.0,0.7268959841684127,0.0,microagi,2026-06-17-14-08-44-982549
6.966666666666667,2.9345492054259,0.0,0.17770209016132638,1.9999986665586373,0.0,0.0,0.0,0.79589523049963,0.0,microagi,2026-06-17-14-08-45-586392
29.933333333333334,1.7631966761013462,0.0,0.9917869738678962,0.03430508555319273,0.0,0.0,0.0,0.6474770476773707,0.0,microagi,2026-06-17-14-10-08-665005
5.533333333333333,1.0852681169231502,0.0,0.6782129685664873,0.02795399957645075,0.0,0.0,0.0,0.7615191814835365,0.0,microagi,2026-06-17-14-14-55-534917
25.333333333333332,1.3298678755667648,0.0,0.9493684036299652,0.02471399680400892,0.0,0.0,0.0,0.7002015233828265,0.0,microagi,2026-06-17-14-16-02-540716
33.166666666666664,1.6974784347204517,0.0,0.4713605842786847,0.01123748742589292,0.0,0.0,0.0,0.5755907675843994,0.001006036217303823,microagi,2026-06-17-14-21-40-939845
55.53333333333333,0.5896144350645519,0.0,0.14587448600408226,0.004663148098180806,0.0,0.0,0.0,0.20507736599799412,0.003003003003003003,microagi,2026-06-17-15-35-01-589731
51.3,0.756484682585669,0.0,0.272796609259907,0.007519052256434561,0.0,0.0,0.0,0.2799154263658223,0.0006501950585175553,microagi,2026-06-17-15-39-14-943966
114.66666666666667,0.6628353074932024,0.0,0.2220569679391475,0.005763585050687739,0.0,0.0,0.0,0.21496974972870544,0.003780168653678395,microagi,2026-06-17-16-09-04-769524
25.2,0.7589998846768413,0.0,0.1219184880514731,0.004710159062215835,0.0,0.0,0.0,0.2647088684066811,0.0013245033112582781,microagi,2026-06-17-16-37-33-184919
37.666666666666664,1.5073350206336118,0.0,0.6746219960347656,0.026733813925720346,0.0,0.0,0.0,0.7442348446359524,0.0,microagi,2026-06-17-18-10-44-084150
6.0,1.0151703364230038,0.0,0.3796017512070296,0.01624851806296919,0.0,0.0,0.0,0.7874250120039973,0.0,microagi,2026-06-17-18-13-04-069105
6.8,1.6887369371054786,0.0,0.6161480330374118,0.02145527764295722,0.0,0.0,0.0,0.7323272644520185,0.0,microagi,2026-06-17-18-13-14-439105
5.333333333333333,0.9987343795792095,0.0,0.2783931964939006,0.006924929041832301,0.0,0.0,0.0,0.5105623131158956,0.0,microagi,2026-06-17-18-14-31-700680
10.5,2.1328293939200287,0.0,0.42799346702003205,0.009828841358505064,0.0,0.0,0.0,0.7423336994787169,0.0,microagi,2026-06-17-18-17-56-574030
11.0,0.7245373743938471,0.0,0.11512529636261487,0.0036178022197480473,0.0,0.0,0.0,0.3003906013409665,0.0,microagi,2026-06-17-19-51-34-183187
162.63333333333333,1.263276773962625,0.0,0.39395068887180595,0.0061877712776449625,0.0,0.0,0.0,0.39373340991434286,0.004510045100451004,microagi,2026-06-17-19-52-54-910128
11.666666666666666,0.9804932896347216,0.0,0.3868850316044931,0.008304836546786274,0.0,0.0,0.0,0.5949458581468579,0.0,microagi,2026-06-17-19-56-30-178472
22.766666666666666,0.7450908948089435,0.0,0.32665296008042916,0.005722257180679773,0.0,0.0,0.0,0.2969038503212355,0.0,microagi,2026-06-17-19-57-09-223472
62.9,0.9963217149998704,0.0,0.49861722322173474,0.01501968780527236,0.0,0.0,0.0,0.38322297592877824,0.0,microagi,2026-06-18-11-09-53-467194
14.233333333333333,1.0166322993605599,0.0,0.06267545447543697,0.0026017318470942627,0.0,0.0,0.0,0.45552566233078134,0.0,microagi,2026-06-18-18-54-06-595371
20.3,0.9784117287530915,0.0,0.19586603284722,0.004694828134460955,0.0,0.0,0.0,0.41229557886009605,0.0,microagi,2026-06-19-04-32-56-049614
27.2,1.0876571126434167,0.0,0.22087092268180056,0.005939406493361129,0.0,0.06666666666666667,0.0024509803921568627,0.35047628561762534,0.0,microagi,2026-06-19-05-10-26-337284
23.433333333333334,0.8830222405367104,0.0,0.13128437063631415,0.005587339845670868,0.0,0.0,0.0,0.42247820376226264,0.004273504273504274,microagi,2026-06-19-05-11-28-340468
9.766666666666667,0.7582825872766973,0.0,0.1858261636980994,0.005365614318914116,0.0,0.0,0.0,0.3620082371807108,0.0,microagi,2026-06-19-05-25-31-707939
49.3,0.8580810293126643,0.0,0.2762606485305024,0.012181870583175599,0.0,0.0,0.0,0.34084155679572364,0.0006765899864682003,microagi,2026-06-19-05-37-11-722017
10.1,0.7552904090061836,0.0,0.09642228223766941,0.004606705479330747,0.0,0.0,0.0,0.32593210803021766,0.0,microagi,2026-06-19-05-45-49-432411
21.033333333333335,0.8682077660473672,0.0,0.1257891687253764,0.0056616694852227424,0.0,0.0,0.0,0.36883154180838085,0.0015873015873015873,microagi,2026-06-19-05-53-56-083235
41.96666666666667,1.0091087048554737,0.0,0.26296749738102176,0.00886786849730091,0.0,0.0,0.0,0.34093888551356016,0.003179650238473768,microagi,2026-06-19-05-58-28-812766
6.633333333333334,0.5761175122502944,0.0,0.3586506554846009,0.0021023674205370205,0.0,0.0,0.0,0.302186954458809,0.0,microagi,2026-06-19-06-33-29-824224
13.333333333333334,0.5951528843329942,0.0,0.05569095914580122,0.0024477960309005837,0.0,0.0,0.0,0.2735017858615481,0.0,microagi,2026-06-19-06-33-37-062558
64.86666666666666,1.0385771141926297,0.0,0.34620761469050415,0.00665928591787044,0.0,0.0,0.0,0.3222712958824888,0.0005141388174807198,microagi,2026-06-19-06-34-05-545891
6.033333333333333,0.9625784156976867,0.0,0.1646920109340424,0.003849572775783031,0.0,0.0,0.0,0.4267081779151204,0.0,microagi,2026-06-19-06-37-01-150801
24.033333333333335,0.8884160183797378,0.0,0.07134000079348185,0.003263845374747253,0.0,0.0,0.0,0.2866418318278994,0.001388888888888889,microagi,2026-06-19-06-43-37-919968
8.666666666666666,0.6702699309554313,0.0,0.48262014037486056,0.02708713112846329,0.0,0.0,0.0,0.3898662313945159,0.0,microagi,2026-06-19-06-52-47-168399
20.266666666666666,0.9135037363968399,0.0,0.1542119499190149,0.004686754578247316,0.0,0.0,0.0,0.3928069642724214,0.0,microagi,2026-06-19-06-53-34-796361
26.766666666666666,1.0658477590239956,0.0,0.38737116344344497,0.00831229120519015,0.0,0.0,0.0,0.4237799674378858,0.0,microagi,2026-06-19-06-58-54-587125
48.53333333333333,1.339302472541328,0.0,0.38258356233257523,0.008161767213784232,0.0,0.0,0.0,0.43125437985184933,0.0013745704467353953,microagi,2026-06-19-07-02-16-806145
154.5,1.2085399642353662,0.0,0.8507199353487844,0.013030092139556861,0.0,0.0,0.0,0.4542791689176393,0.00021579628830384117,microagi,2026-06-19-07-13-23-806216
182.2,1.3970660469174696,0.0,0.7691350960455514,0.008648426744022041,0.0,0.0,0.0,0.39455324213319154,0.0023787740164684353,microagi,2026-06-19-07-16-14-774701
134.96666666666667,1.1254521691429207,0.0,0.7015815651173616,0.007707818816665975,0.0,0.0,0.0,0.42086869448010855,0.0024703557312252965,microagi,2026-06-19-07-39-59-716155
476.5,3.2559167266155766,0.0,0.28103427970988465,0.013292279687826362,0.1,0.0,0.00020986358866736623,0.38169405145671326,0.0006995942353435008,microagi,2026-06-19-08-42-10-751562
796.6666666666666,1.348341473997203,0.0,0.1588113910949555,0.005088386405140333,0.0,0.0,0.0,0.3005536238146151,0.006067199464412737,microagi,2026-06-19-09-01-06-790653
112.1,1.500751373680854,0.0,0.13987140382479757,0.006905942251492464,0.0,0.0,0.0,0.3642257731045711,0.0,microagi,2026-06-19-11-22-22-300068
296.1,2.511252867221631,0.0,0.44817855138603163,0.0135830565724205,0.0,0.0,0.0,0.32787325672601864,0.00045034902049088043,microagi,2026-06-19-12-40-07-976246
9.333333333333334,0.7279877001018211,0.0,0.45599951491238677,0.013176667529170632,0.0,0.0,0.0,0.48074656120702686,0.0,microagi,2026-06-19-13-32-25-350767
303.7,1.5223068855175428,0.0,0.4507194206413222,0.013418911179581806,0.0,0.0,0.0,0.3699580197079069,0.0,microagi,2026-06-19-13-33-01-067433
256.93333333333334,1.3204697589960228,0.0,0.34464349825958956,0.009355892044761943,0.0,0.0,0.0,0.3485247521842546,0.0001297521733489036,microagi,2026-06-19-14-23-00-540537
16.5,2.485228175977751,0.0,0.4809849847403171,0.00898818422608103,0.0,0.0,0.0,0.7865695197940525,0.0,microagi,2026-06-20-07-11-37-476696
119.63333333333334,2.025564930023742,0.0,0.9261789148662151,0.02620611249170522,0.0,0.0,0.0,0.6447776316040272,0.0,microagi,2026-06-20-07-12-12-594247
12.633333333333333,2.0918031854212056,0.0,0.8672864850976993,0.016985626923846132,0.0,0.0,0.0,0.9471103300148436,0.0,microagi,2026-06-20-07-14-44-433457
91.8,1.926542589049963,0.0,0.47518215341530523,0.00949504969156443,0.0,0.0,0.0,0.5470061273468118,0.000726480203414457,microagi,2026-06-20-07-21-41-266477
8.666666666666666,1.1655262689201267,0.0,0.1811936207983643,0.013381783508395492,0.0,0.0,0.0,0.7225542866805825,0.0,microagi,2026-06-20-07-53-42-283050
9.9,1.2958167418492383,0.0,0.2660109364313908,0.009384137037703208,0.0,0.0,0.0,0.7839115536455062,0.0,microagi,2026-06-20-07-59-10-939710
11.5,0.9328700283186867,0.0,0.2946837577588023,0.00671261671397437,0.0,0.0,0.0,0.5055094662878957,0.0,microagi,2026-06-20-10-22-45-827698
5.1,0.9208243740827363,0.0,0.08368812349808559,0.0029915316746909368,0.0,0.0,0.0,0.5360224878802791,0.0,microagi,2026-06-20-10-27-00-944981
19.1,1.0222744880186885,0.0,0.24158048848027752,0.006468530461236021,0.0,0.0,0.0,0.5485010712591813,0.0,microagi,2026-06-20-10-27-06-513314
49.43333333333333,2.254528058556085,0.0,1.206425549807357,1.9998852804419827,0.0,0.0,0.0,0.6601331613546387,0.0,microagi,2026-06-20-11-02-02-041427
12.333333333333334,1.5647969925761573,0.0,0.5158998038558681,0.019084881880987205,0.0,0.0,0.0,0.6984283008555798,0.0,microagi,2026-06-20-13-28-50-091941
17.7,1.5098054835250627,0.0,1.1349956565322548,1.9999883672694179,0.0,0.0,0.0,0.7487861376275955,0.0,microagi,2026-06-20-13-57-33-323147
8.433333333333334,1.6143646091697847,0.0,0.9759038188866439,0.024267759654613103,0.0,0.0,0.0,0.9674939888554556,0.0,microagi,2026-06-20-13-58-19-314710
51.9,2.3598623357944626,0.0,1.0119988430558822,1.99999366446948,0.0,0.0,0.0,0.8593167118773328,0.0,microagi,2026-06-20-14-03-13-116151
54.3,1.096152715978936,0.0,0.5659903601122663,0.02213746668971092,0.0,0.0,0.0,0.5620022863019483,0.0,microagi,2026-06-20-19-14-55-477202
9.166666666666666,1.0191025235105253,0.0,0.1583807527804363,0.006737581138294467,0.0,0.0,0.0,0.40562639637207437,0.0,microagi,2026-06-21-06-19-16-753168
9.433333333333334,0.9004579644232205,0.0,0.34598555830777245,0.012257891494593307,0.0,0.0,0.0,0.47825068998012876,0.0,microagi,2026-06-21-06-20-01-741563
88.53333333333333,1.6366244685254907,0.0,0.7425886052069376,0.016735645820107437,0.0,0.0,0.0,0.5406823381735771,0.0,microagi,2026-06-21-06-32-50-052530
51.666666666666664,1.2381758833594971,0.0,0.7804080328417575,0.01997278664816238,0.0,0.0,0.0,0.6038081255482344,0.0,microagi,2026-06-21-06-36-54-469404
49.43333333333333,1.801357983067866,0.0,0.9044646286078221,0.025083964456302964,0.0,0.0,0.0,0.6796361712412581,0.0,microagi,2026-06-21-06-43-54-502933
5.733333333333333,1.1025842157905308,0.0,0.7681617347893992,0.024387908994948,0.0,0.0,0.0,0.745074465723395,0.0,microagi,2026-06-21-06-54-53-882581
18.333333333333332,3.08749095459359,0.0,0.5975651863288524,0.013665507008927437,0.0,0.0,0.0,0.5490496761840914,0.0,microagi,2026-06-21-06-57-45-596222
10.866666666666667,0.8972674831293166,0.0,0.12518799658668223,0.003009126900105414,0.0,0.0,0.0,0.42829187735435337,0.0,microagi,2026-06-21-07-48-56-836228
17.966666666666665,1.0145752481888823,0.0,0.18945962731891536,0.0027031138584194775,0.0,0.0,0.0,0.4866016421931406,0.0,microagi,2026-06-21-07-53-21-331098
26.033333333333335,1.3429740341794072,0.0,0.41357998096654186,0.014675813456195567,0.0,0.0,0.0,0.46906791703293566,0.0,microagi,2026-06-21-07-57-41-424012
5.366666666666666,0.7531157985057743,0.0,0.39953512209376446,0.014039833094469004,0.0,0.0,0.0,0.7408427783477309,0.0,microagi,2026-06-21-07-58-27-685678
19.033333333333335,0.6632810027491081,0.0,0.37524366862280517,0.00978019650407902,0.0,0.0,0.0,0.3923377451138778,0.0,microagi,2026-06-21-08-15-29-180876
10.233333333333333,0.7089737493496732,0.0,0.39710565527462194,0.010108035190824045,0.0,0.0,0.0,0.46644707964581356,0.0,microagi,2026-06-21-08-17-47-964891
16.766666666666666,0.6552792501839069,0.0,0.20662386467018384,0.004511024504691219,0.0,0.0,0.0,0.3274647875272496,0.0,microagi,2026-06-21-08-20-39-001382
40.266666666666666,0.9581250096649595,0.0,0.2586961626076251,0.01143728608644074,0.0,0.0,0.0,0.3560264025114173,0.0008285004142502071,microagi,2026-06-21-08-21-31-066382
16.7,1.7687998113380579,0.0,0.07920034874649946,0.0030123637708288375,0.0,0.0,0.0,0.41298793113092436,0.0,microagi,2026-06-21-09-05-45-199033
8.133333333333333,1.047241742899971,0.0,0.15432252273156485,0.006915520376965212,0.0,0.0,0.0,0.47158305443816584,0.0,microagi,2026-06-21-09-09-01-785340
20.666666666666668,1.3698320999389804,0.0,0.9019439206005145,1.9999942118546508,0.0,0.0,0.0,0.73270578290592,0.0,microagi,2026-06-21-09-38-55-447479
9.6,1.423136150865812,0.0,0.7328312672888104,1.9999953191819575,0.0,0.0,0.0,0.8511140626819532,0.0,microagi,2026-06-21-09-40-33-324176
18.466666666666665,1.4435744188407098,0.0,0.8606386542096774,1.999994016578749,0.0,0.0,0.0,0.8305314906260783,0.0,microagi,2026-06-21-09-44-07-261405
16.733333333333334,1.4436031085108485,0.0,1.0438262368683808,1.9999839147857645,0.0,0.0,0.0,0.8818471721864682,0.0,microagi,2026-06-21-09-45-48-585268
16.766666666666666,1.7485209854928137,0.0,0.14186419881447923,0.009022766396863023,0.0,0.0,0.0,0.7754762004115064,0.0,microagi,2026-06-21-11-32-08-078919
47.7,0.7974869561610786,0.0,0.3241317295567838,0.01166778448578098,0.0,0.0,0.0,0.29487888021123904,0.0006993006993006993,microagi,2026-06-21-13-32-29-737315
7.833333333333333,1.4042953726055647,0.0,0.09809715873785191,0.0046464859891208595,0.0,0.0,0.0,0.34962886448679303,0.0,microagi,2026-06-21-13-34-59-361119
12.233333333333333,1.1048963344836524,0.0,0.22839746067014025,0.005396899357236638,0.0,0.0,0.0,0.6127991440729137,0.0,microagi,2026-06-21-13-43-26-972556
10.466666666666667,1.5465988974421934,0.0,0.2598602328468506,0.004205001711812781,0.0,0.0,0.0,0.6842837335034377,0.0,microagi,2026-06-21-13-43-54-282556
11.933333333333334,1.2027189462587637,0.0,0.17800408474370205,0.005332373653022003,0.0,0.0,0.0,0.6784577899891399,0.0,microagi,2026-06-21-13-45-32-213752
8.833333333333334,1.8577005151195751,0.0,0.26372339182126553,0.012685742256044784,0.0,0.0,0.0,0.9083966912027752,0.0,microagi,2026-06-21-13-47-04-276215
7.733333333333333,1.4748395025283783,0.0,0.16229206021298237,0.006860947599279231,0.0,0.0,0.0,0.7430985421924836,0.0,microagi,2026-06-21-13-49-50-429597
9.233333333333333,1.5254706937384668,0.0,0.19612032734725773,0.005109940175617738,0.0,0.0,0.0,0.8451750521738484,0.0,microagi,2026-06-21-13-50-57-051148
13.366666666666667,3.0906873264684465,0.0,0.14480322554585437,0.006261317518101014,0.0,0.0,0.0,0.6804389435497183,0.0,microagi,2026-06-21-13-51-08-187815
8.8,1.303622016140516,0.0,0.11598965219913945,0.005583755510545377,0.0,0.0,0.0,0.6518807975326992,0.0,microagi,2026-06-21-13-52-50-787943
8.233333333333333,1.3852375728515147,0.0,0.22130688376650848,0.008756132279929189,0.0,0.0,0.0,0.7275055248011193,0.0,microagi,2026-06-21-14-01-57-024568
29.7,2.864992230247656,0.0,0.16867732172574748,0.008935967545574443,0.0,0.0,0.0,0.8005908823277433,0.0,microagi,2026-06-21-14-02-33-569568
58.9,1.4008426757896015,0.0,0.3684880297542664,0.008289628664897249,0.0,0.0,0.0,0.5532974496902325,0.0,microagi,2026-06-21-19-33-42-910913
40.56666666666667,1.8473908224040225,0.0,0.168601638103599,0.005796356240234798,0.0,0.0,0.0,0.6607497715887009,0.0,microagi,2026-06-21-19-54-55-680354
247.7,2.7513535120689196,0.0,0.3966709162934905,0.008271843917447475,0.0,0.0,0.0,0.6714289248326962,0.0,microagi,2026-06-21-20-04-26-523696
8.433333333333334,1.2723971296902348,0.0,0.4118176171782655,0.008997212439227428,0.0,0.0,0.0,0.822801056435822,0.0,microagi,2026-06-22-11-17-39-611734
10.166666666666666,1.9916464384154127,0.0,0.37454819586322197,0.010927892481692411,0.0,0.0,0.0,0.6639839450125873,0.0,microagi,2026-06-22-11-18-53-546734
9.066666666666666,1.2289898416978868,0.0,0.3919828241681586,0.007437839600374581,0.0,0.0,0.0,0.8182383816337085,0.0,microagi,2026-06-22-11-20-22-522453
5.366666666666666,1.3067998974798263,0.0,0.28377358623360754,0.011871614523804494,0.0,0.0,0.0,0.7303790024619479,0.0,microagi,2026-06-22-11-21-29-588213
13.1,1.8238921701860882,0.0,1.0032406080073224,0.03622023424564802,0.0,0.0,0.0,0.896795703781831,0.0,microagi,2026-06-22-11-26-47-139692
15.8,1.7934494141329647,0.0,1.0338960322900292,0.03999629771353223,0.0,0.0,0.0,0.8668585767136691,0.0,microagi,2026-06-22-11-27-01-246359
27.433333333333334,1.354298755606077,0.0,0.44850455003775247,0.013332215456060647,0.0,0.0,0.0,0.46183338856257494,0.0,microagi,2026-06-22-11-37-25-578647
5.833333333333333,1.655839775519583,0.0,0.28910486746302777,0.010835221462650547,0.0,0.0,0.0,0.5345753840225121,0.0,microagi,2026-06-22-11-40-39-504139
29.6,2.4389010382810317,0.0,0.3686923424180809,0.009626250651077499,0.0,0.0,0.0,0.5217250347471232,0.0011273957158962795,microagi,2026-06-22-11-40-51-242472
9.7,1.4722013190929262,0.0,0.1888105036294698,0.003737919305768159,0.0,0.0,0.0,0.7653859254706151,0.0,microagi,2026-06-22-14-38-34-126348
9.7,5.292185193189095,0.0034482758620689655,0.12839494018293207,0.004061091510691285,0.0,0.0,0.0,0.7458015837950697,0.0,microagi,2026-06-22-14-38-48-098014
5.866666666666666,1.5444239258467454,0.0,0.23770932043649518,0.005650910982507669,0.0,0.0,0.0,0.6986423341276528,0.0,microagi,2026-06-22-19-50-05-460316
25.433333333333334,1.562848930152952,0.0,0.9772026163371982,0.027125571816075375,0.0,0.0,0.0,0.6559550947197873,0.0,microagi,2026-06-22-19-51-20-085316
6.433333333333334,1.5569939435877382,0.0,0.4043089900386439,0.021325347828149394,0.0,0.0,0.0,0.6667446785889688,0.0,microagi,2026-06-22-19-58-59-977426
6.566666666666666,1.384492859313032,0.0,0.5039030951841433,0.02175037046023203,0.0,0.0,0.0,0.6021498519453227,0.0,microagi,2026-06-22-20-00-34-953023
7.666666666666667,2.0359100031600477,0.0,0.08657759185535908,0.004618689164727969,0.0,0.0,0.0,0.7823180779786207,0.0,microagi,2026-06-23-14-01-23-082502
86.2,2.270903739495614,0.0,0.30620716562961076,0.014345118074526961,0.0,0.0,0.0,0.7018805443864283,0.0,microagi,2026-06-23-14-02-05-962502
12.133333333333333,2.504384750912007,0.0,0.11523332190964133,0.006741764175470642,0.0,0.0,0.0,0.6117905283511204,0.0,microagi,2026-06-23-14-06-41-688942
8.7,1.4254460718845887,0.0,0.145202918549538,0.008491370833458274,0.0,0.0,0.0,0.6904510796881227,0.0,microagi,2026-06-23-14-13-49-930882
12.133333333333333,2.401643424880867,0.0,0.25150766896268284,0.007237971779775288,0.0,0.0,0.0,0.8404361196230948,0.0,microagi,2026-06-23-14-17-55-044192
17.733333333333334,1.5881969900186907,0.0,0.185973570944814,0.006423122990666858,0.0,0.0,0.0,0.8398710541917573,0.0,microagi,2026-06-23-14-42-52-518685
9.2,1.4308414820099975,0.0,0.19527828526449503,0.005888364859188041,0.0,0.0,0.0,0.8005342802459688,0.0,microagi,2026-06-23-14-44-49-922588
5.3,1.2537499821717069,0.0,0.08564666549886532,0.005634151772384864,0.0,0.0,0.0,0.6760107668428796,0.0,microagi,2026-06-25-05-28-39-284760
9.133333333333333,1.3842496165777538,0.0,0.1611405115207722,0.008552238693323954,0.0,0.0,0.0,0.5883310431884098,0.0,microagi,2026-06-25-05-38-03-872204
5.3,0.7661481768056995,0.0,0.19119816206340665,0.007065908570508628,0.0,0.0,0.0,0.4525700901693774,0.0,microagi,2026-06-25-15-12-14-077514
12.966666666666667,2.022432325387368,0.0,0.21840231361103124,0.013430723055005547,0.0,0.0,0.0,0.6083521733503319,0.0,microagi,2026-06-27-16-32-21-101065
8.333333333333334,1.3993991473087692,0.0,1.1019098649352754,0.030681490794414054,0.0,0.0,0.0,0.9558830559472047,0.0,microagi,2026-06-27-22-18-51-027013
8.933333333333334,1.3307082253613918,0.0,0.40395326889066957,0.0066617397217454445,0.0,0.0,0.0,0.7368062430858454,0.0,microagi,2026-06-27-22-20-44-998182
29.8,2.0450992327432203,0.0,1.061947530236699,0.025376160235600718,0.0,0.0,0.0,0.8227555842999811,0.0,microagi,2026-06-29-01-04-30-868358
15.233333333333333,1.6554370879592601,0.0,0.7130149162318384,0.029078952178416655,0.0,0.0,0.0,1.001597344983314,0.0,microagi,2026-06-30-14-13-20-638015
5.266666666666667,1.2288019146714901,0.0,0.20240855637278668,0.01090114739492878,0.0,0.0,0.0,0.5900294741117387,0.0,microagi,2026-06-30-16-54-49-180971
7.4,4.095518746710352,0.0,0.6056696548698629,0.016233598232940145,0.0,0.0,0.0,0.8905927626204871,0.0,microagi,2026-06-30-16-57-05-523945
10.633333333333333,1.5279040717297716,0.0,0.35194863740684257,0.019687727349824238,0.0,0.0,0.0,0.6968473069782551,0.0,microagi,2026-06-30-16-58-43-488640
5.033333333333333,1.6561487369205325,0.0,0.1758176603899695,0.007978257715286,0.0,0.0,0.0,0.5973807513118806,0.0,microagi,2026-06-30-17-01-38-176662
6.433333333333334,3.7889539236467993,0.0,0.09575422248113656,0.004654071072389927,0.0,0.0,0.0,0.516110937377188,0.0,microagi,2026-06-30-17-02-16-656662
49.06666666666667,3.751890724159057,0.0,1.784016431856947,0.04409618390538347,0.0,0.0,0.0,0.9849329724519632,0.0,microagi,2026-06-30-21-07-15-276441
6.533333333333333,0.9088995447562274,0.0,0.07437982493798762,0.0037095371757257475,0.0,0.0,0.0,0.4386360084172403,0.0,microagi,2026-06-30-22-44-55-023290
9.633333333333333,1.1478884287150628,0.0,0.22185708884233118,0.007914898261674144,0.0,0.0,0.0,0.5816700601554479,0.0,microagi,2026-06-30-22-49-05-960030
