n_frames,duration_s,nan_left_ee,nan_right_ee,nan_head,nan_left_kp,nan_right_kp,nan_max,frozen_frac_left_ee,frozen_run_left_ee,frozen_frac_right_ee,frozen_run_right_ee,frozen_frac_head,frozen_run_head,frozen_frac_max,frozen_run_max_s,offaxis_deg_left,offaxis_left,offaxis_deg_right,offaxis_right,offaxis_max,offaxis_deg_max,path_len_left,speed_mean_left,net_disp_left,path_len_right,speed_mean_right,net_disp_right,hand_speed_max,hand_jitter_frac,head_speed_max,motion_energy,path_len_total,has_annotations,episode_hash,lab,rig,n_arrays,rule_tracking_dropout,rule_frozen_tracker,rule_too_short,rule_no_motion,rule_runaway_length,rule_suspiciously_short,drop_rig_independent
2808.0,93.6,0.0,0.0,0.0,0.0,0.0,0.0,0.0,0.0,0.0,0.0,0.0,0.0,0.0,0.0,26.27475791476966,0.049145299145299144,13.800127480043866,0.010327635327635327,0.049145299145299144,26.27475791476966,55.18436557814052,0.5897865932825849,0.2695188238037217,68.83909658064886,0.7357224429709532,0.2704312997962146,13.531564341902474,0.0007125044531528322,3.273085131373713,0.6627545181267691,124.02346215878939,0.0,2025-09-20-17-42-51-000000,rl2,aria_gen1,9,False,False,False,False,False,False,False
2815.0,93.83333333333333,0.0,0.0,0.0,0.0,0.0,0.0,0.0,0.0,0.0,0.0,0.0,0.0,0.0,0.0,28.024325708415823,0.06287744227353463,22.153759701627063,0.015985790408525755,0.06287744227353463,28.024325708415823,43.44196339157892,0.46313393807653436,0.4127702485576877,58.422817972707755,0.6228445412868631,0.444450062724774,23.20925089527722,0.0017768301350390902,6.936072905663317,0.5429892396816988,101.86478136428667,0.0,2025-09-20-17-47-54-000000,rl2,aria_gen1,9,False,False,False,False,False,False,False
3383.0,112.76666666666667,0.0,0.0,0.0,0.0,0.0,0.0,0.0,0.0,0.0,0.0,0.0,0.0,0.0,0.0,22.609945810893965,0.031628731894767954,13.290786528131541,0.0011823825007389892,0.031628731894767954,22.609945810893965,34.563921865867314,0.30659895209225885,0.5915582406215362,63.76614695220476,0.5656370220479428,0.26609466967122547,20.309680190545723,0.002365464222353637,5.966449990723395,0.4361179870701008,98.33006881807208,0.0,2025-09-20-18-05-52-000000,rl2,aria_gen1,9,False,False,False,False,False,False,False
3136.0,104.53333333333333,0.0,0.0,0.0,0.0,0.0,0.0,0.0,0.0,0.0,0.0,0.0,0.0,0.0,0.0,15.452226223619787,0.003826530612244898,9.44012530418625,0.003826530612244898,0.003826530612244898,15.452226223619787,52.781391657358455,0.5050850876302244,0.14281399662552266,63.476610225923935,0.6074316768030998,0.12984121391595416,24.92590403168727,0.0012759170653907496,3.9672864381971267,0.5562583822166621,116.25800188328239,0.0,2025-09-20-18-11-35-000000,rl2,aria_gen1,9,False,False,False,False,False,False,False
3712.0,123.73333333333333,0.0,0.0,0.0,0.0,0.0,0.0,0.0,0.0,0.0,0.0,0.0,0.0,0.0,0.0,24.17646685385344,0.015894396551724137,18.143875223902747,0.005926724137931034,0.015894396551724137,24.17646685385344,51.24002493985644,0.41422817251298655,0.36718941265982513,73.32260191793964,0.592745367162002,0.40888216988950354,14.291393145270392,0.0009431420102398275,5.5648466860513714,0.5034867698374943,124.56262685779608,0.0,2025-09-20-18-39-18-000000,rl2,aria_gen1,9,False,False,False,False,False,False,False
2350.0,78.33333333333333,0.0,0.0,0.0,0.0,0.0,0.0,0.0,0.0,0.0,0.0,0.0,0.0,0.0,0.0,29.401436334780588,0.03276595744680851,24.1141492550387,0.030638297872340424,0.03276595744680851,29.401436334780588,33.927196081855996,0.4332975233953511,0.18031274472411726,60.29666867158255,0.7700723968273633,0.23212916559496807,16.816930814305245,0.005747126436781609,9.754032382221526,0.6016849601113572,94.22386475343855,0.0,2025-09-20-18-44-29-000000,rl2,aria_gen1,9,False,False,False,False,False,False,False
2343.0,78.1,0.0,0.0,0.0,0.0,0.0,0.0,0.0,0.0,0.0,0.0,0.0,0.0,0.0,0.0,18.491198169177842,0.014938113529662825,17.48413410232542,0.005121638924455826,0.014938113529662825,18.491198169177842,43.27368178205782,0.5543170168495878,0.03942391736006955,53.93889348810991,0.6909337338357375,0.08867020818552704,14.269253684466857,0.0004269854824935952,4.863776258433548,0.6226253753426627,97.21257527016773,0.0,2025-09-20-18-59-55-000000,rl2,aria_gen1,9,False,False,False,False,False,False,False
2472.0,82.4,0.0,0.0,0.0,0.0,0.0,0.0,0.0,0.0,0.0,0.0,0.0,0.0,0.0,0.0,22.188501847248997,0.02063106796116505,16.13746230056291,0.0004045307443365696,0.02063106796116505,22.188501847248997,28.615716725655773,0.3474186571305841,0.21884946489989593,53.172494702103116,0.6455584140279618,0.6715774184827901,15.102963751392895,0.0006070416835289356,5.934760871483984,0.49648853557927286,81.78821142775888,0.0,2025-09-20-19-04-22-000000,rl2,aria_gen1,9,False,False,False,False,False,False,False
2226.0,74.2,0.0,0.0,0.0,0.0,0.0,0.0,0.0,0.0,0.0,0.0,0.0,0.0,0.0,0.0,20.167925966297524,0.01931716082659479,16.80253314031043,0.005840071877807727,0.01931716082659479,20.167925966297524,33.38613119698533,0.45015008355485847,0.6014410289400783,45.81826115660059,0.6177743077294461,0.5840016930740102,15.340202103693823,0.00044943820224719103,9.759142427683003,0.5339621956421523,79.20439235358592,0.0,2025-09-20-19-53-07-000000,rl2,aria_gen1,9,False,False,False,False,False,False,False
2101.0,70.03333333333333,0.0,0.0,0.0,0.0,0.0,0.0,0.0,0.0,0.0,0.0,0.0,0.0,0.0,0.0,18.600182650461907,0.031413612565445025,13.427442834900198,0.01285102332222751,0.031413612565445025,18.600182650461907,42.24121779000221,0.603445968428603,0.5279971266628335,51.39799486610576,0.7342570695157965,0.5828006495832445,16.59139772170452,0.0016666666666666668,9.906966943694552,0.6688515189721999,93.63921265610797,0.0,2025-09-20-19-57-29-000000,rl2,aria_gen1,9,False,False,False,False,False,False,False
2607.0,86.9,0.0,0.0,0.0,0.0,0.0,0.0,0.0,0.0,0.0,0.0,0.0,0.0,0.0,0.0,23.284173148783847,0.05101649405446874,20.345800423598583,0.04142692750287687,0.05101649405446874,23.284173148783847,32.208500963112016,0.3707809013405067,0.46829719000586034,56.98896308171342,0.6560509948009988,0.5003700620250258,17.706180005322874,0.00422102839600921,10.684728022564451,0.5134159480707527,89.19746404482544,0.0,2025-09-20-20-23-06-000000,rl2,aria_gen1,9,False,False,False,False,False,False,False
2050.0,68.33333333333333,0.0,0.0,0.0,0.0,0.0,0.0,0.0,0.0,0.0,0.0,0.0,0.0,0.0,0.0,27.1591282437249,0.05317073170731707,26.680272257225315,0.042439024390243905,0.05317073170731707,27.1591282437249,35.79376165346375,0.5240667884840958,0.36224262033660193,51.003433341266586,0.7467559786422633,0.3100515298757129,15.545092359541538,0.004392386530014641,11.424080243132902,0.6354113835631796,86.79719499473033,0.0,2025-09-20-20-27-23-000000,rl2,aria_gen1,9,False,False,False,False,False,False,False
2329.0,77.63333333333334,0.0,0.0,0.0,0.0,0.0,0.0,0.0,0.0,0.0,0.0,0.0,0.0,0.0,0.0,20.8460486363623,0.028767711464147704,19.77534064437046,0.017174753112924,0.028767711464147704,20.8460486363623,43.99116630888446,0.5668964730526348,0.3152724807380192,47.79306667507595,0.6158900344726281,0.578689399400269,27.822482984099,0.000429553264604811,7.752139041610196,0.5913932537626315,91.78423298396041,0.0,2025-09-20-20-55-13-000000,rl2,aria_gen1,9,False,False,False,False,False,False,False
2435.0,81.16666666666667,0.0,0.0,0.0,0.0,0.0,0.0,0.0,0.0,0.0,0.0,0.0,0.0,0.0,0.0,24.812160931460326,0.012320328542094456,21.20239179195745,0.002053388090349076,0.012320328542094456,24.812160931460326,27.10644671598951,0.3340975355298625,0.20007599836038442,49.47526171161997,0.6098019109895642,0.13844365090114938,9.866283205220476,0.0,6.941304620602608,0.4719497232597133,76.58170842760948,0.0,2025-09-20-20-59-45-000000,rl2,aria_gen1,9,False,False,False,False,False,False,False
2089.0,69.63333333333334,0.0,0.0,0.0,0.0,0.0,0.0,0.0,0.0,0.0,0.0,0.0,0.0,0.0,0.0,15.389717656643771,0.0215414073719483,14.06000564716827,0.020105313547151747,0.0215414073719483,15.389717656643771,44.2215095381944,0.6353665163533677,0.20261872769319852,50.13444604329584,0.7203225006220666,0.2308536155045443,19.688865632691623,0.005507662835249042,12.111147640642155,0.6778445084877172,94.35595558149024,0.0,2025-09-20-21-23-13-000000,rl2,aria_gen1,9,False,False,False,False,False,False,False
2294.0,76.46666666666667,0.0,0.0,0.0,0.0,0.0,0.0,0.0,0.0,0.0,0.0,0.0,0.0,0.0,0.0,21.78785662228269,0.00959023539668701,23.17318351961046,0.005666957279860506,0.00959023539668701,23.17318351961046,39.053761253961966,0.5109519570950104,0.18931386213265075,52.08666147069442,0.6814652612825263,0.17846146701738314,13.33934375978015,0.0008722197993894462,8.938203494709432,0.5962086091887683,91.14042272465639,0.0,2025-09-20-21-27-15-000000,rl2,aria_gen1,9,False,False,False,False,False,False,False
3255.0,108.5,0.0,0.0,0.0,0.0,0.0,0.0,0.0,0.0,0.0,0.0,0.0,0.0,0.0,0.0,22.94744624279033,0.03317972350230415,17.12812770918772,0.0,0.03317972350230415,22.94744624279033,45.419746373064335,0.41874382028024887,0.8026715556684336,46.10718742724595,0.4250816296304174,0.7765288557506372,19.805416221926126,0.0018438844499078057,4.029003010781636,0.4219127249553332,91.52693380031027,0.0,2025-09-21-20-44-10-000000,rl2,aria_gen1,9,False,False,False,False,False,False,False
2730.0,91.0,0.0,0.0,0.0,0.0,0.0,0.0,0.0,0.0,0.0,0.0,0.0,0.0,0.0,0.0,27.237416817683748,0.029304029304029304,19.817327456554892,0.00402930402930403,0.029304029304029304,27.237416817683748,40.16129260077879,0.4414946053585064,0.7788083173441857,41.862302805285594,0.46019387473747436,0.75932665661141,26.430949238444136,0.001832172957127153,5.808721821031315,0.45084424004799034,82.02359540606439,0.0,2025-09-21-20-50-33-000000,rl2,aria_gen1,9,False,False,False,False,False,False,False
2504.0,83.46666666666667,0.0,0.0,0.0,0.0,0.0,0.0,0.0,0.0,0.0,0.0,0.0,0.0,0.0,0.0,24.410118237905408,0.041932907348242815,17.57422848626232,0.004792332268370607,0.041932907348242815,24.410118237905408,43.74154421357954,0.5242694072742253,0.10929393726421562,45.35855119227642,0.5436502340264852,0.05120740418104177,16.6588775957927,0.0025968837395125848,4.702354869089099,0.5339598206503553,89.10009540585597,0.0,2025-09-21-20-56-12-000000,rl2,aria_gen1,9,False,False,False,False,False,False,False
3528.0,117.6,0.0,0.0,0.0,0.0,0.0,0.0,0.0,0.0,0.0,0.0,0.0,0.0,0.0,0.0,27.48716420283027,0.02040816326530612,24.280900181005492,0.01445578231292517,0.02040816326530612,27.48716420283027,48.88234935729621,0.4157840886642717,0.3117446664190506,54.383191804605346,0.46257322204087326,0.2575096842359731,26.638470173032196,0.001701162461015027,11.173407870662892,0.4391786553525725,103.26554116190155,0.0,2025-09-21-21-01-12-000000,rl2,aria_gen1,9,False,False,False,False,False,False,False
2994.0,99.8,0.0,0.0,0.0,0.0,0.0,0.0,0.0,0.0,0.0,0.0,0.0,0.0,0.0,0.0,33.261193121349855,0.07982631930527723,24.01897016848392,0.0006680026720106881,0.07982631930527723,33.261193121349855,46.185020223223184,0.46293037310280505,0.07182862339130278,41.799122439748004,0.4189688183068627,0.1693225347928134,27.34469884529079,0.002171734046107584,3.639385549830374,0.44094959570483383,87.98414266297118,0.0,2025-09-21-21-35-21-000000,rl2,aria_gen1,9,False,False,False,False,False,False,False
3508.0,116.93333333333334,0.0,0.0,0.0,0.0,0.0,0.0,0.0,0.0,0.0,0.0,0.0,0.0,0.0,0.0,28.77443840487347,0.052451539338654506,28.89921178536023,0.011402508551881414,0.052451539338654506,28.89921178536023,48.28517582889276,0.4130468419922392,0.31252737086416726,47.54860922273503,0.4067460155922586,0.3143480716276261,24.73309372924434,0.000855431993156544,2.5322088010394883,0.40989642879224886,95.83378505162779,0.0,2025-09-21-21-40-03-000000,rl2,aria_gen1,9,False,False,False,False,False,False,False
3327.0,110.9,0.0,0.0,0.0,0.0,0.0,0.0,0.0,0.0,0.0,0.0,0.0,0.0,0.0,0.0,27.901336591737962,0.01953712052900511,20.774308693263563,0.004809137360985873,0.01953712052900511,27.901336591737962,41.72148773974709,0.3763212965100459,0.7395635400839068,66.70463872423322,0.6016654124254349,0.7158408899984908,20.301178285878,0.0006013229104028864,9.043620154378802,0.4889933544677404,108.42612646398031,0.0,2025-09-21-22-17-10-000000,rl2,aria_gen1,9,False,False,False,False,False,False,False
3541.0,118.03333333333333,0.0,0.0,0.0,0.0,0.0,0.0,0.0,0.0,0.0,0.0,0.0,0.0,0.0,0.0,22.23597493637821,0.02795820389720418,17.988024569578794,0.005083309799491669,0.02795820389720418,22.23597493637821,47.022963334579366,0.39849968927609625,0.6931058928011693,46.069208889837725,0.39041702449015026,0.3535890250472859,16.90302597721267,0.000847457627118644,5.563973981743718,0.3944583568831233,93.09217222441708,0.0,2025-09-21-22-21-41-000000,rl2,aria_gen1,9,False,False,False,False,False,False,False
3177.0,105.9,0.0,0.0,0.0,0.0,0.0,0.0,0.0,0.0,0.0,0.0,0.0,0.0,0.0,0.0,24.447859850012115,0.03147623544224111,18.62130703534237,0.0,0.03147623544224111,24.447859850012115,47.278106510879226,0.4465816106191362,0.2914277722542143,59.95324578173213,0.56630899667883,0.2418461536040306,22.58482139989785,0.0007871536523929471,8.68572248674233,0.5064453036489831,107.23135229261135,0.0,2025-09-22-01-56-37-000000,rl2,aria_gen1,9,False,False,False,False,False,False,False
3805.0,126.83333333333333,0.0,0.0,0.0,0.0,0.0,0.0,0.0,0.0,0.0,0.0,0.0,0.0,0.0,0.0,20.588248712516155,0.05440210249671485,13.484932664723974,0.0007884362680683311,0.05440210249671485,20.588248712516155,48.13852178518277,0.3796413389998641,0.12046316528745081,43.46204079490421,0.34276057409230454,0.1817107656854359,22.37887296834739,0.0007886435331230284,6.409294570231324,0.36120095654608436,91.60056258008697,0.0,2025-09-22-02-02-19-000000,rl2,aria_gen1,9,False,False,False,False,False,False,False
4240.0,141.33333333333334,0.0,0.0,0.0,0.0,0.0,0.0,0.0,0.0,0.0,0.0,0.0,0.0,0.0,0.0,27.533367738309032,0.07028301886792453,22.459562928529536,0.0,0.07028301886792453,27.533367738309032,58.246755896785544,0.41222049466939525,0.5611924056841893,56.041671767355794,0.3966148037321713,0.19006233988773724,8.96007568913038,0.0,2.5194167000392227,0.4044176492007833,114.28842766414134,0.0,2025-09-22-02-19-38-000000,rl2,aria_gen1,9,False,False,False,False,False,False,False
3785.0,126.16666666666667,0.0,0.0,0.0,0.0,0.0,0.0,0.0,0.0,0.0,0.0,0.0,0.0,0.0,0.0,33.13437985418422,0.047291941875825624,26.33143533908004,0.0,0.047291941875825624,33.13437985418422,41.0033316640203,0.325079267949421,0.2079665209574561,67.552030813752,0.5355604979948626,0.2550141972284302,20.643716981459217,0.0002642706131078224,2.442768971612173,0.4303198829721418,108.55536247777229,0.0,2025-09-22-02-24-19-000000,rl2,aria_gen1,9,False,False,False,False,False,False,False
3723.0,124.1,0.0,0.0,0.0,0.0,0.0,0.0,0.0,0.0,0.0,0.0,0.0,0.0,0.0,0.0,23.09781236350728,0.04593070104754231,24.231461319646602,0.0,0.04593070104754231,24.231461319646602,50.810490307173154,0.4095418348240716,0.7450383647862523,53.92805914256161,0.43467000920925536,0.4277559170261848,21.107410610459997,0.0010746910263299302,6.945004921853872,0.42210592201666347,104.73854944973476,0.0,2025-09-22-02-31-37-000000,rl2,aria_gen1,9,False,False,False,False,False,False,False
3476.0,115.86666666666666,0.0,0.0,0.0,0.0,0.0,0.0,0.0,0.0,0.0,0.0,0.0,0.0,0.0,0.0,23.115287626954014,0.020138089758342925,23.387774516196565,0.0,0.020138089758342925,23.387774516196565,36.94873560357452,0.3189818901028016,0.6191850279084069,58.34978695582575,0.5037391679639633,0.4036290739751852,9.361629218169252,0.0,3.227588937297533,0.4113605290333825,95.29852255940027,0.0,2025-09-22-02-36-16-000000,rl2,aria_gen1,9,False,False,False,False,False,False,False
3578.0,119.26666666666667,0.0,0.0,0.0,0.0,0.0,0.0,0.0,0.0,0.0,0.0,0.0,0.0,0.0,0.0,20.74633296301367,0.043040804918949134,15.448246020455912,0.0005589714924538849,0.043040804918949134,20.74633296301367,57.97231478220249,0.48620895819571563,0.2707118605144709,44.9238273790377,0.376772385063218,0.3932224134971281,10.02865959860652,0.0001397819401733296,4.506950898110757,0.4314906716294668,102.89614216124019,0.0,2025-09-22-03-09-27-000000,rl2,aria_gen1,9,False,False,False,False,False,False,False
3659.0,121.96666666666667,0.0,0.0,0.0,0.0,0.0,0.0,0.0,0.0,0.0,0.0,0.0,0.0,0.0,0.0,19.402922662084062,0.03634872916097295,14.994494354581727,0.0,0.03634872916097295,19.402922662084062,54.45099761288533,0.4465636764315364,0.5882648822110372,46.88653203221378,0.3845259598049243,0.16760775058926444,18.872650641157882,0.0002733734281027884,4.558854596430112,0.41554481811823035,101.33752964509911,0.0,2025-09-22-03-13-58-000000,rl2,aria_gen1,9,False,False,False,False,False,False,False
2684.0,89.46666666666667,0.0,0.0,0.0,0.0,0.0,0.0,0.0,0.0,0.0,0.0,0.0,0.0,0.0,0.0,27.835169920294696,0.0033532041728763042,25.951900768389862,0.0033532041728763042,0.0033532041728763042,27.835169920294696,31.13315326035505,0.34811576511764875,0.9279796964262094,36.38345432496567,0.40682207594072683,0.5929645366050637,22.93258883373674,0.0016772269847185985,6.023717307810572,0.3774689205291878,67.51660758532071,0.0,2025-09-22-19-42-55-000000,rl2,aria_gen1,9,False,False,False,False,False,False,False
3892.0,129.73333333333332,0.0,0.0,0.0,0.0,0.0,0.0,0.0,0.0,0.0,0.0,0.0,0.0,0.0,0.0,24.285053528680677,0.0033401849948612537,22.297458105329945,0.0033401849948612537,0.0033401849948612537,24.285053528680677,41.578178145646575,0.3205719209379073,0.24786650299544033,54.890586277727245,0.42321192195626245,0.20428821394139823,22.867482748866824,0.0021845283988691853,7.703940743395303,0.3718919214470849,96.46876442337381,0.0,2025-09-22-19-49-07-000000,rl2,aria_gen1,9,False,False,False,False,False,False,False
2193.0,73.1,0.0,0.0,0.0,0.0,0.0,0.0,0.0,0.0,0.0,0.0,0.0,0.0,0.0,0.0,19.971814227413194,0.0,15.185018831523715,0.0,0.0,19.971814227413194,30.43299817708011,0.41651001154762923,0.34118827607276564,32.431541340610096,0.44386233586601404,0.27642030633285924,9.783925374549009,0.0,4.54319687587014,0.43018617370682166,62.864539517690204,0.0,2025-09-22-20-11-49-000000,rl2,aria_gen1,9,False,False,False,False,False,False,False
2700.0,90.0,0.0,0.0,0.0,0.0,0.0,0.0,0.0,0.0,0.0,0.0,0.0,0.0,0.0,0.0,26.61295664170625,0.0007407407407407407,19.979222859041094,0.0,0.0007407407407407407,26.61295664170625,32.187275199747155,0.3577688981076009,0.38310684521931726,38.13072747864889,0.42383172447553424,0.23266339264521027,10.322147005386281,0.0001852537977028529,3.4166245056537945,0.3908003112915676,70.31800267839606,0.0,2025-09-22-20-17-09-000000,rl2,aria_gen1,9,False,False,False,False,False,False,False
3317.0,110.56666666666666,0.0,0.0,0.0,0.0,0.0,0.0,0.0,0.0,0.0,0.0,0.0,0.0,0.0,0.0,34.56436111884415,0.0208019294543262,31.107564998634842,0.07416340066324993,0.07416340066324993,34.56436111884415,35.065239181171236,0.3172367839068568,0.15078427629182803,54.87079293360772,0.49641851266834486,0.17637894624080924,18.140168251799107,0.0009047044632086852,11.278305918619145,0.40682764828760076,89.93603211477895,0.0,2025-09-22-20-23-21-000000,rl2,aria_gen1,9,False,False,False,False,False,False,False
2398.0,79.93333333333334,0.0,0.0,0.0,0.0,0.0,0.0,0.0,0.0,0.0,0.0,0.0,0.0,0.0,0.0,31.45255125963047,0.041701417848206836,26.999400276151704,0.007506255212677231,0.041701417848206836,31.45255125963047,34.08301951717571,0.4265709576617735,0.18413833132078647,40.436628934266295,0.5060904747717935,0.17300136349217385,23.51854190970153,0.002920317062995411,4.448356623553659,0.46633071621678346,74.51964845144201,0.0,2025-09-22-20-27-48-000000,rl2,aria_gen1,9,False,False,False,False,False,False,False
2717.0,90.56666666666666,0.0,0.0,0.0,0.0,0.0,0.0,0.0,0.0,0.0,0.0,0.0,0.0,0.0,0.0,24.338536385956786,0.015090172984909826,19.119010095164665,0.013986013986013986,0.015090172984909826,24.338536385956786,36.089643141785025,0.39863376077082124,0.2406579554689827,43.07560184611298,0.4757982530866676,0.23192839535138035,24.894615786666694,0.0066273932253313695,4.997502935357678,0.4372160069287445,79.165244987898,0.0,2025-09-22-20-35-24-000000,rl2,aria_gen1,9,False,False,False,False,False,False,False
4900.0,163.33333333333334,0.0,0.0,0.0,0.0,0.0,0.0,0.0,0.0,0.0,0.0,0.0,0.0,0.0,0.0,26.90067593620266,0.019591836734693877,20.79151101183313,0.019387755102040816,0.019591836734693877,26.90067593620266,58.06751408704346,0.3555879613413562,0.7209183596198512,79.71201409818575,0.4881323582252648,0.7305271123099635,21.962874346687535,0.0044907123902837316,4.810745245714734,0.4218601597833105,137.7795281852292,0.0,2025-09-22-20-41-18-000000,rl2,aria_gen1,9,False,False,False,False,False,False,False
2718.0,90.6,0.0,0.0,0.0,0.0,0.0,0.0,0.0,0.0,0.0,0.0,0.0,0.0,0.0,0.0,20.53292753668831,0.02612214863870493,15.45810010017857,0.0235467255334805,0.02612214863870493,20.53292753668831,40.61042336051383,0.44840364402481225,0.24638506319655193,44.90614366618972,0.49583522634732863,0.32098550747555576,23.638847855095147,0.004600662495399337,7.373098353234511,0.4721194351860704,85.51656702670354,0.0,2025-09-22-20-47-49-000000,rl2,aria_gen1,9,False,False,False,False,False,False,False
2689.0,89.63333333333334,0.0,0.0,0.0,0.0,0.0,0.0,0.0,0.0,0.0,0.0,0.0,0.0,0.0,0.0,23.682244339839336,0.03681666046857568,21.529201337104148,0.03681666046857568,0.03681666046857568,23.682244339839336,50.03355345501136,0.5584101948103947,0.7028382657441737,55.92749623261362,0.6241908061675627,0.7374960096585078,23.951404688360373,0.00818452380952381,6.740585227286399,0.5913005004889788,105.96104968762498,0.0,2025-09-22-21-00-06-000000,rl2,aria_gen1,9,False,False,False,False,False,False,False
3020.0,100.66666666666667,0.0,0.0,0.0,0.0,0.0,0.0,0.0,0.0,0.0,0.0,0.0,0.0,0.0,0.0,20.907848717647635,0.030132450331125826,21.79980629092248,0.031125827814569535,0.031125827814569535,21.79980629092248,41.729625821363015,0.41467001478664806,0.8232882925230773,52.353054211391125,0.5202357159131281,0.8185232240156662,21.919686479466005,0.004968532626697582,7.401538219135893,0.467452865349888,94.08268003275414,0.0,2025-09-22-21-04-21-000000,rl2,aria_gen1,9,False,False,False,False,False,False,False
2139.0,71.3,0.0,0.0,0.0,0.0,0.0,0.0,0.0,0.0,0.0,0.0,0.0,0.0,0.0,0.0,33.49571033360133,0.08274894810659186,27.752219079229167,0.011220196353436185,0.08274894810659186,33.49571033360133,38.98643087244053,0.5470500122419157,0.15114085604504587,42.74869485577559,0.5998413684159344,0.21209189599809347,20.757476229837525,0.005612722170252572,9.78821083759885,0.5734456903289251,81.73512572821612,0.0,2025-09-23-19-20-34-000000,rl2,aria_gen1,9,False,False,False,False,False,False,False
2585.0,86.16666666666667,0.0,0.0,0.0,0.0,0.0,0.0,0.0,0.0,0.0,0.0,0.0,0.0,0.0,0.0,28.62643634260423,0.0023210831721470018,26.808614082650394,0.0011605415860735009,0.0023210831721470018,28.62643634260423,20.353074008426354,0.2362972988594391,0.19268573376684364,36.449069459534115,0.42317031106270264,0.44683261750991965,16.61188635791121,0.0003869969040247678,6.540365819429391,0.32973380496107085,56.80214346796047,0.0,2025-09-23-19-25-08-000000,rl2,aria_gen1,9,False,False,False,False,False,False,False
2277.0,75.9,0.0,0.0,0.0,0.0,0.0,0.0,0.0,0.0,0.0,0.0,0.0,0.0,0.0,0.0,21.798385385196365,0.007905138339920948,24.50981302806327,0.010979358805445762,0.010979358805445762,24.50981302806327,31.951811564647137,0.4211574459312013,0.3086156007716081,40.64581664083468,0.5357532949143411,0.3798428455439097,23.040460399968435,0.0041739894551845345,9.080342603234667,0.47845537042277125,72.59762820548181,0.0,2025-09-23-19-32-44-000000,rl2,aria_gen1,9,False,False,False,False,False,False,False
2055.0,68.5,0.0,0.0,0.0,0.0,0.0,0.0,0.0,0.0,0.0,0.0,0.0,0.0,0.0,0.0,32.66907718646717,0.029197080291970802,24.39418177945827,0.014598540145985401,0.029197080291970802,32.66907718646717,40.56916480829919,0.5925389212507186,0.3200422144491303,40.211273578068614,0.5873116880925309,0.37614665034957995,23.357791378236172,0.005111976630963973,10.943301841016332,0.5899253046716246,80.7804383863678,0.0,2025-09-23-19-37-29-000000,rl2,aria_gen1,9,False,False,False,False,False,False,False
2713.0,90.43333333333334,0.0,0.0,0.0,0.0,0.0,0.0,0.0,0.0,0.0,0.0,0.0,0.0,0.0,0.0,32.90716107593921,0.016218208625138224,31.534730913449,0.009214891264283081,0.016218208625138224,32.90716107593921,28.467468482946792,0.31490562481135836,0.29867163589736373,49.40855952861325,0.546554862042182,0.3314519799358709,18.006671987290694,0.0027654867256637168,8.10533557323212,0.4307302434267702,77.87602801156004,0.0,2025-09-23-20-14-31-000000,rl2,aria_gen1,9,False,False,False,False,False,False,False
2649.0,88.3,0.0,0.0,0.0,0.0,0.0,0.0,0.0,0.0,0.0,0.0,0.0,0.0,0.0,0.0,28.995927036391617,0.0026425066062665155,29.505258045784135,0.0022650056625141564,0.0026425066062665155,29.505258045784135,22.849311256970502,0.25886681937655404,0.07717806375900685,34.47552421890945,0.39058373359791665,0.05508528162276671,15.700942267780322,0.00037764350453172205,5.76837065431391,0.3247252764872353,57.32483547587995,0.0,2025-09-23-20-19-39-000000,rl2,aria_gen1,9,False,False,False,False,False,False,False
2368.0,78.93333333333334,0.0,0.0,0.0,0.0,0.0,0.0,0.0,0.0,0.0,0.0,0.0,0.0,0.0,0.0,35.682208974576845,0.08445945945945946,32.572191479641674,0.018158783783783782,0.08445945945945946,35.682208974576845,35.517910034445386,0.45016362527814174,0.14186635596799863,38.31725804081621,0.4856433211763779,0.11453247376226698,17.443185667308605,0.001478664976763836,4.188527611041708,0.46790347322725984,73.8351680752616,0.0,2025-09-23-20-30-13-000000,rl2,aria_gen1,9,False,False,False,False,False,False,False
3036.0,101.2,0.0,0.0,0.0,0.0,0.0,0.0,0.0,0.0,0.0,0.0,0.0,0.0,0.0,0.0,33.116541368826766,0.004281949934123847,30.864386925124307,0.006258234519104084,0.006258234519104084,33.116541368826766,28.230248345473523,0.27904693586959,0.1605062232330396,54.77984688865138,0.5414811883556973,0.26170036549334624,13.56059838659802,0.00016474464579901152,5.485405870816999,0.41026406211264366,83.0100952341249,0.0,2025-09-23-20-34-49-000000,rl2,aria_gen1,9,False,False,False,False,False,False,False
2340.0,78.0,0.0,0.0,0.0,0.0,0.0,0.0,0.0,0.0,0.0,0.0,0.0,0.0,0.0,0.0,27.80191834776162,0.002564102564102564,22.785951670118752,0.0008547008547008547,0.002564102564102564,27.80191834776162,25.275181226577644,0.32417932312840075,0.24982228503609677,35.225531356627805,0.4518024543389629,0.38866108508079283,18.984367018443244,0.001496365968362548,8.375187097217825,0.3879908887336818,60.50071258320545,0.0,2025-09-23-21-10-33-000000,rl2,aria_gen1,9,False,False,False,False,False,False,False
1946.0,64.86666666666666,0.0,0.0,0.0,0.0,0.0,0.0,0.0,0.0,0.0,0.0,0.0,0.0,0.0,0.0,22.271140925471364,0.0,16.88486728120089,0.0025693730729701952,0.0025693730729701952,22.271140925471364,27.837749320153783,0.42937402550365733,0.16627222588160406,31.521823377783374,0.48619778988868956,0.24243937560790244,13.695509490282342,0.0012853470437017994,5.50858455289966,0.45778590769617344,59.35957269793715,0.0,2025-09-23-21-14-51-000000,rl2,aria_gen1,9,False,False,False,False,False,False,False
2966.0,98.86666666666666,0.0,0.0,0.0,0.0,0.0,0.0,0.0,0.0,0.0,0.0,0.0,0.0,0.0,0.0,26.66865568040221,0.0006743088334457181,25.10948288301908,0.00033715441672285906,0.0006743088334457181,26.66865568040221,27.214119278904114,0.27535365206311074,0.23199691615648138,48.77708176721531,0.49352865194484286,0.3315998715794352,19.7657918999142,0.002360876897133221,7.089097588984678,0.3844411520039768,75.99120104611941,0.0,2025-09-23-21-34-16-000000,rl2,aria_gen1,9,False,False,False,False,False,False,False
2981.0,99.36666666666666,0.0,0.0,0.0,0.0,0.0,0.0,0.0,0.0,0.0,0.0,0.0,0.0,0.0,0.0,25.31284847197347,0.0010063737001006373,20.166995854536093,0.0006709158000670916,0.0010063737001006373,25.31284847197347,30.056646068934917,0.30258368525773405,0.25031054234677075,40.17198661137943,0.40441597259777956,0.3985090727711468,17.740245760943367,0.0006711409395973154,5.330331641907516,0.3534998289277568,70.22863268031435,0.0,2025-09-23-21-38-55-000000,rl2,aria_gen1,9,False,False,False,False,False,False,False
2272.0,75.73333333333333,0.0,0.0,0.0,0.0,0.0,0.0,0.0,0.0,0.0,0.0,0.0,0.0,0.0,0.0,25.419611088591832,0.0044014084507042256,22.80359943573763,0.0008802816901408451,0.0044014084507042256,25.419611088591832,39.47203778516762,0.5214271834236146,0.14906083434252604,46.738001817887195,0.6174108562468587,0.4822228180661855,16.355396445760416,0.0015411712901805372,8.473014335091351,0.5694190198352366,86.21003960305481,0.0,2025-09-23-21-58-00-000000,rl2,aria_gen1,9,False,False,False,False,False,False,False
2312.0,77.06666666666666,0.0,0.0,0.0,0.0,0.0,0.0,0.0,0.0,0.0,0.0,0.0,0.0,0.0,0.0,30.165615451789186,0.0,22.36072474197791,0.0,0.0,30.165615451789186,31.664603300149032,0.4110506702745439,0.25539183027913365,45.00243052078051,0.5841942516760775,0.5624365678797209,15.739589530051518,0.0017308524448290783,6.945853529860566,0.4976224609753107,76.66703382092953,0.0,2025-09-23-22-15-03-000000,rl2,aria_gen1,9,False,False,False,False,False,False,False
2519.0,83.96666666666667,0.0,0.0,0.0,0.0,0.0,0.0,0.0,0.0,0.0,0.0,0.0,0.0,0.0,0.0,26.216452917278026,0.001984914648670107,24.008770914799463,0.0,0.001984914648670107,26.216452917278026,30.394637110716594,0.3621283214144153,0.22309516840399418,41.29170891084686,0.4919584064040531,0.22627610865259867,18.045244430089678,0.0013899920571882446,5.085095799415848,0.42704336390923425,71.68634602156345,0.0,2025-09-23-22-43-03-000000,rl2,aria_gen1,9,False,False,False,False,False,False,False
2371.0,79.03333333333333,0.0,0.0,0.0,0.0,0.0,0.0,0.0,0.0,0.0,0.0,0.0,0.0,0.0,0.0,25.699503817124512,0.0,21.85410883302409,0.0025305778152678194,0.0025305778152678194,25.699503817124512,36.36522201783286,0.4603192660485173,0.3261474123855809,36.68470420952162,0.46436334442432425,0.3226240193279266,13.48769991147953,0.0004219409282700422,7.040021961943859,0.46234130523642075,73.04992622735449,0.0,2025-09-23-22-47-12-000000,rl2,aria_gen1,9,False,False,False,False,False,False,False
1920.0,64.0,0.0,0.0,0.0,0.0,0.0,0.0,0.0,0.0,0.0,0.0,0.0,0.0,0.0,0.0,50.2471987817608,0.9822916666666667,38.41280724878608,0.18958333333333333,0.9822916666666667,50.2471987817608,35.304300213934226,0.5519171476904776,0.38689297408024736,41.9077057638475,0.6551491260632754,0.3626008220002919,19.600790976671192,0.0018238665971860343,7.0398036555794015,0.6035331368768765,77.21200597778173,0.0,2025-09-24-03-12-23-000000,rl2,aria_gen1,9,False,False,False,False,False,False,False
2308.0,76.93333333333334,0.0,0.0,0.0,0.0,0.0,0.0,0.0,0.0,0.0,0.0,0.0,0.0,0.0,0.0,38.95051297422367,0.20667244367417678,28.35194415353523,0.030329289428076257,0.20667244367417678,38.95051297422367,32.32935185490406,0.4204076964226796,0.5150736773090667,45.53075859389065,0.5920774849660684,0.6183586244271205,14.460802519159857,0.001517121803207629,5.695875204145403,0.506242590694374,77.86011044879471,0.0,2025-09-24-03-15-53-000000,rl2,aria_gen1,9,False,False,False,False,False,False,False
1890.0,63.0,0.0,0.0,0.0,0.0,0.0,0.0,0.0,0.0,0.0,0.0,0.0,0.0,0.0,0.0,26.67687691118733,0.08888888888888889,19.367265126459536,0.06402116402116402,0.08888888888888889,26.67687691118733,40.39453339685248,0.6415224996853226,0.40274556214922375,42.59492591045563,0.6764678545863784,0.38094818279540904,14.863201211039623,0.0026469031233456856,5.313753233265307,0.6589951771358505,82.98945930730811,0.0,2025-09-24-03-19-17-000000,rl2,aria_gen1,9,False,False,False,False,False,False,False
1690.0,56.333333333333336,0.0,0.0,0.0,0.0,0.0,0.0,0.0,0.0,0.0,0.0,0.0,0.0,0.0,0.0,38.30708798076702,0.15857988165680473,31.84542608969153,0.09763313609467456,0.15857988165680473,38.30708798076702,41.650468491520414,0.7397951774692789,0.7342408260331478,43.75144056713942,0.7771126210859577,0.6209281850488765,23.71159452841038,0.009473060982830076,6.915078068594163,0.7584538992776183,85.40190905865984,0.0,2025-09-24-03-30-47-000000,rl2,aria_gen1,9,False,False,False,False,False,False,False
2288.0,76.26666666666667,0.0,0.0,0.0,0.0,0.0,0.0,0.0,0.0,0.0,0.0,0.0,0.0,0.0,0.0,24.84549568431715,0.07255244755244755,24.354713737786565,0.0743006993006993,0.0743006993006993,24.84549568431715,43.42289738862662,0.5696051253427191,0.858436266344505,48.43039682283185,0.6352916067708594,0.8072688143382413,24.56160758101892,0.004591167468299082,6.221725707838741,0.6024483660567893,91.85329421145848,0.0,2025-09-24-03-34-16-000000,rl2,aria_gen1,9,False,False,False,False,False,False,False
1616.0,53.86666666666667,0.0,0.0,0.0,0.0,0.0,0.0,0.0,0.0,0.0,0.0,0.0,0.0,0.0,0.0,34.57843402249645,0.1150990099009901,16.934606854614273,0.050742574257425746,0.1150990099009901,34.57843402249645,33.2908066878666,0.6184050777931877,0.4609958160702986,38.40916361376343,0.7134829154259461,0.5278545617906341,20.962092139543532,0.0046439628482972135,7.918136063312954,0.6659439966095669,71.69997030163003,0.0,2025-09-24-03-55-38-000000,rl2,aria_gen1,9,False,False,False,False,False,False,False
1673.0,55.766666666666666,0.0,0.0,0.0,0.0,0.0,0.0,0.0,0.0,0.0,0.0,0.0,0.0,0.0,0.0,34.35356318822346,0.1954572624028691,22.516155186471565,0.08607292289300658,0.1954572624028691,34.35356318822346,41.182790633056555,0.7389256692534072,0.5198680303927592,43.2194875524541,0.7754692742665208,0.5457385024893938,17.23333761600635,0.005083732057416268,5.568817466880125,0.757197471759964,84.40227818551065,0.0,2025-09-24-03-59-06-000000,rl2,aria_gen1,9,False,False,False,False,False,False,False
2392.0,79.73333333333333,0.0,0.0,0.0,0.0,0.0,0.0,0.0,0.0,0.0,0.0,0.0,0.0,0.0,0.0,30.840767111831017,0.05016722408026756,20.41793157008508,0.02048494983277592,0.05016722408026756,30.840767111831017,33.79717916512476,0.4240549456100973,0.5766273597610595,48.78853327988365,0.6121522368868714,0.602829243137174,20.05404760080997,0.004809703053115851,7.620831214317304,0.5181035912484845,82.58571244500841,0.0,2025-09-24-04-02-36-000000,rl2,aria_gen1,9,False,False,False,False,False,False,False
1624.0,54.13333333333333,0.0,0.0,0.0,0.0,0.0,0.0,0.0,0.0,0.0,0.0,0.0,0.0,0.0,0.0,22.5393127713387,0.04187192118226601,19.135476918997025,0.03140394088669951,0.04187192118226601,22.5393127713387,36.54713909231984,0.6755478575290174,0.975444160880142,38.72426891408415,0.7157905529405573,0.3556688135191063,35.07125454361346,0.005237215033887862,3.6371715798849515,0.6956692052347873,75.27140800640399,0.0,2025-09-24-04-07-27-000000,rl2,aria_gen1,9,False,False,False,False,False,False,False
2056.0,68.53333333333333,0.0,0.0,0.0,0.0,0.0,0.0,0.0,0.0,0.0,0.0,0.0,0.0,0.0,0.0,24.518319041224615,0.05544747081712062,20.57409920555056,0.05009727626459144,0.05544747081712062,24.518319041224615,36.93775564945878,0.5392373087512231,0.510783585141633,46.1238563561958,0.6733409687035884,0.5222217423399477,17.1232677992149,0.0034063260340632603,5.063199733778826,0.6062891387274058,83.06161200565458,0.0,2025-09-24-04-10-46-000000,rl2,aria_gen1,9,False,False,False,False,False,False,False
2250.0,75.0,0.0,0.0,0.0,0.0,0.0,0.0,0.0,0.0,0.0,0.0,0.0,0.0,0.0,0.0,26.76464848437666,0.03288888888888889,23.54493914238129,0.028,0.03288888888888889,26.76464848437666,31.432867209300568,0.4192912477896919,0.34112016275791723,49.13322878940265,0.6554010065282702,0.3724617404172713,16.240099355990722,0.0031124944419742106,6.097720416311169,0.537346127158981,80.56609599870322,0.0,2025-09-24-04-14-10-000000,rl2,aria_gen1,9,False,False,False,False,False,False,False
1973.0,65.76666666666667,0.0,0.0,0.0,0.0,0.0,0.0,0.0,0.0,0.0,0.0,0.0,0.0,0.0,0.0,42.022472154174764,0.24936644703497213,31.143715068603655,0.17029903699949317,0.24936644703497213,42.022472154174764,37.65220929262395,0.5728023726058411,0.3516280365405463,48.59019424838164,0.7392017380585443,0.38970604546742793,10.87851908094732,0.0005070993914807302,3.994710896623453,0.6560020553321927,86.24240354100559,0.0,2025-09-24-04-35-30-000000,rl2,aria_gen1,9,False,False,False,False,False,False,False
2064.0,68.8,0.0,0.0,0.0,0.0,0.0,0.0,0.0,0.0,0.0,0.0,0.0,0.0,0.0,0.0,36.49245091247646,0.03343023255813953,25.930431774326316,0.03827519379844961,0.03827519379844961,36.49245091247646,30.065426579286424,0.4372093055640295,0.2305675009424305,57.45090634252223,0.8354470141908227,0.2375430045346975,27.896977309454407,0.0004847309743092584,3.916515181067319,0.636328159877426,87.51633292180865,0.0,2025-09-24-04-38-51-000000,rl2,aria_gen1,9,False,False,False,False,False,False,False
1756.0,58.53333333333333,0.0,0.0,0.0,0.0,0.0,0.0,0.0,0.0,0.0,0.0,0.0,0.0,0.0,0.0,32.427330254221395,0.08599088838268792,27.52801432121013,0.058656036446469245,0.08599088838268792,32.427330254221395,37.61256186018015,0.6429497753876949,0.2700352011087702,45.76247087829396,0.7822644594580164,0.20891058661442466,18.99728630248115,0.003703703703703704,7.1712612861313625,0.7126071174228557,83.37503273847412,0.0,2025-09-24-04-43-51-000000,rl2,aria_gen1,9,False,False,False,False,False,False,False
1381.0,46.03333333333333,0.0,0.0,0.0,0.0,0.0,0.0,0.0,0.0,0.0,0.0,0.0,0.0,0.0,0.0,34.61374001597934,0.12816799420709632,30.130943319409855,0.0774800868935554,0.12816799420709632,34.61374001597934,34.44130885041315,0.7487241054437641,0.25607490956843976,38.227961911739214,0.8310426502552004,0.37066683626636804,17.602251679792765,0.009057971014492754,8.810245650887348,0.7898833778494823,72.66927076215237,0.0,2025-09-24-04-47-05-000000,rl2,aria_gen1,9,False,False,False,False,False,False,False
2230.0,74.33333333333333,0.0,0.0,0.0,0.0,0.0,0.0,0.0,0.0,0.0,0.0,0.0,0.0,0.0,0.0,29.075041799411807,0.03991031390134529,23.32869317111572,0.027354260089686097,0.03991031390134529,29.075041799411807,37.76884339806391,0.5083289824773071,0.4888198922153866,53.10012605144079,0.7146719522401184,0.49402654720932326,18.29452613568931,0.004486316733961417,6.454610401487726,0.6115004673587127,90.8689694495047,0.0,2025-09-24-04-50-31-000000,rl2,aria_gen1,9,False,False,False,False,False,False,False
1599.0,53.3,0.0,0.0,0.0,0.0,0.0,0.0,0.0,0.0,0.0,0.0,0.0,0.0,0.0,0.0,27.605095666734332,0.0675422138836773,18.048695912007645,0.030644152595372107,0.0675422138836773,27.605095666734332,39.36038206153076,0.7389308271876861,0.14950915814035778,45.216465201505734,0.8488698097904707,0.1932892414065582,18.359875455134567,0.01032540675844806,6.271068803615384,0.7939003184890783,84.57684726303648,0.0,2025-09-24-05-09-51-000000,rl2,aria_gen1,9,False,False,False,False,False,False,False
2097.0,69.9,0.0,0.0,0.0,0.0,0.0,0.0,0.0,0.0,0.0,0.0,0.0,0.0,0.0,0.0,27.75221866632424,0.08917501192179304,17.867331526220173,0.058178350023843584,0.08917501192179304,27.75221866632424,44.63452149192879,0.6388528839493622,0.755941325350367,53.1616222632,0.7609010820114505,0.5713896603652124,18.526993764288054,0.007872137404580152,5.928275989313469,0.6998769829804062,97.79614375512878,0.0,2025-09-24-05-17-51-000000,rl2,aria_gen1,9,False,False,False,False,False,False,False
1949.0,64.96666666666667,0.0,0.0,0.0,0.0,0.0,0.0,0.0,0.0,0.0,0.0,0.0,0.0,0.0,0.0,35.93588222725002,0.07542329399692149,24.06536224230157,0.038994356080041044,0.07542329399692149,35.93588222725002,30.161112452522353,0.46449351826266455,0.12503521212201973,50.16312685225944,0.772532754398246,0.21751643307433371,15.677164976198535,0.004620123203285421,7.752450314410341,0.6185131363304552,80.3242393047818,0.0,2025-09-24-05-21-13-000000,rl2,aria_gen1,9,False,False,False,False,False,False,False
2331.0,77.7,0.0,0.0,0.0,0.0,0.0,0.0,0.0,0.0,0.0,0.0,0.0,0.0,0.0,0.0,27.744538995702857,0.06563706563706563,17.254811829701552,0.018447018447018446,0.06563706563706563,27.744538995702857,35.86751610941738,0.46181351213842126,0.05849802598746519,51.153976033641555,0.6586348845533248,0.22927975253427035,18.826775395144807,0.00536480686695279,6.732655602584206,0.560224198345873,87.02149214305894,0.0,2025-09-24-05-25-40-000000,rl2,aria_gen1,9,False,False,False,False,False,False,False
1943.0,64.76666666666667,0.0,0.0,0.0,0.0,0.0,0.0,0.0,0.0,0.0,0.0,0.0,0.0,0.0,0.0,31.675890248391706,0.13690169840452907,17.46698314543041,0.027792074112197633,0.13690169840452907,31.675890248391706,40.77350114457468,0.6298687097514112,0.3782335423054533,47.96218330566789,0.7409194125489377,0.3999921089744929,18.133717146473575,0.0038619979402677654,6.857188929726491,0.6853940611501743,88.73568445024257,0.0,2025-09-24-05-29-17-000000,rl2,aria_gen1,9,False,False,False,False,False,False,False
1574.0,52.46666666666667,0.0,0.0,0.0,0.0,0.0,0.0,0.0,0.0,0.0,0.0,0.0,0.0,0.0,0.0,26.78640100699565,0.1181702668360864,18.76353067209317,0.04891994917407878,0.1181702668360864,26.78640100699565,40.64307643841967,0.7751381393214176,0.467714198702481,43.81880162570522,0.835705053255662,0.5415092868183331,19.107785665773072,0.01112523839796567,7.170686545120073,0.8054215962885399,84.46187806412489,0.0,2025-09-24-05-32-41-000000,rl2,aria_gen1,9,False,False,False,False,False,False,False
2480.0,82.66666666666667,0.0,0.0,0.0,0.0,0.0,0.0,0.0,0.0,0.0,0.0,0.0,0.0,0.0,0.0,17.111999501536502,0.03588709677419355,19.228278927329043,0.0,0.03588709677419355,19.228278927329043,51.5376448207345,0.6236907400653631,0.6830498226057258,41.00276704971695,0.4962012954786239,0.13058803145204537,13.62414897088257,0.0004033884630899556,5.718045567357248,0.5599460177719935,92.54041187045145,0.0,2025-09-24-13-46-02-000000,rl2,aria_gen1,9,False,False,False,False,False,False,False
2665.0,88.83333333333333,0.0,0.0,0.0,0.0,0.0,0.0,0.0,0.0,0.0,0.0,0.0,0.0,0.0,0.0,20.445024682976747,0.028893058161350845,22.40168831410308,0.00075046904315197,0.028893058161350845,22.40168831410308,35.61267279496697,0.4010436125559343,0.7680857231938465,35.118080330913955,0.3954738776003824,0.7326128276125184,19.6674888904245,0.0005630630630630631,5.95000291905275,0.39825874507815834,70.73075312588092,0.0,2025-09-24-13-50-23-000000,rl2,aria_gen1,9,False,False,False,False,False,False,False
2903.0,96.76666666666667,0.0,0.0,0.0,0.0,0.0,0.0,0.0,0.0,0.0,0.0,0.0,0.0,0.0,0.0,22.793811116167454,0.017912504305890458,20.930478152882053,0.0,0.017912504305890458,22.793811116167454,36.820205057303475,0.3806361653063764,0.8213860426123022,44.572703907269656,0.46077915824193305,0.30045762655703834,10.284321027799992,0.00017229496898690558,5.941552775157262,0.4207076617741547,81.39290896457314,0.0,2025-09-24-14-06-40-000000,rl2,aria_gen1,9,False,False,False,False,False,False,False
2690.0,89.66666666666667,0.0,0.0,0.0,0.0,0.0,0.0,0.0,0.0,0.0,0.0,0.0,0.0,0.0,0.0,19.95566003902894,0.05055762081784387,20.008664279474104,0.0,0.05055762081784387,20.008664279474104,56.60292463030251,0.6314941386794628,0.9357672506068925,44.44391155975032,0.4958413338759797,0.05955711682421518,11.25663384100649,0.0001859427296392711,5.116775166322954,0.5636677362777212,101.04683619005283,0.0,2025-09-24-14-11-01-000000,rl2,aria_gen1,9,False,False,False,False,False,False,False
2867.0,95.56666666666666,0.0,0.0,0.0,0.0,0.0,0.0,0.0,0.0,0.0,0.0,0.0,0.0,0.0,0.0,28.880017763285608,0.030345308685036623,32.185223986700656,0.0,0.030345308685036623,32.185223986700656,39.013189694285856,0.4083725369255323,0.6008195480158293,39.93957800710943,0.4180695534589265,0.5590998475470543,12.775666559545579,0.00104675505931612,5.60428814003274,0.41322104519222935,78.95276770139529,0.0,2025-09-24-14-37-48-000000,rl2,aria_gen1,9,False,False,False,False,False,False,False
3548.0,118.26666666666667,0.0,0.0,0.0,0.0,0.0,0.0,0.0,0.0,0.0,0.0,0.0,0.0,0.0,0.0,25.49036982891574,0.017474633596392335,28.453010661192067,0.0008455467869222097,0.017474633596392335,28.453010661192067,45.696903290802815,0.38649763144180554,0.6378468475257055,63.47077981892983,0.536826443351535,0.390694761424755,15.01851036920741,0.0009867493656611221,5.871600787479421,0.4616620373966703,109.16768310973265,0.0,2025-09-24-14-42-14-000000,rl2,aria_gen1,9,False,False,False,False,False,False,False
3056.0,101.86666666666666,0.0,0.0,0.0,0.0,0.0,0.0,0.0,0.0,0.0,0.0,0.0,0.0,0.0,0.0,12.461649750232482,0.0206151832460733,14.528698261998393,0.0,0.0206151832460733,14.528698261998393,58.34178912377285,0.5729144594805844,0.2104749946091404,40.682800022735165,0.3995037645440442,0.15898465513186663,11.542570952144947,0.0004909983633387888,6.349417237484378,0.4862091120123143,99.02458914650802,0.0,2025-09-24-14-57-32-000000,rl2,aria_gen1,9,False,False,False,False,False,False,False
2877.0,95.9,0.0,0.0,0.0,0.0,0.0,0.0,0.0,0.0,0.0,0.0,0.0,0.0,0.0,0.0,21.034470970219495,0.03023983315954119,22.750295542786695,0.0,0.03023983315954119,22.750295542786695,47.20069030726438,0.4923576874888495,0.2123795252469233,44.295743517932166,0.46205573906048847,0.2443654024813807,15.299645400421866,0.0013908205841446453,9.022495526000943,0.477206713274669,91.49643382519655,0.0,2025-09-24-15-01-42-000000,rl2,aria_gen1,9,False,False,False,False,False,False,False
3625.0,120.83333333333333,0.0,0.0,0.0,0.0,0.0,0.0,0.0,0.0,0.0,0.0,0.0,0.0,0.0,0.0,24.06720065433657,0.017379310344827585,22.603555313433066,0.0,0.017379310344827585,24.06720065433657,40.14422967992105,0.3323197821185517,0.7634861710141386,49.27948257505189,0.4079427365484428,0.2881796673493309,11.597752933717253,0.0002759381898454746,3.4959590176682513,0.3701312593334973,89.42371225497294,0.0,2025-09-24-15-16-29-000000,rl2,aria_gen1,9,False,False,False,False,False,False,False
3084.0,102.8,0.0,0.0,0.0,0.0,0.0,0.0,0.0,0.0,0.0,0.0,0.0,0.0,0.0,0.0,20.308160750084546,0.026913099870298315,21.997884846305848,0.0,0.026913099870298315,21.997884846305848,57.16346453630136,0.5562451949688747,0.6089592677611593,48.32614723362475,0.4702511894287197,0.40740652470008326,12.433431709248591,0.0006487187804086928,4.999570460175183,0.5132481921987972,105.48961176992611,0.0,2025-09-24-15-20-42-000000,rl2,aria_gen1,9,False,False,False,False,False,False,False
3292.0,109.73333333333333,0.0,0.0,0.0,0.0,0.0,0.0,0.0,0.0,0.0,0.0,0.0,0.0,0.0,0.0,18.826571475704856,0.026731470230862697,16.94739369947127,0.0,0.026731470230862697,18.826571475704856,50.913025039316594,0.4641114406501057,0.6699568405625538,43.21909590749458,0.3939753501138977,0.1566923208173887,13.08992390395704,0.00045578851412944393,6.215262155792775,0.42904339538200176,94.13212094681117,0.0,2025-09-24-15-39-38-000000,rl2,aria_gen1,9,False,False,False,False,False,False,False
3184.0,106.13333333333334,0.0,0.0,0.0,0.0,0.0,0.0,0.0,0.0,0.0,0.0,0.0,0.0,0.0,0.0,22.192972142714208,0.019472361809045227,21.256076924095623,0.0,0.019472361809045227,22.192972142714208,41.34393854023682,0.3896695432633065,0.633096690634135,59.414814708860476,0.559988828547224,0.4618013213659846,13.117838144551026,0.0007854225573358467,7.173020632271473,0.4748291859052653,100.7587532490973,0.0,2025-09-24-15-44-35-000000,rl2,aria_gen1,9,False,False,False,False,False,False,False
2693.0,89.76666666666667,0.0,0.0,0.0,0.0,0.0,0.0,0.0,0.0,0.0,0.0,0.0,0.0,0.0,0.0,18.02560597891525,0.030820646119569254,18.512761694260405,0.0,0.030820646119569254,18.512761694260405,58.3358307791555,0.6501021260678548,0.3685116930123539,49.9289518027952,0.5564147674902883,0.5810054912011213,20.35923411472673,0.0016716196136701336,7.822838915587303,0.6032584467790715,108.2647825819507,0.0,2025-09-24-16-04-23-000000,rl2,aria_gen1,9,False,False,False,False,False,False,False
2756.0,91.86666666666666,0.0,0.0,0.0,0.0,0.0,0.0,0.0,0.0,0.0,0.0,0.0,0.0,0.0,0.0,23.413710395158844,0.03664731494920174,21.87465447234124,0.0,0.03664731494920174,23.413710395158844,51.63737046386451,0.5622944152144955,0.5412284960520335,51.13624332008985,0.5568374953185826,0.5846109269312498,14.204648113870983,0.00018148820326678765,6.9924245154392,0.5595659552665391,102.77361378395435,0.0,2025-09-24-16-08-35-000000,rl2,aria_gen1,9,False,False,False,False,False,False,False
3307.0,110.23333333333333,0.0,0.0,0.0,0.0,0.0,0.0,0.0,0.0,0.0,0.0,0.0,0.0,0.0,0.0,25.420295140159492,0.019352887813728455,23.160504500778412,0.0,0.019352887813728455,25.420295140159492,49.231762511267235,0.4467492060913542,0.5483387111103089,68.70312808980587,0.6234403637913418,0.5844857071261356,14.264912023951236,0.0006049606775559589,7.877778495119917,0.535094784941348,117.9348906010731,0.0,2025-09-24-16-24-49-000000,rl2,aria_gen1,9,False,False,False,False,False,False,False
3025.0,100.83333333333333,0.0,0.0,0.0,0.0,0.0,0.0,0.0,0.0,0.0,0.0,0.0,0.0,0.0,0.0,19.062023951431282,0.048264462809917356,14.996348484106507,0.0,0.048264462809917356,19.062023951431282,68.77998341924719,0.6823411053496745,0.4838467605919412,44.82974305238733,0.44473951440860443,0.3685082868936751,17.980840681610008,0.0013227513227513227,7.382251994229958,0.5635403098791395,113.60972647163452,0.0,2025-09-24-16-28-59-000000,rl2,aria_gen1,9,False,False,False,False,False,False,False
1688.0,56.266666666666666,0.0,0.0,0.0,0.0,0.0,0.0,0.0,0.0,0.0,0.0,0.0,0.0,0.0,0.0,28.261394163454092,0.052725118483412325,26.689428032519338,0.005924170616113744,0.052725118483412325,28.261394163454092,26.54854643390233,0.47211404446773547,0.7120076499559064,29.605804049730114,0.52648139981737,0.320779282847204,16.34276034363888,0.0011855364552459987,5.376791255444945,0.4992977221425528,56.15435048363244,0.0,2025-09-25-18-10-53-000000,rl2,aria_gen1,9,False,False,False,False,False,False,False
2535.0,84.5,0.0,0.0,0.0,0.0,0.0,0.0,0.0,0.0,0.0,0.0,0.0,0.0,0.0,0.0,30.967254708104754,0.024063116370808678,27.59774395868762,0.014595660749506903,0.024063116370808678,30.967254708104754,33.920430650206534,0.4015836304286488,0.22104963299301367,49.44344527554176,0.5853604413047565,0.37817138827015756,13.347198180533256,0.0005919494869771113,6.40357441426288,0.4934720358667026,83.36387592574829,0.0,2025-09-25-18-17-20-000000,rl2,aria_gen1,9,False,False,False,False,False,False,False
1913.0,63.766666666666666,0.0,0.0,0.0,0.0,0.0,0.0,0.0,0.0,0.0,0.0,0.0,0.0,0.0,0.0,19.941076937339204,0.07004704652378463,20.341105127190975,0.00575013068478829,0.07004704652378463,20.341105127190975,46.01923411150439,0.722059112628207,0.2105912455457321,41.907378813337004,0.6575425546025679,0.13065243338242072,26.442527412343694,0.005230125523012552,4.915788787382456,0.6898008336153875,87.9266129248414,0.0,2025-09-25-18-37-35-000000,rl2,aria_gen1,9,False,False,False,False,False,False,False
1645.0,54.833333333333336,0.0,0.0,0.0,0.0,0.0,0.0,0.0,0.0,0.0,0.0,0.0,0.0,0.0,0.0,25.549561064992034,0.059574468085106386,25.96049579112053,0.0,0.059574468085106386,25.96049579112053,32.199001696621394,0.5875730236609743,0.5978680720321432,33.849189352533806,0.6176859370900328,0.7037405328169979,21.204830517982337,0.0018248175182481751,5.81275626049102,0.6026294803755037,66.04819104915521,0.0,2025-09-25-18-42-13-000000,rl2,aria_gen1,9,False,False,False,False,False,False,False
1839.0,61.3,0.0,0.0,0.0,0.0,0.0,0.0,0.0,0.0,0.0,0.0,0.0,0.0,0.0,0.0,35.60104861306521,0.037520391517128875,30.495366172692403,0.01794453507340946,0.037520391517128875,35.60104861306521,29.257624981290437,0.4775455655270474,0.43374000183865413,45.09213308236183,0.7359978196250571,0.30866514300565245,22.08465195334793,0.003264417845484222,6.495645059103078,0.6067716925760523,74.34975806365227,0.0,2025-09-25-19-01-00-000000,rl2,aria_gen1,9,False,False,False,False,False,False,False
2532.0,84.4,0.0,0.0,0.0,0.0,0.0,0.0,0.0,0.0,0.0,0.0,0.0,0.0,0.0,0.0,33.64468297152433,0.14257503949447078,26.874069811490468,0.001579778830963665,0.14257503949447078,33.64468297152433,37.2880922403033,0.4419765970798494,0.2424031308085932,34.287146297759136,0.4064063172393418,0.3210292266044361,15.283945767836808,0.0003951007506914263,5.169490481321892,0.42419145715959555,71.57523853806244,0.0,2025-09-25-19-11-49-000000,rl2,aria_gen1,9,False,False,False,False,False,False,False
1550.0,51.666666666666664,0.0,0.0,0.0,0.0,0.0,0.0,0.0,0.0,0.0,0.0,0.0,0.0,0.0,0.0,23.816063086660364,0.15419354838709678,20.373417578371033,0.0,0.15419354838709678,23.816063086660364,20.696978942653143,0.4008452990830176,0.230973904501384,24.752036072395946,0.4793809439456929,0.3307898028804694,24.193946415719605,0.001936733376371853,4.657894180594958,0.4401131215143552,45.449015015049085,0.0,2025-09-25-19-27-43-000000,rl2,aria_gen1,9,False,False,False,False,False,False,False
2311.0,77.03333333333333,0.0,0.0,0.0,0.0,0.0,0.0,0.0,0.0,0.0,0.0,0.0,0.0,0.0,0.0,20.31343192966781,0.07918649935093033,14.741505988026596,0.0,0.07918649935093033,20.31343192966781,65.30018192959766,0.8480543107739954,0.23171929226113316,35.674342863789974,0.46330315407519446,0.34931225483678807,19.683481764949583,0.0025974025974025974,5.2745701338220545,0.655678732424595,100.97452479338763,0.0,2025-09-25-20-03-37-000000,rl2,aria_gen1,9,False,False,False,False,False,False,False
2214.0,73.8,0.0,0.0,0.0,0.0,0.0,0.0,0.0,0.0,0.0,0.0,0.0,0.0,0.0,0.0,28.765601934801374,0.0980126467931346,20.909136617511077,0.0,0.0980126467931346,28.765601934801374,45.94036983987039,0.6227795278789479,0.27757327160599654,34.79785002625437,0.4717286492488166,0.36958308350328084,18.290554084248598,0.004066877541798464,7.6248969852160196,0.5472540885638822,80.73821986612477,0.0,2025-09-25-20-08-06-000000,rl2,aria_gen1,9,False,False,False,False,False,False,False
2727.0,90.9,0.0,0.0,0.0,0.0,0.0,0.0,0.0,0.0,0.0,0.0,0.0,0.0,0.0,0.0,31.293271553981445,0.045104510451045104,24.927204470505053,0.0,0.045104510451045104,31.293271553981445,40.00268530233633,0.4402349813169809,0.5793047354476002,61.88150014906131,0.6810143083168889,0.13025881323934976,23.10413343726814,0.001467351430667645,3.1474458346463656,0.5606246448169349,101.88418545139764,0.0,2025-09-25-21-01-27-000000,rl2,aria_gen1,9,False,False,False,False,False,False,False
2475.0,82.5,0.0,0.0,0.0,0.0,0.0,0.0,0.0,0.0,0.0,0.0,0.0,0.0,0.0,0.0,25.142980654820278,0.07232323232323232,28.28535987028708,0.08404040404040404,0.08404040404040404,28.28535987028708,65.06989594649083,0.7890448174594683,0.4963725599156801,47.433572465133366,0.5751847914122883,0.05586589257784534,22.459426399401533,0.0028294260307194824,3.662434876299398,0.6821148044358784,112.5034684116242,0.0,2025-09-25-21-05-37-000000,rl2,aria_gen1,9,False,False,False,False,False,False,False
1879.0,62.63333333333333,0.0,0.0,0.0,0.0,0.0,0.0,0.0,0.0,0.0,0.0,0.0,0.0,0.0,0.0,43.113833310798654,0.4390633315593401,48.782661582825796,0.660457690260777,0.660457690260777,48.782661582825796,36.1018253982147,0.5767064760098195,0.44346678393374483,33.434404587178065,0.5340959199229723,0.23891430202861783,22.53902323774942,0.001863684771033014,3.4309297924128894,0.5554011979663959,69.53622998539277,0.0,2025-09-25-21-53-41-000000,rl2,aria_gen1,9,False,False,False,False,False,False,False
2041.0,68.03333333333333,0.0,0.0,0.0,0.0,0.0,0.0,0.0,0.0,0.0,0.0,0.0,0.0,0.0,0.0,40.547360700478045,0.41793238608525235,48.381313117820895,0.6193042626163645,0.6193042626163645,48.381313117820895,50.32396932607199,0.7400583724422353,0.4213260222418773,43.43722950264691,0.6387827868036311,0.24141133741186108,11.596819294984964,0.0012254901960784314,4.357902140525514,0.6894205796229332,93.7611988287189,0.0,2025-09-25-21-57-46-000000,rl2,aria_gen1,9,False,False,False,False,False,False,False
2536.0,84.53333333333333,0.0,0.0,0.0,0.0,0.0,0.0,0.0,0.0,0.0,0.0,0.0,0.0,0.0,0.0,23.107044377557855,0.029574132492113565,20.448699357989362,0.0,0.029574132492113565,23.107044377557855,36.306027534430925,0.4296571305849815,0.4251229248547444,42.57801696436334,0.5038818575664301,0.12916786665659377,22.197499249532097,0.0001972386587771203,3.4871628472912777,0.4667694940757058,78.88404449879427,0.0,2025-09-25-22-39-54-000000,rl2,aria_gen1,9,False,False,False,False,False,False,False
2736.0,91.2,0.0,0.0,0.0,0.0,0.0,0.0,0.0,0.0,0.0,0.0,0.0,0.0,0.0,0.0,22.33648936206049,0.08881578947368421,22.481537623817736,0.0014619883040935672,0.08881578947368421,22.481537623817736,81.43764919350362,0.8932831721408075,0.693162335548607,57.57803320066113,0.6315689199341258,0.620466092081788,16.893868432779875,0.0018281535648994515,4.870667190213755,0.7624260460374666,139.01568239416474,0.0,2025-09-25-22-44-19-000000,rl2,aria_gen1,9,False,False,False,False,False,False,False
3897.0,129.9,0.0,0.0,0.0,0.0,0.0,0.0,0.0,0.0,0.0,0.0,0.0,0.0,0.0,0.0,23.120516920565386,0.003849114703618168,20.48958329506335,0.0,0.003849114703618168,23.120516920565386,64.27733025520563,0.4949486415955258,0.6370152980519836,54.84668463540089,0.4223307338454894,0.23060200704056671,21.404435054195268,0.0002566735112936345,4.691018209046281,0.4586396877205076,119.12401489060652,0.0,2025-09-26-17-40-42-000000,rl2,aria_gen1,9,False,False,False,False,False,False,False
3759.0,125.3,0.0,0.0,0.0,0.0,0.0,0.0,0.0,0.0,0.0,0.0,0.0,0.0,0.0,0.0,19.811632260173898,0.005852620377760042,13.588216948785725,0.0,0.005852620377760042,19.811632260173898,54.050040256201285,0.43147983174189436,0.22537090106251345,49.664822425267914,0.39647277082438465,0.1777328560965595,7.472989988686239,0.0,2.962763430158916,0.4139763012831395,103.7148626814692,0.0,2025-09-26-17-45-46-000000,rl2,aria_gen1,9,False,False,False,False,False,False,False
3535.0,117.83333333333333,0.0,0.0,0.0,0.0,0.0,0.0,0.0,0.0,0.0,0.0,0.0,0.0,0.0,0.0,18.540278270771353,0.004243281471004243,15.156661192727467,0.0,0.004243281471004243,18.540278270771353,46.47250927843587,0.39450347435004984,0.41479336070469414,53.50350932760371,0.4541893830866189,0.1762241933879255,8.324781203604145,0.0,3.6778202200083387,0.42434642871833433,99.97601860603959,0.0,2025-09-26-17-51-49-000000,rl2,aria_gen1,9,False,False,False,False,False,False,False
3740.0,124.66666666666667,0.0,0.0,0.0,0.0,0.0,0.0,0.0,0.0,0.0,0.0,0.0,0.0,0.0,0.0,19.520567556289542,0.009358288770053475,15.205865157817126,0.0,0.009358288770053475,19.520567556289542,63.770735602912076,0.5116667740271094,0.2618363595329087,53.22054572520664,0.42701694885161795,0.43123791611875534,9.786583379632889,0.0,7.76158029205808,0.46934186143936363,116.99128132811872,0.0,2025-09-26-17-56-04-000000,rl2,aria_gen1,9,False,False,False,False,False,False,False
3565.0,118.83333333333333,0.0,0.0,0.0,0.0,0.0,0.0,0.0,0.0,0.0,0.0,0.0,0.0,0.0,0.0,27.71625631354293,0.015988779803646564,23.25036819267362,0.015427769985974754,0.015988779803646564,27.71625631354293,52.23517003910799,0.439689983494175,0.2084607954229346,64.46230608122086,0.5426120040506806,0.5486858663409084,20.083800135125443,0.0023849607182940516,4.753628369185587,0.49115099377242777,116.69747612032884,0.0,2025-09-26-18-23-35-000000,rl2,aria_gen1,9,False,False,False,False,False,False,False
3859.0,128.63333333333333,0.0,0.0,0.0,0.0,0.0,0.0,0.0,0.0,0.0,0.0,0.0,0.0,0.0,0.0,26.793833906047208,0.026690852552474734,21.50013125497446,0.025654314589271834,0.026690852552474734,26.793833906047208,50.75108817320347,0.39464298734994924,0.23410960137699122,81.82786398952909,0.6362975426868515,0.1422446736573705,24.093973794659664,0.00414722654224987,6.843218485274376,0.5154702650184003,132.57895216273255,0.0,2025-09-26-18-27-57-000000,rl2,aria_gen1,9,False,False,False,False,False,False,False
2999.0,99.96666666666667,0.0,0.0,0.0,0.0,0.0,0.0,0.0,0.0,0.0,0.0,0.0,0.0,0.0,0.0,23.594993858057258,0.02634211403801267,19.013488127727268,0.012670890296765588,0.02634211403801267,23.594993858057258,28.982365026086676,0.29001699492414945,0.804763586753842,51.05337647285621,0.51087434762698,0.7811652415875528,7.878255885088215,0.0,3.931461480923538,0.4004456712755648,80.03574149894288,0.0,2025-09-26-18-36-44-000000,rl2,aria_gen1,9,False,False,False,False,False,False,False
2327.0,77.56666666666666,0.0,0.0,0.0,0.0,0.0,0.0,0.0,0.0,0.0,0.0,0.0,0.0,0.0,0.0,21.423884681061757,0.059733562526858616,17.812409857051737,0.03180060163300387,0.059733562526858616,21.423884681061757,47.19127568391838,0.608657897900925,0.6302937519456175,49.82836848319087,0.6426702727840611,0.6535128227172745,17.739841098261806,0.00021496130696474635,2.7526273911800034,0.6256640853424931,97.01964416710925,0.0,2025-09-26-18-41-35-000000,rl2,aria_gen1,9,False,False,False,False,False,False,False
3839.0,127.96666666666667,0.0,0.0,0.0,0.0,0.0,0.0,0.0,0.0,0.0,0.0,0.0,0.0,0.0,0.0,30.449305273553485,0.03985412867934358,21.66899942401419,0.03256056264652253,0.03985412867934358,30.449305273553485,55.64240196187275,0.43493279282339303,0.08537793603582382,63.572678608429285,0.49692036431810277,0.12577366684933647,23.630604510467908,0.001563314226159458,4.075931022822707,0.4659265785707479,119.21508057030204,0.0,2025-09-26-18-43-07-000000,rl2,aria_gen1,9,False,False,False,False,False,False,False
4026.0,134.2,0.0,0.0,0.0,0.0,0.0,0.0,0.0,0.0,0.0,0.0,0.0,0.0,0.0,0.0,36.529191475336326,0.09090909090909091,27.743219701424863,0.07004470938897168,0.09090909090909091,36.529191475336326,72.3850816366049,0.5395161364218999,0.12354206995293138,92.53415999061755,0.6896956024145408,0.21079337882787264,19.379203990116867,0.0072049689440993785,6.099506710766579,0.6146058694182203,164.91924162722245,0.0,2025-09-26-18-47-40-000000,rl2,aria_gen1,9,False,False,False,False,False,False,False
2752.0,91.73333333333333,0.0,0.0,0.0,0.0,0.0,0.0,0.0,0.0,0.0,0.0,0.0,0.0,0.0,0.0,20.333378481124065,0.03306686046511628,14.415908159083852,0.005087209302325582,0.03306686046511628,20.333378481124065,39.64174459665067,0.4322981962557325,0.6975549738519548,49.349815386504396,0.5381659256979759,0.6326808818568748,12.56605135894531,0.0005452562704471102,3.408911411293915,0.48523206097685423,88.99155998315507,0.0,2025-09-26-18-58-59-000000,rl2,aria_gen1,9,False,False,False,False,False,False,False
3606.0,120.2,0.0,0.0,0.0,0.0,0.0,0.0,0.0,0.0,0.0,0.0,0.0,0.0,0.0,0.0,26.159122698757933,0.08458125346644481,20.81673985074513,0.07792567942318358,0.08458125346644481,26.159122698757933,62.21213260059703,0.5177153891866604,0.5686433230636884,89.88353718592512,0.7479906007150495,0.09988748174541118,25.11641074066439,0.0048543689320388345,8.189094319972192,0.6328529949508549,152.09566978652214,0.0,2025-09-26-19-04-09-000000,rl2,aria_gen1,9,False,False,False,False,False,False,False
2801.0,93.36666666666666,0.0,0.0,0.0,0.0,0.0,0.0,0.0,0.0,0.0,0.0,0.0,0.0,0.0,0.0,20.881251947522216,0.022134951802927526,14.117370759494829,0.005355230274901821,0.022134951802927526,20.881251947522216,35.003541297286866,0.37503794247093064,0.464613672599569,57.386502854671875,0.6148553877286272,0.5000523027611194,22.267672215467353,0.0008928571428571428,9.675081540215745,0.49494666509977897,92.39004415195873,0.0,2025-09-26-19-06-11-000000,rl2,aria_gen1,9,False,False,False,False,False,False,False
4110.0,137.0,0.0,0.0,0.0,0.0,0.0,0.0,0.0,0.0,0.0,0.0,0.0,0.0,0.0,0.0,25.04704175030101,0.07347931873479319,18.88589022317823,0.08321167883211679,0.08321167883211679,25.04704175030101,75.70762585021652,0.5527448954749319,0.19812430103532766,86.90201268844778,0.6344756341332279,0.32784791477011893,20.278934286305848,0.0068143100511073255,7.68185315227236,0.5936102648040799,162.60963853866429,0.0,2025-09-26-19-08-33-000000,rl2,aria_gen1,9,False,False,False,False,False,False,False
2789.0,92.96666666666667,0.0,0.0,0.0,0.0,0.0,0.0,0.0,0.0,0.0,0.0,0.0,0.0,0.0,0.0,26.272939369692594,0.0,21.09127236298152,0.02187163858013625,0.02187163858013625,26.272939369692594,45.08025856295486,0.48508169185389016,0.17509346096487416,57.213162993389204,0.615636617575924,0.39159934281084563,35.15288877129322,0.0037661406025824963,5.224769933201018,0.5503591547149072,102.29342155634407,0.0,2025-09-26-19-28-55-000000,rl2,aria_gen1,9,False,False,False,False,False,False,False
2734.0,91.13333333333334,0.0,0.0,0.0,0.0,0.0,0.0,0.0,0.0,0.0,0.0,0.0,0.0,0.0,0.0,28.020880199799382,0.03511338697878566,26.084384847981184,0.056327724945135334,0.056327724945135334,28.020880199799382,40.386363995996064,0.443319033984589,0.14402806039956584,51.75062097677355,0.5680638965617294,0.11143970465527502,29.22993831955398,0.004573728503476033,5.174415103461558,0.5056914652731592,92.13698497276961,0.0,2025-09-26-19-33-12-000000,rl2,aria_gen1,9,False,False,False,False,False,False,False
3974.0,132.46666666666667,0.0,0.0,0.0,0.0,0.0,0.0,0.0,0.0,0.0,0.0,0.0,0.0,0.0,0.0,19.31147784207255,0.035732259687971814,16.631038530688095,0.03824861600402617,0.03824861600402617,19.31147784207255,50.766512482260325,0.3833363640744549,0.25337561692201543,76.66923249098089,0.578927000938693,0.27463361235500283,22.339486602435482,0.005285678328718852,8.581176437607693,0.4811316825065739,127.43574497324121,0.0,2025-09-26-19-33-15-000000,rl2,aria_gen1,9,False,False,False,False,False,False,False
3466.0,115.53333333333333,0.0,0.0,0.0,0.0,0.0,0.0,0.0,0.0,0.0,0.0,0.0,0.0,0.0,0.0,16.824499792027666,0.0,15.035780221441728,0.0,0.0,16.824499792027666,48.868145603809566,0.42310082773861096,0.41108597671598207,54.10881749607563,0.46847461035563315,0.24353227592942023,8.369170582656338,0.0,3.4800864350579483,0.445787719047122,102.9769630998852,0.0,2025-09-26-19-37-28-000000,rl2,aria_gen1,9,False,False,False,False,False,False,False
3278.0,109.26666666666667,0.0,0.0,0.0,0.0,0.0,0.0,0.0,0.0,0.0,0.0,0.0,0.0,0.0,0.0,12.936824749053345,0.0,10.740088538134907,0.0,0.0,12.936824749053345,34.063904010698266,0.3118453220387391,0.3427180146011735,32.651071667829754,0.2989112450518439,0.16760921709265267,9.487522580030847,0.0,4.715808506310443,0.3053782835452915,66.71497567852802,0.0,2025-09-26-19-47-50-000000,rl2,aria_gen1,9,False,False,False,False,False,False,False
3463.0,115.43333333333334,0.0,0.0,0.0,0.0,0.0,0.0,0.0,0.0,0.0,0.0,0.0,0.0,0.0,0.0,19.164009937525506,0.007219174126479931,17.6263464485355,0.003753970545769564,0.007219174126479931,19.164009937525506,39.00970035908432,0.3380389979123425,0.9295623733916576,76.58345081999396,0.6636347558058402,0.9189229588585202,25.411468124238013,0.0014442518775274408,6.927652180078083,0.5008368768590913,115.59315117907828,0.0,2025-09-26-19-52-12-000000,rl2,aria_gen1,9,False,False,False,False,False,False,False
3115.0,103.83333333333333,0.0,0.0,0.0,0.0,0.0,0.0,0.0,0.0,0.0,0.0,0.0,0.0,0.0,0.0,34.12643381008573,0.03723916532905297,31.25953934842037,0.03723916532905297,0.03723916532905297,34.12643381008573,60.80207398932539,0.5857617918046762,0.49058200530958074,76.91871576175791,0.7410280901903459,0.5575737730164594,19.631416344432015,0.008349389852280027,9.093461692815799,0.6633949409975112,137.72078975108332,0.0,2025-09-26-19-53-43-000000,rl2,aria_gen1,9,False,False,False,False,False,False,False
3127.0,104.23333333333333,0.0,0.0,0.0,0.0,0.0,0.0,0.0,0.0,0.0,0.0,0.0,0.0,0.0,0.0,17.456643520514366,0.0,13.330093791268887,0.0,0.0,17.456643520514366,55.79818563639988,0.5354912249174653,0.30507659454401265,61.04311488629615,0.5858264384481398,0.37314305723032726,12.92531288460015,0.0011196417146513116,6.746326299523709,0.5606588316828025,116.84130052269603,0.0,2025-09-26-19-56-45-000000,rl2,aria_gen1,9,False,False,False,False,False,False,False
3248.0,108.26666666666667,0.0,0.0,0.0,0.0,0.0,0.0,0.0,0.0,0.0,0.0,0.0,0.0,0.0,0.0,25.579044988474447,0.008004926108374385,19.80906575606699,0.008004926108374385,0.008004926108374385,25.579044988474447,35.43208590935882,0.3273675938653417,0.23730120442427752,62.769527111819876,0.5799463545902668,0.3659836877759617,17.98922389848846,0.0012319063751154912,5.974690082543402,0.4536569742278042,98.2016130211787,0.0,2025-09-26-19-58-43-000000,rl2,aria_gen1,9,False,False,False,False,False,False,False
2637.0,87.9,0.0,0.0,0.0,0.0,0.0,0.0,0.0,0.0,0.0,0.0,0.0,0.0,0.0,0.0,20.52609668385296,0.0,18.50536859593154,0.0,0.0,20.52609668385296,35.340608618582024,0.40220723010525833,0.078533492880127,46.00262310538943,0.5235503388322014,0.32769859276609176,12.772483497615884,0.0013277693474962064,5.683240318719193,0.46287878446872993,81.34323172397146,0.0,2025-09-26-20-12-50-000000,rl2,aria_gen1,9,False,False,False,False,False,False,False
3317.0,110.56666666666666,0.0,0.0,0.0,0.0,0.0,0.0,0.0,0.0,0.0,0.0,0.0,0.0,0.0,0.0,24.166235594009333,0.006331022007838408,19.822949704225554,0.008742839915586373,0.008742839915586373,24.166235594009333,64.44571249889196,0.5830432373241131,0.35311099845114274,69.77357013325692,0.6312446031356177,0.1680817622612883,17.351809335799345,0.0016586248492159229,4.873559394154177,0.6071439202298653,134.2192826321489,0.0,2025-09-26-20-13-41-000000,rl2,aria_gen1,9,False,False,False,False,False,False,False
2572.0,85.73333333333333,0.0,0.0,0.0,0.0,0.0,0.0,0.0,0.0,0.0,0.0,0.0,0.0,0.0,0.0,24.681413607981916,0.008164852255054433,13.855430573757003,0.0007776049766718507,0.008164852255054433,24.681413607981916,29.821276682379903,0.34797289010945043,0.5878671678608045,55.45512457098678,0.6470843007116311,0.5353083044593296,25.22369916007576,0.0013613380007779074,10.151927756256187,0.4975285954105408,85.27640125336669,0.0,2025-09-26-20-17-33-000000,rl2,aria_gen1,9,False,False,False,False,False,False,False
3559.0,118.63333333333334,0.0,0.0,0.0,0.0,0.0,0.0,0.0,0.0,0.0,0.0,0.0,0.0,0.0,0.0,16.597272830860238,0.0,13.176532637844344,0.00449564484405732,0.00449564484405732,16.597272830860238,51.84449871104356,0.43713742589412785,0.14753080229442952,64.44358738575356,0.5433692022407551,0.17117721115988843,24.339718251276608,0.0005621135469364812,2.4532440079473985,0.4902533140674415,116.28808609679712,0.0,2025-09-26-20-18-17-000000,rl2,aria_gen1,9,False,False,False,False,False,False,False
3764.0,125.46666666666667,0.0,0.0,0.0,0.0,0.0,0.0,0.0,0.0,0.0,0.0,0.0,0.0,0.0,0.0,24.0887593604844,0.0,14.502669889239758,0.0,0.0,24.0887593604844,61.59531227261308,0.4910601563057115,0.21434337768817133,70.95942428963025,0.5657142515782375,0.11482769982280196,10.340869260229535,0.00026574541589157585,3.234089489522373,0.5283872039419745,132.55473656224333,0.0,2025-09-26-20-32-15-000000,rl2,aria_gen1,9,False,False,False,False,False,False,False
2552.0,85.06666666666666,0.0,0.0,0.0,0.0,0.0,0.0,0.0,0.0,0.0,0.0,0.0,0.0,0.0,0.0,28.73529274025622,0.0,18.43880301535595,0.0,0.0,28.73529274025622,33.92566259197288,0.39896898383347174,0.1805075652619511,45.840820778729224,0.5390923650967766,0.29767658405364866,10.953795889244365,0.0009800078400627205,3.540706814014715,0.4690306744651241,79.7664833707021,0.0,2025-09-26-20-36-20-000000,rl2,aria_gen1,9,False,False,False,False,False,False,False
3627.0,120.9,0.0,0.0,0.0,0.0,0.0,0.0,0.0,0.0,0.0,0.0,0.0,0.0,0.0,0.0,20.80204123165552,0.0,18.61774607954431,0.0,0.0,20.80204123165552,41.44168575305452,0.34287109006939753,0.23084322207624505,86.32649357233558,0.7142291249779558,0.6055320893245952,11.357981245285472,0.0004136789851075565,5.789071695640713,0.5285501075236766,127.7681793253901,0.0,2025-09-26-20-50-48-000000,rl2,aria_gen1,9,False,False,False,False,False,False,False
3433.0,114.43333333333334,0.0,0.0,0.0,0.0,0.0,0.0,0.0,0.0,0.0,0.0,0.0,0.0,0.0,0.0,21.796113612251656,0.0005825808330905913,14.247015490068378,0.0005825808330905913,0.0005825808330905913,21.796113612251656,65.0472518077222,0.5685948584591102,0.21960832848760545,83.30320919819488,0.7281749055786266,0.4647235951258885,15.03983034725389,0.003642191142191142,5.976035636712587,0.6483848820188685,148.35046100591708,0.0,2025-09-26-20-54-50-000000,rl2,aria_gen1,9,False,False,False,False,False,False,False
3237.0,107.9,0.0,0.0,0.0,0.0,0.0,0.0,0.0,0.0,0.0,0.0,0.0,0.0,0.0,0.0,21.481950892646342,0.0074142724745134385,16.18900834252775,0.002162496138399753,0.0074142724745134385,21.481950892646342,27.576323181968228,0.2556519454446992,0.15616240868355893,40.64607529980148,0.37681775617862934,0.4204730853687811,21.24038704946938,0.0007725587144622991,5.204400864769488,0.31623485081166425,68.22239848176972,0.0,2025-09-27-20-24-52-000000,rl2,aria_gen1,9,False,False,False,False,False,False,False
2767.0,92.23333333333333,0.0,0.0,0.0,0.0,0.0,0.0,0.0,0.0,0.0,0.0,0.0,0.0,0.0,0.0,24.619736414635767,0.0845681243223708,18.121884060343437,0.054210336104083844,0.0845681243223708,24.619736414635767,45.616156434822784,0.4947522389894011,0.17122764042465993,52.3412287843876,0.5676922861647244,0.18639436214606217,16.66328086351471,0.005242227042660882,7.259128495876037,0.5312222625770628,97.95738521921038,0.0,2025-09-27-20-29-18-000000,rl2,aria_gen1,9,False,False,False,False,False,False,False
2877.0,95.9,0.0,0.0,0.0,0.0,0.0,0.0,0.0,0.0,0.0,0.0,0.0,0.0,0.0,0.0,30.50270634572904,0.08029197080291971,21.873945707030362,0.05769899200556135,0.08029197080291971,30.50270634572904,49.532187784650745,0.5166778976145766,0.45202673241704244,53.52868102445635,0.5583659355819507,0.5109706854368243,24.92395733259388,0.005563282336578581,10.047271582331595,0.5375219165982636,103.06086880910709,0.0,2025-09-27-20-44-44-000000,rl2,aria_gen1,9,False,False,False,False,False,False,False
4050.0,135.0,0.0,0.0,0.0,0.0,0.0,0.0,0.0,0.0,0.0,0.0,0.0,0.0,0.0,0.0,29.463174981087214,0.04987654320987654,22.573417843075575,0.04271604938271605,0.04987654320987654,29.463174981087214,58.65309261711221,0.4345746551033258,0.2945172952598194,81.53592236331907,0.6041189604592672,0.37218848577101005,19.810034345864562,0.0030871820202519142,6.726615119147331,0.5193468077812964,140.1890149804313,0.0,2025-09-27-20-49-54-000000,rl2,aria_gen1,9,False,False,False,False,False,False,False
3412.0,113.73333333333333,0.0,0.0,0.0,0.0,0.0,0.0,0.0,0.0,0.0,0.0,0.0,0.0,0.0,0.0,25.900713398618173,0.0,21.644235489827146,0.18757327080890973,0.18757327080890973,25.900713398618173,43.627324911149756,0.3837055840910269,0.07502119773933068,56.320485257451445,0.4953428782537506,0.05933721734200127,27.940971840732548,0.0008795074758135445,3.371458232039276,0.43952423117238876,99.9478101686012,0.0,2025-09-27-21-06-03-000000,rl2,aria_gen1,9,False,False,False,False,False,False,False
3776.0,125.86666666666666,0.0,0.0,0.0,0.0,0.0,0.0,0.0,0.0,0.0,0.0,0.0,0.0,0.0,0.0,33.304429447809845,0.003707627118644068,28.096346449581162,0.009004237288135594,0.009004237288135594,33.304429447809845,39.16344580622537,0.31123268190377773,0.3160131964767101,62.39133764487892,0.4958251998268523,0.6978111310877759,27.44948119663184,0.001456953642384106,3.8803675002266393,0.403528940865315,101.55478345110429,0.0,2025-09-27-21-10-46-000000,rl2,aria_gen1,9,False,False,False,False,False,False,False
4415.0,147.16666666666666,0.0,0.0,0.0,0.0,0.0,0.0,0.0,0.0,0.0,0.0,0.0,0.0,0.0,0.0,17.833373579245766,0.006568516421291053,19.13203860115103,0.0006795016987542468,0.006568516421291053,19.13203860115103,54.37013606750837,0.3695296968793047,0.4406476844839318,77.15785181424494,0.524407692439363,0.19397198930534626,18.389796232332593,0.0006796556411418215,4.530836591810409,0.44696869465933387,131.5279878817533,0.0,2025-09-27-21-42-08-000000,rl2,aria_gen1,9,False,False,False,False,False,False,False
3601.0,120.03333333333333,0.0,0.0,0.0,0.0,0.0,0.0,0.0,0.0,0.0,0.0,0.0,0.0,0.0,0.0,22.053799823710584,0.03526798111635657,16.4511243688291,0.038322688142182725,0.038322688142182725,22.053799823710584,80.63225430695661,0.6719354525579719,0.33947466896569317,94.78276211698915,0.7898563509749096,0.2769151734496634,18.709661441979545,0.006527777777777778,6.035620093109406,0.7308959017664407,175.41501642394576,0.0,2025-09-27-21-46-02-000000,rl2,aria_gen1,9,False,False,False,False,False,False,False
3878.0,129.26666666666668,0.0,0.0,0.0,0.0,0.0,0.0,0.0,0.0,0.0,0.0,0.0,0.0,0.0,0.0,22.827028050509817,0.0033522434244455906,18.68868975632067,0.0,0.0033522434244455906,22.827028050509817,75.52884546405087,0.5844378034360397,0.2827323349462023,88.59728510546122,0.6855606275893311,0.2651948980316457,20.437954321139895,0.0033531080732525148,6.98523851198871,0.6349992155126853,164.1261305695121,0.0,2025-09-27-22-01-47-000000,rl2,aria_gen1,9,False,False,False,False,False,False,False
4675.0,155.83333333333334,0.0,0.0,0.0,0.0,0.0,0.0,0.0,0.0,0.0,0.0,0.0,0.0,0.0,0.0,24.692132258671723,0.03914438502673797,16.673790572476015,0.005989304812834224,0.03914438502673797,24.692132258671723,86.1787762452681,0.5531372031146861,0.21626220758743553,111.65983775204442,0.7166870202313507,0.3820758726372824,14.781638400640913,0.002888318356867779,9.049497020265521,0.6349121116730184,197.8386139973125,0.0,2025-09-27-22-06-08-000000,rl2,aria_gen1,9,False,False,False,False,False,False,False
3879.0,129.3,0.0,0.0,0.0,0.0,0.0,0.0,0.0,0.0,0.0,0.0,0.0,0.0,0.0,0.0,21.287691076953625,0.0002577984016499098,11.166830087328925,0.0,0.0002577984016499098,21.287691076953625,76.23425695342182,0.5897441228990857,0.3458203211140936,86.4653019153491,0.6688909379733039,0.7517551955247779,17.681202838193087,0.003223310985043837,8.678563662458023,0.629317530436195,162.6995588687709,0.0,2025-09-27-22-20-20-000000,rl2,aria_gen1,9,False,False,False,False,False,False,False
4533.0,151.1,0.0,0.0,0.0,0.0,0.0,0.0,0.0,0.0,0.0,0.0,0.0,0.0,0.0,0.0,19.462024233213885,0.00044120891242003087,16.423175004930506,0.0,0.00044120891242003087,19.462024233213885,67.26037972520592,0.4452364059479651,0.11012250033721811,96.59413332699333,0.6394139452360548,0.4033767467542985,15.203709212613711,0.0012135922330097086,9.10616167878909,0.5423251755920099,163.85451305219925,0.0,2025-09-27-22-24-24-000000,rl2,aria_gen1,9,False,False,False,False,False,False,False
3044.0,101.46666666666667,0.0,0.0,0.0,0.0,0.0,0.0,0.0,0.0,0.0,0.0,0.0,0.0,0.0,0.0,22.81407743094808,0.011498028909329829,21.582177894502152,0.0,0.011498028909329829,22.81407743094808,43.609008739746386,0.42992778908721385,0.07882031193458983,50.31941214905143,0.4960835900333693,0.3133992459230006,15.847493839248028,0.001643115346697338,9.720153733124796,0.4630056895602916,93.92842088879782,0.0,2025-10-03-17-01-49-000000,rl2,aria_gen1,9,False,False,False,False,False,False,False
4110.0,137.0,0.0,0.0,0.0,0.0,0.0,0.0,0.0,0.0,0.0,0.0,0.0,0.0,0.0,0.0,28.874972044752653,0.00413625304136253,25.088872148938574,0.00024330900243309004,0.00413625304136253,28.874972044752653,59.45710847808555,0.43409911276285384,0.3802662153142754,84.7846594402468,0.6190167396464843,0.17232365747650796,16.454529913780544,0.0014602092966658554,6.292153728608981,0.5265579262046691,144.24176791833236,0.0,2025-10-03-17-06-00-000000,rl2,aria_gen1,9,False,False,False,False,False,False,False
3562.0,118.73333333333333,0.0,0.0,0.0,0.0,0.0,0.0,0.0,0.0,0.0,0.0,0.0,0.0,0.0,0.0,21.28757097698554,0.00028074115665356543,22.327430949039556,0.00028074115665356543,0.00028074115665356543,22.327430949039556,36.24205769805832,0.30532483317656545,0.19344436804765014,74.86579160936475,0.6307143353779675,0.3340050167219342,26.13399323357948,0.0015445099691098006,8.129600479143386,0.4680195842772666,111.10784930742307,0.0,2025-10-03-17-06-02-000000,rl2,aria_gen1,9,False,False,False,False,False,False,False
3765.0,125.5,0.0,0.0,0.0,0.0,0.0,0.0,0.0,0.0,0.0,0.0,0.0,0.0,0.0,0.0,26.67855026675542,0.0015936254980079682,19.697777899206464,0.0,0.0015936254980079682,26.67855026675542,74.33877177319866,0.5924981809766098,0.23578222111716268,97.96655299439249,0.7808173724313962,0.563515607275046,18.588202692518156,0.005712008501594049,5.325502796062997,0.686657776704003,172.30532476759115,0.0,2025-10-03-17-09-59-000000,rl2,aria_gen1,9,False,False,False,False,False,False,False
3887.0,129.56666666666666,0.0,0.0,0.0,0.0,0.0,0.0,0.0,0.0,0.0,0.0,0.0,0.0,0.0,0.0,26.786320288650582,0.0030872137895549268,15.010604661453982,0.0010290712631849757,0.0030872137895549268,26.786320288650582,71.87357409174555,0.5548654716295333,0.6558616530269065,80.09447113194022,0.6183309660211546,0.5226749549921282,48.855912506625025,0.0021873391662377765,8.59179603014648,0.586598218825344,151.96804522368578,0.0,2025-10-03-17-25-15-000000,rl2,aria_gen1,9,False,False,False,False,False,False,False
4257.0,141.9,0.0,0.0,0.0,0.0,0.0,0.0,0.0,0.0,0.0,0.0,0.0,0.0,0.0,0.0,19.411687375732654,0.0,17.6946637811551,0.0,0.0,19.411687375732654,78.89516886201308,0.5561219609634381,0.3442488288509438,93.42526232210108,0.6585427325336073,0.22667779644833674,11.959048991371448,0.0019971804511278194,5.558174990598448,0.6073323467485227,172.32043118411417,0.0,2025-10-03-17-29-31-000000,rl2,aria_gen1,9,False,False,False,False,False,False,False
2089.0,69.63333333333334,0.0,0.0,0.0,0.0,0.0,0.0,0.0,0.0,0.0,0.0,0.0,0.0,0.0,0.0,30.032443811634742,0.11680229775011967,21.873232311807254,0.013882240306366683,0.11680229775011967,30.032443811634742,53.24772344672066,0.7650534977977107,0.6092990444427963,54.6665429178358,0.7854388350263765,0.5875257268203851,18.07329890128923,0.0011973180076628352,6.9939215507966095,0.7752461664120436,107.91426636455645,0.0,2025-10-12-01-38-11-933000,rl2,aria_gen1,9,False,False,False,False,False,False,False
2249.0,74.96666666666667,0.0,0.0,0.0,0.0,0.0,0.0,0.0,0.0,0.0,0.0,0.0,0.0,0.0,0.0,35.06876816780574,0.08581591818586039,23.11826227325843,0.00755891507336594,0.08581591818586039,35.06876816780574,46.81818691424839,0.6247978680727098,0.6304564096295561,58.076461185979156,0.7750417418057717,0.545515513668393,21.301365669554876,0.002224199288256228,7.816139143839159,0.6999198049392408,104.89464810022756,0.0,2025-10-12-01-38-27-674000,rl2,aria_gen1,9,False,False,False,False,False,False,False
2232.0,74.4,0.0,0.0,0.0,0.0,0.0,0.0,0.0,0.0,0.0,0.0,0.0,0.0,0.0,0.0,33.2206186801592,0.07123655913978495,21.217601154276146,0.035842293906810034,0.07123655913978495,33.2206186801592,51.259157526201925,0.68927598645722,0.5931642487961397,57.48462836256054,0.772989175650747,0.5136515792599969,28.277855971997454,0.00291349170775437,8.400010758075178,0.7311325810539835,108.74378588876246,0.0,2025-10-12-01-39-14-013000,rl2,aria_gen1,9,False,False,False,False,False,False,False
2633.0,87.76666666666667,0.0,0.0,0.0,0.0,0.0,0.0,0.0,0.0,0.0,0.0,0.0,0.0,0.0,0.0,27.913286181154547,0.01785036080516521,18.364477782517422,0.004177744018230156,0.01785036080516521,27.913286181154547,43.21599356243311,0.4925835132496175,0.5824938536319607,68.49429796419457,0.7807100831785095,0.5079615659657518,21.241629547185894,0.0005699088145896656,8.209964648864645,0.6366467982140636,111.71029152662769,0.0,2025-10-12-01-39-29-633000,rl2,aria_gen1,9,False,False,False,False,False,False,False
2019.0,67.3,0.0,0.0,0.0,0.0,0.0,0.0,0.0,0.0,0.0,0.0,0.0,0.0,0.0,0.0,23.20227524281241,0.01733531451213472,22.344548462109064,0.005448241703813769,0.01733531451213472,23.20227524281241,54.01910982975277,0.803059115407623,0.6543801091016335,53.123009973207644,0.7897375119902028,0.5589938881807125,25.022672713811062,0.003468780971258672,8.060581742270864,0.7963983136989128,107.14211980296042,0.0,2025-10-12-01-39-44-736000,rl2,aria_gen1,9,False,False,False,False,False,False,False
2414.0,80.46666666666667,0.0,0.0,0.0,0.0,0.0,0.0,0.0,0.0,0.0,0.0,0.0,0.0,0.0,0.0,20.355998558492765,0.008699254349627174,23.793965096838388,0.01739850869925435,0.01739850869925435,23.793965096838388,39.83699580052196,0.4952796825593282,0.585154260104239,58.91523364339019,0.7324728592215937,0.5460346653595067,14.247763305142842,0.0018648984666390386,9.834519955052022,0.6138762708904609,98.75222944391214,0.0,2025-10-12-01-48-33-473000,rl2,aria_gen1,9,False,False,False,False,False,False,False
2319.0,77.3,0.0,0.0,0.0,0.0,0.0,0.0,0.0,0.0,0.0,0.0,0.0,0.0,0.0,0.0,21.693149796021043,0.01078050884001725,17.335861511299285,0.00517464424320828,0.01078050884001725,21.693149796021043,41.92634580201129,0.5426187981278424,0.46313780750296646,46.68728433207322,0.604235776515184,0.4437893235774975,17.144485527994085,0.0010785159620362382,8.136351142600558,0.5734272873215133,88.6136301340845,0.0,2025-10-12-01-48-48-267000,rl2,aria_gen1,9,False,False,False,False,False,False,False
2562.0,85.4,0.0,0.0,0.0,0.0,0.0,0.0,0.0,0.0,0.0,0.0,0.0,0.0,0.0,0.0,15.210639047507112,0.00078064012490242,20.03752374569342,0.00156128024980484,0.00156128024980484,20.03752374569342,45.96020276538467,0.5383858191962281,0.5365056160999557,53.05269957599661,0.6214685619991793,0.541398532319825,12.95927794434427,0.0005857087075361187,6.8614788021619,0.5799271905977038,99.01290234138128,0.0,2025-10-12-01-49-22-409000,rl2,aria_gen1,9,False,False,False,False,False,False,False
2193.0,73.1,0.0,0.0,0.0,0.0,0.0,0.0,0.0,0.0,0.0,0.0,0.0,0.0,0.0,0.0,21.607195588768214,0.0,18.16470775554313,0.0,0.0,21.607195588768214,52.561352334173904,0.7193615739166136,0.5022901881444216,54.49320834027202,0.7458012090365695,0.48251635875988774,9.296646841572937,0.0,2.937073536961546,0.7325813914765915,107.05456067444592,0.0,2025-10-12-01-50-21-394000,rl2,aria_gen1,9,False,False,False,False,False,False,False
2354.0,78.46666666666667,0.0,0.0,0.0,0.0,0.0,0.0,0.0,0.0,0.0,0.0,0.0,0.0,0.0,0.0,37.462265361661025,0.05989804587935429,25.583680545779004,0.0,0.05989804587935429,37.462265361661025,35.78785301771588,0.4562837188829054,0.3889112965047411,44.93833089871772,0.5729493952237703,0.33321219206041347,7.995024473788932,0.0,1.131173046475418,0.5146165570533379,80.7261839164336,0.0,2025-10-12-01-51-04-211000,rl2,aria_gen1,9,False,False,False,False,False,False,False
2106.0,70.2,0.0,0.0,0.0,0.0,0.0,0.0,0.0,0.0,0.0,0.0,0.0,0.0,0.0,0.0,29.734609083133424,0.02849002849002849,22.239466107391436,0.0,0.02849002849002849,29.734609083133424,37.95923968042388,0.5409867887946396,0.33750952285767466,40.391972679173335,0.5756575678742043,0.35014459887870547,10.632687877586111,0.00023752969121140142,4.704978165375016,0.5583221783344221,78.35121235959721,0.0,2025-10-12-01-51-26-218000,rl2,aria_gen1,9,False,False,False,False,False,False,False
2613.0,87.1,0.0,0.0,0.0,0.0,0.0,0.0,0.0,0.0,0.0,0.0,0.0,0.0,0.0,0.0,28.79345675626271,0.017604286261002678,20.56011788530524,0.0,0.017604286261002678,28.79345675626271,26.5299481761368,0.3047084400015712,0.3915796741702433,48.21023758532556,0.5537163581775524,0.3487198161635655,9.079576232532178,0.0,2.4579198329873835,0.4292123990895618,74.74018576146236,0.0,2025-10-12-01-51-49-249000,rl2,aria_gen1,9,False,False,False,False,False,False,False
1992.0,66.4,0.0,0.0,0.0,0.0,0.0,0.0,0.0,0.0,0.0,0.0,0.0,0.0,0.0,0.0,42.20397564544397,0.3017068273092369,35.4456800305677,0.06224899598393574,0.3017068273092369,42.20397564544397,36.16725497074413,0.5449611497349693,0.652440847359857,45.42163236871863,0.6844043049028423,0.6507851445989661,9.816422088633807,0.0,6.479369204598183,0.6146827273189058,81.58888733946276,0.0,2025-10-12-04-18-32-000000,rl2,aria_gen1,9,False,False,False,False,False,False,False
1883.0,62.766666666666666,0.0,0.0,0.0,0.0,0.0,0.0,0.0,0.0,0.0,0.0,0.0,0.0,0.0,0.0,44.98092262755876,0.49814126394052044,41.55755670559941,0.3308550185873606,0.49814126394052044,44.98092262755876,39.02601425782426,0.6220937448112261,0.06823463534692763,48.84295948107251,0.778580650601581,0.6627592780362959,12.7640319335504,0.00026567481402763017,5.544560615941253,0.7003371977064036,87.86897373889677,0.0,2025-10-12-04-25-04-000000,rl2,aria_gen1,9,False,False,False,False,False,False,False
2972.0,99.06666666666666,0.0,0.0,0.0,0.0,0.0,0.0,0.0,0.0,0.0,0.0,0.0,0.0,0.0,0.0,44.95234979795903,0.4956258411843876,40.10829421006645,0.29946164199192465,0.4956258411843876,44.95234979795903,42.06352717042272,0.4247411023603775,0.36724103786000406,72.6985895370047,0.7340820215786403,0.5369289081309551,9.227205543670339,0.0,3.5672919706651216,0.5794115619695089,114.76211670742741,0.0,2025-10-12-04-31-48-000000,rl2,aria_gen1,9,False,False,False,False,False,False,False
1947.0,64.9,0.0,0.0,0.0,0.0,0.0,0.0,0.0,0.0,0.0,0.0,0.0,0.0,0.0,0.0,40.960662938200294,0.3235747303543914,33.032330777283384,0.02157164869029276,0.3235747303543914,40.960662938200294,38.90123209393792,0.5997106694851683,0.4333224524533726,43.684224191833444,0.6734464161125404,0.370196970802364,11.878544632062834,0.00025693730729701953,7.064286358810551,0.6365785427988543,82.58545628577136,0.0,2025-10-12-04-36-08-000000,rl2,aria_gen1,9,False,False,False,False,False,False,False
2202.0,73.4,0.0,0.0,0.0,0.0,0.0,0.0,0.0,0.0,0.0,0.0,0.0,0.0,0.0,0.0,45.512445154440016,0.5386012715712988,39.684011345362435,0.16621253405994552,0.5386012715712988,45.512445154440016,41.743022677838866,0.5689644163267451,0.450108761908139,52.00344860412085,0.7088157465350412,0.47360320085200597,10.176593004896468,0.00022716946842344388,7.138386843412136,0.6388900814308931,93.74647128195971,0.0,2025-10-12-16-21-45-000000,rl2,aria_gen1,9,False,False,False,False,False,False,False
2587.0,86.23333333333333,0.0,0.0,0.0,0.0,0.0,0.0,0.0,0.0,0.0,0.0,0.0,0.0,0.0,0.0,44.859350742178215,0.49168921530730575,40.134077615595544,0.21028218013142636,0.49168921530730575,44.859350742178215,38.72906362225945,0.44929308146472674,0.4229839158024987,61.236501663140054,0.7104002513125296,0.3503800229792189,10.28757717595831,0.00019334880123743234,6.436732401030483,0.5798466663886281,99.9655652853995,0.0,2025-10-12-16-27-30-000000,rl2,aria_gen1,9,False,False,False,False,False,False,False
1483.0,49.43333333333333,0.0,0.0,0.0,0.0,0.0,0.0,0.0,0.0,0.0,0.0,0.0,0.0,0.0,0.0,48.869271638704305,0.6547538772757923,38.32768035719794,0.22184760620364127,0.6547538772757923,48.869271638704305,32.619054449185,0.6603047459349191,0.28008461508923327,43.85797174625134,0.887813193243954,0.18764479453835126,16.22722472260484,0.0016869095816464238,5.398751786180456,0.7740589695894367,76.47702619543634,0.0,2025-10-12-16-35-00-000000,rl2,aria_gen1,9,False,False,False,False,False,False,False
2095.0,69.83333333333333,0.0,0.0,0.0,0.0,0.0,0.0,0.0,0.0,0.0,0.0,0.0,0.0,0.0,0.0,40.03163050229194,0.3064439140811456,33.47278159011456,0.04009546539379475,0.3064439140811456,40.03163050229194,42.15193385941966,0.6038959005647516,0.31754508116955543,50.047259663076964,0.717009450760415,0.2992314884338185,14.344789924582157,0.0002387774594078319,4.810693557188223,0.6604526756625833,92.19919352249661,0.0,2025-10-12-16-41-01-000000,rl2,aria_gen1,9,False,False,False,False,False,False,False
1990.0,66.33333333333333,0.0,0.0,0.0,0.0,0.0,0.0,0.0,0.0,0.0,0.0,0.0,0.0,0.0,0.0,45.1439677391525,0.5050251256281407,41.46953307372607,0.3487437185929648,0.5050251256281407,45.1439677391525,37.928009656321606,0.572066510653418,0.3071870856250288,51.69593551497576,0.7797275341625304,0.3059601340026973,9.499557114024174,0.0,3.364384364928214,0.6758970224079741,89.62394517129736,0.0,2025-10-12-16-50-06-000000,rl2,aria_gen1,9,False,False,False,False,False,False,False
2571.0,85.7,0.0,0.0,0.0,0.0,0.0,0.0,0.0,0.0,0.0,0.0,0.0,0.0,0.0,0.0,46.17926835342794,0.6394399066511085,42.86431572456926,0.37728510307273433,0.6394399066511085,46.17926835342794,33.11828231551603,0.3865947352005763,0.23714543563533141,57.5342972172656,0.6716065823027112,0.24506398350422787,10.292274415705041,0.0001945525291828794,3.8048340275822103,0.5291006587516438,90.65257953278163,0.0,2025-10-12-16-57-37-000000,rl2,aria_gen1,9,False,False,False,False,False,False,False
1758.0,58.6,0.0,0.0,0.0,0.0,0.0,0.0,0.0,0.0,0.0,0.0,0.0,0.0,0.0,0.0,46.433396322700105,0.5415244596131968,40.12260459246477,0.29465301478953354,0.5415244596131968,46.433396322700105,34.26148997017279,0.5849998287451245,0.2588980272493939,49.51849987649623,0.8455065431388087,0.2800567646851251,11.860351616546708,0.0002845759817871372,5.2927096209464635,0.7152531859419665,83.77998984666903,0.0,2025-10-12-17-08-49-000000,rl2,aria_gen1,9,False,False,False,False,False,False,False
6709.0,223.63333333333333,0.0,0.0,0.0,0.0,0.0,0.0,0.0,0.0,0.0,0.0,0.0,0.0,0.0,0.0,27.963203393133693,0.005067819347145625,22.23751311933083,0.004471605306304963,0.005067819347145625,27.963203393133693,59.449657701884774,0.26587503444492294,0.42153629775057455,94.84763952670431,0.4241844343770318,0.43576243292966305,26.59578872033444,0.0013416815742397137,8.792462471842823,0.34502973441097734,154.2972972285891,0.0,2025-10-12-19-17-44-000000,rl2,aria_gen1,9,False,False,False,False,False,False,False
4552.0,151.73333333333332,0.0,0.0,0.0,0.0,0.0,0.0,0.0,0.0,0.0,0.0,0.0,0.0,0.0,0.0,32.228804753285246,0.008567662565905097,21.47407127521564,0.004393673110720563,0.008567662565905097,32.228804753285246,55.46471585395669,0.3656210669344542,0.3327193155396921,73.41879260662424,0.483973583431933,0.35380912656127556,18.278335032959113,0.0024170511975390024,12.914771777625957,0.42479732518319363,128.8835084605809,0.0,2025-10-12-19-30-48-000000,rl2,aria_gen1,9,False,False,False,False,False,False,False
6997.0,233.23333333333332,0.0,0.0,0.0,0.0,0.0,0.0,0.0,0.0,0.0,0.0,0.0,0.0,0.0,0.0,37.00529542205513,0.15106474203229955,33.92255897395684,0.04487637558953837,0.15106474203229955,37.00529542205513,88.98723592892593,0.3815919207929928,0.37587922180363526,115.55375110333961,0.4955135124499983,0.3124678316669165,18.864173053056856,0.000714694110920526,5.074391922251638,0.4385527166214956,204.54098703226555,0.0,2025-10-12-19-55-02-000000,rl2,aria_gen1,9,False,False,False,False,False,False,False
5542.0,184.73333333333332,0.0,0.0,0.0,0.0,0.0,0.0,0.0,0.0,0.0,0.0,0.0,0.0,0.0,0.0,36.10336941173083,0.027066041140382534,31.186966500221963,0.007398051245037893,0.027066041140382534,36.10336941173083,57.27667058273629,0.31010650017724034,0.34582603371847787,96.70794706846772,0.5235947323685312,0.3218015910572643,22.404342957626838,0.001173073452445407,4.865065014276588,0.4168506162728858,153.98461765120402,0.0,2025-10-12-20-04-24-000000,rl2,aria_gen1,9,False,False,False,False,False,False,False
5872.0,195.73333333333332,0.0,0.0,0.0,0.0,0.0,0.0,0.0,0.0,0.0,0.0,0.0,0.0,0.0,0.0,34.26684181147281,0.005619891008174387,21.639096370693135,0.0008514986376021798,0.005619891008174387,34.26684181147281,56.236625243027,0.2873613962341697,0.5328399448568153,82.39371838134977,0.42102053337429624,0.34364388755294084,21.46200436009602,0.0005961505706012604,4.37105527270461,0.35419096480423296,138.63034362437676,0.0,2025-10-12-20-15-26-000000,rl2,aria_gen1,9,False,False,False,False,False,False,False
6005.0,200.16666666666666,0.0,0.0,0.0,0.0,0.0,0.0,0.0,0.0,0.0,0.0,0.0,0.0,0.0,0.0,30.648759490072344,0.0004995836802664446,20.99250870595531,0.00033305578684429644,0.0004995836802664446,30.648759490072344,82.14253666656077,0.41043905729460745,0.1372831329288463,98.51064112280613,0.4922250555769793,0.5046896275933296,34.33649353974529,0.00033311125916055963,11.531150892835011,0.4513320564357934,180.6531777893669,0.0,2025-10-12-20-39-19-000000,rl2,aria_gen1,9,False,False,False,False,False,False,False
5227.0,174.23333333333332,0.0,0.0,0.0,0.0,0.0,0.0,0.0,0.0,0.0,0.0,0.0,0.0,0.0,0.0,37.21468053817456,0.025062177157069064,26.494400636617282,0.0001913143294432753,0.025062177157069064,37.21468053817456,47.51924632318298,0.2727855701675258,0.28707341385810964,91.7118198665419,0.526474281667864,0.2514305051054876,16.99566415339884,0.0003827018752391887,8.977731053595452,0.39962992591769503,139.23106618972488,0.0,2025-10-12-20-52-11-000000,rl2,aria_gen1,9,False,False,False,False,False,False,False
6914.0,230.46666666666667,0.0,0.0,0.0,0.0,0.0,0.0,0.0,0.0,0.0,0.0,0.0,0.0,0.0,0.0,24.506337945366393,0.0017356089094590686,19.289977285543927,0.0,0.0017356089094590686,24.506337945366393,67.07184683972419,0.29106833577198404,0.34935075374268687,89.37229129849814,0.3878444581158606,0.3173816226159726,7.564897462709644,0.0,6.830640584405327,0.3394563969439223,156.44413813822234,0.0,2025-10-12-21-23-35-000000,rl2,aria_gen1,9,False,False,False,False,False,False,False
7098.0,236.6,0.0,0.0,0.0,0.0,0.0,0.0,0.0,0.0,0.0,0.0,0.0,0.0,0.0,0.0,40.13244788391246,0.03353057199211045,21.771615566025204,0.003663003663003663,0.03353057199211045,40.13244788391246,90.08614894347727,0.38080660396002786,0.5501522176318091,115.23769532075138,0.4871256671301313,0.5170565609826933,20.480781372204177,0.0009158799492743413,5.547375628129761,0.4339661355450795,205.32384426422865,0.0,2025-10-12-21-34-53-000000,rl2,aria_gen1,9,False,False,False,False,False,False,False
8106.0,270.2,0.0,0.0,0.0,0.0,0.0,0.0,0.0,0.0,0.0,0.0,0.0,0.0,0.0,0.0,31.834827729607696,0.000616827041697508,22.873085419552844,0.0,0.000616827041697508,31.834827729607696,67.62496790265659,0.2503083327673903,0.1772026856230829,118.12325123735218,0.4372236319704584,0.11046808688625025,14.624409924696607,0.00030845157310302283,7.243938262300782,0.3437659823689243,185.74821914000876,0.0,2025-10-12-21-50-03-000000,rl2,aria_gen1,9,False,False,False,False,False,False,False
6062.0,202.06666666666666,0.0,0.0,0.0,0.0,0.0,0.0,0.0,0.0,0.0,0.0,0.0,0.0,0.0,0.0,25.977186331110055,0.00791817881887166,23.955667702827398,0.021280105575717585,0.021280105575717585,25.977186331110055,84.11804744907928,0.41635727165028524,0.18305408753973124,116.60692125725713,0.5771667443850378,0.19397771024814378,27.840148732203694,0.0023923444976076554,7.497655090604215,0.49676200801766146,200.72496870633643,0.0,2025-10-12-23-35-41-000000,rl2,aria_gen1,9,False,False,False,False,False,False,False
1992.0,66.4,0.0,0.0,0.0,0.0,0.0,0.0,0.0,0.0,0.0,0.0,0.0,0.0,0.0,0.0,42.204284023012846,0.3017068273092369,35.44603063183087,0.06224899598393574,0.3017068273092369,42.204284023012846,36.16721496615908,0.5449605469536778,0.6524366537586005,45.42157908012675,0.6844035019607244,0.6507950723827546,9.816739278778439,0.0,6.479365998208767,0.6146820244572011,81.58879404628583,0.0,2025-10-12-23-59-23-433000,rl2,aria_gen1,9,False,False,False,False,False,False,False
1889.0,62.96666666666667,0.0,0.0,0.0,0.0,0.0,0.0,0.0,0.0,0.0,0.0,0.0,0.0,0.0,0.0,44.950078985585506,0.49761778718898886,41.5349032884589,0.3292747485442033,0.49761778718898886,44.950078985585506,39.10593536480563,0.6213866848221233,0.06848026465050652,48.89980378872339,0.7770095941004777,0.6660143893104774,12.756849082544463,0.0005296610169491525,6.517127832408311,0.6991981394613005,88.00573915352902,0.0,2025-10-12-23-59-38-361000,rl2,aria_gen1,9,False,False,False,False,False,False,False
2973.0,99.1,0.0,0.0,0.0,0.0,0.0,0.0,0.0,0.0,0.0,0.0,0.0,0.0,0.0,0.0,44.964028296266555,0.49747729566094856,40.19977414001924,0.30339724184325595,0.49747729566094856,44.964028296266555,41.94003822123854,0.42335166441357874,0.3405066560099613,72.70458446735688,0.7338955363461329,0.5231184906723958,7.730064174650192,0.0,3.5672105619464385,0.5786236003798557,114.64462268859542,0.0,2025-10-12-23-59-52-539000,rl2,aria_gen1,9,False,False,False,False,False,False,False
1947.0,64.9,0.0,0.0,0.0,0.0,0.0,0.0,0.0,0.0,0.0,0.0,0.0,0.0,0.0,0.0,40.96137636765429,0.3235747303543914,33.032533781249235,0.02157164869029276,0.3235747303543914,40.96137636765429,38.90123568879645,0.5997107249043645,0.43332720436253175,43.68421756152924,0.6734463138981898,0.370196331329987,11.878491903612886,0.00025693730729701953,7.06427085704078,0.6365785194012771,82.58545325032568,0.0,2025-10-13-00-00-06-022000,rl2,aria_gen1,9,False,False,False,False,False,False,False
2185.0,72.83333333333333,0.0,0.0,0.0,0.0,0.0,0.0,0.0,0.0,0.0,0.0,0.0,0.0,0.0,0.0,45.64450663838851,0.5437070938215103,39.703102049226906,0.16750572082379864,0.5437070938215103,45.64450663838851,41.47466047065518,0.569706874596912,0.4086693615845344,51.9272912163797,0.7132869672579629,0.4730897629133869,14.52418858988925,0.0006868131868131869,6.5075290370328585,0.6414969209274375,93.40195168703488,0.0,2025-10-13-00-00-19-171000,rl2,aria_gen1,9,False,False,False,False,False,False,False
2584.0,86.13333333333334,0.0,0.0,0.0,0.0,0.0,0.0,0.0,0.0,0.0,0.0,0.0,0.0,0.0,0.0,44.839112850266815,0.48955108359133126,40.152753771440075,0.21323529411764705,0.48955108359133126,44.839112850266815,39.25446339251397,0.4559171125727522,0.4192991576809814,61.59029702668235,0.7153344602402132,0.355327634234006,12.701863556471402,0.0007742934572202865,6.4367273124552025,0.5856257864064827,100.84476041919632,0.0,2025-10-13-00-00-33-262000,rl2,aria_gen1,9,False,False,False,False,False,False,False
1475.0,49.166666666666664,0.0,0.0,0.0,0.0,0.0,0.0,0.0,0.0,0.0,0.0,0.0,0.0,0.0,0.0,48.81123026892154,0.6508474576271186,38.32715816827531,0.21694915254237288,0.6508474576271186,48.81123026892154,32.12555501683641,0.6538444033277424,0.2648698791139076,42.848939559236044,0.8720951063616563,0.18811814412655126,10.396627076715012,0.0010176390773405698,5.236663730873873,0.7629697548446993,74.97449457607246,0.0,2025-10-13-00-00-46-425000,rl2,aria_gen1,9,False,False,False,False,False,False,False
2095.0,69.83333333333333,0.0,0.0,0.0,0.0,0.0,0.0,0.0,0.0,0.0,0.0,0.0,0.0,0.0,0.0,40.03271192501489,0.3064439140811456,33.47243054061804,0.04009546539379475,0.3064439140811456,40.03271192501489,42.151927738059634,0.6038958128661838,0.3175213309473969,50.047286598479985,0.7170098366544411,0.2991779804871766,14.344768112549682,0.0002387774594078319,4.810201660546392,0.6604528247603125,92.19921433653963,0.0,2025-10-13-00-01-00-898000,rl2,aria_gen1,9,False,False,False,False,False,False,False
1990.0,66.33333333333333,0.0,0.0,0.0,0.0,0.0,0.0,0.0,0.0,0.0,0.0,0.0,0.0,0.0,0.0,45.140399762256166,0.5050251256281407,41.470452139771496,0.3487437185929648,0.5050251256281407,45.140399762256166,37.92792475213952,0.5720652300473532,0.30715765127808287,51.69588929853694,0.7797268370820052,0.3059316889945767,9.49945685495838,0.0,3.3647946411510734,0.6758960335646791,89.62381405067646,0.0,2025-10-13-00-01-17-454000,rl2,aria_gen1,9,False,False,False,False,False,False,False
2583.0,86.1,0.0,0.0,0.0,0.0,0.0,0.0,0.0,0.0,0.0,0.0,0.0,0.0,0.0,0.0,46.173817926365025,0.6384049554781263,42.87772454575615,0.37824235385210997,0.6384049554781263,46.173817926365025,33.29072981873705,0.38680166326960164,0.2362260068441438,57.817435854061756,0.6717750099232581,0.24638693283513327,9.193913155292343,0.0,3.1235138977571837,0.5292883365964299,91.1081656727988,0.0,2025-10-13-00-01-37-879000,rl2,aria_gen1,9,False,False,False,False,False,False,False
1758.0,58.6,0.0,0.0,0.0,0.0,0.0,0.0,0.0,0.0,0.0,0.0,0.0,0.0,0.0,0.0,46.433673409811846,0.5415244596131968,40.12175044840026,0.29465301478953354,0.5415244596131968,46.433673409811846,34.26144753577961,0.5849991041965784,0.2589079606874832,49.518464985397195,0.8455059473886829,0.28006374868797435,11.859432476609792,0.0002845759817871372,5.291773662692015,0.7152525257926308,83.77991252117681,0.0,2025-10-13-00-02-22-038000,rl2,aria_gen1,9,False,False,False,False,False,False,False
7163.0,238.76666666666668,0.0,0.0,0.0,0.0,0.0,0.0,0.0,0.0,0.0,0.0,0.0,0.0,0.0,0.0,29.44675645256454,0.004607008236772302,27.534434046483764,0.024431104285913722,0.024431104285913722,29.44675645256454,108.51575146230584,0.4545479675885473,0.15384759578064405,139.08865121888505,0.582610937805997,0.1546534955261415,43.783145124974304,0.003351019268360793,3.557136407135301,0.5185794526972722,247.6044026811909,0.0,2025-10-13-00-04-59-000000,rl2,aria_gen1,9,False,False,False,False,False,False,False
1608.0,53.6,0.0,0.0,0.0,0.0,0.0,0.0,0.0,0.0,0.0,0.0,0.0,0.0,0.0,0.0,49.18259433670521,0.6486318407960199,42.6200813307501,0.32649253731343286,0.6486318407960199,49.18259433670521,29.339221388654114,0.54771415162391,0.07180744960894381,35.09857557038424,0.6552316534608135,0.10948051062927919,8.51121071667246,0.0,5.0932689106282165,0.6014729025423617,64.43779695903835,0.0,2025-10-13-00-26-50-123000,rl2,aria_gen1,9,False,False,False,False,False,False,False
1781.0,59.36666666666667,0.0,0.0,0.0,0.0,0.0,0.0,0.0,0.0,0.0,0.0,0.0,0.0,0.0,0.0,52.91497579294306,0.8820887142055025,48.82511590331011,0.7439640651319483,0.8820887142055025,52.91497579294306,29.85766209347379,0.5032190240473111,0.2199011771591494,41.89456861334881,0.7060882350564407,0.2752177117826489,10.39460655934057,0.0002808988764044944,3.420468513999423,0.604653629551876,71.7522307068226,0.0,2025-10-13-00-27-04-770000,rl2,aria_gen1,9,False,False,False,False,False,False,False
2082.0,69.4,0.0,0.0,0.0,0.0,0.0,0.0,0.0,0.0,0.0,0.0,0.0,0.0,0.0,0.0,50.11377908467702,0.7761767531219981,44.51017507324958,0.46829971181556196,0.7761767531219981,50.11377908467702,32.05723685165481,0.4621418094904585,0.19187168935266946,43.65883262417378,0.6293921089501266,0.17291149713255505,7.327940843596544,0.0,4.807852755037478,0.5457669592202926,75.71606947582859,0.0,2025-10-13-00-27-19-744000,rl2,aria_gen1,9,False,False,False,False,False,False,False
2122.0,70.73333333333333,0.0,0.0,0.0,0.0,0.0,0.0,0.0,0.0,0.0,0.0,0.0,0.0,0.0,0.0,51.689068205470555,0.8760603204524033,44.42607412096541,0.47973609802073514,0.8760603204524033,51.689068205470555,29.5338865569949,0.4177353119801259,0.3864341387449432,57.21267494389424,0.8092316116533839,0.4367043092971035,8.479741780440676,0.0,3.2726988026866835,0.613483461816755,86.74656150088914,0.0,2025-10-13-00-27-33-211000,rl2,aria_gen1,9,False,False,False,False,False,False,False
7045.0,234.83333333333334,0.0,0.0,0.0,0.0,0.0,0.0,0.0,0.0,0.0,0.0,0.0,0.0,0.0,0.0,34.101820915032825,0.0056777856635912,30.476986589621294,0.00454222853087296,0.0056777856635912,34.101820915032825,77.81884634289513,0.3314260917499792,0.09547007113092529,135.96793404827247,0.5790797872584007,0.44641679454317046,12.46121920791504,0.00021294718909710392,4.984992593281935,0.45525293950419,213.7867803911676,0.0,2025-10-13-00-35-50-000000,rl2,aria_gen1,9,False,False,False,False,False,False,False
6058.0,201.93333333333334,0.0,0.0,0.0,0.0,0.0,0.0,0.0,0.0,0.0,0.0,0.0,0.0,0.0,0.0,28.8294659707781,0.0,23.531168740526166,0.0,0.0,28.8294659707781,79.43650298963627,0.3934447894484214,0.11435560731356867,99.74878945326776,0.4940504678220296,0.062010332043176436,8.001121512621783,0.0,2.3030739706964085,0.44374762863522543,179.18529244290403,0.0,2025-10-13-00-43-42-000000,rl2,aria_gen1,9,False,False,False,False,False,False,False
8208.0,273.6,0.0,0.0,0.0,0.0,0.0,0.0,0.0,0.0,0.0,0.0,0.0,0.0,0.0,0.0,27.715920161722824,0.007675438596491228,21.264191720065185,0.007309941520467836,0.007675438596491228,27.715920161722824,112.01515382286324,0.4094619976466306,0.1664962171642008,153.48782006674145,0.5610618498845187,0.14914460129301574,16.40920840131178,0.0010357012306567565,6.798320673333947,0.4852619237655746,265.5029738896047,0.0,2025-10-13-00-57-30-000000,rl2,aria_gen1,9,False,False,False,False,False,False,False
6488.0,216.26666666666668,0.0,0.0,0.0,0.0,0.0,0.0,0.0,0.0,0.0,0.0,0.0,0.0,0.0,0.0,32.966686106046296,0.005394574599260173,17.71781799213643,0.0027743526510480886,0.005394574599260173,32.966686106046296,96.78426754303021,0.44759180303544116,0.1517546576367734,152.30617745378862,0.7043603088659872,0.1339507938478113,19.905323381265113,0.0010790812394018807,8.464864376652555,0.5759760559507142,249.09044499681883,0.0,2025-10-13-01-18-34-000000,rl2,aria_gen1,9,False,False,False,False,False,False,False
5958.0,198.6,0.0,0.0,0.0,0.0,0.0,0.0,0.0,0.0,0.0,0.0,0.0,0.0,0.0,0.0,28.303265456427134,0.0018462571332661967,13.377705079571,0.0003356831151393085,0.0018462571332661967,28.303265456427134,77.89370324128085,0.3922798551684447,0.5475861643591522,91.34128390099532,0.46000310844886005,0.5543836274695186,19.382975086826335,0.00016786973308712439,5.47936104175362,0.4261414818086524,169.23498714227617,0.0,2025-10-13-02-24-10-000000,rl2,aria_gen1,9,False,False,False,False,False,False,False
6097.0,203.23333333333332,0.0,0.0,0.0,0.0,0.0,0.0,0.0,0.0,0.0,0.0,0.0,0.0,0.0,0.0,30.537261368424186,0.010496965720846317,21.048928938775877,0.03493521403969165,0.03493521403969165,30.537261368424186,69.00961869712822,0.3396142652417727,1.2953821486884836,119.95170161057574,0.5903134921780302,0.8719165847859763,31.537548360849033,0.0014763779527559055,22.376298628533807,0.46496387870990147,188.96132030770394,0.0,2025-10-13-02-33-23-000000,rl2,aria_gen1,9,False,False,False,False,False,False,False
5935.0,197.83333333333334,0.0,0.0,0.0,0.0,0.0,0.0,0.0,0.0,0.0,0.0,0.0,0.0,0.0,0.0,32.73667117420208,0.0,21.02908176579846,0.0,0.0,32.73667117420208,78.08650961729703,0.39477507389937827,0.08344208874011712,92.62108374529424,0.4682562373371801,0.11043486352812963,6.19874062549079,0.0,1.596512655245746,0.4315156556182792,170.70759336259127,0.0,2025-10-13-02-48-34-000000,rl2,aria_gen1,9,False,False,False,False,False,False,False
4908.0,163.6,0.0,0.0,0.0,0.0,0.0,0.0,0.0,0.0,0.0,0.0,0.0,0.0,0.0,0.0,32.377339190763415,0.0010187449062754685,21.013146900851545,0.0010187449062754685,0.0010187449062754685,32.377339190763415,49.45960171412605,0.30238191388297975,0.0895250667291826,69.28763025861673,0.4236048314160387,0.12129236398112886,12.683672468032164,0.0002037905033625433,4.026009315642358,0.3629933726495092,118.74723197274278,0.0,2025-10-13-02-56-33-000000,rl2,aria_gen1,9,False,False,False,False,False,False,False
2429.0,80.96666666666667,0.0,0.0,0.0,0.0,0.0,0.0,0.0,0.0,0.0,0.0,0.0,0.0,0.0,0.0,35.08421610142854,0.026759983532317826,28.193268427713317,0.01399752984767394,0.026759983532317826,35.08421610142854,31.88818998476525,0.39400564231588037,0.548756795483718,57.68896448307204,0.7127961015206594,0.6401218365332997,8.106144643549548,0.0,2.0632704160114197,0.5534008719182699,89.57715446783729,0.0,2025-10-13-03-51-05-413000,rl2,aria_gen1,9,False,False,False,False,False,False,False
2175.0,72.5,0.0,0.0,0.0,0.0,0.0,0.0,0.0,0.0,0.0,0.0,0.0,0.0,0.0,0.0,32.72031484886542,0.08137931034482758,23.98249377195742,0.0,0.08137931034482758,32.72031484886542,43.66630912296282,0.6025709630583646,0.34161156365012413,44.29323440352337,0.6112221858811874,0.3286417764002472,10.67527948373134,0.00022999080036798528,2.4087295717682053,0.606896574469776,87.95954352648619,0.0,2025-10-13-03-51-22-623000,rl2,aria_gen1,9,False,False,False,False,False,False,False
2256.0,75.2,0.0,0.0,0.0,0.0,0.0,0.0,0.0,0.0,0.0,0.0,0.0,0.0,0.0,0.0,38.9062248930132,0.09929078014184398,28.61996568244225,0.0031028368794326243,0.09929078014184398,38.9062248930132,45.37803641023433,0.6036989322869312,0.29223213691095673,57.34191061474366,0.7628635558502482,0.33640024249273415,14.83458101854677,0.0015521064301552106,1.8214058377327857,0.6832812440685897,102.71994702497798,0.0,2025-10-13-03-52-23-515000,rl2,aria_gen1,9,False,False,False,False,False,False,False
2325.0,77.5,0.0,0.0,0.0,0.0,0.0,0.0,0.0,0.0,0.0,0.0,0.0,0.0,0.0,0.0,30.758091354261488,0.043010752688172046,20.191829972830753,0.0,0.043010752688172046,30.758091354261488,50.09595679728864,0.6466775834417638,0.34122912707861885,50.89885255393546,0.6570419864965852,0.3229597094372623,13.449879925222055,0.0021514629948364886,2.5967109035993454,0.6518597849691745,100.9948093512241,0.0,2025-10-13-03-52-56-528000,rl2,aria_gen1,9,False,False,False,False,False,False,False
2495.0,83.16666666666667,0.0,0.0,0.0,0.0,0.0,0.0,0.0,0.0,0.0,0.0,0.0,0.0,0.0,0.0,35.22410373693549,0.022044088176352707,30.202987049809906,0.04168336673346693,0.04168336673346693,35.22410373693549,36.201787623807846,0.4354665712567103,0.32461608943907694,68.64454511223151,0.8257162603716701,0.28175919193987287,15.735755536932789,0.0016038492381716118,1.370801046642558,0.6305914158141903,104.84633273603936,0.0,2025-10-13-03-53-27-758000,rl2,aria_gen1,9,False,False,False,False,False,False,False
2418.0,80.6,0.0,0.0,0.0,0.0,0.0,0.0,0.0,0.0,0.0,0.0,0.0,0.0,0.0,0.0,25.47298088754517,0.03391232423490488,11.505479922153805,0.0012406947890818859,0.03391232423490488,25.47298088754517,48.57916360041081,0.6029685180026166,0.5011290328959911,56.963947973596646,0.7070411415837399,0.4627472423878503,22.713861223536917,0.0014480761274306992,7.306042096391013,0.6550048297931782,105.54311157400745,0.0,2025-10-13-03-53-53-876000,rl2,aria_gen1,9,False,False,False,False,False,False,False
2680.0,89.33333333333333,0.0,0.0,0.0,0.0,0.0,0.0,0.0,0.0,0.0,0.0,0.0,0.0,0.0,0.0,27.419487168384457,0.01828358208955224,20.6263398266316,0.005970149253731343,0.01828358208955224,27.419487168384457,44.56116210354836,0.4990051747317845,0.49078223391934633,68.4135804563178,0.7661095235869854,0.4397533310442124,17.160295064681275,0.0013064576334453153,8.428253019219852,0.632557349159385,112.97474255986617,0.0,2025-10-13-03-54-21-206000,rl2,aria_gen1,9,False,False,False,False,False,False,False
2370.0,79.0,0.0,0.0,0.0,0.0,0.0,0.0,0.0,0.0,0.0,0.0,0.0,0.0,0.0,0.0,20.02119322561498,0.009282700421940928,15.60508089242673,0.0008438818565400844,0.009282700421940928,20.02119322561498,37.3058927747105,0.4724258266109391,0.5492283983653738,57.49617557502006,0.7281069089280718,0.5052074288708408,8.156416398371857,0.0,5.106873732956136,0.6002663677695055,94.80206834973056,0.0,2025-10-13-03-55-38-230000,rl2,aria_gen1,9,False,False,False,False,False,False,False
413.0,13.766666666666667,0.0,0.0,0.0,0.0,0.0,0.0,0.0,0.0,0.0,0.0,0.0,0.0,0.0,0.0,21.974314813473736,0.012106537530266344,17.413992850809603,0.0,0.012106537530266344,21.974314813473736,5.456323947995392,0.3973051418443247,0.5826208859176175,8.730779628884061,0.6357363807439851,0.4935254761796585,7.991764257100339,0.0,0.6889240049781123,0.5165207612941549,14.187103576879453,0.0,2025-10-13-03-55-42-588000,rl2,aria_gen1,9,False,False,False,False,False,True,True
2493.0,83.1,0.0,0.0,0.0,0.0,0.0,0.0,0.0,0.0,0.0,0.0,0.0,0.0,0.0,0.0,22.44232645054518,0.026875250701965503,15.046104161135888,0.00681909346169274,0.026875250701965503,22.44232645054518,47.30509772459075,0.5694835199589577,0.5706693914424387,55.90421987354338,0.6730042520892061,0.4994728273609665,9.966039952159548,0.0,5.748091968563513,0.6212438860240819,103.20931759813413,0.0,2025-10-13-03-56-06-797000,rl2,aria_gen1,9,False,False,False,False,False,False,False
1871.0,62.36666666666667,0.0,0.0,0.0,0.0,0.0,0.0,0.0,0.0,0.0,0.0,0.0,0.0,0.0,0.0,25.973954718842567,0.00427578834847675,17.372048203168905,0.003206841261357563,0.00427578834847675,25.973954718842567,39.121551581280045,0.6276184745659901,0.05806964082508091,45.43770152437355,0.72894708327872,0.04000567638085711,14.129462028036645,0.0010695187165775401,8.10598759843405,0.678282778922355,84.5592531056536,0.0,2025-10-13-03-56-28-534000,rl2,aria_gen1,9,False,False,False,False,False,False,False
2216.0,73.86666666666666,0.0,0.0,0.0,0.0,0.0,0.0,0.0,0.0,0.0,0.0,0.0,0.0,0.0,0.0,14.53697119361588,0.0018050541516245488,16.55448377116783,0.0013537906137184115,0.0018050541516245488,16.55448377116783,51.037085433000684,0.6912472067675037,0.5844131479240116,49.704682088354446,0.6732011118061549,0.6230795239182576,15.065333167763416,0.0009029345372460496,3.4398381462816214,0.6822241592868293,100.74176752135513,0.0,2025-10-13-03-56-52-773000,rl2,aria_gen1,9,False,False,False,False,False,False,False
2387.0,79.56666666666666,0.0,0.0,0.0,0.0,0.0,0.0,0.0,0.0,0.0,0.0,0.0,0.0,0.0,0.0,43.80539805727343,0.2999581064097193,35.06613768530779,0.08169250104733976,0.2999581064097193,43.80539805727343,38.098376780716336,0.4790240165219991,0.6266901954333944,57.185579132106,0.7190139874112237,0.5856904868515069,9.513633859752748,0.0,6.757612609620469,0.5990190019666115,95.28395591282234,0.0,2025-10-13-03-58-47-763000,rl2,aria_gen1,9,False,False,False,False,False,False,False
2360.0,78.66666666666667,0.0,0.0,0.0,0.0,0.0,0.0,0.0,0.0,0.0,0.0,0.0,0.0,0.0,0.0,31.914194117210315,0.025423728813559324,23.432259418090716,0.000847457627118644,0.025423728813559324,31.914194117210315,36.32340469282986,0.46193392996392374,0.3460780381014166,60.210689581071755,0.7657145771225743,0.5153259250401374,11.881092196986561,0.000211954217888936,6.966302081204776,0.6138242535432489,96.53409427390162,0.0,2025-10-13-03-59-26-539000,rl2,aria_gen1,9,False,False,False,False,False,False,False
2792.0,93.06666666666666,0.0,0.0,0.0,0.0,0.0,0.0,0.0,0.0,0.0,0.0,0.0,0.0,0.0,0.0,30.92235657103135,0.04083094555873926,16.48421732378263,0.0053724928366762174,0.04083094555873926,30.92235657103135,26.828358564658018,0.28837361409521334,0.5444588061723313,37.595348108744545,0.404106213995821,0.14219475007167803,13.006485853064024,0.00035829451809387314,2.29073211987835,0.3462399140455171,64.42370667340256,0.0,2025-10-13-15-48-09-742000,rl2,aria_gen1,9,False,False,False,False,False,False,False
2547.0,84.9,0.0,0.0,0.0,0.0,0.0,0.0,0.0,0.0,0.0,0.0,0.0,0.0,0.0,0.0,30.612153785769426,0.06674519042010207,16.86252558129869,0.0,0.06674519042010207,30.612153785769426,40.24242386542885,0.4741840989642048,0.40605232155357596,30.255806003005386,0.3565098900589793,0.34354677776000564,20.730555853457208,0.0009819324430479183,6.377928197598188,0.4153469945115921,70.49822986843424,0.0,2025-10-13-15-48-25-302000,rl2,aria_gen1,9,False,False,False,False,False,False,False
2883.0,96.1,0.0,0.0,0.0,0.0,0.0,0.0,0.0,0.0,0.0,0.0,0.0,0.0,0.0,0.0,24.95665420959515,0.04231703087062088,16.995845274777228,0.000693721817551162,0.04231703087062088,24.95665420959515,41.2813600007694,0.4297157529573497,0.13193580056360293,38.37865961928766,0.39950027362200896,0.3818760488420823,21.667005853814004,0.002775850104094379,9.280993722727581,0.41460801328967933,79.66001962005706,0.0,2025-10-13-15-48-40-837000,rl2,aria_gen1,9,False,False,False,False,False,False,False
2575.0,85.83333333333333,0.0,0.0,0.0,0.0,0.0,0.0,0.0,0.0,0.0,0.0,0.0,0.0,0.0,0.0,42.16176397072073,0.33864077669902914,34.90891942735471,0.028737864077669904,0.33864077669902914,42.16176397072073,45.07579720770221,0.525358941814711,0.4654851148836141,57.02756751670235,0.6646569640641299,0.48927390443402474,17.62104419837677,0.00019425019425019425,5.43630990112603,0.5950079529394204,102.10336472440456,0.0,2025-10-13-16-22-05-280000,rl2,aria_gen1,9,False,False,False,False,False,False,False
2143.0,71.43333333333334,0.0,0.0,0.0,0.0,0.0,0.0,0.0,0.0,0.0,0.0,0.0,0.0,0.0,0.0,19.814838395214824,0.04713019132057863,13.917887484168602,0.0013999066728884741,0.04713019132057863,19.814838395214824,56.56638567219703,0.7922462979299305,0.5991324677945292,59.35633184452816,0.8313211742931114,0.5526986843323592,14.483638301409524,0.0028011204481792717,6.063942630890596,0.811783736111521,115.92271751672519,0.0,2025-10-13-16-22-15-663000,rl2,aria_gen1,9,False,False,False,False,False,False,False
2103.0,70.1,0.0,0.0,0.0,0.0,0.0,0.0,0.0,0.0,0.0,0.0,0.0,0.0,0.0,0.0,45.13280935398504,0.5059438896814075,37.207981865141385,0.2244412743699477,0.5059438896814075,45.13280935398504,31.78127999138447,0.45358629864012096,0.20865468373386467,45.355884230481834,0.6473247035749071,0.4766493104441146,10.535899483216621,0.0002378686964795433,2.8687155422340793,0.550455501107514,77.1371642218663,0.0,2025-10-13-16-22-29-635000,rl2,aria_gen1,9,False,False,False,False,False,False,False
1856.0,61.86666666666667,0.0,0.0,0.0,0.0,0.0,0.0,0.0,0.0,0.0,0.0,0.0,0.0,0.0,0.0,36.518387723655664,0.13092672413793102,28.496938268924364,0.0010775862068965517,0.13092672413793102,36.518387723655664,33.24848418717886,0.5377113345635395,0.29623270247149736,41.76718103862804,0.675480016797219,0.2812190579056445,10.287102359588967,0.0005390835579514825,1.7793279619799525,0.6065956756803792,75.0156652258069,0.0,2025-10-13-16-22-42-479000,rl2,aria_gen1,9,False,False,False,False,False,False,False
3000.0,100.0,0.0,0.0,0.0,0.0,0.0,0.0,0.0,0.0,0.0,0.0,0.0,0.0,0.0,0.0,40.920870290533394,0.21833333333333332,34.478163565036006,0.018666666666666668,0.21833333333333332,40.920870290533394,40.23395428033722,0.4024737007036068,0.1691028737892465,66.44939010248433,0.6647154728491264,0.4674335658132803,12.910340590103514,0.0005001667222407469,4.941927843117766,0.5335945867763665,106.68334438282156,0.0,2025-10-13-16-22-55-437000,rl2,aria_gen1,9,False,False,False,False,False,False,False
3184.0,106.13333333333334,0.0,0.0,0.0,0.0,0.0,0.0,0.0,0.0,0.0,0.0,0.0,0.0,0.0,0.0,20.821042402841112,0.02858040201005025,16.313709899378814,0.008165829145728644,0.02858040201005025,20.821042402841112,53.14007948978933,0.5008490055588062,0.30535089321921943,72.87379105783799,0.6868406320248633,0.12961937688700326,22.112756768718455,0.000942507068803016,6.786258235406433,0.5938448187918347,126.01387054762732,0.0,2025-10-13-16-23-05-802000,rl2,aria_gen1,9,False,False,False,False,False,False,False
2226.0,74.2,0.0,0.0,0.0,0.0,0.0,0.0,0.0,0.0,0.0,0.0,0.0,0.0,0.0,0.0,25.09041103437289,0.02425876010781671,17.125073118128785,0.004941599281221923,0.02425876010781671,25.09041103437289,51.300025305314,0.691685734453672,0.4549000010025676,57.942916523693455,0.7812528070610354,0.4781875657497305,12.264860055802833,0.00044943820224719103,5.0382405740741225,0.7364692707573537,109.24294182900746,0.0,2025-10-13-16-23-16-056000,rl2,aria_gen1,9,False,False,False,False,False,False,False
2161.0,72.03333333333333,0.0,0.0,0.0,0.0,0.0,0.0,0.0,0.0,0.0,0.0,0.0,0.0,0.0,0.0,20.64528311831456,0.041647385469689956,14.951969027448783,0.006941230911614993,0.041647385469689956,20.64528311831456,60.50801491604213,0.8403890960561406,0.3160889423569162,62.193112120815385,0.8637932239002137,0.24128051681225268,14.350024016953839,0.001851851851851852,6.995687474320552,0.8520911599781772,122.70112703685751,0.0,2025-10-13-16-23-27-391000,rl2,aria_gen1,9,False,False,False,False,False,False,False
2271.0,75.7,0.0,0.0,0.0,0.0,0.0,0.0,0.0,0.0,0.0,0.0,0.0,0.0,0.0,0.0,38.09561532111099,0.24658740642888596,25.013981314149255,0.025979744605900485,0.24658740642888596,38.09561532111099,38.79473209270019,0.5127057104762139,0.4140436710668917,45.59727832664181,0.6026072025547377,0.43934835960746876,8.090394706898554,0.0,2.175112051756388,0.5576564565154757,84.392010419342,0.0,2025-10-13-16-37-33-020000,rl2,aria_gen1,9,False,False,False,False,False,False,False
3440.0,114.66666666666667,0.0,0.0,0.0,0.0,0.0,0.0,0.0,0.0,0.0,0.0,0.0,0.0,0.0,0.0,28.255770865679708,0.0375,19.03166491343059,0.009593023255813954,0.0375,28.255770865679708,40.464823719061656,0.35299351892173586,0.21115843406940038,53.87398010625597,0.46996784041514367,0.1691204138777482,24.09093867704531,0.002035475428903751,10.721851367885844,0.4114806796684397,94.33880382531763,0.0,2025-10-13-16-38-08-386000,rl2,aria_gen1,9,False,False,False,False,False,False,False
3116.0,103.86666666666666,0.0,0.0,0.0,0.0,0.0,0.0,0.0,0.0,0.0,0.0,0.0,0.0,0.0,0.0,43.917335150512926,0.3741976893453145,23.770344038290744,0.027599486521181,0.3741976893453145,43.917335150512926,34.1667680004072,0.3290539454292829,0.37401596689070626,46.689902857606114,0.44966198578753885,0.3867656185649939,14.879672260016694,0.0004815409309791332,2.688698427233856,0.38935796560841085,80.85667085801332,0.0,2025-10-13-16-38-26-806000,rl2,aria_gen1,9,False,False,False,False,False,False,False
3337.0,111.23333333333333,0.0,0.0,0.0,0.0,0.0,0.0,0.0,0.0,0.0,0.0,0.0,0.0,0.0,0.0,32.25122265734944,0.03536110278693437,24.96254710619423,0.0029967036260113876,0.03536110278693437,32.25122265734944,30.827652014849992,0.27722708646447836,0.4032749548330152,54.31181162799327,0.4884155721941841,0.37483742491407634,7.369793173825507,0.0,2.2305819525032256,0.3828213293293312,85.13946364284327,0.0,2025-10-13-16-38-43-697000,rl2,aria_gen1,9,False,False,False,False,False,False,False
2697.0,89.9,0.0,0.0,0.0,0.0,0.0,0.0,0.0,0.0,0.0,0.0,0.0,0.0,0.0,0.0,35.567325063430005,0.06488691138301816,25.33090612082987,0.0,0.06488691138301816,35.567325063430005,42.76240740804386,0.47584281240404896,0.12913151927986485,48.67154228597012,0.5415972806302314,0.1404342088311688,11.385119698719556,0.000370919881305638,0.9111183711882349,0.5087200465171401,91.43394969401399,0.0,2025-10-13-16-39-00-562000,rl2,aria_gen1,9,False,False,False,False,False,False,False
2996.0,99.86666666666666,0.0,0.0,0.0,0.0,0.0,0.0,0.0,0.0,0.0,0.0,0.0,0.0,0.0,0.0,25.750522609659413,0.04539385847797063,18.71995182763736,0.002336448598130841,0.04539385847797063,25.750522609659413,56.23320896599543,0.5632708744507054,0.39183810231039995,46.74057731359617,0.4681860832747529,0.06277268141492869,21.24639179384002,0.002003338898163606,5.38807823777947,0.5157284788627292,102.9737862795916,0.0,2025-10-13-17-49-55-711000,rl2,aria_gen1,9,False,False,False,False,False,False,False
2164.0,72.13333333333334,0.0,0.0,0.0,0.0,0.0,0.0,0.0,0.0,0.0,0.0,0.0,0.0,0.0,0.0,34.80755180264398,0.066543438077634,32.83014727202528,0.06007393715341959,0.066543438077634,34.80755180264398,27.84256082023193,0.3861658920975302,0.3658593869258967,38.262988257528505,0.5306933184123231,0.335624321424129,18.301156763915348,0.0016181229773462784,3.144825215912677,0.4584296052549268,66.10554907776043,0.0,2025-10-13-17-50-15-502000,rl2,aria_gen1,9,False,False,False,False,False,False,False
2919.0,97.3,0.0,0.0,0.0,0.0,0.0,0.0,0.0,0.0,0.0,0.0,0.0,0.0,0.0,0.0,32.61358058441414,0.023980815347721823,33.86430391771504,0.14559780746831105,0.14559780746831105,33.86430391771504,30.71274523878667,0.31575817586141197,0.3257300581166968,60.58658299661555,0.6228915318363489,0.34661887249385104,10.724235807529912,0.0003427004797806717,5.809733638819864,0.46932485384888045,91.29932823540221,0.0,2025-10-13-17-50-36-573000,rl2,aria_gen1,9,False,False,False,False,False,False,False
3018.0,100.6,0.0,0.0,0.0,0.0,0.0,0.0,0.0,0.0,0.0,0.0,0.0,0.0,0.0,0.0,38.205798867231564,0.20112657388999336,36.56683235157765,0.2229953611663353,0.2229953611663353,38.205798867231564,48.84465319500645,0.485694264451506,0.31258548265341307,62.30162502060641,0.619505717805168,0.3615163213313381,15.076072169139293,0.0018230029830957905,3.1736296893054994,0.552599991128337,111.14627821561285,0.0,2025-10-13-17-50-56-268000,rl2,aria_gen1,9,False,False,False,False,False,False,False
3471.0,115.7,0.0,0.0,0.0,0.0,0.0,0.0,0.0,0.0,0.0,0.0,0.0,0.0,0.0,0.0,32.480011627763346,0.04119850187265917,31.054917469543575,0.0299625468164794,0.04119850187265917,32.480011627763346,43.91350267103083,0.37965564268902735,0.4974051601030598,58.512443714209724,0.5058712713044069,0.5773616544255327,16.623028535226517,0.003170028818443804,5.286691534363544,0.44276345699671704,102.42594638524055,0.0,2025-10-13-17-51-16-579000,rl2,aria_gen1,9,False,False,False,False,False,False,False
2914.0,97.13333333333334,0.0,0.0,0.0,0.0,0.0,0.0,0.0,0.0,0.0,0.0,0.0,0.0,0.0,0.0,21.13006036037417,0.008236101578586136,23.968573180992347,0.05319148936170213,0.05319148936170213,23.968573180992347,42.308493971413256,0.4357208441958112,0.4337791463889977,49.80443839055432,0.5129190359480362,0.42255381608922943,31.43628262923752,0.0027463096464126332,2.801226978164174,0.4743199400719237,92.11293236196758,0.0,2025-10-13-17-52-54-347000,rl2,aria_gen1,9,False,False,False,False,False,False,False
2783.0,92.76666666666667,0.0,0.0,0.0,0.0,0.0,0.0,0.0,0.0,0.0,0.0,0.0,0.0,0.0,0.0,23.10319276811056,0.01006108515989939,24.284216969669153,0.019044196909809557,0.019044196909809557,24.284216969669153,25.17071042445847,0.2714310973162308,0.5362748979002974,43.986203421469924,0.4743300153285758,0.7174821997796399,6.6390555375351346,0.0,1.9789604433007144,0.37288055632240324,69.15691384592839,0.0,2025-10-13-17-53-08-337000,rl2,aria_gen1,9,False,False,False,False,False,False,False
2848.0,94.93333333333334,0.0,0.0,0.0,0.0,0.0,0.0,0.0,0.0,0.0,0.0,0.0,0.0,0.0,0.0,27.06416001528573,0.10042134831460674,21.40486076411282,0.021067415730337078,0.10042134831460674,27.06416001528573,44.298297297008936,0.46678922336152734,0.5650590965766334,52.84631394281438,0.5568631606197512,0.47066903381471376,15.662834697335358,0.00035124692658939234,3.093598962287983,0.5118261919906393,97.14461123982332,0.0,2025-10-13-17-53-22-578000,rl2,aria_gen1,9,False,False,False,False,False,False,False
2591.0,86.36666666666666,0.0,0.0,0.0,0.0,0.0,0.0,0.0,0.0,0.0,0.0,0.0,0.0,0.0,0.0,25.890438965731505,0.023928984947896564,29.504622521993223,0.02277113083751447,0.023928984947896564,29.504622521993223,34.79402753242578,0.4030196239277118,0.40096735352404406,45.94836571956294,0.53222045235015,0.4414842047294499,12.8024219074873,0.0003861003861003861,6.199838905875927,0.46762003813893077,80.74239325198872,0.0,2025-10-13-17-53-37-475000,rl2,aria_gen1,9,False,False,False,False,False,False,False
2045.0,68.16666666666667,0.0,0.0,0.0,0.0,0.0,0.0,0.0,0.0,0.0,0.0,0.0,0.0,0.0,0.0,46.162247486270296,0.5828850855745721,41.31066460086552,0.34963325183374083,0.5828850855745721,46.162247486270296,38.89153324184184,0.5708150671503205,0.32928819400408765,52.38009384164302,0.7687880700828232,0.45785687612710013,13.502591214210229,0.0004892367906066536,7.056857198061363,0.6698015686165718,91.27162708348486,0.0,2025-10-14-02-53-00-652000,rl2,aria_gen1,9,False,False,False,False,False,False,False
2179.0,72.63333333333334,0.0,0.0,0.0,0.0,0.0,0.0,0.0,0.0,0.0,0.0,0.0,0.0,0.0,0.0,37.81202385489906,0.1372189077558513,28.625677474390955,0.0013767783386874712,0.1372189077558513,37.81202385489906,42.723830262551246,0.5884825105034607,0.42262396118768875,49.915073657768446,0.6875354498315213,0.3266843567363808,10.627057283787668,0.0002295684113865932,1.5535603620231004,0.638008980167491,92.63890392031969,0.0,2025-10-14-02-53-17-389000,rl2,aria_gen1,9,False,False,False,False,False,False,False
2708.0,90.26666666666667,0.0,0.0,0.0,0.0,0.0,0.0,0.0,0.0,0.0,0.0,0.0,0.0,0.0,0.0,32.40058189141648,0.01883308714918759,24.103394010910474,0.01070901033973412,0.01883308714918759,32.40058189141648,42.41930323923772,0.4701067961496607,0.31401935467438846,57.357225833643284,0.6356545160728845,0.34715828386599795,14.657001248226743,0.001847063169560399,5.216986549182521,0.5528806561112726,99.776529072881,0.0,2025-10-14-03-22-18-000000,rl2,aria_gen1,9,False,False,False,False,False,False,False
2329.0,77.63333333333334,0.0,0.0,0.0,0.0,0.0,0.0,0.0,0.0,0.0,0.0,0.0,0.0,0.0,0.0,32.396542071976775,0.008587376556462,23.6432369240325,0.0038643194504079004,0.008587376556462,32.396542071976775,42.126362577972486,0.5428654971388208,0.2188100584150918,50.66927857922812,0.6529546208663417,0.2327811953087964,14.027689019860636,0.001288659793814433,4.251191525026093,0.5979100590025813,92.7956411572006,0.0,2025-10-14-03-27-35-000000,rl2,aria_gen1,9,False,False,False,False,False,False,False
3390.0,113.0,0.0,0.0,0.0,0.0,0.0,0.0,0.0,0.0,0.0,0.0,0.0,0.0,0.0,0.0,38.76758099304678,0.17020648967551621,25.855619646911812,0.004129793510324484,0.17020648967551621,38.76758099304678,41.508561879102814,0.367440795624988,0.4138705385856108,76.88195531866863,0.680572044721174,0.5969973580605051,10.299432923617438,0.00014753614635585718,3.2501792517439907,0.5240064201730811,118.39051719777144,0.0,2025-10-14-03-33-04-000000,rl2,aria_gen1,9,False,False,False,False,False,False,False
2935.0,97.83333333333333,0.0,0.0,0.0,0.0,0.0,0.0,0.0,0.0,0.0,0.0,0.0,0.0,0.0,0.0,27.498480632529212,0.018398637137989778,19.6684039957548,0.014310051107325384,0.018398637137989778,27.498480632529212,55.31945451975261,0.5656385942714991,0.17393970140814943,70.1613033913187,0.7173957401975327,0.13524863835350412,17.053283191401505,0.004771642808452625,4.367457788783014,0.6415171672345159,125.48075791107131,0.0,2025-10-14-03-41-18-000000,rl2,aria_gen1,9,False,False,False,False,False,False,False
3204.0,106.8,0.0,0.0,0.0,0.0,0.0,0.0,0.0,0.0,0.0,0.0,0.0,0.0,0.0,0.0,34.85323669644963,0.018414481897627965,31.069196175728063,0.010611735330836454,0.018414481897627965,34.85323669644963,46.125176075217496,0.4320185083535825,0.08308260169839865,88.76465446432123,0.8313892082203052,0.135724814704803,16.90859109744585,0.0032781767093349986,5.104377864022794,0.6317038582869439,134.8898305395387,0.0,2025-10-14-03-46-49-000000,rl2,aria_gen1,9,False,False,False,False,False,False,False
2455.0,81.83333333333333,0.0,0.0,0.0,0.0,0.0,0.0,0.0,0.0,0.0,0.0,0.0,0.0,0.0,0.0,42.70930823941502,0.3230142566191446,33.23837194772379,0.0505091649694501,0.3230142566191446,42.70930823941502,52.16064925248725,0.6376607488079127,0.362127400778078,61.86463618576967,0.7562913959140547,0.37483012268145877,16.56028367826493,0.005093724531377343,5.3047486176318115,0.6969760723609837,114.02528543825692,0.0,2025-10-14-03-52-11-000000,rl2,aria_gen1,9,False,False,False,False,False,False,False
1212.0,40.4,0.0,0.0,0.0,0.0,0.0,0.0,0.0,0.0,0.0,0.0,0.0,0.0,0.0,0.0,28.698161934550182,0.0462046204620462,25.193270923380016,0.039603960396039604,0.0462046204620462,28.698161934550182,29.916841659837285,0.7411273739018319,0.527524830436016,35.73269563167769,0.885203029686483,0.4887230876497748,12.76638953566594,0.00495458298926507,4.3777928853885095,0.8131652017941575,65.64953729151497,0.0,2025-10-14-04-00-10-000000,rl2,aria_gen1,9,False,False,False,False,False,False,False
2888.0,96.26666666666667,0.0,0.0,0.0,0.0,0.0,0.0,0.0,0.0,0.0,0.0,0.0,0.0,0.0,0.0,21.565563664894913,0.06336565096952909,15.112612657207107,0.022506925207756233,0.06336565096952909,21.565563664894913,64.70231507468358,0.6723482688744399,0.11023651965410253,74.7064260621243,0.7763050855087387,0.09649703928846061,19.84127166490984,0.008313127814340146,5.345933296801128,0.7243266771915892,139.40874113680786,0.0,2025-10-14-04-15-30-000000,rl2,aria_gen1,9,False,False,False,False,False,False,False
3913.0,130.43333333333334,0.0,0.0,0.0,0.0,0.0,0.0,0.0,0.0,0.0,0.0,0.0,0.0,0.0,0.0,27.383152083663596,0.0350115001277792,18.224054187785484,0.01507794531050345,0.0350115001277792,27.383152083663596,52.160709940853735,0.40000544433170043,0.485548837325376,79.04248889616366,0.6061540559521753,0.5238959807202264,22.085918591222146,0.004729038854805726,8.010332110665859,0.503079750141938,131.2031988370174,0.0,2025-10-14-04-21-05-000000,rl2,aria_gen1,9,False,False,False,False,False,False,False
3032.0,101.06666666666666,0.0,0.0,0.0,0.0,0.0,0.0,0.0,0.0,0.0,0.0,0.0,0.0,0.0,0.0,39.47804947395915,0.20052770448548812,34.21268011896258,0.016490765171503958,0.20052770448548812,39.47804947395915,41.82331814240206,0.41395563981262345,0.16206455220113072,70.51049091436325,0.6978933445829418,0.3570780423295215,12.467876540531567,0.0003299241174529858,5.406407177923099,0.5559244921977827,112.3338090567653,0.0,2025-10-14-04-29-19-106000,rl2,aria_gen1,9,False,False,False,False,False,False,False
2357.0,78.56666666666666,0.0,0.0,0.0,0.0,0.0,0.0,0.0,0.0,0.0,0.0,0.0,0.0,0.0,0.0,44.31227771312521,0.46627068307170133,37.55346517830853,0.16207042851081885,0.46627068307170133,44.31227771312521,37.96811860001128,0.48346500764021155,0.34066507434059,51.538214691544006,0.6562591004865536,0.4569321748781136,8.69582544005661,0.0,4.024344348873269,0.5698620540633825,89.50633329155528,0.0,2025-10-14-04-29-38-501000,rl2,aria_gen1,9,False,False,False,False,False,False,False
2252.0,75.06666666666666,0.0,0.0,0.0,0.0,0.0,0.0,0.0,0.0,0.0,0.0,0.0,0.0,0.0,0.0,49.14307646778883,0.6420959147424512,42.47185297434924,0.41563055062166965,0.6420959147424512,49.14307646778883,41.678618444722325,0.5554680379127809,0.5005763592243653,58.587090641199495,0.780814180024871,0.5835826160612221,8.365138595052644,0.0,3.376910951905879,0.668141108968826,100.26570908592183,0.0,2025-10-14-04-29-58-059000,rl2,aria_gen1,9,False,False,False,False,False,False,False
2423.0,80.76666666666667,0.0,0.0,0.0,0.0,0.0,0.0,0.0,0.0,0.0,0.0,0.0,0.0,0.0,0.0,47.368713798769036,0.6128765992571192,47.777833477674704,0.620305406520842,0.620305406520842,47.777833477674704,35.27026951187142,0.43687369337578136,0.2634930783539051,63.76428876851969,0.7898136511377336,0.13767236157569937,9.840788527574501,0.0,5.634654743212339,0.6133436722567573,99.03455828039111,0.0,2025-10-14-04-30-14-819000,rl2,aria_gen1,9,False,False,False,False,False,False,False
2372.0,79.06666666666666,0.0,0.0,0.0,0.0,0.0,0.0,0.0,0.0,0.0,0.0,0.0,0.0,0.0,0.0,45.87124004551676,0.551433389544688,37.259843163651354,0.14839797639123103,0.551433389544688,45.87124004551676,39.69883962473999,0.5023050142312104,0.5961716542191933,52.37194887255815,0.6626564597961808,0.5815875423214946,10.002994390704446,0.00021088148460565162,4.817565033328895,0.5824807370136955,92.07078849729814,0.0,2025-10-14-04-30-33-706000,rl2,aria_gen1,9,False,False,False,False,False,False,False
2238.0,74.6,0.0,0.0,0.0,0.0,0.0,0.0,0.0,0.0,0.0,0.0,0.0,0.0,0.0,0.0,37.910144660895355,0.3248436103663986,38.08002870600032,0.25603217158176944,0.3248436103663986,38.08002870600032,47.537003760747325,0.637510108548243,0.056015393368519656,64.59178388914823,0.8662286619018538,0.25578928054936667,12.827294310349915,0.0006705409029950827,6.342124763570175,0.7518693852250484,112.12878764989556,0.0,2025-10-14-04-31-24-089000,rl2,aria_gen1,9,False,False,False,False,False,False,False
2037.0,67.9,0.0,0.0,0.0,0.0,0.0,0.0,0.0,0.0,0.0,0.0,0.0,0.0,0.0,0.0,20.97629985950463,0.008836524300441826,19.119481689096567,0.008836524300441826,0.008836524300441826,20.97629985950463,34.60588446253996,0.5099098889372293,0.8322107630478902,35.46413727265106,0.5225560501864105,0.9270184701895118,27.205939584656285,0.0014734774066797642,7.4584481232122135,0.51623296956182,70.07002173519102,0.0,2025-10-15-20-26-47-000000,rl2,aria_gen1,9,False,False,False,False,False,False,False
2311.0,77.03333333333333,0.0,0.0,0.0,0.0,0.0,0.0,0.0,0.0,0.0,0.0,0.0,0.0,0.0,0.0,20.5060070026442,0.009519688446559932,15.852129743373537,0.009519688446559932,0.009519688446559932,20.5060070026442,33.31571659485769,0.4326716440890609,0.8576134337776657,36.12167573949669,0.4691126719415154,0.8010068867915389,27.36165767136386,0.003463203463203463,9.819522738362457,0.4508921580152881,69.43739233435437,0.0,2025-10-15-20-30-56-000000,rl2,aria_gen1,9,False,False,False,False,False,False,False
2992.0,99.73333333333333,0.0,0.0,0.0,0.0,0.0,0.0,0.0,0.0,0.0,0.0,0.0,0.0,0.0,0.0,19.976591961252588,0.00033422459893048126,19.309067621481745,0.001002673796791444,0.001002673796791444,19.976591961252588,35.22250241609305,0.3532848787973225,0.4233975363511178,46.715389459653956,0.46855957331648906,0.45580842504253444,14.413370963286049,0.0006686726847208291,7.048872174259468,0.41092222605690576,81.937891875747,0.0,2025-10-15-20-36-36-000000,rl2,aria_gen1,9,False,False,False,False,False,False,False
2106.0,70.2,0.0,0.0,0.0,0.0,0.0,0.0,0.0,0.0,0.0,0.0,0.0,0.0,0.0,0.0,22.341833357365736,0.006647673314339981,18.52491165558483,0.006647673314339981,0.006647673314339981,22.341833357365736,36.9996713118847,0.5273112300981192,0.1692607859798087,40.40113007526098,0.5757880770821042,0.5181721551356369,27.677015540705277,0.0030878859857482186,10.194269504263117,0.5515496535901118,77.40080138714568,0.0,2025-10-15-20-40-40-000000,rl2,aria_gen1,9,False,False,False,False,False,False,False
5268.0,175.6,0.0,0.0,0.0,0.0,0.0,0.0,0.0,0.0,0.0,0.0,0.0,0.0,0.0,0.0,38.81264994008626,0.06340167046317388,38.334526710500654,0.07441154138192863,0.07441154138192863,38.81264994008626,69.83423925469998,0.3977647954511107,0.8046841634706318,85.55200323525307,0.4872906962326927,0.7775242462336711,22.04623821367075,0.001139168407062844,12.377389270864757,0.44252774584190163,155.38624248995305,0.0,2025-10-21-00-09-38-000000,rl2,aria_gen1,9,False,False,False,False,False,False,False
7090.0,236.33333333333334,0.0,0.0,0.0,0.0,0.0,0.0,0.0,0.0,0.0,0.0,0.0,0.0,0.0,0.0,30.770070977509093,0.00465444287729196,28.8525529750855,0.006205923836389281,0.006205923836389281,30.770070977509093,111.26145375699501,0.4708483019762802,0.9806159032246285,129.13334813694988,0.5464805253362247,0.9253435720581837,14.140382786974053,0.0006347862886161659,6.664989930040473,0.5086644136562525,240.39480189394487,0.0,2025-10-21-00-28-58-000000,rl2,aria_gen1,9,False,False,False,False,False,False,False
2834.0,94.46666666666667,0.0,0.0,0.0,0.0,0.0,0.0,0.0,0.0,0.0,0.0,0.0,0.0,0.0,0.0,36.61010621969524,0.07974594213126324,22.72704819595854,0.043048694424841216,0.07974594213126324,36.61010621969524,51.017254641654105,0.5402462545886422,0.027862875534713612,62.24360997916064,0.659127532430222,0.06193465642866946,10.869484993097497,0.00035298270384751147,5.783870788579157,0.599686893509432,113.26086462081474,0.0,2025-10-29-21-54-36-189000,rl2,aria_gen1,9,False,False,False,False,False,False,False
2605.0,86.83333333333333,0.0,0.0,0.0,0.0,0.0,0.0,0.0,0.0,0.0,0.0,0.0,0.0,0.0,0.0,31.490845213833456,0.09904030710172745,21.12183995146179,0.05796545105566219,0.09904030710172745,31.490845213833456,60.25008600679526,0.6941254148248301,0.6069295924896054,69.74388889367245,0.8035010241206502,0.6007914042805717,12.273082239554858,0.00019201228878648233,5.356513838694552,0.7488132194727403,129.99397490046772,0.0,2025-10-29-21-54-36-190000,rl2,aria_gen1,9,False,False,False,False,False,False,False
2619.0,87.3,0.0,0.0,0.0,0.0,0.0,0.0,0.0,0.0,0.0,0.0,0.0,0.0,0.0,0.0,29.776122665727925,0.09431080565101184,17.49612183792633,0.03169148529973272,0.09431080565101184,29.776122665727925,52.02124181402936,0.5961181262111844,0.26837254582130154,57.51135748664663,0.6590300705116116,0.33838387346381005,13.867250886918566,0.0003819709702062643,5.240544811234942,0.627574098361398,109.532599300676,0.0,2025-10-29-21-54-36-194000,rl2,aria_gen1,9,False,False,False,False,False,False,False
3259.0,108.63333333333334,0.0,0.0,0.0,0.0,0.0,0.0,0.0,0.0,0.0,0.0,0.0,0.0,0.0,0.0,35.78038812588529,0.06535747161706044,25.432007837233783,0.25682724762196996,0.25682724762196996,35.78038812588529,49.62467059618339,0.45694908467940504,1.3513547261021468,59.41890921046257,0.5471354439269114,1.6853286305676265,30.533725095472924,0.0012277470841006752,24.030674530838375,0.5020422643031582,109.04357980664597,0.0,2025-10-29-21-54-36-195000,rl2,aria_gen1,9,False,False,False,False,False,False,False
3540.0,118.0,0.0,0.0,0.0,0.0,0.0,0.0,0.0,0.0,0.0,0.0,0.0,0.0,0.0,0.0,34.9685125757683,0.036440677966101696,26.4212260086882,0.10564971751412429,0.10564971751412429,34.9685125757683,47.37026402249016,0.40155634944184937,0.4994730768391877,79.06317443542251,0.6702162286133584,0.48460545915685227,26.07077116574046,0.0005651313930488839,5.903682022196868,0.5358862890276038,126.43343845791267,0.0,2025-10-29-21-54-36-196000,rl2,aria_gen1,9,False,False,False,False,False,False,False
2813.0,93.76666666666667,0.0,0.0,0.0,0.0,0.0,0.0,0.0,0.0,0.0,0.0,0.0,0.0,0.0,0.0,35.63172772817152,0.056523284749377886,25.398440823245494,0.03519374333451831,0.056523284749377886,35.63172772817152,53.120353125916346,0.5667178498497476,0.5800688391401062,66.98605632514932,0.7146449821317495,0.5653560495692659,11.028132801746267,0.00017780938833570413,1.2170106900879918,0.6406814159907486,120.10640945106567,0.0,2025-10-29-21-54-36-197000,rl2,aria_gen1,9,False,False,False,False,False,False,False
2522.0,84.06666666666666,0.0,0.0,0.0,0.0,0.0,0.0,0.0,0.0,0.0,0.0,0.0,0.0,0.0,0.0,34.23226510434967,0.09397303727200634,26.515856833577296,0.08088818398096749,0.09397303727200634,34.23226510434967,55.25964274312547,0.6575919406163284,0.5534522877094165,66.96439600772153,0.7968789687551154,0.5894855624996218,24.491970208369857,0.0007933359777865926,4.625091883650765,0.7272354546857219,122.224038750847,0.0,2025-10-29-21-54-36-198000,rl2,aria_gen1,9,False,False,False,False,False,False,False
2817.0,93.9,0.0,0.0,0.0,0.0,0.0,0.0,0.0,0.0,0.0,0.0,0.0,0.0,0.0,0.0,34.436886462042835,0.10578629747958822,27.329527503739197,0.1121760738374157,0.1121760738374157,34.436886462042835,56.16656867319372,0.5983654333081717,0.37242194716082966,65.28696128719258,0.6955287068948075,0.6663619882071314,25.874367474429327,0.0012428977272727273,6.411260446505958,0.6469470701014896,121.4535299603863,0.0,2025-10-29-21-54-36-199000,rl2,aria_gen1,9,False,False,False,False,False,False,False
3682.0,122.73333333333333,0.0,0.0,0.0,0.0,0.0,0.0,0.0,0.0,0.0,0.0,0.0,0.0,0.0,0.0,28.877237242069505,0.025529603476371537,20.80347468598683,0.011678435632808256,0.025529603476371537,28.877237242069505,39.93430880537386,0.32546298944884966,0.512023020704769,65.18703493246142,0.5312716783411688,0.48640229828324977,16.728151044339928,0.0009508285791904374,6.254214150193957,0.4283673338950093,105.12134373783528,0.0,2025-10-29-21-54-36-200000,rl2,aria_gen1,9,False,False,False,False,False,False,False
3400.0,113.33333333333333,0.0,0.0,0.0,0.0,0.0,0.0,0.0,0.0,0.0,0.0,0.0,0.0,0.0,0.0,28.913028902251494,0.025,16.14157954029138,0.00411764705882353,0.025,28.913028902251494,40.47791856246538,0.3572631823695091,0.09848551471521595,68.44096340379042,0.6040685207748491,0.19759904758790556,10.395830159195498,0.0002942041776993233,6.889730301840936,0.4806658515721791,108.91888196625581,0.0,2025-10-29-21-54-36-201000,rl2,aria_gen1,9,False,False,False,False,False,False,False
2663.0,88.76666666666667,0.0,0.0,0.0,0.0,0.0,0.0,0.0,0.0,0.0,0.0,0.0,0.0,0.0,0.0,29.218992409759693,0.05595193390912505,22.63033332054795,0.01877581674802854,0.05595193390912505,29.218992409759693,57.65459174441126,0.6497512217627114,0.5418076454111512,65.55375037666312,0.7387725436889157,0.5552268433655082,14.076296566971058,0.0003756574004507889,5.722132097675784,0.6942618827258136,123.20834212107438,0.0,2025-10-29-21-54-36-202000,rl2,aria_gen1,9,False,False,False,False,False,False,False
3593.0,119.76666666666667,0.0,0.0,0.0,0.0,0.0,0.0,0.0,0.0,0.0,0.0,0.0,0.0,0.0,0.0,20.28994644324064,0.006679654884497634,17.577075786175293,0.0025048705816866127,0.006679654884497634,20.28994644324064,41.12413236542217,0.34346435717223417,0.5627940354663854,66.47395938575333,0.5551834024422605,0.49913506697246063,13.1058711429413,0.00013919821826280623,6.5253950845691255,0.4493238798072473,107.5980917511755,0.0,2025-10-29-21-54-36-203000,rl2,aria_gen1,9,False,False,False,False,False,False,False
3201.0,106.7,0.0,0.0,0.0,0.0,0.0,0.0,0.0,0.0,0.0,0.0,0.0,0.0,0.0,0.0,34.79474491793445,0.05435801312089972,23.439840204406966,0.027491408934707903,0.05435801312089972,34.79474491793445,44.78563726501821,0.41986534935954567,0.4657238888865482,56.75287612611666,0.5320582136823436,0.49035776492674327,14.824228133239705,0.00125,6.37323940341026,0.47596178152094465,101.53851339113487,0.0,2025-10-29-21-54-36-204000,rl2,aria_gen1,9,False,False,False,False,False,False,False
2984.0,99.46666666666667,0.0,0.0,0.0,0.0,0.0,0.0,0.0,0.0,0.0,0.0,0.0,0.0,0.0,0.0,26.0001409799239,0.01742627345844504,23.631825448474025,0.006702412868632708,0.01742627345844504,26.0001409799239,56.06196637989732,0.5638146132741936,0.6521817227941773,69.6504621667345,0.7004739741877424,0.5227229573891562,15.644213149776261,0.0005028494803888703,6.396050978478304,0.6321442937309679,125.71242854663183,0.0,2025-10-29-21-54-36-213000,rl2,aria_gen1,9,False,False,False,False,False,False,False
2633.0,87.76666666666667,0.0,0.0,0.0,0.0,0.0,0.0,0.0,0.0,0.0,0.0,0.0,0.0,0.0,0.0,20.567622044670976,0.030763387770603876,22.931026225479222,0.0189897455374098,0.030763387770603876,22.931026225479222,67.49214337529743,0.7692873485026303,0.7139372372264446,76.24199986967155,0.8690197553533991,0.8179021901522957,14.040005814112199,0.001899696048632219,7.537720980161529,0.8191535519280148,143.73414324496898,0.0,2025-10-29-21-54-36-214000,rl2,aria_gen1,9,False,False,False,False,False,False,False
3252.0,108.4,0.0,0.0,0.0,0.0,0.0,0.0,0.0,0.0,0.0,0.0,0.0,0.0,0.0,0.0,21.094780272538493,0.01076260762607626,23.652817421069013,0.006457564575645757,0.01076260762607626,23.652817421069013,46.5968124299608,0.4299921171635878,0.2197378531185246,76.35090200531664,0.7045607690432172,0.06134407967653403,11.812163975313913,0.00030759766225776686,5.720811302605583,0.5672764431034025,122.94771443527745,0.0,2025-10-29-21-54-36-215000,rl2,aria_gen1,9,False,False,False,False,False,False,False
2613.0,87.1,0.0,0.0,0.0,0.0,0.0,0.0,0.0,0.0,0.0,0.0,0.0,0.0,0.0,0.0,23.342822110695995,0.03482587064676617,14.02789832480993,0.006888633754305396,0.03482587064676617,23.342822110695995,62.15928530460974,0.713927472870709,0.09702930624935238,68.74610511918146,0.7895800741100474,0.0822408826369095,14.853997549749081,0.0024885145482388973,6.618930758388157,0.7517537734903783,130.9053904237912,0.0,2025-10-29-21-54-36-216000,rl2,aria_gen1,9,False,False,False,False,False,False,False
2536.0,84.53333333333333,0.0,0.0,0.0,0.0,0.0,0.0,0.0,0.0,0.0,0.0,0.0,0.0,0.0,0.0,18.965073702717923,0.03548895899053628,9.215846177825757,0.006309148264984227,0.03548895899053628,18.965073702717923,64.30517175571654,0.7610079497717932,0.6407992403131781,67.12800373127754,0.7944142453405626,0.6571378391768606,15.837263451579183,0.0013806706114398422,9.17572097575462,0.7777110975561778,131.4331754869941,0.0,2025-10-29-21-54-36-217000,rl2,aria_gen1,9,False,False,False,False,False,False,False
3710.0,123.66666666666667,0.0,0.0,0.0,0.0,0.0,0.0,0.0,0.0,0.0,0.0,0.0,0.0,0.0,0.0,24.790329195061254,0.02183288409703504,14.358180877932636,0.002425876010781671,0.02183288409703504,24.790329195061254,51.0468775241786,0.4128892762807651,0.12315440713559828,82.8731638967462,0.6703140784314873,0.13958836590077378,12.373253810571562,0.0006740361283364788,6.912214351029321,0.5416016773561262,133.9200414209248,0.0,2025-10-29-21-54-36-218000,rl2,aria_gen1,9,False,False,False,False,False,False,False
2811.0,93.7,0.0,0.0,0.0,0.0,0.0,0.0,0.0,0.0,0.0,0.0,0.0,0.0,0.0,0.0,20.62156931441488,0.031305585200996085,8.655609065492365,0.0010672358591248667,0.031305585200996085,20.62156931441488,63.224985285765804,0.6749998429085317,0.4539390830692229,66.25261666155684,0.7073233095539876,0.4596341160647839,15.547756917673532,0.0010676156583629894,5.9110011371239155,0.6911615762312596,129.47760194732265,0.0,2025-10-29-21-54-36-220000,rl2,aria_gen1,9,False,False,False,False,False,False,False
3717.0,123.9,0.0,0.0,0.0,0.0,0.0,0.0,0.0,0.0,0.0,0.0,0.0,0.0,0.0,0.0,30.262754931878863,0.016142050040355124,16.892580838616908,0.0021522733387140166,0.016142050040355124,30.262754931878863,45.47299972892385,0.3671124843562205,0.5135714483100731,80.96893100441575,0.6536781297450142,0.47663021247008985,16.982737952443866,0.0006727664155005383,7.811468556387492,0.5103953070506173,126.4419307333396,0.0,2025-10-29-21-54-36-221000,rl2,aria_gen1,9,False,False,False,False,False,False,False
2727.0,90.9,0.0,0.0,0.0,0.0,0.0,0.0,0.0,0.0,0.0,0.0,0.0,0.0,0.0,0.0,32.14553799095029,0.02896956362302897,10.877804731770894,0.0,0.02896956362302897,32.14553799095029,51.09677866202741,0.5623269845417543,0.7015457493952172,65.12333551800972,0.7166911465665047,0.6810853499318821,19.88792926454959,0.0007336757153338225,6.612363311582642,0.6395090655541295,116.22011418003714,0.0,2025-10-29-21-54-36-222000,rl2,aria_gen1,9,False,False,False,False,False,False,False
3364.0,112.13333333333334,0.0,0.0,0.0,0.0,0.0,0.0,0.0,0.0,0.0,0.0,0.0,0.0,0.0,0.0,30.878560660449004,0.029429250891795482,23.764225391637044,0.019619500594530322,0.029429250891795482,30.878560660449004,44.48927845296329,0.39687135105230414,0.22335770680184683,75.51945195373673,0.6736793216212019,0.2650606136858874,15.093901036095023,0.0011894142134998512,16.12190940080641,0.5352753363367531,120.00873040670002,0.0,2025-10-29-21-54-36-223000,rl2,aria_gen1,9,False,False,False,False,False,False,False
2675.0,89.16666666666667,0.0,0.0,0.0,0.0,0.0,0.0,0.0,0.0,0.0,0.0,0.0,0.0,0.0,0.0,34.248198687803985,0.055327102803738315,15.389557709405217,0.006355140186915888,0.055327102803738315,34.248198687803985,52.99751435970255,0.5945869225097519,0.56852658050058,65.19926359837879,0.7314801450827839,0.540308668141632,14.157779509690936,0.0005609573672400897,7.640434819552659,0.6630335337962678,118.19677795808134,0.0,2025-10-29-21-54-36-224000,rl2,aria_gen1,9,False,False,False,False,False,False,False
2803.0,93.43333333333334,0.0,0.0,0.0,0.0,0.0,0.0,0.0,0.0,0.0,0.0,0.0,0.0,0.0,0.0,38.56208363234409,0.11666072065643952,19.95646546333716,0.03995718872636461,0.11666072065643952,38.56208363234409,60.34427521935619,0.6460843171237279,0.6650145551790672,66.68252090153672,0.7139456199308,0.7794465366636263,11.639873390731328,0.00035688793718772306,7.170102193121223,0.680014968527264,127.02679612089291,0.0,2025-10-29-21-54-36-225000,rl2,aria_gen1,9,False,False,False,False,False,False,False
3292.0,109.73333333333333,0.0,0.0,0.0,0.0,0.0,0.0,0.0,0.0,0.0,0.0,0.0,0.0,0.0,0.0,42.683272905522216,0.22509113001215067,31.206326673714436,0.029465370595382748,0.22509113001215067,42.683272905522216,35.95094523194656,0.32772055817635876,0.6502214530122146,55.51644301173866,0.5060751414014463,0.563179479330717,17.702466561944128,0.0006077180188392585,4.366521405439604,0.41689784978890254,91.46738824368522,0.0,2025-10-29-21-59-28-866000,rl2,aria_gen1,9,False,False,False,False,False,False,False
2662.0,88.73333333333333,0.0,0.0,0.0,0.0,0.0,0.0,0.0,0.0,0.0,0.0,0.0,0.0,0.0,0.0,36.32647263588389,0.09917355371900827,25.866702865895874,0.0003756574004507889,0.09917355371900827,36.32647263588389,42.62173329686926,0.48051559522964205,0.31965621366918684,47.02130495709114,0.5301161776447705,0.2120826837293722,6.476176877848263,0.0,4.426576051928057,0.5053158864372063,89.6430382539604,0.0,2025-10-29-21-59-41-062000,rl2,aria_gen1,9,False,False,False,False,False,False,False
2609.0,86.96666666666667,0.0,0.0,0.0,0.0,0.0,0.0,0.0,0.0,0.0,0.0,0.0,0.0,0.0,0.0,24.11118135050844,0.014564967420467612,26.516382305277336,0.02261402836335761,0.02261402836335761,26.516382305277336,37.47920140001568,0.4311257829756405,0.4381399430869891,46.17023675884372,0.5310993492198282,0.5972581942913153,21.964611036622635,0.0007668711656441718,5.563377294440025,0.4811125660977344,83.6494381588594,0.0,2025-10-29-21-59-44-346000,rl2,aria_gen1,9,False,False,False,False,False,False,False
2779.0,92.63333333333334,0.0,0.0,0.0,0.0,0.0,0.0,0.0,0.0,0.0,0.0,0.0,0.0,0.0,0.0,25.260317144944096,0.09427851745232098,17.607705728498328,0.013314141777617848,0.09427851745232098,25.260317144944096,46.74444462812928,0.5047996180143551,0.4601812863542767,57.9348009536971,0.6256457986360379,0.31700806197555464,23.38611803210286,0.0032397408207343412,2.3360737165795524,0.5652227083251965,104.67924558182638,0.0,2025-10-29-21-59-49-791000,rl2,aria_gen1,9,False,False,False,False,False,False,False
2509.0,83.63333333333334,0.0,0.0,0.0,0.0,0.0,0.0,0.0,0.0,0.0,0.0,0.0,0.0,0.0,0.0,40.27911751248766,0.20526106018333998,28.077983123309384,0.017138302112395375,0.20526106018333998,40.27911751248766,36.090561511134595,0.4317052812336676,0.1424025180404665,48.16928570878778,0.5761876280955476,0.1374954431619635,16.184017524672743,0.001594896331738437,6.549028054002715,0.5039464546646076,84.25984721992238,0.0,2025-10-29-21-59-56-325000,rl2,aria_gen1,9,False,False,False,False,False,False,False
2418.0,80.6,0.0,0.0,0.0,0.0,0.0,0.0,0.0,0.0,0.0,0.0,0.0,0.0,0.0,0.0,18.492711284466417,0.0020678246484698098,31.139971385236905,0.043010752688172046,0.043010752688172046,31.139971385236905,31.66844805164275,0.3930713452831123,0.44610627482291204,54.862165160085,0.6809536428641083,0.40572533268327204,23.653711890382926,0.0022755482002482417,9.800746472248237,0.5370124940736104,86.53061321172774,0.0,2025-10-29-21-59-59-879000,rl2,aria_gen1,9,False,False,False,False,False,False,False
2720.0,90.66666666666667,0.0,0.0,0.0,0.0,0.0,0.0,0.0,0.0,0.0,0.0,0.0,0.0,0.0,0.0,35.83585585841535,0.05772058823529412,18.84549351148442,0.0033088235294117647,0.05772058823529412,35.83585585841535,35.72969718157445,0.3942224771780925,0.6183156328326662,37.607524820180814,0.41494142868901224,0.31949794050713565,11.356423052885757,0.00018389113644722325,3.6922403364896037,0.4045819529335524,73.33722200175526,0.0,2025-10-29-22-00-54-819000,rl2,aria_gen1,9,False,False,False,False,False,False,False
3240.0,108.0,0.0,0.0,0.0,0.0,0.0,0.0,0.0,0.0,0.0,0.0,0.0,0.0,0.0,0.0,33.01530525994939,0.03148148148148148,20.20794709768039,0.0,0.03148148148148148,33.01530525994939,32.642994064246885,0.3023432608605762,0.5099697381086745,41.53518628280491,0.38470379391298154,0.19506974084327328,17.329600341075434,0.00030873726458783575,3.4021453701460556,0.3435235273867789,74.17818034705179,0.0,2025-10-29-22-00-54-820000,rl2,aria_gen1,9,False,False,False,False,False,False,False
2744.0,91.46666666666667,0.0,0.0,0.0,0.0,0.0,0.0,0.0,0.0,0.0,0.0,0.0,0.0,0.0,0.0,31.925442860313026,0.05284256559766764,17.509820812825275,0.0,0.05284256559766764,31.925442860313026,44.65635130661285,0.48840340473874794,0.4584578992300722,38.518928451123934,0.42127883832800517,0.10943462289006478,18.894149795656972,0.002187386073641998,7.303069875153139,0.4548411215333766,83.17527975773677,0.0,2025-10-29-22-00-54-821000,rl2,aria_gen1,9,False,False,False,False,False,False,False
3603.0,120.1,0.0,0.0,0.0,0.0,0.0,0.0,0.0,0.0,0.0,0.0,0.0,0.0,0.0,0.0,31.821604739447896,0.045240077713016934,16.137784696465022,0.0,0.045240077713016934,31.821604739447896,40.83448924887594,0.34009846681462474,0.3221855304339964,35.48241074154039,0.2955225769700755,0.15097862594933897,13.77392100523141,0.000416435313714603,5.311694923818787,0.3178105218923501,76.31689999041633,0.0,2025-10-29-22-00-54-822000,rl2,aria_gen1,9,False,False,False,False,False,False,False
2621.0,87.36666666666666,0.0,0.0,0.0,0.0,0.0,0.0,0.0,0.0,0.0,0.0,0.0,0.0,0.0,0.0,31.545105192748718,0.04044257916825639,18.86080164412094,0.0034338038916444107,0.04044257916825639,31.545105192748718,36.14450505768829,0.41386837852314845,0.29120244280466345,50.376556367807204,0.5768307981046626,0.3311387070740492,26.526893855650858,0.0030534351145038168,4.8578219006952335,0.4953495883139056,86.5210614254955,0.0,2025-10-29-22-01-11-717000,rl2,aria_gen1,9,False,False,False,False,False,False,False
2971.0,99.03333333333333,0.0,0.0,0.0,0.0,0.0,0.0,0.0,0.0,0.0,0.0,0.0,0.0,0.0,0.0,28.255096953543163,0.04476607202961966,19.581972188465436,0.0063951531470885226,0.04476607202961966,28.255096953543163,33.646873619569426,0.33986741029868106,0.2737537508732571,51.96866589261616,0.5249360191173349,0.5765632328714922,22.773276333386335,0.0031986531986531986,5.751368714889704,0.432401714708008,85.61553951218559,0.0,2025-10-29-22-01-11-719000,rl2,aria_gen1,9,False,False,False,False,False,False,False
2156.0,71.86666666666666,0.0,0.0,0.0,0.0,0.0,0.0,0.0,0.0,0.0,0.0,0.0,0.0,0.0,0.0,28.00921672308729,0.03710575139146568,14.531051330819647,0.006957328385899814,0.03710575139146568,28.00921672308729,36.412201887390935,0.5068984021446533,0.3202151093055549,44.146107568828555,0.6145629823966853,0.6727005750951126,22.285624742824226,0.00394431554524362,6.562137126083902,0.5607306922706694,80.55830945621949,0.0,2025-10-29-22-01-11-720000,rl2,aria_gen1,9,False,False,False,False,False,False,False
3350.0,111.66666666666667,0.0,0.0,0.0,0.0,0.0,0.0,0.0,0.0,0.0,0.0,0.0,0.0,0.0,0.0,33.68826606481853,0.07074626865671642,18.687800947681446,0.01761194029850746,0.07074626865671642,33.68826606481853,43.28796686649217,0.38776918662130944,0.41219129205250293,58.41479778531789,0.5232737932396347,0.29232071232093687,22.230426374793172,0.0028366676619886533,8.415848402460796,0.45552148993047215,101.70276465181006,0.0,2025-10-29-22-01-11-721000,rl2,aria_gen1,9,False,False,False,False,False,False,False
3237.0,107.9,0.0,0.0,0.0,0.0,0.0,0.0,0.0,0.0,0.0,0.0,0.0,0.0,0.0,0.0,26.52490531528128,0.040160642570281124,14.057239636683626,0.001235712079085573,0.040160642570281124,26.52490531528128,35.86384995119428,0.3324831577675613,0.20193254753611928,50.17303105823828,0.4651393485003549,0.6386169126978192,21.96620192413594,0.0038627935723114957,3.9491140724429306,0.39881125313395815,86.03688100943256,0.0,2025-10-29-22-01-11-722000,rl2,aria_gen1,9,False,False,False,False,False,False,False
3275.0,109.16666666666667,0.0,0.0,0.0,0.0,0.0,0.0,0.0,0.0,0.0,0.0,0.0,0.0,0.0,0.0,30.620079015521437,0.018931297709923665,18.527837835602984,0.0006106870229007634,0.018931297709923665,30.620079015521437,44.26155780805813,0.40557322365355647,0.34346100789036305,45.59245118419323,0.41776833705736005,0.5800386419856853,20.656237667320507,0.0018326206475259622,6.609335401853508,0.4116707803554583,89.85400899225135,0.0,2025-10-29-22-01-11-723000,rl2,aria_gen1,9,False,False,False,False,False,False,False
3667.0,122.23333333333333,0.0,0.0,0.0,0.0,0.0,0.0,0.0,0.0,0.0,0.0,0.0,0.0,0.0,0.0,23.375859338122382,0.014453231524406873,18.220028114763306,0.010362694300518135,0.014453231524406873,23.375859338122382,55.75134212467151,0.4562302956192431,0.2752460691028593,64.57941351404105,0.5284731056795502,0.33384667369377885,16.890355330888706,0.0010911074740861974,6.692032976313433,0.4923517006493967,120.33075563871256,0.0,2025-10-29-22-01-54-603000,rl2,aria_gen1,9,False,False,False,False,False,False,False
3508.0,116.93333333333334,0.0,0.0,0.0,0.0,0.0,0.0,0.0,0.0,0.0,0.0,0.0,0.0,0.0,0.0,32.23483381542928,0.05872291904218928,21.45202971847953,0.05530216647662486,0.05872291904218928,32.23483381542928,72.6479828124342,0.6214540873604294,0.5378098765930134,81.03219794955983,0.6931753460184757,0.37389078430278094,14.7060418155708,0.005988023952095809,8.51791795790555,0.6573147166894526,153.68018076199402,0.0,2025-10-29-22-01-54-605000,rl2,aria_gen1,9,False,False,False,False,False,False,False
3643.0,121.43333333333334,0.0,0.0,0.0,0.0,0.0,0.0,0.0,0.0,0.0,0.0,0.0,0.0,0.0,0.0,31.794835621257718,0.0,17.460703375168983,0.0,0.0,31.794835621257718,51.63935395187864,0.4253653538046017,0.04976734003010001,63.2843473068492,0.521287869084425,0.12464272639955269,6.703955647954214,0.0,1.6628251953038564,0.4733266114445134,114.92370125872785,0.0,2025-10-29-22-01-54-606000,rl2,aria_gen1,9,False,False,False,False,False,False,False
3164.0,105.46666666666667,0.0,0.0,0.0,0.0,0.0,0.0,0.0,0.0,0.0,0.0,0.0,0.0,0.0,0.0,24.27044957495105,0.0015802781289506952,19.635538569593624,0.0009481668773704172,0.0015802781289506952,24.27044957495105,38.35795094179997,0.3638123706146061,0.23084462661093083,55.92054878200384,0.5303877532279846,0.43441402334400586,13.630246191217983,0.001422699968384445,6.00098656844181,0.44710006192129537,94.2784997238038,0.0,2025-10-29-22-01-54-607000,rl2,aria_gen1,9,False,False,False,False,False,False,False
3117.0,103.9,0.0,0.0,0.0,0.0,0.0,0.0,0.0,0.0,0.0,0.0,0.0,0.0,0.0,0.0,28.300789355788247,0.01507860121912095,19.83278289710582,0.02438241899262111,0.02438241899262111,28.300789355788247,34.78873692845694,0.3349364916090206,0.20384512483605655,61.29060490052603,0.5900892641257319,0.06440807030613503,13.30636226918406,0.004011553273427471,7.375264833509632,0.46251287786737627,96.07934182898296,0.0,2025-10-29-22-01-54-608000,rl2,aria_gen1,9,False,False,False,False,False,False,False
3197.0,106.56666666666666,0.0,0.0,0.0,0.0,0.0,0.0,0.0,0.0,0.0,0.0,0.0,0.0,0.0,0.0,27.497055490411963,0.013137316233969347,19.50417217091097,0.007194244604316547,0.013137316233969347,27.497055490411963,36.36963722128175,0.3413920890608425,0.23991008003036077,66.28678610317345,0.6222163902050074,0.37197878384116057,13.130951141253906,0.0018773466833541927,6.282429818127406,0.48180423963292496,102.6564233244552,0.0,2025-10-29-22-01-54-609000,rl2,aria_gen1,9,False,False,False,False,False,False,False
2998.0,99.93333333333334,0.0,0.0,0.0,0.0,0.0,0.0,0.0,0.0,0.0,0.0,0.0,0.0,0.0,0.0,23.232335717101087,0.00600400266844563,24.92320739839564,0.015010006671114077,0.015010006671114077,24.92320739839564,37.16510033227155,0.37202302634906453,0.3207548754377478,63.86011685727205,0.6392404089817022,0.08764204708215342,14.960203321068935,0.003003003003003003,10.553322328069823,0.5056317176653833,101.0252171895436,0.0,2025-10-29-22-01-58-834000,rl2,aria_gen1,9,False,False,False,False,False,False,False
3564.0,118.8,0.0,0.0,0.0,0.0,0.0,0.0,0.0,0.0,0.0,0.0,0.0,0.0,0.0,0.0,40.377551382673914,0.06846240179573512,27.73945969956807,0.037037037037037035,0.06846240179573512,40.377551382673914,37.11564422977419,0.3125089326110654,0.20641753951982442,66.90154822381359,0.5633023987410631,0.2509071276279517,13.140505289784945,0.0012629806342969408,3.4478511694965697,0.4379056656760642,104.01719245358778,0.0,2025-10-29-22-02-01-699000,rl2,aria_gen1,9,False,False,False,False,False,False,False
2774.0,92.46666666666667,0.0,0.0,0.0,0.0,0.0,0.0,0.0,0.0,0.0,0.0,0.0,0.0,0.0,0.0,18.680621670997496,0.0,27.08682887440413,0.0,0.0,27.08682887440413,32.76386519024459,0.3544594142471466,0.10064801930987821,46.74738503912488,0.5057416340330856,0.1380322786706846,8.700126136274456,0.0,3.740632615501783,0.4301005241401162,79.51125022936947,0.0,2025-10-29-22-02-04-385000,rl2,aria_gen1,9,False,False,False,False,False,False,False
2809.0,93.63333333333334,0.0,0.0,0.0,0.0,0.0,0.0,0.0,0.0,0.0,0.0,0.0,0.0,0.0,0.0,43.04108896997584,0.3068707725169099,30.263163443625867,0.04307582769668921,0.3068707725169099,43.04108896997584,52.91311102866479,0.5653110152635127,0.7385983843820864,64.35436322650139,0.68754661566775,0.6518646081723025,26.79855732126621,0.005876068376068376,14.50962015833293,0.6264288154656312,117.26747425516618,0.0,2025-10-29-22-02-07-340000,rl2,aria_gen1,9,False,False,False,False,False,False,False
3287.0,109.56666666666666,0.0,0.0,0.0,0.0,0.0,0.0,0.0,0.0,0.0,0.0,0.0,0.0,0.0,0.0,37.97925162775825,0.02251292972315181,27.120399496622195,0.015515667782172194,0.02251292972315181,37.97925162775825,42.99428647210117,0.3925223962760302,0.08354244087388492,52.263407789348776,0.47714614536836986,0.10438788299060328,9.696426182194166,0.0,2.993942204244235,0.4348342708222,95.25769426144996,0.0,2025-10-29-22-02-10-145000,rl2,aria_gen1,9,False,False,False,False,False,False,False
3271.0,109.03333333333333,0.0,0.0,0.0,0.0,0.0,0.0,0.0,0.0,0.0,0.0,0.0,0.0,0.0,0.0,58.81584087578238,0.989911342097218,54.74804202843436,0.9926627942525221,0.9926627942525221,58.81584087578238,70.86167288550209,0.6501070906926796,1.329898614737685,76.61225786389778,0.7028647510449337,0.9817666422442656,30.403665190308338,0.00963302752293578,17.374371170479662,0.6764859208688067,147.47393074939987,0.0,2025-10-29-22-02-15-410000,rl2,aria_gen1,9,False,False,False,False,False,False,False
2900.0,96.66666666666667,0.0,0.0,0.0,0.0,0.0,0.0,0.0,0.0,0.0,0.0,0.0,0.0,0.0,0.0,29.238759949216977,0.07862068965517241,27.64040425633482,0.11413793103448276,0.11413793103448276,29.238759949216977,58.93757633300791,0.6099093790928725,0.46291674269491284,73.07026447776936,0.7561600325398692,0.6752574091544234,18.623005253735883,0.008451190065539842,13.32657946342474,0.6830347058163708,132.00784081077728,0.0,2025-10-29-22-02-20-323000,rl2,aria_gen1,9,False,False,False,False,False,False,False
3571.0,119.03333333333333,0.0,0.0,0.0,0.0,0.0,0.0,0.0,0.0,0.0,0.0,0.0,0.0,0.0,0.0,29.8580385091557,0.0016802016241949033,21.21880104698855,0.0,0.0016802016241949033,29.8580385091557,49.79494717434213,0.41844493423816903,0.4000420485916383,62.64308404005322,0.526412470924817,0.5659635883748986,14.20479461873108,0.00014005602240896358,9.453960180501817,0.472428702581493,112.43803121439535,0.0,2025-10-29-22-02-23-166000,rl2,aria_gen1,9,False,False,False,False,False,False,False
3705.0,123.5,0.0,0.0,0.0,0.0,0.0,0.0,0.0,0.0,0.0,0.0,0.0,0.0,0.0,0.0,28.245294429023435,0.002699055330634278,22.852653198939546,0.008097165991902834,0.008097165991902834,28.245294429023435,45.59426320838885,0.3692839892688081,0.11546822185471581,64.70335957832756,0.5240552881614003,0.4750124393158735,11.92333759655526,0.00040496760259179265,4.96898919522444,0.4466696387151043,110.29762278671642,0.0,2025-10-29-22-02-23-167000,rl2,aria_gen1,9,False,False,False,False,False,False,False
3395.0,113.16666666666667,0.0,0.0,0.0,0.0,0.0,0.0,0.0,0.0,0.0,0.0,0.0,0.0,0.0,0.0,37.204307594613546,0.06863033873343152,27.80243593906933,0.07069219440353461,0.07069219440353461,37.204307594613546,45.71467617990127,0.4040778684139771,0.10756634912414398,73.9756006849019,0.6538797939148665,0.4882826060300953,15.114715499000495,0.003241013553329405,6.899545137320992,0.5289788311644219,119.69027686480317,0.0,2025-10-29-22-02-23-168000,rl2,aria_gen1,9,False,False,False,False,False,False,False
3380.0,112.66666666666667,0.0,0.0,0.0,0.0,0.0,0.0,0.0,0.0,0.0,0.0,0.0,0.0,0.0,0.0,21.138870977449002,0.0053254437869822485,22.905556686968794,0.007100591715976331,0.007100591715976331,22.905556686968794,51.12952411814663,0.45394664798591267,0.4393372536343187,62.19533256372548,0.5521929496631443,0.3900181530298277,14.908136266636811,0.000739863865048831,3.7322307368153456,0.5030697988245285,113.3248566818721,0.0,2025-10-29-22-02-26-818000,rl2,aria_gen1,9,False,False,False,False,False,False,False
3773.0,125.76666666666667,0.0,0.0,0.0,0.0,0.0,0.0,0.0,0.0,0.0,0.0,0.0,0.0,0.0,0.0,23.634866089687463,0.012987012987012988,19.81324306609049,0.010866684336072092,0.012987012987012988,23.634866089687463,47.69447121973996,0.37933036495021183,0.3945502239926927,64.50660596427872,0.513042995474115,0.2988654959834096,10.99899449909956,0.00039766702014846237,6.766477213003277,0.44618668021216346,112.20107718401869,0.0,2025-10-29-22-02-26-819000,rl2,aria_gen1,9,False,False,False,False,False,False,False
3935.0,131.16666666666666,0.0,0.0,0.0,0.0,0.0,0.0,0.0,0.0,0.0,0.0,0.0,0.0,0.0,0.0,29.791924381718644,0.021601016518424398,23.291718036693226,0.020076238881829734,0.021601016518424398,29.791924381718644,40.53705276547466,0.309128516259339,0.42705747894232426,71.56114701358656,0.545712864872292,0.3252050860531104,13.018511599716597,0.003177427554651754,6.331888549081086,0.42742069056581555,112.09819977906122,0.0,2025-10-29-22-02-26-820000,rl2,aria_gen1,9,False,False,False,False,False,False,False
3783.0,126.1,0.0,0.0,0.0,0.0,0.0,0.0,0.0,0.0,0.0,0.0,0.0,0.0,0.0,0.0,25.945994228644494,0.0002643404705260375,20.94704636695881,0.0,0.0002643404705260375,25.945994228644494,54.28044895667446,0.43056939944480005,0.13005512089447288,64.69016605972047,0.5131425123721879,0.11626110260385833,9.755110574763426,0.0,5.7180490829355906,0.47185595590849394,118.97061501639493,0.0,2025-10-29-22-02-26-821000,rl2,aria_gen1,9,False,False,False,False,False,False,False
3517.0,117.23333333333333,0.0,0.0,0.0,0.0,0.0,0.0,0.0,0.0,0.0,0.0,0.0,0.0,0.0,0.0,42.725267081283704,0.33039522320159226,31.806584634941302,0.1216946261017913,0.33039522320159226,42.725267081283704,70.41913216026249,0.6008458375449018,0.4897239334963549,78.02140513818924,0.6657116479367684,0.5409205209571238,14.429135041429015,0.006825938566552901,5.2816918373041055,0.6332787427408352,148.44053729845172,0.0,2025-10-29-22-02-29-525000,rl2,aria_gen1,9,False,False,False,False,False,False,False
3585.0,119.5,0.0,0.0,0.0,0.0,0.0,0.0,0.0,0.0,0.0,0.0,0.0,0.0,0.0,0.0,39.9620962879574,0.06471408647140865,26.955868166115508,0.05690376569037657,0.06471408647140865,39.9620962879574,48.18137773961812,0.4033039431329641,0.26026329565375084,64.26194405557017,0.5379068977865806,0.321406612185031,11.315713969396839,0.0004185267857142857,5.2889632471001455,0.47060542045977233,112.4433217951883,0.0,2025-10-29-22-02-29-527000,rl2,aria_gen1,9,False,False,False,False,False,False,False
3744.0,124.8,0.0,0.0,0.0,0.0,0.0,0.0,0.0,0.0,0.0,0.0,0.0,0.0,0.0,0.0,44.306570538421795,0.3717948717948718,33.09336909539509,0.060363247863247864,0.3717948717948718,44.306570538421795,38.850902275996006,0.3113884766978039,0.2560036993425369,69.79245956021167,0.5593838596864413,0.3243857432620976,10.961666085754768,0.0006679134384183809,7.057296977328665,0.4353861681921226,108.64336183620767,0.0,2025-10-29-22-02-29-528000,rl2,aria_gen1,9,False,False,False,False,False,False,False
3703.0,123.43333333333334,0.0,0.0,0.0,0.0,0.0,0.0,0.0,0.0,0.0,0.0,0.0,0.0,0.0,0.0,38.179186970640814,0.01539292465568458,30.58245794456938,0.014582770726438023,0.01539292465568458,38.179186970640814,48.78636571865221,0.3953514239761119,0.22220458154875877,59.21212731827308,0.47983895719832326,0.3913411747138059,9.82351998624566,0.0,2.233018523002169,0.4375951905872176,107.9984930369253,0.0,2025-10-29-22-02-29-529000,rl2,aria_gen1,9,False,False,False,False,False,False,False
3449.0,114.96666666666667,0.0,0.0,0.0,0.0,0.0,0.0,0.0,0.0,0.0,0.0,0.0,0.0,0.0,0.0,27.91127062027978,0.012757320962597855,18.99085098190906,0.004349086691794723,0.012757320962597855,27.91127062027978,47.007742475341516,0.40900007954183454,0.1917965502862152,61.027083258942824,0.5309781026010107,0.2513971274131938,10.530989470009983,0.0002900232018561485,4.938121065918919,0.46998909107142267,108.03482573428434,0.0,2025-10-29-22-02-32-487000,rl2,aria_gen1,9,False,False,False,False,False,False,False
3366.0,112.2,0.0,0.0,0.0,0.0,0.0,0.0,0.0,0.0,0.0,0.0,0.0,0.0,0.0,0.0,27.61830382446957,0.005050505050505051,28.320496266448416,0.014854426619132501,0.014854426619132501,28.320496266448416,39.09115147540886,0.348509522811966,0.5137619934956285,60.64638988765561,0.5406810391172863,0.5054379279999514,12.27654991131076,0.001188707280832095,5.098513458702743,0.44459528096462614,99.73754136306447,0.0,2025-10-29-22-02-32-488000,rl2,aria_gen1,9,False,False,False,False,False,False,False
3041.0,101.36666666666666,0.0,0.0,0.0,0.0,0.0,0.0,0.0,0.0,0.0,0.0,0.0,0.0,0.0,0.0,26.301165265953976,0.00295955277869122,24.848187704038498,0.013153567905294311,0.013153567905294311,26.301165265953976,29.17886374667148,0.28794931328952117,0.32516203055609133,55.35993040177072,0.5463151026490531,0.403966682927924,12.794163769220816,0.000986842105263158,5.638704685583741,0.4171322079692872,84.53879414844221,0.0,2025-10-29-22-02-32-490000,rl2,aria_gen1,9,False,False,False,False,False,False,False
3536.0,117.86666666666666,0.0,0.0,0.0,0.0,0.0,0.0,0.0,0.0,0.0,0.0,0.0,0.0,0.0,0.0,27.491087915082275,0.004242081447963801,23.14236368762279,0.005090497737556561,0.005090497737556561,27.491087915082275,44.85878235006244,0.38069687991566425,0.4607867155629059,58.66437658535701,0.4978589243453212,0.16572738435117942,16.983649341563343,0.0004243281471004243,10.513014833296781,0.4392779021304927,103.52315893541945,0.0,2025-10-29-22-02-32-491000,rl2,aria_gen1,9,False,False,False,False,False,False,False
3404.0,113.46666666666667,0.0,0.0,0.0,0.0,0.0,0.0,0.0,0.0,0.0,0.0,0.0,0.0,0.0,0.0,38.66549650720691,0.05493537015276146,25.424744747119178,0.0026439482961222094,0.05493537015276146,38.66549650720691,40.732508531384056,0.35908764500191653,0.324601357360438,49.928759251642035,0.4401594997206174,0.36552932712529584,15.63921842565434,0.00014692918013517486,11.217793777405074,0.3996235723612669,90.66126778302609,0.0,2025-10-29-22-02-35-975000,rl2,aria_gen1,9,False,False,False,False,False,False,False
2536.0,84.53333333333333,0.0,0.0,0.0,0.0,0.0,0.0,0.0,0.0,0.0,0.0,0.0,0.0,0.0,0.0,41.58604527624671,0.03548895899053628,27.014101763922007,0.026813880126182965,0.03548895899053628,41.58604527624671,25.559335649170663,0.3024773449605996,0.7412132947777228,40.77529223501095,0.4825478371007213,0.8834889055101999,13.079574693375092,0.000591715976331361,15.005415168171611,0.3925125910306605,66.33462788418161,0.0,2025-10-29-22-02-35-976000,rl2,aria_gen1,9,False,False,False,False,False,False,False
3147.0,104.9,0.0,0.0,0.0,0.0,0.0,0.0,0.0,0.0,0.0,0.0,0.0,0.0,0.0,0.0,43.461799652435296,0.1909755322529393,28.987393453946932,0.022243406418811566,0.1909755322529393,43.461799652435296,29.342889463509486,0.27981140620002687,0.33354828303005263,57.02366027390029,0.5437729841757816,0.3906906879940291,13.197481410792768,0.002066115702479339,6.919462472397352,0.4117921951879041,86.36654973740977,0.0,2025-10-29-22-02-35-977000,rl2,aria_gen1,9,False,False,False,False,False,False,False
2382.0,79.4,0.0,0.0,0.0,0.0,0.0,0.0,0.0,0.0,0.0,0.0,0.0,0.0,0.0,0.0,36.58099331813395,0.0,21.33471155901765,0.0,0.0,36.58099331813395,29.99232719908518,0.37789576479317744,0.2927333034086886,37.351718847312135,0.47062224503123223,0.261629146928627,7.317938179751252,0.0,4.465896622617393,0.42425900491220486,67.34404604639732,0.0,2025-10-29-22-02-35-978000,rl2,aria_gen1,9,False,False,False,False,False,False,False
2861.0,95.36666666666666,0.0,0.0,0.0,0.0,0.0,0.0,0.0,0.0,0.0,0.0,0.0,0.0,0.0,0.0,28.171153904515144,0.0775952464173366,32.263819067296744,0.031108004194337645,0.0775952464173366,32.263819067296744,42.47102877775238,0.44550030186453554,0.4032332252030055,53.3596092333548,0.5597161807694561,0.44574674602376435,19.40557981780232,0.002797202797202797,10.666761591130657,0.5026082413169958,95.83063801110718,0.0,2025-10-29-22-02-43-002000,rl2,aria_gen1,9,False,False,False,False,False,False,False
2848.0,94.93333333333334,0.0,0.0,0.0,0.0,0.0,0.0,0.0,0.0,0.0,0.0,0.0,0.0,0.0,0.0,25.393441463679718,0.08146067415730338,34.4146855750434,0.11095505617977527,0.11095505617977527,34.4146855750434,43.808269436989384,0.46162559996827596,0.2607427758015759,60.402365171805016,0.6364843537598,0.3225071545421475,16.536182924627422,0.0036880927291886197,6.3152990828190285,0.5490549768640379,104.21063460879441,0.0,2025-10-29-22-02-43-003000,rl2,aria_gen1,9,False,False,False,False,False,False,False
2610.0,87.0,0.0,0.0,0.0,0.0,0.0,0.0,0.0,0.0,0.0,0.0,0.0,0.0,0.0,0.0,22.035107380146073,0.06436781609195402,29.244784986219962,0.05747126436781609,0.06436781609195402,29.244784986219962,34.70453131375873,0.3990555536269688,0.6007944453711332,40.28542423097709,0.46322833535044566,0.45305967784218504,16.045147578797224,0.0005749329244921426,14.00853269630267,0.43114194448870735,74.98995554473582,0.0,2025-10-29-22-02-43-004000,rl2,aria_gen1,9,False,False,False,False,False,False,False
2960.0,98.66666666666667,0.0,0.0,0.0,0.0,0.0,0.0,0.0,0.0,0.0,0.0,0.0,0.0,0.0,0.0,21.999223679413113,0.0445945945945946,13.752271665871845,0.007094594594594595,0.0445945945945946,21.999223679413113,55.783552077312436,0.5655649078470337,0.7204097026698906,60.040094079268655,0.6087201157073537,0.9282134850809461,14.341197572766456,0.0008448800270361609,9.928731999836966,0.5871425117771938,115.82364615658109,0.0,2025-10-29-22-03-34-282000,rl2,aria_gen1,9,False,False,False,False,False,False,False
2899.0,96.63333333333334,0.0,0.0,0.0,0.0,0.0,0.0,0.0,0.0,0.0,0.0,0.0,0.0,0.0,0.0,23.547068638750098,0.027940669196274578,14.575102764734618,0.0006898930665746809,0.027940669196274578,23.547068638750098,61.63277790052055,0.6380204751606682,0.537619184692379,73.43755721958735,0.7602231596230575,0.5417304957255953,10.830061119488473,0.0001725327812284334,1.9119894009798362,0.6991218173918629,135.0703351201079,0.0,2025-10-29-22-03-40-792000,rl2,aria_gen1,9,False,False,False,False,False,False,False
3062.0,102.06666666666666,0.0,0.0,0.0,0.0,0.0,0.0,0.0,0.0,0.0,0.0,0.0,0.0,0.0,0.0,27.326337401465636,0.018941868060091443,15.304964108463246,0.005225342913128674,0.018941868060091443,27.326337401465636,54.63887129233339,0.5355002086801705,0.5888426407159467,68.40664756423647,0.6704343113123468,0.554059776196776,14.889671807687765,0.0011434171839268213,7.669833241258494,0.6029672599962588,123.04551885656986,0.0,2025-10-29-22-03-46-365000,rl2,aria_gen1,9,False,False,False,False,False,False,False
2854.0,95.13333333333334,0.0,0.0,0.0,0.0,0.0,0.0,0.0,0.0,0.0,0.0,0.0,0.0,0.0,0.0,24.850792555086947,0.02697967764540995,14.823002085420363,0.006657323055360897,0.02697967764540995,24.850792555086947,54.02327607765766,0.5680680975568629,0.414446628576637,65.12181301248125,0.6847719559672056,0.39787113153100556,10.859590949119946,0.0003505082369435682,6.253721338682978,0.6264200267620342,119.14508909013892,0.0,2025-10-29-22-03-49-312000,rl2,aria_gen1,9,False,False,False,False,False,False,False
2721.0,90.7,0.0,0.0,0.0,0.0,0.0,0.0,0.0,0.0,0.0,0.0,0.0,0.0,0.0,0.0,21.80357687351129,0.04116133774347666,13.18232774598911,0.0025725836089672913,0.04116133774347666,21.80357687351129,57.752129660079085,0.6369720183096957,0.48422008138038214,60.439354283862556,0.6666105251896606,0.5079908024561077,10.428119297615229,0.0001838235294117647,1.4617152508809192,0.6517912717496781,118.19148394394165,0.0,2025-10-29-22-03-53-625000,rl2,aria_gen1,9,False,False,False,False,False,False,False
3141.0,104.7,0.0,0.0,0.0,0.0,0.0,0.0,0.0,0.0,0.0,0.0,0.0,0.0,0.0,0.0,22.787256725015762,0.02355937599490608,6.790955786611664,0.0028653295128939827,0.02355937599490608,22.787256725015762,48.259035810667655,0.46107359054778013,0.6760545248560239,59.71733557927281,0.5705477921586576,0.7491571101829408,13.160202004070605,0.0011146496815286624,6.511948250695511,0.5158106913532188,107.97637138994047,0.0,2025-10-29-22-03-56-738000,rl2,aria_gen1,9,False,False,False,False,False,False,False
3925.0,130.83333333333334,0.0,0.0,0.0,0.0,0.0,0.0,0.0,0.0,0.0,0.0,0.0,0.0,0.0,0.0,25.82060659523122,0.006114649681528662,17.205352363583923,0.0,0.006114649681528662,25.82060659523122,44.951997615825164,0.3436697065430059,0.45216232452058713,89.20392821541756,0.6819872187723055,0.44754763237289197,9.653637178877505,0.0,1.0067747473847646,0.5128284626576556,134.1559258312427,0.0,2025-10-29-22-04-01-785000,rl2,aria_gen1,9,False,False,False,False,False,False,False
3063.0,102.1,0.0,0.0,0.0,0.0,0.0,0.0,0.0,0.0,0.0,0.0,0.0,0.0,0.0,0.0,28.822645014547827,0.010447273914462945,20.132431466198234,0.0,0.010447273914462945,28.822645014547827,49.137000715966195,0.4814206471191985,0.5178583365395771,62.321401235572544,0.6105950480297767,0.4596370392115879,10.980953972422864,0.0004898758981058132,2.237500046186269,0.5460078475744875,111.45840195153875,0.0,2025-10-29-22-04-01-787000,rl2,aria_gen1,9,False,False,False,False,False,False,False
3090.0,103.0,0.0,0.0,0.0,0.0,0.0,0.0,0.0,0.0,0.0,0.0,0.0,0.0,0.0,0.0,22.514264928872258,0.009385113268608414,11.768030936159956,0.0,0.009385113268608414,22.514264928872258,44.31803354594366,0.43041146208427006,0.6077517829796132,54.51207245919259,0.529414753569368,0.5846540906061802,10.395577743931092,0.0001618646811265782,1.221714914667227,0.479913107826819,98.83010600513626,0.0,2025-10-29-22-04-01-788000,rl2,aria_gen1,9,False,False,False,False,False,False,False
3123.0,104.1,0.0,0.0,0.0,0.0,0.0,0.0,0.0,0.0,0.0,0.0,0.0,0.0,0.0,0.0,35.58143376979867,0.04674991994876721,13.982410720689167,0.001280819724623759,0.04674991994876721,35.58143376979867,61.32681998341713,0.5893032029156035,0.6413377629405916,77.77989362578609,0.7474044871151769,0.6710500895729947,10.747684089892498,0.00016015374759769378,4.0051776023893835,0.6683538450153902,139.1067136092032,0.0,2025-10-29-22-04-05-565000,rl2,aria_gen1,9,False,False,False,False,False,False,False
2691.0,89.7,0.0,0.0,0.0,0.0,0.0,0.0,0.0,0.0,0.0,0.0,0.0,0.0,0.0,0.0,22.412924264232082,0.04050538833147529,10.087450113131887,0.0011148272017837235,0.04050538833147529,22.412924264232082,54.67368137918865,0.6097436585039626,0.5866539853699528,57.70610067974734,0.6435624611124238,0.34536506358607955,18.363107503144878,0.0003717472118959108,12.035660667208967,0.6266530598081932,112.37978205893599,0.0,2025-10-29-22-04-05-567000,rl2,aria_gen1,9,False,False,False,False,False,False,False
3069.0,102.3,0.0,0.0,0.0,0.0,0.0,0.0,0.0,0.0,0.0,0.0,0.0,0.0,0.0,0.0,27.770131295999388,0.009123492994460736,18.055987149779646,0.0,0.009123492994460736,27.770131295999388,39.46673375552882,0.38591982159904326,0.6183980895858937,69.08149436024402,0.6755035302501045,0.6253638239478834,10.880173344548204,0.0004889178617992178,1.3221900830168154,0.5307116759245739,108.54822811577284,0.0,2025-10-29-22-04-05-568000,rl2,aria_gen1,9,False,False,False,False,False,False,False
2726.0,90.86666666666666,0.0,0.0,0.0,0.0,0.0,0.0,0.0,0.0,0.0,0.0,0.0,0.0,0.0,0.0,54.730187080407546,1.0,32.88673367304233,0.1504035216434336,1.0,54.730187080407546,46.67776699158894,0.5138836733018967,0.6427693318658159,61.007333577671105,0.6716403696624341,0.623106073463973,10.800064937870689,0.0005504587155963303,2.3657490417124354,0.5927620214821654,107.68510056926004,0.0,2025-10-29-22-04-05-569000,rl2,aria_gen1,9,False,False,False,False,False,False,False
3044.0,101.46666666666667,0.0,0.0,0.0,0.0,0.0,0.0,0.0,0.0,0.0,0.0,0.0,0.0,0.0,0.0,22.879322716912576,0.023981603153745073,7.918189669264748,0.0042706964520367935,0.023981603153745073,22.879322716912576,49.446357353105256,0.48747641163100813,0.5214336509270994,59.70775031221039,0.5886403251285941,0.7515693353652436,14.045845078716585,0.0014788038120276043,7.202510879201222,0.5380583683798011,109.15410766531565,0.0,2025-10-29-22-04-09-105000,rl2,aria_gen1,9,False,False,False,False,False,False,False
2790.0,93.0,0.0,0.0,0.0,0.0,0.0,0.0,0.0,0.0,0.0,0.0,0.0,0.0,0.0,0.0,22.63825618506807,0.024372759856630826,13.20692275838179,0.0014336917562724014,0.024372759856630826,22.63825618506807,61.14297809643995,0.6576871075271419,0.7056868697833166,69.53110661131005,0.7479143773177847,0.32343685096871433,10.88223583975426,0.00035855145213338117,7.263516953350885,0.7028007424224634,130.67408470775,0.0,2025-10-29-22-04-09-107000,rl2,aria_gen1,9,False,False,False,False,False,False,False
3804.0,126.8,0.0,0.0,0.0,0.0,0.0,0.0,0.0,0.0,0.0,0.0,0.0,0.0,0.0,0.0,23.3828165524836,0.01025236593059937,10.954680483323637,0.001840168243953733,0.01025236593059937,23.3828165524836,45.03977980564238,0.3552967115880283,0.5920181734111654,69.11020974462656,0.5451765165234806,0.7384334289594718,12.362457925699088,0.00026295030239284776,5.866456561442746,0.45023661405575444,114.14998955026894,0.0,2025-10-29-22-04-09-108000,rl2,aria_gen1,9,False,False,False,False,False,False,False
2769.0,92.3,0.0,0.0,0.0,0.0,0.0,0.0,0.0,0.0,0.0,0.0,0.0,0.0,0.0,0.0,30.03671385110687,0.0314192849404117,21.80498423003504,0.010473094980137234,0.0314192849404117,30.03671385110687,51.65034791499508,0.5597942331827501,0.6000165564251365,61.78673160482212,0.6696538830002398,0.5467500318260945,9.914904678758408,0.0,6.61902736685821,0.614724058091495,113.4370795198172,0.0,2025-10-29-22-04-09-109000,rl2,aria_gen1,9,False,False,False,False,False,False,False
3679.0,122.63333333333334,0.0,0.0,0.0,0.0,0.0,0.0,0.0,0.0,0.0,0.0,0.0,0.0,0.0,0.0,27.32255755871025,0.017939657515629245,15.614441397532854,0.0005436259853220984,0.017939657515629245,27.32255755871025,37.04617444950702,0.30217108033855644,0.38554270205948704,73.54044872716088,0.599840527954004,0.3345444383839225,12.130662462884201,0.0006797172376291463,5.928504104024918,0.4510058041462802,110.5866231766679,0.0,2025-10-29-22-04-18-886000,rl2,aria_gen1,9,False,False,False,False,False,False,False
2682.0,89.4,0.0,0.0,0.0,0.0,0.0,0.0,0.0,0.0,0.0,0.0,0.0,0.0,0.0,0.0,28.17092154572494,0.0018642803877703207,20.929275468478707,0.0003728560775540641,0.0018642803877703207,28.17092154572494,41.914183382666295,0.4690136148750424,0.3559215000684237,74.97849053252203,0.8389984020796944,0.2063870948583003,14.468382370087571,0.0014919806042521448,4.053912261991327,0.6540060084773685,116.89267391518833,0.0,2025-10-29-22-05-17-803000,rl2,aria_gen1,9,False,False,False,False,False,False,False
3077.0,102.56666666666666,0.0,0.0,0.0,0.0,0.0,0.0,0.0,0.0,0.0,0.0,0.0,0.0,0.0,0.0,22.972084868464048,0.0,18.561030270552763,0.00032499187520311994,0.00032499187520311994,22.972084868464048,35.08776468715851,0.3422083682102586,0.28615451829097593,69.97501835677784,0.6824611673287824,0.6200080308972505,10.988597110478427,0.00016254876462938882,2.6024796324191017,0.5123347677695206,105.06278304393635,0.0,2025-10-29-22-05-17-804000,rl2,aria_gen1,9,False,False,False,False,False,False,False
2803.0,93.43333333333334,0.0,0.0,0.0,0.0,0.0,0.0,0.0,0.0,0.0,0.0,0.0,0.0,0.0,0.0,29.76938037095788,0.0017838030681412772,17.561933931579908,0.0010702818408847663,0.0017838030681412772,29.76938037095788,65.00257615207389,0.6959590594440458,0.04274522462689694,91.36355789261322,0.9781965513127753,0.46961443872414965,15.432137094510283,0.0026766595289079227,6.670352342872584,0.8370778053784107,156.3661340446871,0.0,2025-10-29-22-05-17-806000,rl2,aria_gen1,9,False,False,False,False,False,False,False
2940.0,98.0,0.0,0.0,0.0,0.0,0.0,0.0,0.0,0.0,0.0,0.0,0.0,0.0,0.0,0.0,23.83442352693684,0.0006802721088435374,24.518763535657612,0.017687074829931974,0.017687074829931974,24.518763535657612,46.865211420719895,0.47837915706757295,0.2680708966424293,68.94193658267744,0.7037285122423694,0.13076432588932976,13.0574380833289,0.001531133038448452,2.293402373801524,0.5910538346549711,115.80714800339734,0.0,2025-10-29-22-05-17-807000,rl2,aria_gen1,9,False,False,False,False,False,False,False
2836.0,94.53333333333333,0.0,0.0,0.0,0.0,0.0,0.0,0.0,0.0,0.0,0.0,0.0,0.0,0.0,0.0,27.48821038910495,0.019393511988716503,14.37086331591181,0.003526093088857546,0.019393511988716503,27.48821038910495,63.8061931798917,0.6751978114274254,0.5034755036634805,75.4347576180251,0.7982514033653451,0.1288943486637843,15.267461055907622,0.0031746031746031746,7.579371553934101,0.7367246073963853,139.2409507979168,0.0,2025-10-29-22-05-17-809000,rl2,aria_gen1,9,False,False,False,False,False,False,False
2994.0,99.8,0.0,0.0,0.0,0.0,0.0,0.0,0.0,0.0,0.0,0.0,0.0,0.0,0.0,0.0,25.591450580515097,0.006012024048096192,13.891290908877608,0.001002004008016032,0.006012024048096192,25.591450580515097,55.69995290430886,0.5583022342563534,0.4039307735910876,67.82120512467705,0.679798247156803,0.1326861420939334,18.097787453162486,0.0028399599064483794,7.614935948810394,0.6190502407065782,123.52115802898591,0.0,2025-10-29-22-05-17-810000,rl2,aria_gen1,9,False,False,False,False,False,False,False
3405.0,113.5,0.0,0.0,0.0,0.0,0.0,0.0,0.0,0.0,0.0,0.0,0.0,0.0,0.0,0.0,25.949575311691763,0.00499265785609398,17.173123013449725,0.0032305433186490457,0.00499265785609398,25.949575311691763,44.49619323367758,0.3921521142803546,0.09233603819335053,78.72462065304019,0.6938127554615764,0.32178609501168265,16.88107026337225,0.002937720329024677,3.8874301197882994,0.5429824348709655,123.22081388671776,0.0,2025-10-29-22-05-17-811000,rl2,aria_gen1,9,False,False,False,False,False,False,False
2263.0,75.43333333333334,0.0,0.0,0.0,0.0,0.0,0.0,0.0,0.0,0.0,0.0,0.0,0.0,0.0,0.0,44.62247798597847,0.44631020768890856,22.537337107822296,0.0,0.44631020768890856,44.62247798597847,38.30834424788428,0.508068226099261,0.1586699514660304,59.14167864806535,0.7843723958629356,0.1951041399555626,9.559483910676008,0.0,3.390184813333641,0.6462203109810984,97.45002289594963,0.0,2025-10-29-22-05-17-814000,rl2,aria_gen1,9,False,False,False,False,False,False,False
2619.0,87.3,0.0,0.0,0.0,0.0,0.0,0.0,0.0,0.0,0.0,0.0,0.0,0.0,0.0,0.0,37.00759487423558,0.06223749522718595,30.505397476869312,0.03512791141657121,0.06223749522718595,37.00759487423558,40.29453090619039,0.4617402319273154,0.15190034027534866,76.2127040986867,0.8733312157985488,0.24059912130148486,16.91734416933744,0.0007639419404125286,3.0764272323423905,0.6675357238629321,116.50723500487709,0.0,2025-10-29-22-05-17-815000,rl2,aria_gen1,9,False,False,False,False,False,False,False
2224.0,74.13333333333334,0.0,0.0,0.0,0.0,0.0,0.0,0.0,0.0,0.0,0.0,0.0,0.0,0.0,0.0,36.624442195661956,0.00539568345323741,25.253070002889395,0.0017985611510791368,0.00539568345323741,36.624442195661956,38.0023194478004,0.512851814410262,0.45788664126625617,57.72000971452606,0.7789474995212694,0.34632845774216875,16.053007851476814,0.001349527665317139,6.359080143452414,0.6458996569657656,95.72232916232646,0.0,2025-10-29-22-05-17-816000,rl2,aria_gen1,9,False,False,False,False,False,False,False
3578.0,119.26666666666667,0.0,0.0,0.0,0.0,0.0,0.0,0.0,0.0,0.0,0.0,0.0,0.0,0.0,0.0,28.933463693742922,0.0008384572386808273,18.178540695050813,0.0,0.0008384572386808273,28.933463693742922,44.24025933072045,0.37103935698116114,0.1728217000050471,79.56574662370113,0.6673112660640296,0.1398183807804923,11.243920590958819,0.0001397819401733296,3.518685041112621,0.5191753115225954,123.80600595442158,0.0,2025-10-29-22-05-17-817000,rl2,aria_gen1,9,False,False,False,False,False,False,False
3009.0,100.3,0.0,0.0,0.0,0.0,0.0,0.0,0.0,0.0,0.0,0.0,0.0,0.0,0.0,0.0,25.434346774700657,0.0026586905948820204,16.10231743921436,0.0,0.0026586905948820204,25.434346774700657,48.53230328635553,0.4840322801165776,0.0732395163665347,64.1022987008009,0.6393181386383068,0.043541737799554024,13.005234879042048,0.0006648936170212766,3.971371113468389,0.5616752093774422,112.63460198715643,0.0,2025-10-29-22-05-17-818000,rl2,aria_gen1,9,False,False,False,False,False,False,False
2421.0,80.7,0.0,0.0,0.0,0.0,0.0,0.0,0.0,0.0,0.0,0.0,0.0,0.0,0.0,0.0,26.44754900405709,0.004543577034283354,16.48087473045862,0.004130524576621231,0.004543577034283354,26.44754900405709,53.31019186905407,0.660870147137034,0.23817955369960903,56.833682515960604,0.7045497832557099,0.5418451788758568,19.728954805861356,0.001859504132231405,5.585945896645669,0.682709965196372,110.14387438501467,0.0,2025-10-29-22-05-17-819000,rl2,aria_gen1,9,False,False,False,False,False,False,False
3688.0,122.93333333333334,0.0,0.0,0.0,0.0,0.0,0.0,0.0,0.0,0.0,0.0,0.0,0.0,0.0,0.0,27.83208822779141,0.007592190889370932,19.248253580942368,0.004067245119305857,0.007592190889370932,27.83208822779141,51.05436865071154,0.4154139027722664,0.10540374208246174,77.8989582142978,0.6338401807509991,0.061601368767630324,21.396234288290373,0.0021697857336588013,5.955811652452515,0.5246270417616328,128.95332686500933,0.0,2025-10-29-22-05-17-820000,rl2,aria_gen1,9,False,False,False,False,False,False,False
2567.0,85.56666666666666,0.0,0.0,0.0,0.0,0.0,0.0,0.0,0.0,0.0,0.0,0.0,0.0,0.0,0.0,8.440261468081957,0.0038955979742890533,30.875279311188883,0.02415270744059213,0.02415270744059213,30.875279311188883,67.53091323590249,0.789527434558486,1.2285660344205735,77.3769762919805,0.9046411881369504,1.0726042269022262,41.58761567091321,0.008768511301636788,31.406822095758113,0.8470843113477183,144.907889527883,0.0,2025-10-29-22-05-17-821000,rl2,aria_gen1,9,False,False,False,False,False,False,False
2911.0,97.03333333333333,0.0,0.0,0.0,0.0,0.0,0.0,0.0,0.0,0.0,0.0,0.0,0.0,0.0,0.0,30.08926040512902,0.01511508072827207,20.331246826784398,0.0037787701820680177,0.01511508072827207,30.08926040512902,55.283254837073656,0.5699304622378728,0.04493285114728692,72.45927170972692,0.7470028011312055,0.13411406053600744,21.84349588473394,0.004982817869415807,8.024929296557312,0.6584666316845391,127.74252654680058,0.0,2025-10-29-22-05-17-822000,rl2,aria_gen1,9,False,False,False,False,False,False,False
3490.0,116.33333333333333,0.0,0.0,0.0,0.0,0.0,0.0,0.0,0.0,0.0,0.0,0.0,0.0,0.0,0.0,27.84888867291553,0.0037249283667621777,18.73675781116981,0.0014326647564469914,0.0037249283667621777,27.84888867291553,45.81169595609055,0.3939096814797124,0.07899067851885543,74.64480903186586,0.6418298283049515,0.17742824449799663,18.65395625095037,0.0021496130696474634,3.7915174236946316,0.517869754892332,120.45650498795641,0.0,2025-10-29-22-05-17-823000,rl2,aria_gen1,9,False,False,False,False,False,False,False
3152.0,105.06666666666666,0.0,0.0,0.0,0.0,0.0,0.0,0.0,0.0,0.0,0.0,0.0,0.0,0.0,0.0,23.572851670426083,0.014276649746192893,13.778923584867599,0.005393401015228426,0.014276649746192893,23.572851670426083,67.75932030441939,0.6451220593883153,0.37884806095900486,79.85952708069684,0.7603255513871484,0.5357835578692357,22.662088453890497,0.00682323072040622,7.369970746981608,0.7027238053877319,147.61884738511623,0.0,2025-10-29-22-05-17-824000,rl2,aria_gen1,9,False,False,False,False,False,False,False
2780.0,92.66666666666667,0.0,0.0,0.0,0.0,0.0,0.0,0.0,0.0,0.0,0.0,0.0,0.0,0.0,0.0,29.874487143534978,0.05143884892086331,22.736888753149074,0.0460431654676259,0.05143884892086331,29.874487143534978,62.980513427910786,0.6798903932484072,0.12402278094891904,76.27604399095016,0.8234189707551295,0.14966354662426554,21.833594599066746,0.008816120906801008,8.443798737177582,0.7516546820017683,139.25655741886095,0.0,2025-10-29-22-05-17-826000,rl2,aria_gen1,9,False,False,False,False,False,False,False
3215.0,107.16666666666667,0.0,0.0,0.0,0.0,0.0,0.0,0.0,0.0,0.0,0.0,0.0,0.0,0.0,0.0,28.597370133693378,0.014618973561430793,21.404030677616447,0.008398133748055987,0.014618973561430793,28.597370133693378,44.16818947509937,0.4122730815970693,0.5789899087027222,73.33624085322361,0.6845324286237426,0.6147586234048509,20.256110210018218,0.004044803982576229,6.780021954551156,0.5484027551104059,117.50443032832298,0.0,2025-10-29-22-05-17-828000,rl2,aria_gen1,9,False,False,False,False,False,False,False
2662.0,88.73333333333333,0.0,0.0,0.0,0.0,0.0,0.0,0.0,0.0,0.0,0.0,0.0,0.0,0.0,0.0,27.36064599029674,0.033809166040571,18.28350689943209,0.028174305033809167,0.033809166040571,27.36064599029674,72.3696913732874,0.8158928001498015,0.24978323782023568,82.88157848093083,0.9344033650612269,0.21259056536087054,21.21891813629372,0.0077038707252912435,8.649050486775758,0.8751480826055141,155.2512698542182,0.0,2025-10-29-22-05-17-829000,rl2,aria_gen1,9,False,False,False,False,False,False,False
2969.0,98.96666666666667,0.0,0.0,0.0,0.0,0.0,0.0,0.0,0.0,0.0,0.0,0.0,0.0,0.0,0.0,21.03346684005435,0.006062647356012125,17.154541525706996,0.008083529808016167,0.008083529808016167,21.03346684005435,67.28325978530663,0.6800868576681938,0.44155207215195297,81.81047525781257,0.8269252889940624,0.19951265968692225,17.902893278673773,0.003706199460916442,8.559454526987231,0.753506073331128,149.09373504311918,0.0,2025-10-29-22-05-17-830000,rl2,aria_gen1,9,False,False,False,False,False,False,False
2601.0,86.7,0.0,0.0,0.0,0.0,0.0,0.0,0.0,0.0,0.0,0.0,0.0,0.0,0.0,0.0,28.182131451216048,0.005382545174932718,21.561434740131258,0.0030757400999615533,0.005382545174932718,28.182131451216048,38.95561009006516,0.449487808731521,0.15447287973889615,54.35816801736172,0.6272096309695583,0.1236762731449354,15.223590208364158,0.001153846153846154,4.4470466992922,0.5383487198505397,93.31377810742688,0.0,2025-10-29-22-05-17-832000,rl2,aria_gen1,9,False,False,False,False,False,False,False
2524.0,84.13333333333334,0.0,0.0,0.0,0.0,0.0,0.0,0.0,0.0,0.0,0.0,0.0,0.0,0.0,0.0,30.014625647527,0.009904912836767036,20.37771630957444,0.003961965134706815,0.009904912836767036,30.014625647527,45.624785484984,0.5425063672411891,0.19220323650199642,71.34469687373354,0.8483317107459397,0.22076647554782716,18.544146285098194,0.0023781212841854932,8.777422863481892,0.6954190389935644,116.96948235871754,0.0,2025-10-29-22-05-17-833000,rl2,aria_gen1,9,False,False,False,False,False,False,False
2754.0,91.8,0.0,0.0,0.0,0.0,0.0,0.0,0.0,0.0,0.0,0.0,0.0,0.0,0.0,0.0,40.05844788092566,0.070079883805374,16.93188041478949,0.0018155410312273058,0.070079883805374,40.05844788092566,51.441843350743156,0.5605722123219379,0.1801560998708585,64.16193187692734,0.6991855998212206,0.17400612055271603,15.623376264514125,0.004358881220486742,5.465040839220339,0.6298789060715791,115.6037752276705,0.0,2025-10-29-22-05-17-835000,rl2,aria_gen1,9,False,False,False,False,False,False,False
2679.0,89.3,0.0,0.0,0.0,0.0,0.0,0.0,0.0,0.0,0.0,0.0,0.0,0.0,0.0,0.0,50.34761835542525,0.7790220231429638,30.008489448891282,0.041060097051138486,0.7790220231429638,50.34761835542525,69.21030893576713,0.7753208618644564,0.5495577560537359,73.02523461388849,0.818057146533478,0.5113401830734027,18.346889113097756,0.01194921583271098,6.4732803762650954,0.7966890041989673,142.23554354965563,0.0,2025-10-29-22-05-17-836000,rl2,aria_gen1,9,False,False,False,False,False,False,False
3637.0,121.23333333333333,0.0,0.0,0.0,0.0,0.0,0.0,0.0,0.0,0.0,0.0,0.0,0.0,0.0,0.0,30.803929212821625,0.009898267803134452,19.73696849873262,0.006323893318669233,0.009898267803134452,30.803929212821625,55.08220261820541,0.45447361896209076,0.38619352548825364,90.29002992958308,0.7449672436434247,0.6371068474996582,19.756274364886355,0.0023377337733773377,5.8723737335873905,0.5997204313027578,145.37223254778849,0.0,2025-10-29-22-05-17-838000,rl2,aria_gen1,9,False,False,False,False,False,False,False
2846.0,94.86666666666666,0.0,0.0,0.0,0.0,0.0,0.0,0.0,0.0,0.0,0.0,0.0,0.0,0.0,0.0,48.69631364898063,0.8745607870695713,27.771986776248845,0.017568517217146872,0.8745607870695713,48.69631364898063,53.8328415793999,0.5676573804506141,0.15772100380507018,67.04992098513142,0.7070290437799447,0.18855869820370308,17.811730766671726,0.00492091388400703,5.608642003740253,0.6373432121152793,120.88276256453132,0.0,2025-10-29-22-05-17-839000,rl2,aria_gen1,9,False,False,False,False,False,False,False
2464.0,82.13333333333334,0.0,0.0,0.0,0.0,0.0,0.0,0.0,0.0,0.0,0.0,0.0,0.0,0.0,0.0,24.136087842684095,0.013798701298701298,16.120747550017143,0.00974025974025974,0.013798701298701298,24.136087842684095,62.842856123539704,0.7654428273269148,0.15303881726583748,67.9087758144723,0.8271470866561792,0.19191458090435054,20.507938788373707,0.010150223304912708,7.294474191029458,0.7962949569915471,130.751631938012,0.0,2025-10-29-22-05-17-840000,rl2,aria_gen1,9,False,False,False,False,False,False,False
3593.0,119.76666666666667,0.0,0.0,0.0,0.0,0.0,0.0,0.0,0.0,0.0,0.0,0.0,0.0,0.0,0.0,25.276967635235266,0.00584469802393543,18.7344643591013,0.00584469802393543,0.00584469802393543,25.276967635235266,54.02262551691945,0.4511911930700399,0.0982679064262657,78.5999216910397,0.6564581432993294,0.09119722924360102,16.99353000649003,0.004315144766146993,7.237799955206372,0.5538246681846847,132.62254720795914,0.0,2025-10-29-22-05-17-842000,rl2,aria_gen1,9,False,False,False,False,False,False,False
3199.0,106.63333333333334,0.0,0.0,0.0,0.0,0.0,0.0,0.0,0.0,0.0,0.0,0.0,0.0,0.0,0.0,48.70570355304881,0.9012191309784308,35.82538920773915,0.023757424195060956,0.9012191309784308,48.70570355304881,60.69104637880717,0.5693343937974407,1.9241689088355196,70.8598985720736,0.6647270034903715,1.5497869297707905,56.482755175330034,0.004690431519699813,51.516391045096775,0.6170306986439061,131.55094495088076,0.0,2025-10-29-22-05-17-843000,rl2,aria_gen1,9,False,False,False,False,False,False,False
2813.0,93.76666666666667,0.0,0.0,0.0,0.0,0.0,0.0,0.0,0.0,0.0,0.0,0.0,0.0,0.0,0.0,49.970026626231814,0.8599360113757554,35.65291807443726,0.05581230003554923,0.8599360113757554,49.970026626231814,69.06931158899681,0.7368703227844611,0.5217310915244736,80.63544403056456,0.8602643388751552,0.5142622055238433,16.478543418858226,0.0039118065433854906,6.089073775798469,0.7985673308298081,149.70475561956135,0.0,2025-10-29-22-05-17-845000,rl2,aria_gen1,9,False,False,False,False,False,False,False
2455.0,81.83333333333333,0.0,0.0,0.0,0.0,0.0,0.0,0.0,0.0,0.0,0.0,0.0,0.0,0.0,0.0,42.70954302404214,0.3230142566191446,33.23821961978735,0.0505091649694501,0.3230142566191446,42.70954302404214,52.16062933305708,0.6376605052940962,0.3621411021960137,61.86461920717586,0.7562911883517832,0.3748442081194977,16.56025998723752,0.005093724531377343,5.304725790872911,0.6969758468229397,114.02524854023295,0.0,2025-10-29-22-06-00-404000,rl2,aria_gen1,9,False,False,False,False,False,False,False
3204.0,106.8,0.0,0.0,0.0,0.0,0.0,0.0,0.0,0.0,0.0,0.0,0.0,0.0,0.0,0.0,34.853038439851716,0.018414481897627965,31.069196728992353,0.010611735330836454,0.018414481897627965,34.853038439851716,46.12516752757764,0.4320184282945143,0.08307175746058534,88.7646842915179,0.8313894875883662,0.1357134378336076,16.908603609514675,0.0032781767093349986,5.104427737656704,0.6317039579414402,134.88985181909553,0.0,2025-10-29-22-06-00-405000,rl2,aria_gen1,9,False,False,False,False,False,False,False
2935.0,97.83333333333333,0.0,0.0,0.0,0.0,0.0,0.0,0.0,0.0,0.0,0.0,0.0,0.0,0.0,0.0,27.4992362948047,0.018398637137989778,19.668680480266932,0.014310051107325384,0.018398637137989778,27.4992362948047,55.31950598808793,0.5656391205325965,0.17394615036362393,70.16144188166173,0.7173971562542099,0.13525625747696388,17.053327189498575,0.004771642808452625,4.367493181002981,0.6415181383934032,125.48094786974966,0.0,2025-10-29-22-06-00-406000,rl2,aria_gen1,9,False,False,False,False,False,False,False
3390.0,113.0,0.0,0.0,0.0,0.0,0.0,0.0,0.0,0.0,0.0,0.0,0.0,0.0,0.0,0.0,38.767543211941216,0.17020648967551621,25.855590494737996,0.004129793510324484,0.17020648967551621,38.767543211941216,41.508493049750555,0.36744018633594466,0.41387241007012293,76.88194256172594,0.6805719317945643,0.596998523325801,10.29939121660835,0.00014753614635585718,3.250172955881428,0.5240060590652544,118.39043561147649,0.0,2025-10-29-22-06-00-408000,rl2,aria_gen1,9,False,False,False,False,False,False,False
2329.0,77.63333333333334,0.0,0.0,0.0,0.0,0.0,0.0,0.0,0.0,0.0,0.0,0.0,0.0,0.0,0.0,32.3968392226765,0.008158007728638901,23.643181581862148,0.0038643194504079004,0.008158007728638901,32.3968392226765,42.12637226344792,0.5428656219516484,0.21881138217696364,50.66928482298566,0.6529547013271347,0.2327824863353272,14.02768610284761,0.001288659793814433,4.2511902180327725,0.5979101616393917,92.79565708643358,0.0,2025-10-29-22-06-00-409000,rl2,aria_gen1,9,False,False,False,False,False,False,False
2674.0,89.13333333333334,0.0,0.0,0.0,0.0,0.0,0.0,0.0,0.0,0.0,0.0,0.0,0.0,0.0,0.0,32.35773514354783,0.015332834704562454,24.135243765007083,0.008975317875841436,0.015332834704562454,32.35773514354783,40.600206013960246,0.45567010116678175,0.40466835791608063,55.52986236058208,0.6232307784577114,0.44212552160855145,12.863171185793165,0.0018705574261129816,4.717484966617694,0.5394504398122466,96.13006837454233,0.0,2025-10-29-22-06-00-410000,rl2,aria_gen1,9,False,False,False,False,False,False,False
3473.0,115.76666666666667,0.0,0.0,0.0,0.0,0.0,0.0,0.0,0.0,0.0,0.0,0.0,0.0,0.0,0.0,19.69690056840451,0.012669162107687877,13.280169554705537,0.01151742009789807,0.012669162107687877,19.69690056840451,67.48342879151849,0.583094142783858,0.650662921363767,76.85820988992869,0.6640974356848677,0.5285934951830149,19.52096411412916,0.0037442396313364054,5.515624554536563,0.6235957892343628,144.3416386814472,0.0,2025-10-29-22-06-00-411000,rl2,aria_gen1,9,False,False,False,False,False,False,False
3913.0,130.43333333333334,0.0,0.0,0.0,0.0,0.0,0.0,0.0,0.0,0.0,0.0,0.0,0.0,0.0,0.0,27.383154284755356,0.0350115001277792,18.22405630552804,0.01507794531050345,0.0350115001277792,27.383154284755356,52.16071513591007,0.40000548417108944,0.48554973354944386,79.04248546699064,0.6061540296548363,0.5238970431218671,22.085918234292773,0.004729038854805726,8.010332118259699,0.5030797569129629,131.20320060290072,0.0,2025-10-29-22-06-00-412000,rl2,aria_gen1,9,False,False,False,False,False,False,False
2888.0,96.26666666666667,0.0,0.0,0.0,0.0,0.0,0.0,0.0,0.0,0.0,0.0,0.0,0.0,0.0,0.0,21.565699978844705,0.06336565096952909,15.112609262751834,0.022506925207756233,0.06336565096952909,21.565699978844705,64.7023165790614,0.6723482845070462,0.11024924049806038,74.70646786992697,0.7763055199507477,0.09651744385134238,19.84125809923882,0.008313127814340146,5.345933294822268,0.7243269022288971,139.40878444898837,0.0,2025-10-29-22-06-00-414000,rl2,aria_gen1,9,False,False,False,False,False,False,False
1212.0,40.4,0.0,0.0,0.0,0.0,0.0,0.0,0.0,0.0,0.0,0.0,0.0,0.0,0.0,0.0,28.69815512382926,0.0462046204620462,25.193270303339514,0.039603960396039604,0.0462046204620462,28.69815512382926,29.91684747237076,0.7411275178952293,0.5275257659704025,35.732688739723315,0.8852028589526832,0.4887240286358216,12.766391001495867,0.00495458298926507,4.377775251376681,0.8131651884239562,65.64953621209408,0.0,2025-10-29-22-06-00-415000,rl2,aria_gen1,9,False,False,False,False,False,False,False
1574.0,52.46666666666667,0.0,0.0,0.0,0.0,0.0,0.0,0.0,0.0,0.0,0.0,0.0,0.0,0.0,0.0,26.78589696353321,0.1181702668360864,18.763537888874474,0.04891994917407878,0.1181702668360864,26.78589696353321,40.64301978566546,0.7751370588493094,0.46771255790257804,43.81874810248145,0.8357040324694494,0.5415236462923604,19.107727764934097,0.01112523839796567,7.170807243285023,0.8054205456593793,84.46176788814691,0.0,2025-10-29-22-06-00-416000,rl2,aria_gen1,9,False,False,False,False,False,False,False
1943.0,64.76666666666667,0.0,0.0,0.0,0.0,0.0,0.0,0.0,0.0,0.0,0.0,0.0,0.0,0.0,0.0,31.675911918100667,0.13690169840452907,17.469689424945763,0.027792074112197633,0.13690169840452907,31.675911918100667,40.773481804689894,0.6298684109890302,0.3782390531141344,47.962205795848575,0.7409197599770635,0.3999984168240461,18.13369076024385,0.0038619979402677654,6.857185396311126,0.6853940854830468,88.73568760053847,0.0,2025-10-29-22-06-00-417000,rl2,aria_gen1,9,False,False,False,False,False,False,False
2340.0,78.0,0.0,0.0,0.0,0.0,0.0,0.0,0.0,0.0,0.0,0.0,0.0,0.0,0.0,0.0,27.746701213883966,0.06709401709401709,17.28046387314837,0.023931623931623933,0.06709401709401709,27.746701213883966,37.46906592664877,0.4805780153054566,0.09134366596296516,52.70722008998899,0.676022489397037,0.25707802385114087,19.06773117523836,0.006412997007268063,15.100926705119504,0.5783002523512468,90.17628601663776,0.0,2025-10-29-22-06-00-418000,rl2,aria_gen1,9,False,False,False,False,False,False,False
2215.0,73.83333333333333,0.0,0.0,0.0,0.0,0.0,0.0,0.0,0.0,0.0,0.0,0.0,0.0,0.0,0.0,29.00124078217258,0.033860045146726865,23.279499731251857,0.02528216704288939,0.033860045146726865,29.00124078217258,37.81755776649021,0.5124330320662631,0.5125280328068554,53.29122814712299,0.7221033624271409,0.49494202300585177,18.793205423658318,0.004968383017163505,6.721845468963869,0.617268197246702,91.1087859136132,0.0,2025-10-29-22-06-00-419000,rl2,aria_gen1,9,False,False,False,False,False,False,False
1743.0,58.1,0.0,0.0,0.0,0.0,0.0,0.0,0.0,0.0,0.0,0.0,0.0,0.0,0.0,0.0,32.4072151695549,0.07630522088353414,27.48783218725301,0.05048766494549627,0.07630522088353414,32.4072151695549,36.26837301826694,0.6245988464684318,0.23695406564855187,44.193971969739025,0.761090217618927,0.25526094406257843,17.403798375758786,0.003444316877152698,6.225054281268352,0.6928445320436794,80.46234498800597,0.0,2025-10-29-22-06-00-420000,rl2,aria_gen1,9,False,False,False,False,False,False,False
1949.0,64.96666666666667,0.0,0.0,0.0,0.0,0.0,0.0,0.0,0.0,0.0,0.0,0.0,0.0,0.0,0.0,35.93558471152997,0.07542329399692149,24.065411043031173,0.038994356080041044,0.07542329399692149,35.93558471152997,30.161127432318313,0.46449374895767426,0.12503159571690453,50.16310561860544,0.7725324273912543,0.21752333857552572,15.677139155002024,0.004620123203285421,7.752491895493498,0.6185130881744643,80.32423305092375,0.0,2025-10-29-22-06-00-421000,rl2,aria_gen1,9,False,False,False,False,False,False,False
2097.0,69.9,0.0,0.0,0.0,0.0,0.0,0.0,0.0,0.0,0.0,0.0,0.0,0.0,0.0,0.0,27.753158943714915,0.08917501192179304,17.86603551053835,0.058178350023843584,0.08917501192179304,27.753158943714915,44.634516459083045,0.6388528119143565,0.7559319482296207,53.16161098855184,0.7609009206376696,0.5713738195195395,18.526980325209095,0.007872137404580152,5.928205001991623,0.6998768662760131,97.79612744763489,0.0,2025-10-29-22-06-00-422000,rl2,aria_gen1,9,False,False,False,False,False,False,False
1600.0,53.333333333333336,0.0,0.0,0.0,0.0,0.0,0.0,0.0,0.0,0.0,0.0,0.0,0.0,0.0,0.0,27.60358490973877,0.065625,18.050591654517582,0.03125,0.065625,27.60358490973877,40.3291192228681,0.7566438878586885,0.2578535761815314,45.80832868384121,0.8594433148938314,0.2465182631226383,19.684900206902213,0.011882426516572859,6.463985615668465,0.8080436013762601,86.13744790670931,0.0,2025-10-29-22-06-00-423000,rl2,aria_gen1,9,False,False,False,False,False,False,False
1657.0,55.233333333333334,0.0,0.0,0.0,0.0,0.0,0.0,0.0,0.0,0.0,0.0,0.0,0.0,0.0,0.0,34.30754353821257,0.18829209414604708,22.490109200004763,0.07966203983101991,0.18829209414604708,34.30754353821257,41.04578178536981,0.7435830033581489,0.5204012870082191,42.8887504356714,0.7769701165882498,0.55012931100446,18.596089533370964,0.006340579710144928,5.995142460146109,0.7602765599731993,83.93453222104121,0.0,2025-10-29-22-06-00-424000,rl2,aria_gen1,9,False,False,False,False,False,False,False
2250.0,75.0,0.0,0.0,0.0,0.0,0.0,0.0,0.0,0.0,0.0,0.0,0.0,0.0,0.0,0.0,26.763988961855617,0.03288888888888889,23.545027909208336,0.028,0.03288888888888889,26.763988961855617,31.432809278216883,0.4192904750317948,0.3410854256276018,49.133189835861096,0.6554004869167775,0.37242745712914993,16.240112549024577,0.0031124944419742106,6.097762411901542,0.5373454809742862,80.56599911407798,0.0,2025-10-29-22-06-00-425000,rl2,aria_gen1,9,False,False,False,False,False,False,False
2074.0,69.13333333333334,0.0,0.0,0.0,0.0,0.0,0.0,0.0,0.0,0.0,0.0,0.0,0.0,0.0,0.0,24.65997568815471,0.06027000964320154,20.659153872645668,0.05303760848601736,0.06027000964320154,24.65997568815471,37.28202775454918,0.5395373046968044,0.5085978609397455,47.03196059362929,0.680636188040945,0.5179543561713613,17.751238879318887,0.00361794500723589,5.063219796470654,0.6100867463688746,84.31398834817847,0.0,2025-10-29-22-06-00-426000,rl2,aria_gen1,9,False,False,False,False,False,False,False
1621.0,54.03333333333333,0.0,0.0,0.0,0.0,0.0,0.0,0.0,0.0,0.0,0.0,0.0,0.0,0.0,0.0,22.5299840065004,0.041949413942011106,19.14780036357957,0.032078963602714373,0.041949413942011106,22.5299840065004,38.469916970790365,0.7124058698294512,0.969702304456586,39.1900028356266,0.7257407932523444,0.35518283599493167,36.3126741706524,0.006481481481481481,4.510875657846076,0.7190733315408978,77.65991980641697,0.0,2025-10-29-22-06-00-427000,rl2,aria_gen1,9,False,False,False,False,False,False,False
2086.0,69.53333333333333,0.0,0.0,0.0,0.0,0.0,0.0,0.0,0.0,0.0,0.0,0.0,0.0,0.0,0.0,36.518234414669706,0.04218600191754554,26.040526836857595,0.04122722914669223,0.04218600191754554,36.518234414669706,30.80878674259748,0.4432918955769421,0.16386316744713905,58.378681399596715,0.8399810273323268,0.18518129043733042,27.949237628175755,0.0009592326139088729,4.654596095028603,0.6416364614546345,89.18746814219419,0.0,2025-10-29-22-06-00-428000,rl2,aria_gen1,9,False,False,False,False,False,False,False
2136.0,71.2,0.0,0.0,0.0,0.0,0.0,0.0,0.0,0.0,0.0,0.0,0.0,0.0,0.0,0.0,39.52588520638852,0.15589887640449437,34.96401350017966,0.054775280898876406,0.15589887640449437,39.52588520638852,36.07933129476041,0.506969526390076,0.2761705513809775,53.242904024797234,0.7481438504655348,0.2414357801386177,27.029884364563102,0.005620608899297424,9.667036246898723,0.6275566884278054,89.32223531955765,0.0,2025-10-29-22-06-00-429000,rl2,aria_gen1,9,False,False,False,False,False,False,False
2287.0,76.23333333333333,0.0,0.0,0.0,0.0,0.0,0.0,0.0,0.0,0.0,0.0,0.0,0.0,0.0,0.0,24.84879708945924,0.07389593353738522,24.338575012779103,0.07520769567118496,0.07520769567118496,24.84879708945924,43.42479165128995,0.5698791555287395,0.8626939001805904,48.125651983367796,0.631570236002202,0.7960303126559187,23.856605243086545,0.005468066491688539,6.2214963425289564,0.6007246957654708,91.55044363465774,0.0,2025-10-29-22-06-00-430000,rl2,aria_gen1,9,False,False,False,False,False,False,False
1678.0,55.93333333333333,0.0,0.0,0.0,0.0,0.0,0.0,0.0,0.0,0.0,0.0,0.0,0.0,0.0,0.0,38.28016101435826,0.15494636471990464,31.793542488344684,0.09237187127532777,0.15494636471990464,38.28016101435826,40.06350750224877,0.7166995975357562,0.7354684218071487,42.66463648875292,0.7632314219812687,0.6344962140569402,16.96313480721909,0.009242695289206918,6.525808301848788,0.7399655097585125,82.72814399100169,0.0,2025-10-29-22-06-00-431000,rl2,aria_gen1,9,False,False,False,False,False,False,False
1890.0,63.0,0.0,0.0,0.0,0.0,0.0,0.0,0.0,0.0,0.0,0.0,0.0,0.0,0.0,0.0,26.677063249185984,0.08888888888888889,19.366948529667713,0.06402116402116402,0.08888888888888889,26.677063249185984,40.394479900908244,0.6415216500938312,0.4027468615384831,42.594860254392515,0.6764668118749472,0.3809507822315784,14.863171126733464,0.0026469031233456856,5.313737839993901,0.6589942309843894,82.98934015530077,0.0,2025-10-29-22-06-00-432000,rl2,aria_gen1,9,False,False,False,False,False,False,False
1913.0,63.766666666666666,0.0,0.0,0.0,0.0,0.0,0.0,0.0,0.0,0.0,0.0,0.0,0.0,0.0,0.0,50.22163664274302,0.9827496079456352,38.381940485423925,0.18661787767903815,0.9827496079456352,50.22163664274302,35.034767861112684,0.549708700749676,0.37912507172225196,41.442514655187935,0.6502486609077607,0.36718777655021406,19.388537517403787,0.0020920502092050207,7.039824462353158,0.5999786808287183,76.47728251630062,0.0,2025-10-29-22-06-00-433000,rl2,aria_gen1,9,False,False,False,False,False,False,False
3470.0,115.66666666666667,0.0,0.0,0.0,0.0,0.0,0.0,0.0,0.0,0.0,0.0,0.0,0.0,0.0,0.0,19.68421261091947,0.012103746397694525,13.295499782712856,0.01181556195965418,0.012103746397694525,19.68421261091947,67.39103142008724,0.5827993492656723,0.6477499514917385,76.95334621459332,0.6654944901809742,0.5275010603468238,20.903142509283644,0.003459210147016431,5.515624554536563,0.6241469197233233,144.34437763468057,0.0,2025-10-29-22-06-00-434000,rl2,aria_gen1,9,False,False,False,False,False,False,False
3896.0,129.86666666666667,0.0,0.0,0.0,0.0,0.0,0.0,0.0,0.0,0.0,0.0,0.0,0.0,0.0,0.0,27.411954877666318,0.031570841889117046,18.22378213347777,0.012577002053388091,0.031570841889117046,27.411954877666318,51.164397163634945,0.39407751345546815,0.48527981148870053,79.25431238709736,0.6104311608762313,0.5255725181799289,22.12819981151689,0.004621309370988447,8.010332118259699,0.5022543371658497,130.4187095507323,0.0,2025-10-29-22-06-00-435000,rl2,aria_gen1,9,False,False,False,False,False,False,False
2888.0,96.26666666666667,0.0,0.0,0.0,0.0,0.0,0.0,0.0,0.0,0.0,0.0,0.0,0.0,0.0,0.0,21.565699978844705,0.06336565096952909,15.112609262751834,0.022506925207756233,0.06336565096952909,21.565699978844705,64.7023165790614,0.6723482845070462,0.11024924049806038,74.70646786992697,0.7763055199507477,0.09651744385134238,19.84125809923882,0.008313127814340146,5.345933294822268,0.7243269022288971,139.40878444898837,0.0,2025-10-29-22-06-00-436000,rl2,aria_gen1,9,False,False,False,False,False,False,False
2343.0,78.1,0.0,0.0,0.0,0.0,0.0,0.0,0.0,0.0,0.0,0.0,0.0,0.0,0.0,0.0,32.373321077300446,0.010670081092616303,23.63772861947853,0.002987622705932565,0.010670081092616303,32.373321077300446,42.104572258319294,0.5393412330271471,0.21903298298365204,51.02331672666057,0.6535864653287008,0.2328228479316439,13.288532309999333,0.0014944491887275832,4.2511902180327725,0.5964638491779239,93.12788898497986,0.0,2025-10-29-22-06-00-437000,rl2,aria_gen1,9,False,False,False,False,False,False,False
2674.0,89.13333333333334,0.0,0.0,0.0,0.0,0.0,0.0,0.0,0.0,0.0,0.0,0.0,0.0,0.0,0.0,32.35773514354783,0.015332834704562454,24.135243765007083,0.008975317875841436,0.015332834704562454,32.35773514354783,40.600206013960246,0.45567010116678175,0.40466835791608063,55.52986236058208,0.6232307784577114,0.44212552160855145,12.863171185793165,0.0018705574261129816,4.717484966617694,0.5394504398122466,96.13006837454233,0.0,2025-10-29-22-06-00-461000,rl2,aria_gen1,9,False,False,False,False,False,False,False
2481.0,82.7,0.0,0.0,0.0,0.0,0.0,0.0,0.0,0.0,0.0,0.0,0.0,0.0,0.0,0.0,42.83074930240185,0.32889963724304716,33.29086496741247,0.060056428859330914,0.32889963724304716,42.83074930240185,54.773128277279326,0.662578164644508,0.3637411240614623,63.58842240161853,0.7692147871163532,0.3871875309311219,18.34756213470933,0.00625,5.176851580685886,0.7158964758804306,118.36155067889786,0.0,2025-10-29-22-06-00-462000,rl2,aria_gen1,9,False,False,False,False,False,False,False
2935.0,97.83333333333333,0.0,0.0,0.0,0.0,0.0,0.0,0.0,0.0,0.0,0.0,0.0,0.0,0.0,0.0,27.4992362948047,0.018398637137989778,19.668680480266932,0.014310051107325384,0.018398637137989778,27.4992362948047,55.31950598808793,0.5656391205325965,0.17394615036362393,70.16144188166173,0.7173971562542099,0.13525625747696388,17.053327189498575,0.004771642808452625,4.367493181002981,0.6415181383934032,125.48094786974966,0.0,2025-10-29-22-06-00-463000,rl2,aria_gen1,9,False,False,False,False,False,False,False
2201.0,73.36666666666666,0.0,0.0,0.0,0.0,0.0,0.0,0.0,0.0,0.0,0.0,0.0,0.0,0.0,0.0,26.930961556498648,0.024988641526578828,20.88146782169426,0.001817355747387551,0.024988641526578828,26.930961556498648,34.457946664728254,0.469881090882658,0.37531757778347913,52.84494925085884,0.7206129443298933,0.8710855794235333,12.597611987747749,0.0011363636363636363,6.344543563833399,0.5952470176062756,87.3028959155871,0.0,2025-11-11-22-45-26-046000,rl2,aria_gen1,9,False,False,False,False,False,False,False
1507.0,50.233333333333334,0.0,0.0,0.0,0.0,0.0,0.0,0.0,0.0,0.0,0.0,0.0,0.0,0.0,0.0,26.27508726754434,0.046449900464499004,21.60517718303599,0.0033178500331785005,0.046449900464499004,26.27508726754434,38.11114653783795,0.7591861860127083,0.7096935018501325,40.44941436324946,0.8057652263595511,0.7187718106339269,13.517147138931755,0.00199203187250996,4.449927054790296,0.7824757061861296,78.56056090108741,0.0,2025-11-11-22-45-45-372000,rl2,aria_gen1,9,False,False,False,False,False,False,False
1930.0,64.33333333333333,0.0,0.0,0.0,0.0,0.0,0.0,0.0,0.0,0.0,0.0,0.0,0.0,0.0,0.0,30.3223894967422,0.04093264248704663,19.3469442600149,0.0010362694300518134,0.04093264248704663,30.3223894967422,35.18378426526148,0.5471817148563216,0.7558225354407818,42.08437650400873,0.6545004121929818,0.6878788089797344,11.267815164290388,0.0007776049766718507,4.043859428916256,0.6008410635246518,77.26816076927021,0.0,2025-11-11-22-46-01-494000,rl2,aria_gen1,9,False,False,False,False,False,False,False
1885.0,62.833333333333336,0.0,0.0,0.0,0.0,0.0,0.0,0.0,0.0,0.0,0.0,0.0,0.0,0.0,0.0,23.922321051073602,0.03076923076923077,16.36124781718667,0.004244031830238726,0.03076923076923077,23.922321051073602,39.34912329808045,0.6265783964662492,0.34899954380268045,44.75978832040653,0.712735482809021,0.7674183531309625,14.435286301049949,0.004511677282377919,5.168657246251249,0.6696569396376352,84.10891161848699,0.0,2025-11-11-22-46-20-861000,rl2,aria_gen1,9,False,False,False,False,False,False,False
1559.0,51.96666666666667,0.0,0.0,0.0,0.0,0.0,0.0,0.0,0.0,0.0,0.0,0.0,0.0,0.0,0.0,35.219475841132606,0.08338678640153944,25.830604102949025,0.01731879409878127,0.08338678640153944,35.219475841132606,27.43339094940249,0.5282424444685974,0.6537415128628702,33.465659809208844,0.6443965303442011,0.5927432108518533,14.001591412192706,0.002246469833119384,10.793459543352402,0.5863194874063993,60.89905075861134,0.0,2025-11-11-22-46-39-752000,rl2,aria_gen1,9,False,False,False,False,False,False,False
2072.0,69.06666666666666,0.0,0.0,0.0,0.0,0.0,0.0,0.0,0.0,0.0,0.0,0.0,0.0,0.0,0.0,26.20196571087951,0.021235521235521235,21.27732849129923,0.006274131274131274,0.021235521235521235,26.20196571087951,28.65972798869432,0.4151578173157072,0.6932892541363923,46.43561844141874,0.6726550232943324,0.6433534498230397,15.452871830119618,0.0007242877836793819,8.282544819616465,0.5439064203050198,75.09534643011307,0.0,2025-11-11-22-46-59-304000,rl2,aria_gen1,9,False,False,False,False,False,False,False
1899.0,63.3,0.0,0.0,0.0,0.0,0.0,0.0,0.0,0.0,0.0,0.0,0.0,0.0,0.0,0.0,27.31835887275894,0.032122169562927856,24.209401589039715,0.016324381253291206,0.032122169562927856,27.31835887275894,28.354397433598898,0.4481727729230595,0.660840708086714,43.681555765953675,0.6904355495145469,0.5952548444725235,20.126815217962733,0.001053740779768177,10.133765362924308,0.5693041612188032,72.03595319955258,0.0,2025-11-11-22-47-16-402000,rl2,aria_gen1,9,False,False,False,False,False,False,False
1957.0,65.23333333333333,0.0,0.0,0.0,0.0,0.0,0.0,0.0,0.0,0.0,0.0,0.0,0.0,0.0,0.0,23.952119726427064,0.03474706182933061,20.62939319972617,0.005109862033725089,0.03474706182933061,23.952119726427064,29.55381124059884,0.4532793135061172,0.5928410081986897,35.7845014054038,0.5488420460951504,0.5604696509171361,18.37501703542488,0.0017893660531697342,8.54405469300475,0.5010606798006337,65.33831264600263,0.0,2025-11-11-22-47-33-445000,rl2,aria_gen1,9,False,False,False,False,False,False,False
2125.0,70.83333333333333,0.0,0.0,0.0,0.0,0.0,0.0,0.0,0.0,0.0,0.0,0.0,0.0,0.0,0.0,33.83457501180779,0.03623529411764706,23.809268984195725,0.0009411764705882353,0.03623529411764706,33.83457501180779,24.32832173341601,0.34362036346632785,0.597100715564058,44.22795414957608,0.6246886179318655,0.5622272613512098,15.434753108787472,0.00047080979284369113,6.495889224221678,0.4841544906990967,68.55627588299208,0.0,2025-11-11-22-48-06-312000,rl2,aria_gen1,9,False,False,False,False,False,False,False
2536.0,84.53333333333333,0.0,0.0,0.0,0.0,0.0,0.0,0.0,0.0,0.0,0.0,0.0,0.0,0.0,0.0,30.63609049162028,0.03943217665615142,20.779752397710325,0.0,0.03943217665615142,30.63609049162028,27.05538847968276,0.32018211218559484,0.6459956524128717,43.4013952389655,0.513625979159355,0.22044280624603335,21.907075645844987,0.0001972386587771203,1.8375747165222658,0.41690404567247485,70.45678371864827,0.0,2025-11-11-22-48-22-636000,rl2,aria_gen1,9,False,False,False,False,False,False,False
2179.0,72.63333333333334,0.0,0.0,0.0,0.0,0.0,0.0,0.0,0.0,0.0,0.0,0.0,0.0,0.0,0.0,25.40014738727466,0.03441945846718678,19.6360273854639,0.0,0.03441945846718678,25.40014738727466,27.841298005278304,0.383488953240748,0.6356461646948702,34.14413578645478,0.47030490063987296,0.5965430920776759,14.18531574085376,0.0002295684113865932,2.1231074248133686,0.4268969269403105,61.98543379173309,0.0,2025-11-11-22-48-37-186000,rl2,aria_gen1,9,False,False,False,False,False,False,False
2555.0,85.16666666666667,0.0,0.0,0.0,0.0,0.0,0.0,0.0,0.0,0.0,0.0,0.0,0.0,0.0,0.0,46.33845101337744,0.5726027397260274,45.54731985983347,0.5283757338551859,0.5726027397260274,46.33845101337744,25.399911062881387,0.29835447607143367,0.40382516182414746,41.81773063735412,0.49120278743955503,0.35544942241785416,7.766518523177429,0.0,2.799055522190109,0.3947786317554943,67.2176417002355,0.0,2025-11-11-22-48-53-224000,rl2,aria_gen1,9,False,False,False,False,False,False,False
2240.0,74.66666666666667,0.0,0.0,0.0,0.0,0.0,0.0,0.0,0.0,0.0,0.0,0.0,0.0,0.0,0.0,40.08733964731945,0.1513392857142857,36.51985696892609,0.08214285714285714,0.1513392857142857,40.08733964731945,22.040366920639656,0.2953153227419338,0.3957587861542845,33.36199402617852,0.44701197891261973,0.34449479702870617,8.368196730647528,0.0,3.3384967948796054,0.37116365082727676,55.40236094681818,0.0,2025-11-11-22-49-12-078000,rl2,aria_gen1,9,False,False,False,False,False,False,False
1652.0,55.06666666666667,0.0,0.0,0.0,0.0,0.0,0.0,0.0,0.0,0.0,0.0,0.0,0.0,0.0,0.0,45.72082210248153,0.559322033898305,43.6590302776246,0.4231234866828087,0.559322033898305,45.72082210248153,20.904834404534466,0.37985768148760385,0.40981615051446896,30.328967360782958,0.5511017691238574,0.313359531075336,10.906539485041405,0.0006056935190793458,2.7112046125022107,0.46547972530573073,51.23380176531742,0.0,2025-11-11-22-49-33-824000,rl2,aria_gen1,9,False,False,False,False,False,False,False
2370.0,79.0,0.0,0.0,0.0,0.0,0.0,0.0,0.0,0.0,0.0,0.0,0.0,0.0,0.0,0.0,40.43013909455513,0.1962025316455696,40.124678241307066,0.24345991561181435,0.24345991561181435,40.43013909455513,24.46029947849281,0.30975474223502925,0.19586405008520327,44.7922108755194,0.5672293483603131,0.25195407550788673,9.007038201196025,0.0,2.316132925816992,0.4384920452976713,69.25251035401222,0.0,2025-11-11-22-49-55-195000,rl2,aria_gen1,9,False,False,False,False,False,False,False
2207.0,73.56666666666666,0.0,0.0,0.0,0.0,0.0,0.0,0.0,0.0,0.0,0.0,0.0,0.0,0.0,0.0,46.57193065549131,0.5999093792478477,43.40665562901328,0.4204802899864069,0.5999093792478477,46.57193065549131,19.724726594044185,0.26824197544031075,0.10160028934991419,41.424292539673786,0.563340333721765,0.17612439814602665,5.141574291816802,0.0,1.9150050860332593,0.4157911545810378,61.14901913371797,0.0,2025-11-11-22-50-12-026000,rl2,aria_gen1,9,False,False,False,False,False,False,False
2249.0,74.96666666666667,0.0,0.0,0.0,0.0,0.0,0.0,0.0,0.0,0.0,0.0,0.0,0.0,0.0,0.0,44.69127203273557,0.4753223654957759,40.15477558577005,0.26767452200978215,0.4753223654957759,44.69127203273557,16.549292672107114,0.22085354989466788,0.2777470627288642,31.873581276552123,0.42535918073690554,0.21816704438917398,7.172827945212138,0.0,3.1263635467401034,0.32310636531578674,48.42287394865924,0.0,2025-11-11-22-50-29-413000,rl2,aria_gen1,9,False,False,False,False,False,False,False
2056.0,68.53333333333333,0.0,0.0,0.0,0.0,0.0,0.0,0.0,0.0,0.0,0.0,0.0,0.0,0.0,0.0,43.55218829780577,0.32636186770428016,32.623759451734955,0.017023346303501944,0.32636186770428016,43.55218829780577,16.48718601084505,0.24068884687365039,0.30821604497385646,24.41243431556444,0.3563859024169992,0.27492386066154306,10.109204326012145,0.00024330900243309004,2.828785094528474,0.29853737464532476,40.89962032640949,0.0,2025-11-11-22-50-42-693000,rl2,aria_gen1,9,False,False,False,False,False,False,False
1571.0,52.36666666666667,0.0,0.0,0.0,0.0,0.0,0.0,0.0,0.0,0.0,0.0,0.0,0.0,0.0,0.0,46.45472636626262,0.5868873329089752,39.975643993395515,0.27243793761935076,0.5868873329089752,46.45472636626262,18.957778023056235,0.36225053547241215,0.2784085984366362,26.737233304832912,0.5109025472261065,0.27036615988109924,16.44617743697303,0.0003184713375796178,2.444902069284031,0.43657654134925933,45.69501132788915,0.0,2025-11-11-22-51-05-701000,rl2,aria_gen1,9,False,False,False,False,False,False,False
2256.0,75.2,0.0,0.0,0.0,0.0,0.0,0.0,0.0,0.0,0.0,0.0,0.0,0.0,0.0,0.0,43.817538749763145,0.38608156028368795,37.93979204628678,0.250886524822695,0.38608156028368795,43.817538749763145,20.589177132001588,0.27391366472729384,0.38156062959277176,41.90081855790818,0.557438827821395,0.389774879482187,7.536026258335085,0.0,2.1280702514999654,0.4156762462743444,62.48999568990977,0.0,2025-11-11-22-51-29-487000,rl2,aria_gen1,9,False,False,False,False,False,False,False
2246.0,74.86666666666666,0.0,0.0,0.0,0.0,0.0,0.0,0.0,0.0,0.0,0.0,0.0,0.0,0.0,0.0,36.21498892903771,0.10151380231522707,37.35760880454771,0.18477292965271594,0.18477292965271594,37.35760880454771,20.543304552166294,0.2745207735256075,0.31158181021677817,35.483797803380796,0.47417101741711526,0.2879250904325144,8.835366180505408,0.0,2.8061642951666483,0.3743458954713614,56.027102355547086,0.0,2025-11-11-22-51-51-342000,rl2,aria_gen1,9,False,False,False,False,False,False,False
2330.0,77.66666666666667,0.0,0.0,0.0,0.0,0.0,0.0,0.0,0.0,0.0,0.0,0.0,0.0,0.0,0.0,37.37325975342121,0.12446351931330472,38.01654514417221,0.19098712446351931,0.19098712446351931,38.01654514417221,20.302613073332918,0.261519275311287,0.30952672999893815,35.03210082891561,0.4512507620727645,0.25274145295456624,6.3913579841940855,0.0,2.643623354894625,0.3563850186920257,55.334713902248524,0.0,2025-11-11-22-52-13-639000,rl2,aria_gen1,9,False,False,False,False,False,False,False
2235.0,74.5,0.0,0.0,0.0,0.0,0.0,0.0,0.0,0.0,0.0,0.0,0.0,0.0,0.0,0.0,41.19164264341827,0.23400447427293064,36.59382598462618,0.19015659955257272,0.23400447427293064,41.19164264341827,16.81510016755443,0.22580707476572645,0.20304478272227655,34.402500609720974,0.4619852364779003,0.17355780916010924,11.046294652500865,0.00022381378692927484,5.749489551343505,0.34389615562181336,51.21760077727541,0.0,2025-11-11-22-52-33-756000,rl2,aria_gen1,9,False,False,False,False,False,False,False
1936.0,64.53333333333333,0.0,0.0,0.0,0.0,0.0,0.0,0.0,0.0,0.0,0.0,0.0,0.0,0.0,0.0,44.932682635118724,0.493801652892562,42.141825315946356,0.3760330578512397,0.493801652892562,44.932682635118724,17.53798973357846,0.2719068175748599,0.24191570104409219,39.72758666171346,0.6159315761505962,0.2029340996491431,14.204357027034309,0.0005167958656330749,6.0205512673911805,0.4439191968627281,57.265576395291916,0.0,2025-11-11-22-52-56-176000,rl2,aria_gen1,9,False,False,False,False,False,False,False
2021.0,67.36666666666666,0.0,0.0,0.0,0.0,0.0,0.0,0.0,0.0,0.0,0.0,0.0,0.0,0.0,0.0,44.927615877030725,0.4903513112320633,37.48464664145055,0.2459178624443345,0.4903513112320633,44.927615877030725,15.542644193405733,0.2308313494070158,0.17407450305256272,38.13690947752233,0.5663897447156783,0.17254564839468184,10.101510385569005,0.00024752475247524753,5.541084665768602,0.398610547061347,53.679553670928065,0.0,2025-11-11-22-53-12-397000,rl2,aria_gen1,9,False,False,False,False,False,False,False
2327.0,77.56666666666666,0.0,0.0,0.0,0.0,0.0,0.0,0.0,0.0,0.0,0.0,0.0,0.0,0.0,0.0,43.159290755706316,0.3167168027503223,35.45825601543996,0.17232488182208852,0.3167168027503223,43.159290755706316,16.783673626990982,0.2164704251116636,0.29761873518232385,33.97881387397726,0.43824781436772053,0.23700414829537617,11.540461007311915,0.00021496130696474635,5.580345319232773,0.32735911973969206,50.76248750096824,0.0,2025-11-11-22-53-29-485000,rl2,aria_gen1,9,False,False,False,False,False,False,False
2020.0,67.33333333333333,0.0,0.0,0.0,0.0,0.0,0.0,0.0,0.0,0.0,0.0,0.0,0.0,0.0,0.0,26.790010960107242,0.016831683168316833,30.657455634758357,0.11831683168316831,0.11831683168316831,30.657455634758357,22.35582762748948,0.3321816883728006,0.44270085276645316,41.23691535870851,0.6127327690744206,0.5492332636183737,13.697522602304527,0.001981178801386825,7.072471839102453,0.4724572287236106,63.59274298619799,0.0,2025-11-11-22-53-46-156000,rl2,aria_gen1,9,False,False,False,False,False,False,False
2237.0,74.56666666666666,0.0,0.0,0.0,0.0,0.0,0.0,0.0,0.0,0.0,0.0,0.0,0.0,0.0,0.0,34.67726038040854,0.02056325435851587,29.47028344844756,0.08538220831470719,0.08538220831470719,34.67726038040854,22.509549410229425,0.30200647688143234,0.5226690520692123,42.38142022225786,0.5686237060231376,0.45832391769197717,13.417705869310664,0.0008944543828264759,5.726051964567374,0.4353150914522849,64.89096963248728,0.0,2025-11-11-22-54-07-644000,rl2,aria_gen1,9,False,False,False,False,False,False,False
1740.0,58.0,0.0,0.0,0.0,0.0,0.0,0.0,0.0,0.0,0.0,0.0,0.0,0.0,0.0,0.0,32.42064169303215,0.022988505747126436,30.601286062363833,0.0028735632183908046,0.022988505747126436,32.42064169303215,21.424205815858322,0.36959526996880365,0.2576945621175745,26.823444448669044,0.46273912217370405,0.3120949401439698,13.467075709578765,0.001437607820586544,5.279913175544748,0.4161671960712538,48.247650264527365,0.0,2025-11-11-22-54-29-457000,rl2,aria_gen1,9,False,False,False,False,False,False,False
1459.0,48.63333333333333,0.0,0.0,0.0,0.0,0.0,0.0,0.0,0.0,0.0,0.0,0.0,0.0,0.0,0.0,30.47082702708556,0.03221384509938314,27.44412102019981,0.0,0.03221384509938314,30.47082702708556,16.700096755786216,0.3436233900367534,0.3406232739689957,20.134974932469007,0.4142998957298149,0.35252601904328645,13.637249790536574,0.00102880658436214,2.628467392110952,0.37896164288328416,36.835071688255226,0.0,2025-11-11-22-54-43-853000,rl2,aria_gen1,9,False,False,False,False,False,False,False
2360.0,78.66666666666667,0.0,0.0,0.0,0.0,0.0,0.0,0.0,0.0,0.0,0.0,0.0,0.0,0.0,0.0,39.825537173705264,0.188135593220339,31.618211257068204,0.10127118644067797,0.188135593220339,39.825537173705264,27.139384713132337,0.3451384236515346,0.5435966211852702,41.326814004789156,0.5255635524135968,0.4200092889563017,5.2358677485431455,0.0,3.545138023774033,0.43535098803256567,68.46619871792149,0.0,2025-11-11-22-55-03-203000,rl2,aria_gen1,9,False,False,False,False,False,False,False
1743.0,58.1,0.0,0.0,0.0,0.0,0.0,0.0,0.0,0.0,0.0,0.0,0.0,0.0,0.0,0.0,36.74357129037585,0.14285714285714285,28.680905725734853,0.002294893861158921,0.14285714285714285,36.74357129037585,29.21548414827966,0.5031369256305338,0.2917874989399915,35.64466968523688,0.6138576868869725,0.31534346135791397,12.563552748033834,0.000574052812858783,5.983432206276597,0.5584973062587532,64.86015383351653,0.0,2025-11-11-22-55-17-748000,rl2,aria_gen1,9,False,False,False,False,False,False,False
1567.0,52.233333333333334,0.0,0.0,0.0,0.0,0.0,0.0,0.0,0.0,0.0,0.0,0.0,0.0,0.0,0.0,36.655224075827924,0.05041480536056158,30.906439013124587,0.005105296745373325,0.05041480536056158,36.655224075827924,25.491257210189545,0.4883382607316004,0.502860870900377,30.637888703908327,0.5869327337913472,0.3181502462590787,9.680355765538728,0.0,5.209560539698456,0.5376354972614739,56.129145914097876,0.0,2025-11-11-22-55-28-353000,rl2,aria_gen1,9,False,False,False,False,False,False,False
1367.0,45.56666666666667,0.0,0.0,0.0,0.0,0.0,0.0,0.0,0.0,0.0,0.0,0.0,0.0,0.0,0.0,38.437294417287866,0.2194586686174104,37.589466261564006,0.1097293343087052,0.2194586686174104,38.437294417287866,28.021787292260825,0.6154126052473095,0.33032352516906155,33.050009498502995,0.7258420826904026,0.3902511864942689,10.591383418425965,0.00036603221083455345,1.6327111896822575,0.6706273439688559,61.07179679076382,0.0,2025-11-11-22-55-39-656000,rl2,aria_gen1,9,False,False,False,False,False,False,False
1628.0,54.266666666666666,0.0,0.0,0.0,0.0,0.0,0.0,0.0,0.0,0.0,0.0,0.0,0.0,0.0,0.0,41.32574207825846,0.24017199017199017,33.680679062183515,0.07186732186732187,0.24017199017199017,41.32574207825846,28.33472667320867,0.522459619051174,0.5499452080151377,38.7680151750619,0.7148374033508648,0.6225439839926601,11.270361278289323,0.00030731407498463427,1.738846623643991,0.6186485112010194,67.10274184827057,0.0,2025-11-11-22-55-56-880000,rl2,aria_gen1,9,False,False,False,False,False,False,False
1944.0,64.8,0.0,0.0,0.0,0.0,0.0,0.0,0.0,0.0,0.0,0.0,0.0,0.0,0.0,0.0,36.34159278224103,0.04989711934156379,30.190730624383058,0.011831275720164609,0.04989711934156379,36.34159278224103,25.697977771067002,0.39677783485950086,0.4306584689424694,41.33142314499209,0.6381588751156781,0.7151223547071962,9.383783629705501,0.0,3.3308984168778797,0.5174683549875895,67.02940091605909,0.0,2025-11-11-22-56-13-083000,rl2,aria_gen1,9,False,False,False,False,False,False,False
2012.0,67.06666666666666,0.0,0.0,0.0,0.0,0.0,0.0,0.0,0.0,0.0,0.0,0.0,0.0,0.0,0.0,35.30281569887386,0.02584493041749503,29.68129743317713,0.0,0.02584493041749503,35.30281569887386,27.36038569408997,0.4081609004588261,0.4350786012553418,39.22576434871601,0.5851680410052116,0.569383661914234,10.257047302169038,0.0002486325211337643,2.5891691134570434,0.49666447073201875,66.58615004280598,0.0,2025-11-11-22-56-28-321000,rl2,aria_gen1,9,False,False,False,False,False,False,False
1595.0,53.166666666666664,0.0,0.0,0.0,0.0,0.0,0.0,0.0,0.0,0.0,0.0,0.0,0.0,0.0,0.0,36.53800538400872,0.0896551724137931,25.375620843877694,0.0012539184952978057,0.0896551724137931,36.53800538400872,27.219763338887027,0.5122916563153143,0.3269745955272913,32.14676684839689,0.6050207060551483,0.3156950485965423,9.649308700637965,0.0,2.67486638226711,0.5586561811852313,59.366530187283914,0.0,2025-11-11-22-56-48-683000,rl2,aria_gen1,9,False,False,False,False,False,False,False
2754.0,91.8,0.0,0.0,0.0,0.0,0.0,0.0,0.0,0.0,0.0,0.0,0.0,0.0,0.0,0.0,40.05843414203463,0.070079883805374,16.93189619605412,0.0018155410312273058,0.070079883805374,40.05843414203463,51.44184598628259,0.5605722410419461,0.18015531834877782,64.16194081219501,0.6991856971906468,0.1740049629573589,15.623372332416853,0.004358881220486742,5.465005705058236,0.6298789691162964,115.6037867984776,0.0,2025-11-22-23-48-44-070000,rl2,aria_gen1,9,False,False,False,False,False,False,False
2994.0,99.8,0.0,0.0,0.0,0.0,0.0,0.0,0.0,0.0,0.0,0.0,0.0,0.0,0.0,0.0,25.592118539596356,0.006012024048096192,13.891305503350548,0.001002004008016032,0.006012024048096192,25.592118539596356,55.69994270932487,0.5583021320680743,0.4039193151770362,67.82116112454932,0.6797978061264548,0.13269520175363184,18.09774472912612,0.0028399599064483794,7.614862981066646,0.6190499690972646,123.5211038338742,0.0,2025-11-22-23-48-44-089000,rl2,aria_gen1,9,False,False,False,False,False,False,False
1763.0,58.766666666666666,0.0,0.0,0.0,0.0,0.0,0.0,0.0,0.0,0.0,0.0,0.0,0.0,0.0,0.0,46.33191632839478,0.5377197958026092,40.18105185054808,0.29778786159954623,0.5377197958026092,46.33191632839478,33.99811457447892,0.5788555262397092,0.24955168262669575,49.429209642890505,0.841586997325037,0.2794221530794397,11.03602151745098,0.0005675368898978433,2.7484848671378557,0.710221261782373,83.42732421736943,0.0,2025-11-22-23-48-44-122000,rl2,aria_gen1,9,False,False,False,False,False,False,False
3584.0,119.46666666666667,0.0,0.0,0.0,0.0,0.0,0.0,0.0,0.0,0.0,0.0,0.0,0.0,0.0,0.0,39.174042703706704,0.078125,26.24528795375156,0.009765625,0.078125,39.174042703706704,54.057394342161835,0.45261563780766256,0.36545341404136467,71.0771178158383,0.5951196021421014,0.7919607569171944,15.338460779582991,0.0011163829193413341,5.71062996644807,0.523867619974882,125.13451215800015,0.0,2025-11-23-19-41-59-700000,rl2,aria_gen1,9,False,False,False,False,False,False,False
2839.0,94.63333333333334,0.0,0.0,0.0,0.0,0.0,0.0,0.0,0.0,0.0,0.0,0.0,0.0,0.0,0.0,29.651453250583735,0.0031701303275801338,24.989224794810315,0.0028178936245156746,0.0031701303275801338,29.651453250583735,38.364781890976275,0.40554737728304724,0.41020142175426816,63.56755301311942,0.6719614483416431,0.6372875640649919,29.019911091595525,0.0017618040873854828,25.776077486807154,0.538754412812345,101.9323349040957,0.0,2025-11-23-19-42-15-896000,rl2,aria_gen1,9,False,False,False,False,False,False,False
2359.0,78.63333333333334,0.0,0.0,0.0,0.0,0.0,0.0,0.0,0.0,0.0,0.0,0.0,0.0,0.0,0.0,37.32748949720322,0.012293344637558287,26.374084303945768,0.00211954217888936,0.012293344637558287,37.32748949720322,30.244910853018297,0.3847953034735152,1.0921050497350533,42.8971691062792,0.545765510258005,0.9761072876262683,27.133852936843105,0.0014843087362171332,19.921886266730677,0.4652804068657601,73.14207995929749,0.0,2025-11-23-19-42-30-541000,rl2,aria_gen1,9,False,False,False,False,False,False,False
3510.0,117.0,0.0,0.0,0.0,0.0,0.0,0.0,0.0,0.0,0.0,0.0,0.0,0.0,0.0,0.0,32.69273717666108,0.004843304843304843,19.987474074430025,0.0002849002849002849,0.004843304843304843,32.69273717666108,38.90086570724926,0.33258078404601815,0.43883703168392046,56.453664315721454,0.4826474578146605,0.4208145444898996,17.96894530644663,0.0004274722143060701,4.188230886808159,0.4076141209303393,95.35453002297072,0.0,2025-11-23-19-42-41-832000,rl2,aria_gen1,9,False,False,False,False,False,False,False
3521.0,117.36666666666666,0.0,0.0,0.0,0.0,0.0,0.0,0.0,0.0,0.0,0.0,0.0,0.0,0.0,0.0,38.36045350845318,0.05850610621982391,22.643940834601313,0.0,0.05850610621982391,38.36045350845318,36.51796492483833,0.31123265560941754,0.36039727902327695,54.17023620971956,0.4616781495146553,0.38584200298167537,5.759109952711917,0.0,2.976565703751962,0.3864554025620365,90.68820113455789,0.0,2025-11-23-19-42-53-057000,rl2,aria_gen1,9,False,False,False,False,False,False,False
3271.0,109.03333333333333,0.0,0.0,0.0,0.0,0.0,0.0,0.0,0.0,0.0,0.0,0.0,0.0,0.0,0.0,43.77179260878846,0.3717517578722103,28.854870410225566,0.01834301436869459,0.3717517578722103,43.77179260878846,52.66016286086898,0.4831207601914585,0.3854651933037851,70.77513370570247,0.6493131532633254,0.3702435436229401,19.709077398767228,0.0027522935779816515,5.961993905284773,0.5662169567273919,123.43529656657145,0.0,2025-11-23-19-43-04-853000,rl2,aria_gen1,9,False,False,False,False,False,False,False
2999.0,99.96666666666667,0.0,0.0,0.0,0.0,0.0,0.0,0.0,0.0,0.0,0.0,0.0,0.0,0.0,0.0,44.009857418587934,0.3284428142714238,29.70138187132315,0.009669889963321108,0.3284428142714238,44.009857418587934,40.077636164755006,0.40104372413030365,0.2478447844917141,70.07886695302537,0.7012561736460178,0.4246525911411211,18.825893254949055,0.0015010006671114075,4.703685499422949,0.5511499488881607,110.15650311778037,0.0,2025-11-23-19-43-18-340000,rl2,aria_gen1,9,False,False,False,False,False,False,False
2907.0,96.9,0.0,0.0,0.0,0.0,0.0,0.0,0.0,0.0,0.0,0.0,0.0,0.0,0.0,0.0,45.75170192429215,0.5531475748194015,38.98108518934144,0.26625386996904027,0.5531475748194015,45.75170192429215,41.26941352554351,0.4260434981990039,0.10842466311153848,54.562748653519805,0.5632768271182361,0.10020967516904405,19.102768782496604,0.00258086717136958,3.038990354886867,0.49466016265862,95.83216217906332,0.0,2025-11-23-19-43-46-578000,rl2,aria_gen1,9,False,False,False,False,False,False,False
3135.0,104.5,0.0,0.0,0.0,0.0,0.0,0.0,0.0,0.0,0.0,0.0,0.0,0.0,0.0,0.0,39.72432725337829,0.07304625199362041,34.0978720677172,0.01945773524720893,0.07304625199362041,39.72432725337829,49.53304981002543,0.474151721219133,0.3826320158934381,63.92170370074884,0.6118861234915334,0.2315491179876274,18.903109357564837,0.0022335673261008296,3.818947449730876,0.5430189223553332,113.45475351077428,0.0,2025-11-23-19-44-09-197000,rl2,aria_gen1,9,False,False,False,False,False,False,False
3145.0,104.83333333333333,0.0,0.0,0.0,0.0,0.0,0.0,0.0,0.0,0.0,0.0,0.0,0.0,0.0,0.0,40.27113105377827,0.2012718600953895,34.79559201837447,0.11192368839427663,0.2012718600953895,40.27113105377827,49.19147944470899,0.4693843458464598,0.6246772100326353,69.70429272150349,0.6651172969609113,0.6330342062126292,22.173439204936017,0.005089058524173028,4.965945424067061,0.5672508214036855,118.89577216621248,0.0,2025-11-23-19-44-25-710000,rl2,aria_gen1,9,False,False,False,False,False,False,False
3161.0,105.36666666666666,0.0,0.0,0.0,0.0,0.0,0.0,0.0,0.0,0.0,0.0,0.0,0.0,0.0,0.0,44.034745013928415,0.3970262575134451,39.44965559986828,0.24517557734894022,0.3970262575134451,44.034745013928415,38.33075095029881,0.36389953433827976,0.2968431303981905,69.0900352527351,0.6559180561968522,0.3494213164192642,19.262130563702453,0.003639240506329114,4.3789914665666245,0.5099087952675659,107.42078620303391,0.0,2025-11-23-19-44-41-638000,rl2,aria_gen1,9,False,False,False,False,False,False,False
3403.0,113.43333333333334,0.0,0.0,0.0,0.0,0.0,0.0,0.0,0.0,0.0,0.0,0.0,0.0,0.0,0.0,31.972468744872653,0.0011754334410813989,21.152211061272727,0.0005877167205406994,0.0011754334410813989,31.972468744872653,43.250559924068,0.3813982356619753,0.4495515342996554,70.71804845968742,0.6236159476162912,0.36452086194975275,16.460229042064782,0.00102880658436214,11.300037801483619,0.5025070916391332,113.96860838375542,0.0,2025-11-23-19-44-54-068000,rl2,aria_gen1,9,False,False,False,False,False,False,False
2660.0,88.66666666666667,0.0,0.0,0.0,0.0,0.0,0.0,0.0,0.0,0.0,0.0,0.0,0.0,0.0,0.0,23.530225340971178,0.0,19.697409796840653,0.0,0.0,23.530225340971178,37.633885412062384,0.4246019414674206,0.08737775084690856,43.5329797642819,0.4911581018911082,0.11184013115971186,9.438731801828236,0.0,4.225212177527947,0.4578800216792644,81.16686517634429,0.0,2025-11-23-19-45-07-808000,rl2,aria_gen1,9,False,False,False,False,False,False,False
2687.0,89.56666666666666,0.0,0.0,0.0,0.0,0.0,0.0,0.0,0.0,0.0,0.0,0.0,0.0,0.0,0.0,27.750428116504942,0.006698920729438035,25.13265138752275,0.010048381094157052,0.010048381094157052,27.750428116504942,34.11433077745175,0.3810237987057158,0.539454518113001,46.131382543798,0.5152425451652792,0.5867314118124302,17.02102318857874,0.0022338049143708115,10.432537591569575,0.4481331719354975,80.24571332124975,0.0,2025-11-23-19-45-26-311000,rl2,aria_gen1,9,False,False,False,False,False,False,False
2530.0,84.33333333333333,0.0,0.0,0.0,0.0,0.0,0.0,0.0,0.0,0.0,0.0,0.0,0.0,0.0,0.0,29.278181304078654,0.004347826086956522,23.85591314840005,0.004347826086956522,0.004347826086956522,29.278181304078654,29.052944997503005,0.3446375444543654,0.2612925762332256,51.16995538447988,0.6069982845134031,0.25885603872953505,17.826172632707028,0.0009885330170027679,8.771721146593586,0.4758179144838843,80.22290038198288,0.0,2025-11-23-19-45-45-117000,rl2,aria_gen1,9,False,False,False,False,False,False,False
3214.0,107.13333333333334,0.0,0.0,0.0,0.0,0.0,0.0,0.0,0.0,0.0,0.0,0.0,0.0,0.0,0.0,26.4279892050626,0.001866832607342875,25.238402642365926,0.008089607965152458,0.008089607965152458,26.4279892050626,46.60030852337461,0.43511025698762484,0.4085608108699595,63.910352501133566,0.5967353174709016,0.4466037875218304,16.02726802598826,0.001556178026766262,5.209698549795032,0.5159227872292631,110.51066102450818,0.0,2025-11-24-20-22-59-483000,rl2,aria_gen1,9,False,False,False,False,False,False,False
3829.0,127.63333333333334,0.0,0.0,0.0,0.0,0.0,0.0,0.0,0.0,0.0,0.0,0.0,0.0,0.0,0.0,41.1027870280904,0.257508487855837,44.581575937174,0.4776704100287281,0.4776704100287281,44.581575937174,43.46758739335854,0.34065507361566255,0.14303800440787467,72.29517485046918,0.5665766054112006,0.05485049056888914,27.782152023285526,0.0028735632183908046,9.317653403061527,0.4536158395134315,115.76276224382772,0.0,2025-11-24-20-23-14-893000,rl2,aria_gen1,9,False,False,False,False,False,False,False
3592.0,119.73333333333333,0.0,0.0,0.0,0.0,0.0,0.0,0.0,0.0,0.0,0.0,0.0,0.0,0.0,0.0,41.488894610494384,0.2806236080178174,43.81059641481852,0.4278953229398664,0.4278953229398664,43.81059641481852,65.13853393194421,0.5441815700245966,0.6128437553882515,88.02068190145062,0.7353440426186351,1.0193974067676261,26.275917910672632,0.007936507936507936,11.473050765896,0.6397628063216159,153.15921583339482,0.0,2025-11-24-20-23-30-277000,rl2,aria_gen1,9,False,False,False,False,False,False,False
3772.0,125.73333333333333,0.0,0.0,0.0,0.0,0.0,0.0,0.0,0.0,0.0,0.0,0.0,0.0,0.0,0.0,37.76661055244371,0.06283138918345706,32.896074937067155,0.05567338282078473,0.06283138918345706,37.76661055244371,68.488762180593,0.544858887673771,0.15987177366030014,84.33568616917367,0.6709282909242138,0.3528504703377796,13.16759458377755,0.0005303632988597189,4.137003789402477,0.6078935892989924,152.82444834976667,0.0,2025-11-24-20-23-46-303000,rl2,aria_gen1,9,False,False,False,False,False,False,False
2384.0,79.46666666666667,0.0,0.0,0.0,0.0,0.0,0.0,0.0,0.0,0.0,0.0,0.0,0.0,0.0,0.0,29.349851727039272,0.015939597315436243,28.17438277157982,0.027684563758389263,0.027684563758389263,29.349851727039272,37.874185009027016,0.47680467908972335,0.502531293811925,54.478566410189316,0.6858401142701132,0.4195554968054023,30.729159956742624,0.005245488879563575,8.563080048769972,0.5813223966799183,92.35275141921633,0.0,2025-11-24-20-24-01-320000,rl2,aria_gen1,9,False,False,False,False,False,False,False
3310.0,110.33333333333333,0.0,0.0,0.0,0.0,0.0,0.0,0.0,0.0,0.0,0.0,0.0,0.0,0.0,0.0,24.4445435221138,0.002719033232628399,22.599299380027375,0.0021148036253776435,0.002719033232628399,24.4445435221138,37.343022683551126,0.3385586825344617,0.14339919871541862,61.63389395848859,0.5587841700678929,0.14663573768974494,25.359894782295452,0.0012088244182532487,6.458213071846793,0.4486714263011773,98.97691664203973,0.0,2025-11-24-20-24-16-462000,rl2,aria_gen1,9,False,False,False,False,False,False,False
3457.0,115.23333333333333,0.0,0.0,0.0,0.0,0.0,0.0,0.0,0.0,0.0,0.0,0.0,0.0,0.0,0.0,29.25305661361214,0.00809950824414232,20.348970243325226,0.011859994214636968,0.011859994214636968,29.25305661361214,59.41922065005817,0.515791845920644,0.3146343596273288,72.68773207915737,0.6309698965204632,0.3285965740398833,21.339269333520207,0.0026041666666666665,5.4796045915877585,0.5733808712205536,132.10695272921555,0.0,2025-11-24-20-24-32-080000,rl2,aria_gen1,9,False,False,False,False,False,False,False
3317.0,110.56666666666666,0.0,0.0,0.0,0.0,0.0,0.0,0.0,0.0,0.0,0.0,0.0,0.0,0.0,0.0,27.659444380195076,0.006029544769369913,26.28477051776931,0.006933976484775399,0.006933976484775399,27.659444380195076,56.91120847162256,0.5148782431087686,0.12080863869803156,83.4335419974229,0.7548269782637778,0.17844992911365615,24.503557144544587,0.002261761158021713,14.74707106251602,0.6348526106862732,140.34475046904547,0.0,2025-11-24-20-24-48-557000,rl2,aria_gen1,9,False,False,False,False,False,False,False
2736.0,91.2,0.0,0.0,0.0,0.0,0.0,0.0,0.0,0.0,0.0,0.0,0.0,0.0,0.0,0.0,4.343905479029687,0.0029239766081871343,30.939592779670534,0.007309941520467836,0.007309941520467836,30.939592779670534,50.485211244377844,0.5537683134666673,0.19793061732219333,63.21359688871338,0.6933849750133094,0.1665933405138326,18.664369972899962,0.003839122486288848,6.56996438840972,0.6235766442399884,113.69880813309123,0.0,2025-11-24-20-25-05-493000,rl2,aria_gen1,9,False,False,False,False,False,False,False
3237.0,107.9,0.0,0.0,0.0,0.0,0.0,0.0,0.0,0.0,0.0,0.0,0.0,0.0,0.0,0.0,9.244745799377068,0.0018535681186283596,32.95255394461007,0.0027803521779425394,0.0027803521779425394,32.95255394461007,56.3357265911052,0.5222718781622856,0.19207222363199175,73.12583393318795,0.677928003088887,0.18902386987861491,22.521765607010217,0.004326328800988875,9.162276455775226,0.6000999406255862,129.46156052429313,0.0,2025-11-24-20-25-22-940000,rl2,aria_gen1,9,False,False,False,False,False,False,False
1589.0,52.96666666666667,0.0,0.0,0.0,0.0,0.0,0.0,0.0,0.0,0.0,0.0,0.0,0.0,0.0,0.0,22.02517062321759,0.005663939584644431,23.798906036861176,0.027061044682190057,0.027061044682190057,23.798906036861176,31.546222505704414,0.5959613823495795,0.13154952894717958,43.93600308200688,0.8300252471411879,0.10496486368550843,17.908099026941578,0.005982367758186398,6.528561092950547,0.7129933147453837,75.4822255877113,0.0,2025-11-24-20-25-32-091000,rl2,aria_gen1,9,False,False,False,False,False,False,False
2508.0,83.6,0.0,0.0,0.0,0.0,0.0,0.0,0.0,0.0,0.0,0.0,0.0,0.0,0.0,0.0,33.18652339852092,0.0023923444976076554,27.323603144697962,0.003189792663476874,0.003189792663476874,33.18652339852092,31.0430168296106,0.371476068962233,0.8417442609415119,46.448864989291415,0.5558300557154937,0.8189075256046772,23.459808963404537,0.0007977662544874351,16.624032273499687,0.46365306233886333,77.49188181890202,0.0,2025-11-24-20-25-48-438000,rl2,aria_gen1,9,False,False,False,False,False,False,False
3206.0,106.86666666666666,0.0,0.0,0.0,0.0,0.0,0.0,0.0,0.0,0.0,0.0,0.0,0.0,0.0,0.0,41.38750183478611,0.24329382407985028,25.10527956589535,0.026200873362445413,0.24329382407985028,41.38750183478611,68.19120042929896,0.6382951678249512,0.2524463695607639,86.04595075609332,0.8054223159696722,0.5542166111745361,15.512231814761932,0.0026521060842433697,5.457829614331611,0.7218587418973117,154.2371511853923,0.0,2025-11-24-20-26-03-116000,rl2,aria_gen1,9,False,False,False,False,False,False,False
3515.0,117.16666666666667,0.0,0.0,0.0,0.0,0.0,0.0,0.0,0.0,0.0,0.0,0.0,0.0,0.0,0.0,67.79955172586072,1.0,68.11662232864434,1.0,1.0,68.11662232864434,50.389599140911486,0.43019008942155507,0.4998023879010201,78.08124058408615,0.6666013709512193,0.3767291288074827,17.903801121963134,0.002703471826977803,16.708853630333323,0.5483957301863871,128.47083972499763,0.0,2025-11-24-20-26-18-264000,rl2,aria_gen1,9,False,False,False,False,False,False,False
3117.0,103.9,0.0,0.0,0.0,0.0,0.0,0.0,0.0,0.0,0.0,0.0,0.0,0.0,0.0,0.0,37.286074854724035,0.10298363811357074,20.306439316341564,0.023419955085017645,0.10298363811357074,37.286074854724035,50.266486044858986,0.48395204792868096,0.20167567952960938,69.94930259655072,0.6734528491323882,0.5678962758160784,19.509032386117866,0.0025673940949935813,5.004252666129708,0.5787024485305345,120.21578864140972,0.0,2025-11-24-20-26-32-162000,rl2,aria_gen1,9,False,False,False,False,False,False,False
2853.0,95.1,0.0,0.0,0.0,0.0,0.0,0.0,0.0,0.0,0.0,0.0,0.0,0.0,0.0,0.0,17.231602424492767,0.008061689449702068,14.712407528914802,0.006309148264984227,0.008061689449702068,17.231602424492767,46.185928199544136,0.48582673421680367,0.6400366577261478,54.33755181781456,0.5715731257133368,0.5670745626911867,13.517239085401222,0.0005259467040673212,4.600968281785178,0.5286999299650703,100.5234800173587,0.0,2025-11-24-20-26-47-208000,rl2,aria_gen1,9,False,False,False,False,False,False,False
2647.0,88.23333333333333,0.0,0.0,0.0,0.0,0.0,0.0,0.0,0.0,0.0,0.0,0.0,0.0,0.0,0.0,41.87391281470422,0.17718171514922554,7.054601567736704,0.0,0.17718171514922554,41.87391281470422,39.66668382602478,0.4497356442859952,0.14419022406696252,55.64874507462777,0.6309381527735576,0.2088459456570309,11.782569428548321,0.0003779289493575208,3.2194884411543776,0.5403368985297764,95.31542890065255,0.0,2025-11-24-20-27-06-126000,rl2,aria_gen1,9,False,False,False,False,False,False,False
3630.0,121.0,0.0,0.0,0.0,0.0,0.0,0.0,0.0,0.0,0.0,0.0,0.0,0.0,0.0,0.0,38.40097130644278,0.05482093663911846,22.788358579814535,0.031955922865013774,0.05482093663911846,38.40097130644278,51.17304834521322,0.4230342932919252,0.3022787515808921,88.27005653024247,0.7297056202555178,0.1935671491421328,18.592752224557728,0.0013777900248002205,5.5117966246412395,0.5763699567737215,139.44310487545567,0.0,2025-11-24-20-27-24-975000,rl2,aria_gen1,9,False,False,False,False,False,False,False
3620.0,120.66666666666667,0.0,0.0,0.0,0.0,0.0,0.0,0.0,0.0,0.0,0.0,0.0,0.0,0.0,0.0,33.81204336193344,0.044475138121546964,16.329013495098643,0.042265193370165745,0.044475138121546964,33.81204336193344,65.03027211300258,0.5390738224343955,0.23937915587913666,94.91214375770295,0.7867820703871478,0.09359112373509083,16.279222371788293,0.0053882287924841114,5.237775324345073,0.6629279464107717,159.94241587070553,0.0,2025-11-24-20-27-44-006000,rl2,aria_gen1,9,False,False,False,False,False,False,False
3221.0,107.36666666666666,0.0,0.0,0.0,0.0,0.0,0.0,0.0,0.0,0.0,0.0,0.0,0.0,0.0,0.0,29.640369228502223,0.027631170443961503,17.036395065537363,0.02669978267618752,0.027631170443961503,29.640369228502223,55.56414779093031,0.5176783955676737,0.22333388458827572,77.98727560334471,0.7265895242547644,0.19801498941727072,16.78601223424228,0.0035714285714285713,4.68871920540453,0.6221339599112191,133.55142339427502,0.0,2025-11-24-20-28-03-428000,rl2,aria_gen1,9,False,False,False,False,False,False,False
3074.0,102.46666666666667,0.0,0.0,0.0,0.0,0.0,0.0,0.0,0.0,0.0,0.0,0.0,0.0,0.0,0.0,24.958530896631135,0.0035783994795055302,17.757911305565926,0.0029277813923227064,0.0035783994795055302,24.958530896631135,51.29525354213146,0.5007672002160571,0.49612328496439423,65.1869305196202,0.6363839621179975,0.48349898309999617,5.467481397607157,0.0,6.602408550348895,0.5685755811670273,116.48218406175167,0.0,2025-12-09-23-00-30-725000,rl2,aria_gen1,9,False,False,False,False,False,False,False
3295.0,109.83333333333333,0.0,0.0,0.0,0.0,0.0,0.0,0.0,0.0,0.0,0.0,0.0,0.0,0.0,0.0,26.27070569794437,0.0018209408194233688,18.21470802888276,0.0015174506828528073,0.0018209408194233688,26.27070569794437,38.56218064968493,0.3512038310535968,0.3662156419558543,67.91899007945091,0.6185700371534691,0.28782681427350637,6.843332776484755,0.0,5.148611335020154,0.484886934103533,106.48117072913584,0.0,2025-12-09-23-01-29-940000,rl2,aria_gen1,9,False,False,False,False,False,False,False
2316.0,77.2,0.0,0.0,0.0,0.0,0.0,0.0,0.0,0.0,0.0,0.0,0.0,0.0,0.0,0.0,24.125461394161356,0.0,19.88720918614708,0.0,0.0,24.125461394161356,31.79582086221454,0.4120408751042921,0.22284990461927282,45.321789411905144,0.5873234049058983,0.2455177644686317,16.488579743448067,0.0010799136069114472,7.886572393434269,0.49968214000509514,77.11761027411968,0.0,2025-12-09-23-01-46-368000,rl2,aria_gen1,9,False,False,False,False,False,False,False
2985.0,99.5,0.0,0.0,0.0,0.0,0.0,0.0,0.0,0.0,0.0,0.0,0.0,0.0,0.0,0.0,23.954439763794905,0.0,15.808222695377872,0.0023450586264656616,0.0023450586264656616,23.954439763794905,50.156319333074634,0.5042525402118764,0.2517931624275626,64.87755454054079,0.6522542346569115,0.18061412557228965,15.373643400265571,0.0006702412868632708,5.8860147518761865,0.5782533874343938,115.03387387361542,0.0,2025-12-09-23-02-03-731000,rl2,aria_gen1,9,False,False,False,False,False,False,False
3467.0,115.56666666666666,0.0,0.0,0.0,0.0,0.0,0.0,0.0,0.0,0.0,0.0,0.0,0.0,0.0,0.0,43.10643771640504,0.3464089991346986,35.381483061378205,0.13585232189212576,0.3464089991346986,43.10643771640504,57.27921851027014,0.49578088727873754,0.1868575038722561,90.50752242477247,0.7833888265271708,0.23187204436183295,17.797808524961543,0.006347374495095211,4.935318977390397,0.6395848569029543,147.78674093504262,0.0,2025-12-09-23-02-21-846000,rl2,aria_gen1,9,False,False,False,False,False,False,False
3155.0,105.16666666666667,0.0,0.0,0.0,0.0,0.0,0.0,0.0,0.0,0.0,0.0,0.0,0.0,0.0,0.0,42.03622264539376,0.2814580031695721,31.063557937096718,0.03486529318541997,0.2814580031695721,42.03622264539376,47.86206994910399,0.455251140923627,0.41487380476907565,70.4786386586542,0.6703738616866285,0.4764353574798988,24.113933573639883,0.0028535193405199747,4.905820285068997,0.5628125013051277,118.34070860775819,0.0,2025-12-09-23-02-39-780000,rl2,aria_gen1,9,False,False,False,False,False,False,False
3266.0,108.86666666666666,0.0,0.0,0.0,0.0,0.0,0.0,0.0,0.0,0.0,0.0,0.0,0.0,0.0,0.0,46.70371983601642,0.6576852418860992,41.55630589530726,0.353949785670545,0.6576852418860992,46.70371983601642,46.545853557394665,0.42768012457024196,0.05431235183051135,81.09638584376313,0.7451429020866442,0.1053328659245912,26.297985355154406,0.003522205206738132,7.351543163741314,0.5864115133284431,127.6422394011578,0.0,2025-12-09-23-02-57-487000,rl2,aria_gen1,9,False,False,False,False,False,False,False
2892.0,96.4,0.0,0.0,0.0,0.0,0.0,0.0,0.0,0.0,0.0,0.0,0.0,0.0,0.0,0.0,35.03451312958103,0.012102351313969572,28.45051900912798,0.00034578146611341634,0.012102351313969572,35.03451312958103,29.539929336260112,0.3065367969864418,0.22110922504006078,48.97881490886134,0.5082547378989415,0.23692422433705285,11.037860843430668,0.00017295053614666206,2.822210050323017,0.4073957674426916,78.51874424512145,0.0,2025-12-09-23-03-14-919000,rl2,aria_gen1,9,False,False,False,False,False,False,False
2697.0,89.9,0.0,0.0,0.0,0.0,0.0,0.0,0.0,0.0,0.0,0.0,0.0,0.0,0.0,0.0,33.04378445608487,0.05005561735261402,19.20724690803193,0.009269558769002595,0.05005561735261402,33.04378445608487,43.80514860742728,0.4874460156612828,0.4217100167593843,55.90477419310396,0.6220857662437385,0.18710615901101763,29.715123401933376,0.005934718100890208,9.132823632784179,0.5547658909525106,99.70992280053125,0.0,2026-01-06-20-50-02-445000,rl2,aria_gen1,9,False,False,False,False,False,False,False
2501.0,83.36666666666666,0.0,0.0,0.0,0.0,0.0,0.0,0.0,0.0,0.0,0.0,0.0,0.0,0.0,0.0,25.335673543790726,0.047181127548980406,14.410746144056299,0.005197920831667333,0.047181127548980406,25.335673543790726,40.12032280107731,0.4814438736129277,0.32236231795617015,45.3256317587975,0.5439075811055699,0.6304971575936762,26.658366367622953,0.0034,6.371216899071878,0.5126757273592488,85.4459545598748,0.0,2026-01-06-20-52-14-820000,rl2,aria_gen1,9,False,False,False,False,False,False,False
2139.0,71.3,0.0,0.0,0.0,0.0,0.0,0.0,0.0,0.0,0.0,0.0,0.0,0.0,0.0,0.0,19.989980982562187,0.09911173445535297,22.89055454295042,0.04862085086489014,0.09911173445535297,22.89055454295042,43.178838107700926,0.6058770548320991,0.5424529416398223,48.76535570229885,0.6842659827263636,0.7101483959479251,13.3227488709116,0.0011693171188026192,6.94630359370449,0.6450715187792313,91.94419380999977,0.0,2026-01-08-21-51-53-000000,rl2,aria_gen1,9,False,False,False,False,False,False,False
2959.0,98.63333333333334,0.0,0.0,0.0,0.0,0.0,0.0,0.0,0.0,0.0,0.0,0.0,0.0,0.0,0.0,25.934760609788125,0.04325785738425143,23.837695207917626,0.027036160865157147,0.04325785738425143,25.934760609788125,46.86513718723308,0.47530565098613675,0.4616432734420886,67.25838315165005,0.6821337033635907,0.36555548745880195,19.812734196499164,0.0010141987829614604,9.393499647824425,0.5787196771748636,114.12352033888314,0.0,2026-01-08-21-58-04-000000,rl2,aria_gen1,9,False,False,False,False,False,False,False
2674.0,89.13333333333334,0.0,0.0,0.0,0.0,0.0,0.0,0.0,0.0,0.0,0.0,0.0,0.0,0.0,0.0,21.990292620626803,0.018698578908002993,18.055992980770668,0.006357516828721017,0.018698578908002993,21.990292620626803,41.38289773699934,0.4644545200561092,0.6720874329517361,63.972897800370895,0.7179898743027037,0.6633815534562861,10.520801160198836,0.00018705574261129816,9.504952283746816,0.5912221971794065,105.35579553737023,0.0,2026-01-08-22-02-55-000000,rl2,aria_gen1,9,False,False,False,False,False,False,False
2841.0,94.7,0.0,0.0,0.0,0.0,0.0,0.0,0.0,0.0,0.0,0.0,0.0,0.0,0.0,0.0,25.38616084504717,0.029919042590637098,20.176061017212604,0.011263639563533967,0.029919042590637098,25.38616084504717,51.535802999757024,0.5443922852087009,0.09440601091906896,66.04913129611306,0.6977020911561239,0.250585520802784,20.696874427430107,0.001056338028169014,9.654143680511277,0.6210471881824123,117.58493429587008,0.0,2026-01-08-22-07-39-000000,rl2,aria_gen1,9,False,False,False,False,False,False,False
2513.0,83.76666666666667,0.0,0.0,0.0,0.0,0.0,0.0,0.0,0.0,0.0,0.0,0.0,0.0,0.0,0.0,20.0546934712297,0.04178272980501393,17.03540680264084,0.013529645841623557,0.04178272980501393,20.0546934712297,56.02816755390284,0.6691262048634895,0.29900942977776523,62.01437026772586,0.7406174793120127,0.39310095068014794,13.511390581675755,0.001393312101910828,7.11307906662147,0.7048718420877511,118.0425378216287,0.0,2026-01-08-22-41-22-000000,rl2,aria_gen1,9,False,False,False,False,False,False,False
2670.0,89.0,0.0,0.0,0.0,0.0,0.0,0.0,0.0,0.0,0.0,0.0,0.0,0.0,0.0,0.0,29.178311944128843,0.04082397003745318,19.379673119517392,0.024719101123595506,0.04082397003745318,29.178311944128843,49.42016481177985,0.5554907996828008,0.6882767511789157,61.71931318439573,0.6937352549763477,0.7689619652632215,12.755687141475358,0.0014986886474334957,12.711641354479427,0.6246130273295742,111.13947799617557,0.0,2026-01-08-22-48-30-000000,rl2,aria_gen1,9,False,False,False,False,False,False,False
2389.0,79.63333333333334,0.0,0.0,0.0,0.0,0.0,0.0,0.0,0.0,0.0,0.0,0.0,0.0,0.0,0.0,20.426437092549296,0.05064880703223106,19.113966224802443,0.018836333193804938,0.05064880703223106,20.426437092549296,45.77662227113244,0.5750831943609602,0.12411396795745429,50.031419879343474,0.6285354256198928,0.6473743151451014,14.722817258577251,0.0010469011725293131,7.05594895213155,0.6018093099904266,95.80804215047591,0.0,2026-01-08-22-59-47-000000,rl2,aria_gen1,9,False,False,False,False,False,False,False
3361.0,112.03333333333333,0.0,0.0,0.0,0.0,0.0,0.0,0.0,0.0,0.0,0.0,0.0,0.0,0.0,0.0,29.06892138103843,0.0279678667063374,21.357636124976683,0.01457899434692056,0.0279678667063374,29.06892138103843,45.04891570735965,0.402222461672854,0.7035525286712528,63.14623881514491,0.563805703706651,0.6997536690483132,11.380911502509896,0.000744047619047619,9.349519587711859,0.4830140826897525,108.19515452250457,0.0,2026-01-08-23-04-48-000000,rl2,aria_gen1,9,False,False,False,False,False,False,False
2497.0,83.23333333333333,0.0,0.0,0.0,0.0,0.0,0.0,0.0,0.0,0.0,0.0,0.0,0.0,0.0,0.0,24.748012210207094,0.029635562675210253,24.920899932103037,0.00841009211053264,0.029635562675210253,24.920899932103037,45.944786773349534,0.5522209948719896,0.32692201135039756,51.517757477912276,0.6192038158402918,0.4655273780693773,8.670614067707568,0.0,7.312835414011768,0.5857124053561407,97.46254425126182,0.0,2026-01-08-23-18-36-000000,rl2,aria_gen1,9,False,False,False,False,False,False,False
3140.0,104.66666666666667,0.0,0.0,0.0,0.0,0.0,0.0,0.0,0.0,0.0,0.0,0.0,0.0,0.0,0.0,27.149672465103592,0.015286624203821656,25.6291288289544,0.0035031847133757963,0.015286624203821656,27.149672465103592,33.88035901073623,0.32380081883468836,0.7087728654214965,52.628449933269174,0.5029797699898296,0.6971962157171142,10.709015046320328,0.00015928639694170118,7.675567378259895,0.413390294412259,86.50880894400541,0.0,2026-01-08-23-23-46-000000,rl2,aria_gen1,9,False,False,False,False,False,False,False
2644.0,88.13333333333334,0.0,0.0,0.0,0.0,0.0,0.0,0.0,0.0,0.0,0.0,0.0,0.0,0.0,0.0,23.58484696714298,0.0208018154311649,25.49465725616988,0.007564296520423601,0.0208018154311649,25.49465725616988,46.35207880548131,0.5261302929112521,0.26614829535224754,48.919267998805736,0.5552697843224261,0.4175371526844888,8.24062948736649,0.0,6.711447050312481,0.5407000386168391,95.27134680428705,0.0,2026-01-08-23-32-08-000000,rl2,aria_gen1,9,False,False,False,False,False,False,False
2972.0,99.06666666666666,0.0,0.0,0.0,0.0,0.0,0.0,0.0,0.0,0.0,0.0,0.0,0.0,0.0,0.0,27.493026888952578,0.03263795423956931,26.383110222563257,0.008748317631224764,0.03263795423956931,27.493026888952578,39.12163551749043,0.3950350271035722,0.680717210421942,59.14386344908107,0.5972116807379442,0.9704629258260661,18.227083296058904,0.0003365870077415012,8.97214392963353,0.4961233539207582,98.2654989665715,0.0,2026-01-08-23-42-39-000000,rl2,aria_gen1,9,False,False,False,False,False,False,False
2998.0,99.93333333333334,0.0,0.0,0.0,0.0,0.0,0.0,0.0,0.0,0.0,0.0,0.0,0.0,0.0,0.0,17.24078296066561,0.018345563709139426,22.659364565198814,0.014342895263509006,0.018345563709139426,22.659364565198814,48.65905346760948,0.4870776122883832,0.49278942660800007,52.32599294124816,0.5237837131256072,0.7049797619875666,13.186647027625591,0.000333667000333667,5.821739081590085,0.5054306627069952,100.98504640885764,0.0,2026-01-08-23-51-17-000000,rl2,aria_gen1,9,False,False,False,False,False,False,False
2406.0,80.2,0.0,0.0,0.0,0.0,0.0,0.0,0.0,0.0,0.0,0.0,0.0,0.0,0.0,0.0,19.918199969631278,0.030756442227763924,21.819722751810424,0.017040731504571905,0.030756442227763924,21.819722751810424,46.95240236307399,0.5856848527618378,0.5046436958897541,47.167305153738255,0.5883655528532838,0.9592887071815984,13.681015911577319,0.0010395010395010396,8.166501171214435,0.5870252028075609,94.11970751681224,0.0,2026-01-08-23-57-13-000000,rl2,aria_gen1,9,False,False,False,False,False,False,False
2828.0,94.26666666666667,0.0,0.0,0.0,0.0,0.0,0.0,0.0,0.0,0.0,0.0,0.0,0.0,0.0,0.0,22.863844139124396,0.015205091937765204,24.252097692738943,0.0038896746817538895,0.015205091937765204,24.252097692738943,40.85641417570099,0.4335664751577749,0.7197956200626279,51.99386681770316,0.5517566340753783,0.8278744513020591,8.281697128591928,0.0,6.673068506383315,0.4926615546165766,92.85028099340414,0.0,2026-01-09-00-04-42-000000,rl2,aria_gen1,9,False,False,False,False,False,False,False
2794.0,93.13333333333334,0.0,0.0,0.0,0.0,0.0,0.0,0.0,0.0,0.0,0.0,0.0,0.0,0.0,0.0,19.448788986708287,0.049391553328561204,24.396456063398666,0.04438081603435934,0.049391553328561204,24.396456063398666,48.496519537199134,0.520907836060141,0.22889041170232105,51.28264318014946,0.5508339761562778,0.3449102743116089,12.166901334397316,0.00035803795202291446,6.186159079378555,0.5358709061082094,99.7791627173486,0.0,2026-01-09-00-09-32-000000,rl2,aria_gen1,9,False,False,False,False,False,False,False
2501.0,83.36666666666666,0.0,0.0,0.0,0.0,0.0,0.0,0.0,0.0,0.0,0.0,0.0,0.0,0.0,0.0,21.184843136019683,0.04238304678128749,19.558957859309125,0.029988004798080767,0.04238304678128749,21.184843136019683,46.47724954501655,0.5577269945401986,0.6690148014573647,48.74084447030504,0.5848901336436606,0.7291836124450106,9.956566541288797,0.0,6.797436227286131,0.5713085640919295,95.21809401532158,0.0,2026-01-09-00-14-38-000000,rl2,aria_gen1,9,False,False,False,False,False,False,False
3204.0,106.8,0.0,0.0,0.0,0.0,0.0,0.0,0.0,0.0,0.0,0.0,0.0,0.0,0.0,0.0,24.96437002596135,0.016853932584269662,20.88012268385151,0.0024968789013732834,0.016853932584269662,24.96437002596135,42.53965744621628,0.39843575503792955,0.11630529607192634,56.61477205880445,0.5302663633356646,0.25516941075689176,8.389985593380915,0.0,3.9600614851712654,0.464351059186797,99.15442950502073,0.0,2026-01-09-00-19-36-000000,rl2,aria_gen1,9,False,False,False,False,False,False,False
2712.0,90.4,0.0,0.0,0.0,0.0,0.0,0.0,0.0,0.0,0.0,0.0,0.0,0.0,0.0,0.0,22.114099506391188,0.03797935103244838,20.95809418282929,0.019174041297935103,0.03797935103244838,22.114099506391188,53.017216261818135,0.5866899623218531,0.6518576077410853,55.541580999190735,0.6146246514111848,0.4050961404885016,13.581061539804626,0.0011066027296200663,6.6875130670379965,0.600657306866519,108.55879726100886,0.0,2026-01-09-00-24-08-000000,rl2,aria_gen1,9,False,False,False,False,False,False,False
3147.0,104.9,0.0,0.0,0.0,0.0,0.0,0.0,0.0,0.0,0.0,0.0,0.0,0.0,0.0,0.0,23.129318744597004,0.01271051795360661,17.94620946691858,0.0060374960279631395,0.01271051795360661,23.129318744597004,47.26578851972832,0.45072271315697693,0.5061398445281878,63.203775627397434,0.6027060612911389,0.5433358775794119,12.424239581400082,0.0011125238397965672,11.547091365518806,0.5267143872240581,110.46956414712575,0.0,2026-01-09-00-29-05-000000,rl2,aria_gen1,9,False,False,False,False,False,False,False
2352.0,78.4,0.0,0.0,0.0,0.0,0.0,0.0,0.0,0.0,0.0,0.0,0.0,0.0,0.0,0.0,21.891121398319466,0.0391156462585034,18.04766621207169,0.016581632653061226,0.0391156462585034,21.891121398319466,51.18924798234647,0.6532018032626092,0.6992436938273171,53.799878971246045,0.6865148316194731,0.8256418873101354,11.455913877012886,0.0002126754572522331,7.956268420230959,0.6698583174410412,104.98912695359252,0.0,2026-01-09-00-41-56-000000,rl2,aria_gen1,9,False,False,False,False,False,False,False
2901.0,96.7,0.0,0.0,0.0,0.0,0.0,0.0,0.0,0.0,0.0,0.0,0.0,0.0,0.0,0.0,24.942922416859947,0.037917959324370906,23.000522226680488,0.028266115132712856,0.037917959324370906,24.942922416859947,52.579802131228,0.5439289875644275,1.219689252339166,64.73531517181866,0.6696756741912274,2.0144217067584846,29.908866445725437,0.000689655172413793,25.541117957941623,0.6068023308778275,117.31511730304666,0.0,2026-01-09-00-50-24-000000,rl2,aria_gen1,9,False,False,False,False,False,False,False
2638.0,87.93333333333334,0.0,0.0,0.0,0.0,0.0,0.0,0.0,0.0,0.0,0.0,0.0,0.0,0.0,0.0,18.452592232086552,0.04169825625473844,19.122678396697733,0.04435178165276725,0.04435178165276725,19.122678396697733,60.16573868659097,0.6844793934765753,1.1591480020009366,62.78275548419592,0.7142520532900559,1.7568674601578822,12.1481812824407,0.002085703450891164,5.882129414280152,0.6993657233833156,122.94849417078689,0.0,2026-01-09-00-55-10-000000,rl2,aria_gen1,9,False,False,False,False,False,False,False
3020.0,100.66666666666667,0.0,0.0,0.0,0.0,0.0,0.0,0.0,0.0,0.0,0.0,0.0,0.0,0.0,0.0,23.90741629380345,0.016225165562913906,18.56055664505709,0.008940397350993378,0.016225165562913906,23.90741629380345,43.18869223122634,0.42916885291049695,0.32282527120455545,57.4557607445765,0.5709416437023169,0.640002639921563,15.44353634299944,0.0011593242795627692,12.93997436011011,0.5000552483064069,100.64445297580284,0.0,2026-01-09-01-00-13-000000,rl2,aria_gen1,9,False,False,False,False,False,False,False
2910.0,97.0,0.0,0.0,0.0,0.0,0.0,0.0,0.0,0.0,0.0,0.0,0.0,0.0,0.0,0.0,18.992381208348156,0.04020618556701031,21.59953673907249,0.023711340206185566,0.04020618556701031,21.59953673907249,58.25884500451764,0.6008131145189168,0.3827154214261723,63.65005118909427,0.6564116657520894,0.5727854669044091,12.10448227858234,0.0008594018563080096,7.4282917087927505,0.6286123901355032,121.90889619361191,0.0,2026-01-09-19-48-24-000000,rl2,aria_gen1,9,False,False,False,False,False,False,False
2751.0,91.7,0.0,0.0,0.0,0.0,0.0,0.0,0.0,0.0,0.0,0.0,0.0,0.0,0.0,0.0,25.4805040260521,0.011632133769538349,23.37017466728276,0.009087604507451835,0.011632133769538349,25.4805040260521,41.34337821540987,0.45101867144083485,0.6102132039573981,56.44501318813055,0.6157637802341515,0.7386067246396394,10.375562979159023,0.0001818181818181818,6.161728634148346,0.5333912258374932,97.78839140354043,0.0,2026-01-09-19-53-09-000000,rl2,aria_gen1,9,False,False,False,False,False,False,False
2842.0,94.73333333333333,0.0,0.0,0.0,0.0,0.0,0.0,0.0,0.0,0.0,0.0,0.0,0.0,0.0,0.0,20.117690180318917,0.05840957072484166,25.084920827171317,0.047501759324419426,0.05840957072484166,25.084920827171317,55.23497781440399,0.5832627013136641,0.888715487163953,64.21561226885512,0.6780951665137817,0.6985269961726966,10.267124220308467,0.00017599436818021823,5.7266500535498945,0.6306789339137229,119.45059008325912,0.0,2026-01-09-19-57-45-000000,rl2,aria_gen1,9,False,False,False,False,False,False,False
3004.0,100.13333333333334,0.0,0.0,0.0,0.0,0.0,0.0,0.0,0.0,0.0,0.0,0.0,0.0,0.0,0.0,25.102530378561468,0.012649800266311585,23.128701394983963,0.009986684420772303,0.012649800266311585,25.102530378561468,43.63977023551924,0.4359617406145777,0.5825143479228553,60.46403828253361,0.6040363464788572,0.6877986053807877,12.218821774126623,0.000666000666000666,7.015705720999881,0.5199990435467176,104.10380851805284,0.0,2026-01-09-20-03-13-000000,rl2,aria_gen1,9,False,False,False,False,False,False,False
3074.0,102.46666666666667,0.0,0.0,0.0,0.0,0.0,0.0,0.0,0.0,0.0,0.0,0.0,0.0,0.0,0.0,22.667721591910567,0.026024723487312947,25.13407902409513,0.03318152244632401,0.03318152244632401,25.13407902409513,47.282917515302415,0.46159698192615434,1.023923619838207,63.466965923257675,0.6195928986976017,0.9269025678714985,22.338936051249334,0.0003254149040026033,22.13117053197202,0.540594940311878,110.74988343856009,0.0,2026-01-09-20-14-23-000000,rl2,aria_gen1,9,False,False,False,False,False,False,False
2556.0,85.2,0.0,0.0,0.0,0.0,0.0,0.0,0.0,0.0,0.0,0.0,0.0,0.0,0.0,0.0,20.40119525194622,0.05555555555555555,28.408552494404333,0.05985915492957746,0.05985915492957746,28.408552494404333,53.7933126431246,0.6316240232069426,1.0979252901771435,60.268887190077926,0.7076581666153965,0.9161553630596851,10.093590622877024,0.00019569471624266145,6.926265238688601,0.6696410949111695,114.06219983320253,0.0,2026-01-09-20-19-26-000000,rl2,aria_gen1,9,False,False,False,False,False,False,False
2862.0,95.4,0.0,0.0,0.0,0.0,0.0,0.0,0.0,0.0,0.0,0.0,0.0,0.0,0.0,0.0,24.931906345363146,0.045422781271837874,27.26027643239261,0.06009783368273934,0.06009783368273934,27.26027643239261,53.073220892297996,0.5565175207161621,1.068640752045267,63.077239447417995,0.6614180997632085,0.9630946107282895,11.033928517790118,0.00017476406850751484,4.734342720312128,0.6089678102396854,116.15046033971599,0.0,2026-01-09-20-24-04-000000,rl2,aria_gen1,9,False,False,False,False,False,False,False
3075.0,102.5,0.0,0.0,0.0,0.0,0.0,0.0,0.0,0.0,0.0,0.0,0.0,0.0,0.0,0.0,20.649407649550515,0.013008130081300813,23.18330643237799,0.013983739837398375,0.013983739837398375,23.18330643237799,51.59634357354982,0.5035427154217614,0.40727720410115353,67.63646167582138,0.6600825797900589,0.8728481473292639,12.775080964493503,0.00048796356538711777,6.708363202118834,0.5818126476059102,119.2328052493712,0.0,2026-01-09-20-31-25-000000,rl2,aria_gen1,9,False,False,False,False,False,False,False
3470.0,115.66666666666667,0.0,0.0,0.0,0.0,0.0,0.0,0.0,0.0,0.0,0.0,0.0,0.0,0.0,0.0,30.86936574970221,0.012680115273775217,22.896684489529896,0.0,0.012680115273775217,30.86936574970221,54.43393096791042,0.47074601586546916,0.5202389972382507,84.31064913496752,0.7291206324730543,0.6307762690878482,15.85875940717065,0.0008648025367541078,8.07330768642662,0.5999333241692617,138.74458010287793,0.0,2026-01-20-21-28-19-470000,rl2,aria_gen1,9,False,False,False,False,False,False,False
2893.0,96.43333333333334,0.0,0.0,0.0,0.0,0.0,0.0,0.0,0.0,0.0,0.0,0.0,0.0,0.0,0.0,25.156425606039964,0.015209125475285171,19.22709146766246,0.0,0.015209125475285171,25.156425606039964,56.91326880176297,0.5903866058274166,0.7442608866632237,58.41867582682944,0.6060028612741644,0.5859981306370438,11.874930378190715,0.00034578146611341634,3.6172145924167216,0.5981947335507904,115.33194462859241,0.0,2026-01-20-21-28-33-672000,rl2,aria_gen1,9,False,False,False,False,False,False,False
3424.0,114.13333333333334,0.0,0.0,0.0,0.0,0.0,0.0,0.0,0.0,0.0,0.0,0.0,0.0,0.0,0.0,20.9216052654104,0.005841121495327103,15.25243592017682,0.0,0.005841121495327103,20.9216052654104,44.3271457092633,0.38849382742562044,0.6271806771091719,51.88975237636698,0.4547743415983084,0.43080946238770323,12.045791471824,0.0005842827928717499,5.503475468121215,0.4216340845119644,96.21689808563028,0.0,2026-01-20-21-28-46-027000,rl2,aria_gen1,9,False,False,False,False,False,False,False
3612.0,120.4,0.0,0.0,0.0,0.0,0.0,0.0,0.0,0.0,0.0,0.0,0.0,0.0,0.0,0.0,30.937777701689157,0.01079734219269103,22.15905065118559,0.0,0.01079734219269103,30.937777701689157,49.00115469078376,0.40709904201703484,0.658653638809325,87.32153258278632,0.7254627464645775,0.27878099523514327,22.820148508302204,0.0009692605926336195,9.994608447979248,0.5662808942408061,136.32268727357007,0.0,2026-01-20-21-28-58-868000,rl2,aria_gen1,9,False,False,False,False,False,False,False
4307.0,143.56666666666666,0.0,0.0,0.0,0.0,0.0,0.0,0.0,0.0,0.0,0.0,0.0,0.0,0.0,0.0,19.65561279354108,0.011144648247039703,16.071396625532664,0.0,0.011144648247039703,19.65561279354108,65.36002287617245,0.45536476690319866,0.6796042584278589,56.974545068696855,0.3969429521739214,0.2785612472610918,13.66124507332766,0.00023223409196470042,6.128152744016891,0.42615385953856005,122.3345679448693,0.0,2026-01-20-21-29-45-799000,rl2,aria_gen1,9,False,False,False,False,False,False,False
3141.0,104.7,0.0,0.0,0.0,0.0,0.0,0.0,0.0,0.0,0.0,0.0,0.0,0.0,0.0,0.0,26.457029561355146,0.01687360713148679,23.191469822586537,0.0060490289716650745,0.01687360713148679,26.457029561355146,45.66491086174333,0.4362889572778025,0.6358407841763865,58.39646039330384,0.5579279655411195,0.08331250208766364,16.32624506844529,0.0017515923566878981,9.522059997199424,0.49710846140946097,104.06137125504716,0.0,2026-01-20-21-30-16-883000,rl2,aria_gen1,9,False,False,False,False,False,False,False
3384.0,112.8,0.0,0.0,0.0,0.0,0.0,0.0,0.0,0.0,0.0,0.0,0.0,0.0,0.0,0.0,28.252809671113535,0.03693853427895981,21.875399028526374,0.030732860520094562,0.03693853427895981,28.252809671113535,49.12358955188736,0.43562154494727184,0.15823630001118544,91.06268628548709,0.8075319505068319,0.3919975391027968,21.97665464227049,0.0035471475022169673,10.75935503805218,0.6215767477270518,140.18627583737447,0.0,2026-01-20-21-30-45-970000,rl2,aria_gen1,9,False,False,False,False,False,False,False
3092.0,103.06666666666666,0.0,0.0,0.0,0.0,0.0,0.0,0.0,0.0,0.0,0.0,0.0,0.0,0.0,0.0,26.297750688413945,0.012613195342820181,22.423171463328334,0.0,0.012613195342820181,26.297750688413945,55.2698197750048,0.5364265911517775,0.1319149861209234,62.50889596537016,0.6066861465419298,0.09559829875372576,14.435754769115809,0.00016175994823681658,4.297494188946728,0.5715563688468536,117.77871574037496,0.0,2026-01-20-21-31-13-320000,rl2,aria_gen1,9,False,False,False,False,False,False,False
2758.0,91.93333333333334,0.0,0.0,0.0,0.0,0.0,0.0,0.0,0.0,0.0,0.0,0.0,0.0,0.0,0.0,24.998475328095108,0.008339376359680928,23.541660855223526,0.0014503263234227702,0.008339376359680928,24.998475328095108,45.84886493388085,0.4988995096178547,0.14302230744141597,59.57812438696742,0.6482929748309839,0.40476845774010867,13.108034467020047,0.000544069640914037,5.884389240462242,0.5735962422244192,105.42698932084826,0.0,2026-01-20-21-31-40-476000,rl2,aria_gen1,9,False,False,False,False,False,False,False
3165.0,105.5,0.0,0.0,0.0,0.0,0.0,0.0,0.0,0.0,0.0,0.0,0.0,0.0,0.0,0.0,28.926080635538828,0.012954186413902054,25.885724726672827,0.010110584518167456,0.012954186413902054,28.926080635538828,47.06010538843151,0.44620833174871843,0.8244276072036046,87.66783016021346,0.8312373276884967,0.7142768576152975,15.186190612170536,0.0015802781289506952,11.70419577916259,0.6387228297186076,134.72793554864495,0.0,2026-01-20-21-32-08-684000,rl2,aria_gen1,9,False,False,False,False,False,False,False
2999.0,99.96666666666667,0.0,0.0,0.0,0.0,0.0,0.0,0.0,0.0,0.0,0.0,0.0,0.0,0.0,0.0,25.26925506396367,0.019339779926642216,20.908789312912337,0.0030010003334444814,0.019339779926642216,25.26925506396367,50.36589203051036,0.5039949169163812,0.13633345394753005,59.428994280873326,0.5946864004090059,0.06622840240291561,22.244412511860038,0.00066711140760507,5.558824940814449,0.5493406586626935,109.79488631138369,0.0,2026-01-20-21-32-36-344000,rl2,aria_gen1,9,False,False,False,False,False,False,False
3075.0,102.5,0.0,0.0,0.0,0.0,0.0,0.0,0.0,0.0,0.0,0.0,0.0,0.0,0.0,0.0,26.17750011642485,0.022113821138211382,22.269445908093946,0.0016260162601626016,0.022113821138211382,26.17750011642485,45.0405391905786,0.43956284180785893,0.49966519273986004,57.81713799294391,0.564253135910318,0.1538817261786223,10.653499886242601,0.00048796356538711777,5.127213560036817,0.5019079888590884,102.85767718352251,0.0,2026-01-20-21-33-05-081000,rl2,aria_gen1,9,False,False,False,False,False,False,False
137.0,4.566666666666666,0.0,0.0,0.0,0.0,0.0,0.0,0.0,0.0,0.0,0.0,0.0,0.0,0.0,0.0,169.53684688021113,1.0,155.47504964116663,1.0,1.0,169.53684688021113,0.6909243800092795,0.1524097897079293,0.1638977661139293,1.0974020575905226,0.24207398329202706,0.2936193382717794,0.8338605682999151,0.0,0.3400889488060429,0.19724188649997815,1.788326437599802,0.0,692e711f5aae241ad236e7fe,mecka,mecka,7,False,False,False,False,False,False,False
485.0,16.166666666666668,0.0,0.0,0.0,0.0,0.0,0.0,0.0,0.0,0.0,0.0,0.0,0.0,0.0,0.0,168.50860959774468,1.0,165.50312178123298,1.0,1.0,168.50860959774468,7.661850579847328,0.47490809379218973,0.2581601197146998,7.288448981505248,0.45176336662222605,0.09831819264559945,1.9874582375104306,0.0,0.7144244759245028,0.4633357302072079,14.950299561352576,0.0,692e712496d2056439f01264,mecka,mecka,7,False,False,False,False,False,False,False
226.0,7.533333333333333,0.0,0.0,0.0,0.0,0.0,0.0,0.0,0.0,0.0,0.0,0.0,0.0,0.0,0.0,149.04429667128193,1.0,153.0667886789837,1.0,1.0,153.0667886789837,1.8814448356088893,0.25085931141451856,0.09883796055958062,2.4746701303441814,0.3299560173792242,0.08942430772049448,1.341028749628676,0.0,0.6274823257271873,0.29040766439687143,4.35611496595307,0.0,692e71f996d2056439f01277,mecka,mecka,7,False,False,False,False,False,False,False
215.0,7.166666666666667,0.0,0.0,0.0,0.0,0.0,0.0,0.0,0.0,0.0,0.0,0.0,0.0,0.0,0.0,155.9654484203487,1.0,136.34010156923517,1.0,1.0,155.9654484203487,2.8675607925202247,0.40199450362433053,0.2319831047472139,4.196368954497825,0.5882760216585736,0.19254765779793884,3.269310955665147,0.0,0.5027103392610898,0.495135262641452,7.06392974701805,0.0,692e7abc526b2c3ac5f5b1cd,mecka,mecka,7,False,False,False,False,False,False,False
202.0,6.733333333333333,0.0,0.0,0.0,0.0,0.0,0.0,0.0,0.0,0.0,0.0,0.0,0.0,0.0,0.0,173.29783468821097,1.0,157.57626809779254,1.0,1.0,173.29783468821097,1.8224876963443308,0.2720130890066165,0.3193342548136022,2.6756223592608466,0.3993466207852009,0.6926733899754969,1.2042292261998515,0.0,0.30942931050564665,0.3356798548959087,4.498110055605178,0.0,692e7b5839719ab57395b496,mecka,mecka,7,False,False,False,False,False,False,False
272.0,9.066666666666666,0.0,0.0,0.0,0.0,0.0,0.0,0.0,0.0,0.0,0.0,0.0,0.0,0.0,0.0,173.13194179378422,1.0,158.65589428425312,1.0,1.0,173.13194179378422,2.4905074344819846,0.2757019300164559,0.15842997980559312,3.402360835805208,0.37664511097474623,0.7699166973255614,1.2561612428837583,0.0,0.3439563584235655,0.32617352049560105,5.892868270287193,0.0,692e7b5939719ab57395b49e,mecka,mecka,7,False,False,False,False,False,False,False
237.0,7.9,0.0,0.0,0.0,0.0,0.0,0.0,0.0,0.0,0.0,0.0,0.0,0.0,0.0,0.0,169.58436210808725,1.0,158.9588372762185,1.0,1.0,169.58436210808725,1.9952547445340634,0.25363407769500806,0.1419143196191571,2.9035358477507742,0.3690935399683189,0.6639334931998796,1.2014031486326742,0.0,0.5791969048605152,0.3113638088316635,4.898790592284838,0.0,692e7b5a39719ab57395b4a4,mecka,mecka,7,False,False,False,False,False,False,False
239.0,7.966666666666667,0.0,0.0,0.0,0.0,0.0,0.0,0.0,0.0,0.0,0.0,0.0,0.0,0.0,0.0,165.91040971693377,1.0,152.71998247811064,1.0,1.0,165.91040971693377,2.8718619247796116,0.36199940228314426,0.16348528793503653,3.4516474288675667,0.43508160868078577,0.3837235858752852,1.7145580417149486,0.0,0.25004898680058896,0.398540505481965,6.323509353647179,0.0,692e7fa74e86f0c01a206e97,mecka,mecka,7,False,False,False,False,False,False,False
146.0,4.866666666666666,0.0,0.0,0.0,0.0,0.0,0.0,0.0,0.0,0.0,0.0,0.0,0.0,0.0,0.0,158.29252763894365,1.0,152.79131943937176,1.0,1.0,158.29252763894365,1.4891337228309582,0.3080966323098534,0.11366018571866023,1.9666372715884621,0.40689046998381984,0.3921343302721976,1.6689530793902305,0.0,0.29480704638797434,0.3574935511468366,3.4557709944194204,0.0,692e7fa74e86f0c01a206e98,mecka,mecka,7,False,False,False,False,False,False,False
140.0,4.666666666666667,0.0,0.0,0.0,0.0,0.0,0.0,0.0,0.0,0.0,0.0,0.0,0.0,0.0,0.0,160.03848081876288,1.0,148.84501908310045,1.0,1.0,160.03848081876288,1.6794051700639132,0.3624615474958086,0.1652004995965913,1.96615237245555,0.42434943290407556,0.40477708466850976,2.1429127491673974,0.0,0.5799304647972893,0.39340549019994214,3.6455575425194633,0.0,692e7fa84e86f0c01a206e9e,mecka,mecka,7,False,False,False,False,False,False,False
136.0,4.533333333333333,0.0,0.0,0.0,0.0,0.0,0.0,0.0,0.0,0.0,0.0,0.0,0.0,0.0,0.0,161.05889153129158,1.0,150.12530555156002,1.0,1.0,161.05889153129158,1.5558499881030374,0.34574444180067504,0.1914982131357913,2.0290169578897004,0.4508926573088223,0.3664888049542618,1.4853029272875282,0.0,0.45270050695796576,0.39831854955474866,3.584866945992738,0.0,692e7fa84e86f0c01a206e9f,mecka,mecka,7,False,False,False,False,False,False,False
119.0,3.966666666666667,0.0,0.0,0.0,0.0,0.0,0.0,0.0,0.0,0.0,0.0,0.0,0.0,0.0,0.0,166.0095072380649,1.0,147.1959089590897,1.0,1.0,166.0095072380649,1.2285065144120393,0.31233216468102687,0.06913211233821222,1.840515084013623,0.467927563732277,0.22699836629477302,1.464935682007195,0.0,0.4093315191870749,0.39012986420665197,3.069021598425662,0.0,692e7fa94e86f0c01a206ea5,mecka,mecka,7,False,False,False,False,False,False,False
239.0,7.966666666666667,0.0,0.0,0.0,0.0,0.0,0.0,0.0,0.0,0.0,0.0,0.0,0.0,0.0,0.0,155.36379534487185,1.0,143.2158896038983,1.0,1.0,155.36379534487185,2.2410933822072376,0.2824907624630972,0.16813921611901786,4.186941502311949,0.52776573558554,0.35486416924303443,1.8694106205554024,0.0,0.4800633230106218,0.40512824902431854,6.428034884519187,0.0,692e83ad567c97525f4011a5,mecka,mecka,7,False,False,False,False,False,False,False
228.0,7.6,0.0,0.0,0.0,0.0,0.0,0.0,0.0,0.0,0.0,0.0,0.0,0.0,0.0,0.0,157.85114448507915,1.0,139.70055329454897,1.0,1.0,157.85114448507915,2.1478364811557027,0.28385504156242763,0.13961127216510594,4.15269638452123,0.5488145001569907,0.26099987508765615,1.6306547861662177,0.0,0.5997477384700998,0.41633477085970927,6.300532865676932,0.0,692e83ae567c97525f4011ab,mecka,mecka,7,False,False,False,False,False,False,False
179.0,5.966666666666667,0.0,0.0,0.0,0.0,0.0,0.0,0.0,0.0,0.0,0.0,0.0,0.0,0.0,0.0,173.02943524925047,1.0,153.87583685946626,1.0,1.0,173.02943524925047,1.3620632697186874,0.22956122523348663,0.2185317668110329,2.336889328244729,0.3938577519513588,0.6927780382711898,1.3842084251927798,0.0,0.5758073709149624,0.3117094885924227,3.6989525979634164,0.0,692e8586aec602a46af10264,mecka,mecka,7,False,False,False,False,False,False,False
195.0,6.5,0.0,0.0,0.0,0.0,0.0,0.0,0.0,0.0,0.0,0.0,0.0,0.0,0.0,0.0,173.629383475727,1.0,161.3001899958245,1.0,1.0,173.629383475727,1.7887292885061616,0.2766076219339425,0.38484926853476,2.4843139516783532,0.3841722605688174,0.691922112584713,2.076637528273834,0.0,0.4965004051357865,0.33038994125138005,4.273043240184515,0.0,692e8586aec602a46af1026c,mecka,mecka,7,False,False,False,False,False,False,False
231.0,7.7,0.0,0.0,0.0,0.0,0.0,0.0,0.0,0.0,0.0,0.0,0.0,0.0,0.0,0.0,146.90710321806526,1.0,156.8263881681119,1.0,1.0,156.8263881681119,3.505611005804301,0.45725360945273497,0.30241185968839573,3.6632651836992034,0.47781719787380916,0.3690720279567365,1.9633868450021172,0.0,0.7524531637916078,0.467535403663272,7.1688761895035045,0.0,692e87215aae241ad236ea0d,mecka,mecka,7,False,False,False,False,False,False,False
238.0,7.933333333333334,0.0,0.0,0.0,0.0,0.0,0.0,0.0,0.0,0.0,0.0,0.0,0.0,0.0,0.0,159.65667654755754,1.0,153.01593644096113,1.0,1.0,159.65667654755754,2.51943367821987,0.3189156554708696,0.23103477004818676,4.3882978917167055,0.5554807457869246,0.17782015624681158,1.5682199127942005,0.0,0.7484003362505911,0.43719820062889714,6.907731569936575,0.0,692e87215aae241ad236ea13,mecka,mecka,7,False,False,False,False,False,False,False
214.0,7.133333333333334,0.0,0.0,0.0,0.0,0.0,0.0,0.0,0.0,0.0,0.0,0.0,0.0,0.0,0.0,158.27058299987027,1.0,158.04527228491196,1.0,1.0,158.27058299987027,1.7386385189444005,0.2448786646400564,0.12742858945140167,2.2368981048595415,0.31505607110697775,0.13709724751778707,0.904149572765675,0.0,0.4065762548403419,0.279967367873517,3.975536623803942,0.0,692e8ab95aae241ad236eaaf,mecka,mecka,7,False,False,False,False,False,False,False
236.0,7.866666666666666,0.0,0.0,0.0,0.0,0.0,0.0,0.0,0.0,0.0,0.0,0.0,0.0,0.0,0.0,160.1686698712034,1.0,157.8146513998244,1.0,1.0,160.1686698712034,1.848973196317654,0.23603913144480687,0.1900519923349529,2.6474447125622387,0.3379716654334773,0.18860753675206765,1.1454787185120798,0.0,0.5013423375299556,0.28700539843914213,4.496417908879893,0.0,692e8d6faf371a654ce7fb2c,mecka,mecka,7,False,False,False,False,False,False,False
213.0,7.1,0.0,0.0,0.0,0.0,0.0,0.0,0.0,0.0,0.0,0.0,0.0,0.0,0.0,0.0,161.5085385957166,1.0,162.5221730669304,1.0,1.0,162.5221730669304,0.8963070481584736,0.12683590304129344,0.14812432620580074,1.463004000433519,0.20702886798587533,0.295576254517183,0.6906496739570736,0.0,0.2070426999437554,0.16693238551358439,2.3593110485919926,0.0,692e8e4daec602a46af10308,mecka,mecka,7,False,False,False,False,False,False,False
200.0,6.666666666666667,0.0,0.0,0.0,0.0,0.0,0.0,0.0,0.0,0.0,0.0,0.0,0.0,0.0,0.0,162.38640717718323,1.0,162.40534663015598,1.0,1.0,162.40534663015598,0.9388774962726971,0.14153932104613526,0.1784111664142691,1.4334103354354852,0.21609201036715858,0.32346121800543004,0.6734942872322183,0.0,0.2830474371903052,0.17881566570664692,2.3722878317081824,0.0,692e8e4daec602a46af10309,mecka,mecka,7,False,False,False,False,False,False,False
227.0,7.566666666666666,0.0,0.0,0.0,0.0,0.0,0.0,0.0,0.0,0.0,0.0,0.0,0.0,0.0,0.0,172.13708367141757,1.0,163.82344750455496,1.0,1.0,172.13708367141757,1.308146785228647,0.17364780334893545,0.144829769247501,1.7786314408394186,0.236101518695498,0.06999858257536579,0.6851781877778853,0.0,0.29918287818656997,0.20487466102221674,3.0867782260680654,0.0,692e8f564e86f0c01a207012,mecka,mecka,7,False,False,False,False,False,False,False
212.0,7.066666666666666,0.0,0.0,0.0,0.0,0.0,0.0,0.0,0.0,0.0,0.0,0.0,0.0,0.0,0.0,160.11470192639473,1.0,158.25965587265324,1.0,1.0,160.11470192639473,1.3978573513912163,0.1987474907191303,0.16284633205935367,1.7803550978447469,0.2531310565656038,0.1445675753595263,0.6657038529623139,0.0,0.2655186739195566,0.22593927364236707,3.1782124492359634,0.0,692e90c63b319da763b71852,mecka,mecka,7,False,False,False,False,False,False,False
213.0,7.1,0.0,0.0,0.0,0.0,0.0,0.0,0.0,0.0,0.0,0.0,0.0,0.0,0.0,0.0,160.23246999249136,1.0,158.68392625621064,1.0,1.0,160.23246999249136,1.367200187307145,0.19347172461893555,0.06715327850027504,1.8925542954049652,0.2678142870856083,0.15372274363080293,0.9203771741630937,0.0,0.24606927378281088,0.23064300585227196,3.2597544827121103,0.0,692e90c73b319da763b71855,mecka,mecka,7,False,False,False,False,False,False,False
224.0,7.466666666666667,0.0,0.0,0.0,0.0,0.0,0.0,0.0,0.0,0.0,0.0,0.0,0.0,0.0,0.0,158.71606981091287,1.0,159.07041498693206,1.0,1.0,159.07041498693206,1.6156590070340078,0.21735322964583065,0.1508998430184551,2.0226688298516216,0.2721079143298145,0.1940303818588112,0.8830847965941258,0.0,0.46552061791074306,0.24473057198782258,3.6383278368856296,0.0,692e90c93b319da763b7185f,mecka,mecka,7,False,False,False,False,False,False,False
136.0,4.533333333333333,0.0,0.0,0.0,0.0,0.0,0.0,0.0,0.0,0.0,0.0,0.0,0.0,0.0,0.0,160.7440271929546,1.0,152.2454056301195,1.0,1.0,160.7440271929546,1.5756105610056992,0.3501356802234887,0.13413733878734857,2.147901645993288,0.47731147688739733,0.34096110918855155,1.3000855843326873,0.0,0.5471786130688965,0.413723578555443,3.723512206998987,0.0,692e90ee7641010d043544e6,mecka,mecka,7,False,False,False,False,False,False,False
133.0,4.433333333333334,0.0,0.0,0.0,0.0,0.0,0.0,0.0,0.0,0.0,0.0,0.0,0.0,0.0,0.0,159.55958821905034,1.0,152.39613167716433,1.0,1.0,159.55958821905034,1.54372324053859,0.35084619103149767,0.14061442386081607,1.9900785167955748,0.4522905719989943,0.3574122440810239,1.463386921675039,0.0,0.3814900136307655,0.401568381515246,3.5338017573341647,0.0,692e90ef7641010d043544e8,mecka,mecka,7,False,False,False,False,False,False,False
117.0,3.9,0.0,0.0,0.0,0.0,0.0,0.0,0.0,0.0,0.0,0.0,0.0,0.0,0.0,0.0,158.0175078624688,1.0,154.4945744920621,1.0,1.0,158.0175078624688,1.3356320477393875,0.3454220813119105,0.1456828080756815,1.950192619618043,0.5043601602460456,0.37182121463077,1.291924073804445,0.0,0.474846857418261,0.42489112077897806,3.2858246673574305,0.0,692e90ef7641010d043544ea,mecka,mecka,7,False,False,False,False,False,False,False
151.0,5.033333333333333,0.0,0.0,0.0,0.0,0.0,0.0,0.0,0.0,0.0,0.0,0.0,0.0,0.0,0.0,158.50717996965983,1.0,152.1868951693903,1.0,1.0,158.50717996965983,1.7670062301161664,0.3534012460232333,0.17596031425319192,2.1272225892452923,0.42544451784905835,0.3164942391660155,1.3224400338627067,0.0,0.40923432370709084,0.3894228819361459,3.8942288193614587,0.0,692e90ef7641010d043544eb,mecka,mecka,7,False,False,False,False,False,False,False
149.0,4.966666666666667,0.0,0.0,0.0,0.0,0.0,0.0,0.0,0.0,0.0,0.0,0.0,0.0,0.0,0.0,156.46937135222063,1.0,149.34054935768134,1.0,1.0,156.46937135222063,1.885476958144523,0.3821912752995655,0.15214285812627074,2.2566021960119658,0.4574193640564797,0.3924601597182443,1.9376466567141588,0.0,0.44157613182779487,0.41980531967802254,4.142079154156489,0.0,692e90ef7641010d043544ec,mecka,mecka,7,False,False,False,False,False,False,False
222.0,7.4,0.0,0.0,0.0,0.0,0.0,0.0,0.0,0.0,0.0,0.0,0.0,0.0,0.0,0.0,155.8727001782833,1.0,159.13844060140264,1.0,1.0,159.13844060140264,3.800220450296422,0.515867029452003,0.28283142524969157,2.4044114598499458,0.32639069590723246,0.31220589907230867,1.4857292272308151,0.0,0.5895266306961889,0.4211288626796178,6.204631910146368,0.0,692e90ef7641010d043544ef,mecka,mecka,7,False,False,False,False,False,False,False
138.0,4.6,0.0,0.0,0.0,0.0,0.0,0.0,0.0,0.0,0.0,0.0,0.0,0.0,0.0,0.0,153.75768374787793,1.0,156.00071342528486,1.0,1.0,156.00071342528486,1.7430167044207505,0.3816824900191424,0.21855021388150395,2.159885349438707,0.4729675947676001,0.3648907529589764,1.4435153542747012,0.0,0.38553224223143634,0.42732504239337127,3.9029020538594574,0.0,692e90f07641010d043544f0,mecka,mecka,7,False,False,False,False,False,False,False
207.0,6.9,0.0,0.0,0.0,0.0,0.0,0.0,0.0,0.0,0.0,0.0,0.0,0.0,0.0,0.0,155.92255571902103,1.0,153.7123397742126,1.0,1.0,155.92255571902103,1.4288686438909801,0.20808766658606506,0.12552137433707505,2.6199974108917186,0.3815530210036483,0.40010227839114126,1.4454130219998549,0.0,0.33839465155347814,0.29482034379485667,4.048866054782699,0.0,692e91b939719ab57395b6bd,mecka,mecka,7,False,False,False,False,False,False,False
228.0,7.6,0.0,0.0,0.0,0.0,0.0,0.0,0.0,0.0,0.0,0.0,0.0,0.0,0.0,0.0,140.73479923971792,1.0,130.0141078990924,1.0,1.0,140.73479923971792,1.4449970506771068,0.1909687732172388,0.2565649070096859,2.4217292731129874,0.32005232684312607,0.40802439347084074,1.1001587042397398,0.0,0.3992443405985873,0.25551055003018247,3.866726323790094,0.0,692e92517641010d04354502,mecka,mecka,7,False,False,False,False,False,False,False
227.0,7.566666666666666,0.0,0.0,0.0,0.0,0.0,0.0,0.0,0.0,0.0,0.0,0.0,0.0,0.0,0.0,134.8267179786812,1.0,125.89853390777482,1.0,1.0,134.8267179786812,1.4639935644701878,0.1943354289119718,0.22227952159782455,2.3709981744210893,0.31473427094085255,0.47725626119549025,0.8767555690026693,0.0,0.33096743737111134,0.2545348499264122,3.834991738891277,0.0,692e92517641010d04354503,mecka,mecka,7,False,False,False,False,False,False,False
218.0,7.266666666666667,0.0,0.0,0.0,0.0,0.0,0.0,0.0,0.0,0.0,0.0,0.0,0.0,0.0,0.0,138.83937187825347,1.0,130.957997699531,1.0,1.0,138.83937187825347,1.6016183865891427,0.22142189676347596,0.2816888320461477,2.3724825470677926,0.32799297885729856,0.5548012036356007,1.2725819490708106,0.0,0.38224320909598886,0.27470743781038726,3.9741009336569353,0.0,692e92517641010d04354504,mecka,mecka,7,False,False,False,False,False,False,False
220.0,7.333333333333333,0.0,0.0,0.0,0.0,0.0,0.0,0.0,0.0,0.0,0.0,0.0,0.0,0.0,0.0,142.78652959115112,1.0,126.73296516335438,1.0,1.0,142.78652959115112,1.3038576777787227,0.17861064079160585,0.20879662238014293,2.019434603120134,0.27663487713974433,0.5067941654655543,1.3748872886666843,0.0,0.3422109533606428,0.2276227589656751,3.3232922808988565,0.0,692e92517641010d04354506,mecka,mecka,7,False,False,False,False,False,False,False
199.0,6.633333333333334,0.0,0.0,0.0,0.0,0.0,0.0,0.0,0.0,0.0,0.0,0.0,0.0,0.0,0.0,137.94874545278694,1.0,126.77225743604639,1.0,1.0,137.94874545278694,2.3747718065029075,0.3598139100761981,0.2839937008230549,3.751555814745,0.5684175476886362,0.5362364999518038,1.6937362230054802,0.0,0.5758132556654106,0.46411572888241714,6.126327621247908,0.0,692e943aaf371a654ce7fbdc,mecka,mecka,7,False,False,False,False,False,False,False
179.0,5.966666666666667,0.0,0.0,0.0,0.0,0.0,0.0,0.0,0.0,0.0,0.0,0.0,0.0,0.0,0.0,132.67028481882542,1.0,124.1449524251592,1.0,1.0,132.67028481882542,2.3907274137953216,0.402931586594717,0.44440015350421364,2.8213315637552,0.4755053197340225,0.4642398474764573,1.9466401693872943,0.0,0.41365276525124317,0.4392184531643698,5.212058977550521,0.0,692e943aaf371a654ce7fbdd,mecka,mecka,7,False,False,False,False,False,False,False
229.0,7.633333333333334,0.0,0.0,0.0,0.0,0.0,0.0,0.0,0.0,0.0,0.0,0.0,0.0,0.0,0.0,172.3237166211532,1.0,165.3337243212151,1.0,1.0,172.3237166211532,3.073538982920575,0.40441302406849666,0.3927293247075321,3.5671947798469263,0.4693677341903851,0.3271051038253605,1.609471842680121,0.0,0.29774729469803646,0.4368903791294409,6.640733762767502,0.0,692e9644c609aae267b27746,mecka,mecka,7,False,False,False,False,False,False,False
226.0,7.533333333333333,0.0,0.0,0.0,0.0,0.0,0.0,0.0,0.0,0.0,0.0,0.0,0.0,0.0,0.0,173.36838547836993,1.0,162.32900319833766,1.0,1.0,173.36838547836993,2.254959348264475,0.30066124643526326,0.05482222024796108,3.147312980352968,0.4196417307137291,0.12733708055725929,1.582875018782333,0.0,0.16340873324274954,0.36015148857449625,5.4022723286174426,0.0,692e9645c609aae267b2774d,mecka,mecka,7,False,False,False,False,False,False,False
215.0,7.166666666666667,0.0,0.0,0.0,0.0,0.0,0.0,0.0,0.0,0.0,0.0,0.0,0.0,0.0,0.0,174.39875579760692,1.0,162.98375180299382,1.0,1.0,174.39875579760692,3.0556735219113262,0.42836544699691487,0.13721010302658426,2.626802360577432,0.36824332157627554,0.11123125982463548,1.512306456504689,0.0,0.22622615896487278,0.39830438428659515,5.682475882488758,0.0,692e9646c609aae267b27757,mecka,mecka,7,False,False,False,False,False,False,False
193.0,6.433333333333334,0.0,0.0,0.0,0.0,0.0,0.0,0.0,0.0,0.0,0.0,0.0,0.0,0.0,0.0,158.6339564210554,1.0,156.80128769249055,1.0,1.0,158.6339564210554,1.205352799241119,0.18833637488142485,0.10299941186138864,1.6187208463194687,0.252925132237417,0.09504260629656827,0.8530954980835755,0.0,0.24534345742244693,0.22063075355942094,2.8240736455605875,0.0,692e97586974927fef249b9c,mecka,mecka,7,False,False,False,False,False,False,False
189.0,6.3,0.0,0.0,0.0,0.0,0.0,0.0,0.0,0.0,0.0,0.0,0.0,0.0,0.0,0.0,159.727733666665,1.0,155.31358062078016,1.0,1.0,159.727733666665,1.1694003693842883,0.18660644192302472,0.16258252359085582,1.5752581266885404,0.25137097766306493,0.11916820474563117,0.7344330772918801,0.0,0.387543722694614,0.2189887097930448,2.7446584960728284,0.0,692e97596974927fef249ba2,mecka,mecka,7,False,False,False,False,False,False,False
183.0,6.1,0.0,0.0,0.0,0.0,0.0,0.0,0.0,0.0,0.0,0.0,0.0,0.0,0.0,0.0,157.4741476454333,1.0,155.64617915263906,1.0,1.0,157.4741476454333,1.2343091078429553,0.20345754524883877,0.053413553349668894,1.6031734070911705,0.2642593528172259,0.12876834809065968,0.9977350404650599,0.0,0.36142882577348473,0.23385844903303238,2.837482514934126,0.0,692e97596974927fef249ba6,mecka,mecka,7,False,False,False,False,False,False,False
166.0,5.533333333333333,0.0,0.0,0.0,0.0,0.0,0.0,0.0,0.0,0.0,0.0,0.0,0.0,0.0,0.0,163.95278585009513,1.0,160.5912889381743,1.0,1.0,163.95278585009513,1.420725835360518,0.2583137882473669,0.05886472052149893,2.579478135766278,0.4689960246847778,0.2816365225303375,1.1828836303187544,0.0,0.48657531503355156,0.36365490646607235,4.000203971126796,0.0,692e99191e78e176ba6cf76b,mecka,mecka,7,False,False,False,False,False,False,False
147.0,4.9,0.0,0.0,0.0,0.0,0.0,0.0,0.0,0.0,0.0,0.0,0.0,0.0,0.0,0.0,166.5801905811086,1.0,163.76301585891974,1.0,1.0,166.5801905811086,1.1644089241131483,0.2392621076944825,0.167365045469258,2.3374386168746017,0.48029560620710987,0.42160828444444787,1.193613578914996,0.0,0.2820711644248662,0.35977885695079614,3.5018475409877503,0.0,692e991a1e78e176ba6cf776,mecka,mecka,7,False,False,False,False,False,False,False
178.0,5.933333333333334,0.0,0.0,0.0,0.0,0.0,0.0,0.0,0.0,0.0,0.0,0.0,0.0,0.0,0.0,166.81032072243352,1.0,161.39026112198636,1.0,1.0,166.81032072243352,1.3668956414752058,0.231677227368679,0.10102150138692628,3.2540928699385026,0.5515411643963564,0.23558588749061174,1.6105191292399574,0.0,0.48598632665950553,0.39160919588251764,4.620988511413708,0.0,692e991a1e78e176ba6cf779,mecka,mecka,7,False,False,False,False,False,False,False
179.0,5.966666666666667,0.0,0.0,0.0,0.0,0.0,0.0,0.0,0.0,0.0,0.0,0.0,0.0,0.0,0.0,170.67456174418223,1.0,160.42993833072575,1.0,1.0,170.67456174418223,1.3476952300355065,0.22713964551160223,0.24149663612375616,2.9890997850351924,0.5037808626463808,0.34281344565108135,1.2746157461828778,0.0,0.3992369736134167,0.36546025407899146,4.336795015070699,0.0,692e991b1e78e176ba6cf77e,mecka,mecka,7,False,False,False,False,False,False,False
230.0,7.666666666666667,0.0,0.0,0.0,0.0,0.0,0.0,0.0,0.0,0.0,0.0,0.0,0.0,0.0,0.0,173.09305682980602,1.0,164.35848812141617,1.0,1.0,173.09305682980602,2.099612263050572,0.27505837507212744,0.2596709933136715,2.3277125664037905,0.3049405108825927,0.2183866612601627,1.8337625494182455,0.0,0.7541413115590468,0.2899994429773601,4.427324829454363,0.0,692e9a0095aad87d3e344527,mecka,mecka,7,False,False,False,False,False,False,False
223.0,7.433333333333334,0.0,0.0,0.0,0.0,0.0,0.0,0.0,0.0,0.0,0.0,0.0,0.0,0.0,0.0,159.33762633449473,1.0,149.76092654654767,1.0,1.0,159.33762633449473,2.0595878120010904,0.2783226772974447,0.23071579784082918,3.2377206729546812,0.43752982066955154,0.41871629439741026,1.832707863926848,0.0,0.5311668551406447,0.3579262489834981,5.297308484955772,0.0,692e9b1cb77ab81b8b41ecff,mecka,mecka,7,False,False,False,False,False,False,False
216.0,7.2,0.0,0.0,0.0,0.0,0.0,0.0,0.0,0.0,0.0,0.0,0.0,0.0,0.0,0.0,164.20892064036198,1.0,150.88332306314157,1.0,1.0,164.20892064036198,1.7168943292234684,0.23956665058932114,0.140332833302739,2.463126809181122,0.3436921129089938,0.23343301157537658,1.1795800976678343,0.0,0.36373827321303503,0.2916293817491575,4.180021138404591,0.0,692e9b80c609aae267b27808,mecka,mecka,7,False,False,False,False,False,False,False
228.0,7.6,0.0,0.0,0.0,0.0,0.0,0.0,0.0,0.0,0.0,0.0,0.0,0.0,0.0,0.0,151.45765704953945,1.0,157.05408235063243,1.0,1.0,157.05408235063243,3.7099794388554237,0.49030565271217064,0.458686180448065,3.9870621747994397,0.5269245164933181,0.37101633342931883,2.109465450991219,0.0,0.6733000868112227,0.5086150846027443,7.697041613654863,0.0,692e9dda727c13b350cb7b98,mecka,mecka,7,False,False,False,False,False,False,False
176.0,5.866666666666666,0.0,0.0,0.0,0.0,0.0,0.0,0.0,0.0,0.0,0.0,0.0,0.0,0.0,0.0,161.47542817170205,1.0,157.40169078029095,1.0,1.0,161.47542817170205,1.528401992914373,0.2620117702138926,0.11240608017564305,2.8089312976978933,0.48153107960535324,0.2180519310893901,1.2546447378483863,0.0,0.583088821192792,0.3717714249096229,4.337333290612266,0.0,692e9eae5aae241ad236eca6,mecka,mecka,7,False,False,False,False,False,False,False
233.0,7.766666666666667,0.0,0.0,0.0,0.0,0.0,0.0,0.0,0.0,0.0,0.0,0.0,0.0,0.0,0.0,166.16527879536588,1.0,156.70513584688987,1.0,1.0,166.16527879536588,1.6088347773109781,0.2080389798246954,0.12852440620326142,3.3743820085408265,0.43634250110441725,0.17764523060576812,1.2715496469807945,0.0,0.4704160041920346,0.3221907404645563,4.983216785851805,0.0,692e9eaf5aae241ad236ecae,mecka,mecka,7,False,False,False,False,False,False,False
194.0,6.466666666666667,0.0,0.0,0.0,0.0,0.0,0.0,0.0,0.0,0.0,0.0,0.0,0.0,0.0,0.0,162.06850422814853,1.0,161.03008741673955,1.0,1.0,162.06850422814853,1.57833997174422,0.24533781944210672,0.39306819445246605,3.277250739993744,0.5094172134705302,0.4050358776968856,1.5924888672395665,0.0,0.4079805557866692,0.37737751645631845,4.855590711737964,0.0,692e9eb05aae241ad236ecb6,mecka,mecka,7,False,False,False,False,False,False,False
210.0,7.0,0.0,0.0,0.0,0.0,0.0,0.0,0.0,0.0,0.0,0.0,0.0,0.0,0.0,0.0,174.84808749614274,1.0,156.12258932910294,1.0,1.0,174.84808749614274,1.8872739855320468,0.2709005720859397,0.22226898736696135,3.0701877501515487,0.44069680624184904,0.334244125300587,1.3723850329446439,0.0,0.26229877544510216,0.3557986891638944,4.957461735683595,0.0,692e9f04e2322e3b092b5d91,mecka,mecka,7,False,False,False,False,False,False,False
235.0,7.833333333333333,0.0,0.0,0.0,0.0,0.0,0.0,0.0,0.0,0.0,0.0,0.0,0.0,0.0,0.0,163.06580560045143,1.0,162.45001971162816,1.0,1.0,163.06580560045143,1.4408909476150655,0.1847296086685981,0.12808139911698438,2.888192921415171,0.37028114377117577,0.319471759210448,1.1561191653793161,0.0,0.2854761002255716,0.27750537621988697,4.329083869030237,0.0,692e9f04e2322e3b092b5d94,mecka,mecka,7,False,False,False,False,False,False,False
190.0,6.333333333333333,0.0,0.0,0.0,0.0,0.0,0.0,0.0,0.0,0.0,0.0,0.0,0.0,0.0,0.0,164.10466893728645,1.0,164.42151376151816,1.0,1.0,164.42151376151816,1.756910667825863,0.27887470917870844,0.2757602559054822,3.1391768311764734,0.4982820366946784,0.3958617727710483,1.4218010572018516,0.0,0.6535813095552836,0.3885783729366934,4.896087499002336,0.0,692e9f05e2322e3b092b5d9c,mecka,mecka,7,False,False,False,False,False,False,False
197.0,6.566666666666666,0.0,0.0,0.0,0.0,0.0,0.0,0.0,0.0,0.0,0.0,0.0,0.0,0.0,0.0,158.00753522854566,1.0,158.36038726304568,1.0,1.0,158.36038726304568,1.2906371870519866,0.1975465082222428,0.0643769004288625,1.8540666423900283,0.2837857105699023,0.08172919697750225,1.0245662405167648,0.0,0.2916005231476788,0.24066610939607255,3.144703829442015,0.0,692e9f2bba0400c70689fdf3,mecka,mecka,7,False,False,False,False,False,False,False
187.0,6.233333333333333,0.0,0.0,0.0,0.0,0.0,0.0,0.0,0.0,0.0,0.0,0.0,0.0,0.0,0.0,160.49392356039203,1.0,157.71223921576862,1.0,1.0,160.49392356039203,1.0807192162715855,0.17430955101154605,0.2163555353200819,1.4175277398518489,0.22863350642771751,0.20899441398205032,0.7967068128115778,0.0,0.2584677469240603,0.2014715287196318,2.4982469561234346,0.0,692e9f2bba0400c70689fdf4,mecka,mecka,7,False,False,False,False,False,False,False
231.0,7.7,0.0,0.0,0.0,0.0,0.0,0.0,0.0,0.0,0.0,0.0,0.0,0.0,0.0,0.0,159.8815757211941,1.0,158.27241763423115,1.0,1.0,159.8815757211941,1.3637923135410666,0.1778859539401391,0.04113175531544862,1.764437197275667,0.2301439822533479,0.050807870563918694,0.7367691090772109,0.0,0.29129672655215333,0.2040149680967435,3.1282295108167335,0.0,692e9f2bba0400c70689fdf5,mecka,mecka,7,False,False,False,False,False,False,False
188.0,6.266666666666667,0.0,0.0,0.0,0.0,0.0,0.0,0.0,0.0,0.0,0.0,0.0,0.0,0.0,0.0,158.56334745079565,1.0,157.84638504951204,1.0,1.0,158.56334745079565,1.2464959280305616,0.1999726087749564,0.07623751143105469,1.70954885972938,0.2742591753576546,0.11476388781135592,0.8655080157310728,0.0,0.3186794180677506,0.2371158920663055,2.9560447877599416,0.0,692e9f2cba0400c70689fdf8,mecka,mecka,7,False,False,False,False,False,False,False
189.0,6.3,0.0,0.0,0.0,0.0,0.0,0.0,0.0,0.0,0.0,0.0,0.0,0.0,0.0,0.0,157.06291373421752,1.0,158.86812845660162,1.0,1.0,158.86812845660162,1.0421711902173514,0.16630391333255606,0.0937493470878095,1.4509579666939336,0.23153584574903202,0.0545578555263975,0.7365079464307698,0.0,0.17870455841975508,0.19891987954079407,2.493129156911285,0.0,692e9f2cba0400c70689fdfd,mecka,mecka,7,False,False,False,False,False,False,False
173.0,5.766666666666667,0.0,0.0,0.0,0.0,0.0,0.0,0.0,0.0,0.0,0.0,0.0,0.0,0.0,0.0,171.41894114562902,1.0,154.20613522217656,1.0,1.0,171.41894114562902,1.1790438990812149,0.2056471917002119,0.14008032721493244,2.254562271528236,0.3932376054991109,0.07427143829209754,1.3186962395411341,0.0,0.13693132183689755,0.29944239859966143,3.4336061706094507,0.0,692e9fd83019385fbbf56737,mecka,mecka,7,False,False,False,False,False,False,False
216.0,7.2,0.0,0.0,0.0,0.0,0.0,0.0,0.0,0.0,0.0,0.0,0.0,0.0,0.0,0.0,159.1854883216745,1.0,151.11166586796054,1.0,1.0,159.1854883216745,1.3396671309776755,0.18693029734572222,0.13481496257732672,2.2119081425652833,0.3086383454742256,0.19424999665873782,0.9903598388911787,0.0,0.26664824919732577,0.24778432140997386,3.5515752735429587,0.0,692ea06f5cd6df8b6023c989,mecka,mecka,7,False,False,False,False,False,False,False
204.0,6.8,0.0,0.0,0.0,0.0,0.0,0.0,0.0,0.0,0.0,0.0,0.0,0.0,0.0,0.0,155.4251875807129,1.0,149.1277136067634,1.0,1.0,155.4251875807129,1.447637295119578,0.21393654607678492,0.08505748180014341,2.4922820899059825,0.3683175502324112,0.10838904984224386,1.1102041679913748,0.0,0.2635209699435701,0.29112704815459806,3.9399193850255605,0.0,692ea0705cd6df8b6023c98a,mecka,mecka,7,False,False,False,False,False,False,False
215.0,7.166666666666667,0.0,0.0,0.0,0.0,0.0,0.0,0.0,0.0,0.0,0.0,0.0,0.0,0.0,0.0,157.02766908193195,1.0,148.62717701415514,1.0,1.0,157.02766908193195,1.4717208875477694,0.20631601227305188,0.10803579920621745,2.7188378071434647,0.38114548698272877,0.10165194052568405,1.0305985275472074,0.0,0.5399022736570019,0.2937307496278903,4.190558694691234,0.0,692ea0ee3019385fbbf5674c,mecka,mecka,7,False,False,False,False,False,False,False
87.0,2.9,0.0,0.0,0.0,0.0,0.0,0.0,0.0,0.0,0.0,0.0,0.0,0.0,0.0,0.0,170.18728280816603,1.0,155.32309902020987,1.0,1.0,170.18728280816603,0.9331763570706936,0.3255266361874513,0.21053590393054705,1.1015177916678829,0.38425039244228476,0.282266097125715,1.0355117061870789,0.0,0.25072840245971206,0.354888514314868,2.0346941487385766,0.0,692ea124eee2f8cb10d0f726,mecka,mecka,7,False,False,True,False,False,False,True
138.0,4.6,0.0,0.0,0.0,0.0,0.0,0.0,0.0,0.0,0.0,0.0,0.0,0.0,0.0,0.0,170.19013819704622,1.0,156.37321504559833,1.0,1.0,170.19013819704622,1.1376844657303247,0.24912798519642151,0.18957098913681672,1.704868621505074,0.37332889522008916,0.2760951770566466,1.0940114012613946,0.0,0.22323440057482163,0.31122844020825535,2.8425530872353986,0.0,692ea124eee2f8cb10d0f727,mecka,mecka,7,False,False,False,False,False,False,False
98.0,3.2666666666666666,0.0,0.0,0.0,0.0,0.0,0.0,0.0,0.0,0.0,0.0,0.0,0.0,0.0,0.0,168.21238009312634,1.0,160.0751500130746,1.0,1.0,168.21238009312634,0.9053612356381608,0.2800086295788126,0.19942876252241887,1.3054746359260392,0.4037550420389811,0.3136583065025323,1.1809431201215252,0.0,0.5620236326881649,0.34188183580889686,2.2108358715642,0.0,692ea126eee2f8cb10d0f732,mecka,mecka,7,False,False,False,False,False,False,False
104.0,3.466666666666667,0.0,0.0,0.0,0.0,0.0,0.0,0.0,0.0,0.0,0.0,0.0,0.0,0.0,0.0,169.06820219618058,1.0,156.71422332363633,1.0,1.0,169.06820219618058,0.9853792860476434,0.2870036755478572,0.10538201051195013,1.1637728588438798,0.3389629685953047,0.22815738339847394,1.079071771267843,0.0,0.6157168149401155,0.312983322071581,2.149152144891523,0.0,692ea127eee2f8cb10d0f738,mecka,mecka,7,False,False,False,False,False,False,False
162.0,5.4,0.0,0.0,0.0,0.0,0.0,0.0,0.0,0.0,0.0,0.0,0.0,0.0,0.0,0.0,171.77049920991425,1.0,158.93935209253976,1.0,1.0,171.77049920991425,1.3948154762606197,0.2599035048932832,0.11485472728820902,2.668500300486232,0.49723608083594384,0.44346101609083116,1.2549557786505423,0.0,0.4220787787842457,0.37856979286461356,4.063315776746852,0.0,692ea17cba0400c70689fe4d,mecka,mecka,7,False,False,False,False,False,False,False
217.0,7.233333333333333,0.0,0.0,0.0,0.0,0.0,0.0,0.0,0.0,0.0,0.0,0.0,0.0,0.0,0.0,170.17612525992894,1.0,158.16251001855065,1.0,1.0,170.17612525992894,1.9683770806733123,0.27338570564907116,0.2968361188875859,3.7450130540354385,0.5201407019493665,0.32606454089001324,1.5727341721093626,0.0,0.6320341346794491,0.3967632037992188,5.713390134708751,0.0,692ea17dba0400c70689fe54,mecka,mecka,7,False,False,False,False,False,False,False
230.0,7.666666666666667,0.0,0.0,0.0,0.0,0.0,0.0,0.0,0.0,0.0,0.0,0.0,0.0,0.0,0.0,158.37156132247128,1.0,151.3453326560199,1.0,1.0,158.37156132247128,1.8177570690188372,0.2381341138452625,0.5208254409094595,2.6183012796946925,0.34300890127004713,0.3089492052323369,1.6138019647818578,0.0,0.3922139478651929,0.2905715075576548,4.43605834871353,0.0,692ea1c268228e362d908fcf,mecka,mecka,7,False,False,False,False,False,False,False
203.0,6.766666666666667,0.0,0.0,0.0,0.0,0.0,0.0,0.0,0.0,0.0,0.0,0.0,0.0,0.0,0.0,158.90859738990733,1.0,151.21315039340365,1.0,1.0,158.90859738990733,1.4159519495270123,0.21028989349411073,0.08565246130193113,2.7606531812854156,0.40999799722060626,0.08951389177608891,1.1122731720476762,0.0,0.274701293407948,0.3101439453573585,4.176605130812428,0.0,692ea1c268228e362d908fd1,mecka,mecka,7,False,False,False,False,False,False,False
203.0,6.766666666666667,0.0,0.0,0.0,0.0,0.0,0.0,0.0,0.0,0.0,0.0,0.0,0.0,0.0,0.0,159.78800839900018,1.0,152.42285805924348,1.0,1.0,159.78800839900018,1.4236520799002061,0.2114334772129019,0.03128556236917514,2.472137522332922,0.3671491369801369,0.05541060544496593,1.1204551357462913,0.0,0.2208906070886677,0.2892913070965194,3.895789602233128,0.0,692ea1c268228e362d908fd2,mecka,mecka,7,False,False,False,False,False,False,False
210.0,7.0,0.0,0.0,0.0,0.0,0.0,0.0,0.0,0.0,0.0,0.0,0.0,0.0,0.0,0.0,156.96988080174697,1.0,152.28929306432224,1.0,1.0,156.96988080174697,1.4726227256879314,0.2113812524910906,0.05912444635929457,2.360323729575125,0.33880244922130975,0.05579968227090641,0.9906159946485866,0.0,0.4210721269568907,0.27509185085620014,3.8329464552630563,0.0,692ea1c368228e362d908fd6,mecka,mecka,7,False,False,False,False,False,False,False
231.0,7.7,0.0,0.0,0.0,0.0,0.0,0.0,0.0,0.0,0.0,0.0,0.0,0.0,0.0,0.0,154.7180636842065,1.0,151.61604701930983,1.0,1.0,154.7180636842065,1.6852045621953078,0.2198092907211271,0.12151383090158607,2.6761709107902085,0.3490657709726359,0.1318781905188342,0.8951843399526991,0.0,0.397281133330039,0.2844375308468815,4.361375472985516,0.0,692ea1c468228e362d908fda,mecka,mecka,7,False,False,False,False,False,False,False
191.0,6.366666666666666,0.0,0.0,0.0,0.0,0.0,0.0,0.0,0.0,0.0,0.0,0.0,0.0,0.0,0.0,159.95164166208622,1.0,153.98924704711416,1.0,1.0,159.95164166208622,1.2907085827968627,0.2037960920205573,0.04729092553983437,2.2439872077950755,0.354313769651854,0.06213844686115442,1.073041108555004,0.0,0.2426925647810418,0.27905493083620564,3.5346957905919383,0.0,692ea21bc7cb0e94dc84bb3d,mecka,mecka,7,False,False,False,False,False,False,False
199.0,6.633333333333334,0.0,0.0,0.0,0.0,0.0,0.0,0.0,0.0,0.0,0.0,0.0,0.0,0.0,0.0,168.3648164413626,1.0,154.91177751690822,1.0,1.0,168.3648164413626,2.2264069319843616,0.3373343836339942,0.6371578606957183,2.3511464809598817,0.35623431529695176,0.7045978800344984,1.3812245497918023,0.0,0.41740623306318775,0.34678434946547304,4.577553412944243,0.0,692ea2213b319da763b71a53,mecka,mecka,7,False,False,False,False,False,False,False
179.0,5.966666666666667,0.0,0.0,0.0,0.0,0.0,0.0,0.0,0.0,0.0,0.0,0.0,0.0,0.0,0.0,155.11025626670073,1.0,154.7605335612651,1.0,1.0,155.11025626670073,1.3932019703481435,0.2348093208451927,0.03198474347104544,2.429424780544468,0.4094536146985057,0.015846348559645885,1.0036024536873918,0.0,0.35089535876098354,0.32213146777184926,3.8226267508926117,0.0,692ea28ad3d807884d4dd706,mecka,mecka,7,False,False,False,False,False,False,False
166.0,5.533333333333333,0.0,0.0,0.0,0.0,0.0,0.0,0.0,0.0,0.0,0.0,0.0,0.0,0.0,0.0,153.28391580255283,1.0,151.75511106552125,1.0,1.0,153.28391580255283,1.4469400091974598,0.2630800016722654,0.10108426870322385,2.2776331525902807,0.41411511865277845,0.09323030926436163,0.9519952229681958,0.0,0.34453185585660934,0.3385975601625219,3.7245731617877404,0.0,692ea28bd3d807884d4dd708,mecka,mecka,7,False,False,False,False,False,False,False
237.0,7.9,0.0,0.0,0.0,0.0,0.0,0.0,0.0,0.0,0.0,0.0,0.0,0.0,0.0,0.0,158.5011211359997,1.0,155.72434399476074,1.0,1.0,158.5011211359997,1.8803446155283456,0.2390268579061456,0.15482555953198934,2.3769109024022086,0.30214969098333166,0.0910972939603737,0.8421670026459811,0.0,0.4038051218100139,0.27058827444473865,4.257255517930554,0.0,692ea309ad0c9ef057d41ce3,mecka,mecka,7,False,False,False,False,False,False,False
93.0,3.1,0.0,0.0,0.0,0.0,0.0,0.0,0.0,0.0,0.0,0.0,0.0,0.0,0.0,0.0,171.20156895853071,1.0,146.16083003803942,1.0,1.0,171.20156895853071,1.7344090815424187,0.5655681787638321,0.4988834006016581,1.6040106472034963,0.5230469501750532,0.3425270399428208,2.0664828471839685,0.0,0.6105010975420139,0.5443075644694426,3.338419728745915,0.0,692ea318ba0400c70689fe7e,mecka,mecka,7,False,False,False,False,False,False,False
137.0,4.566666666666666,0.0,0.0,0.0,0.0,0.0,0.0,0.0,0.0,0.0,0.0,0.0,0.0,0.0,0.0,161.78069295522576,1.0,146.30838744471305,1.0,1.0,161.78069295522576,2.084010136047575,0.4597081182457886,0.4076479674600833,2.406109549701817,0.5307594594930478,0.7446013498313908,2.2750950440698228,0.0,0.4791336149760314,0.49523378886941816,4.4901196857493915,0.0,692ea318ba0400c70689fe7f,mecka,mecka,7,False,False,False,False,False,False,False
154.0,5.133333333333334,0.0,0.0,0.0,0.0,0.0,0.0,0.0,0.0,0.0,0.0,0.0,0.0,0.0,0.0,159.9454312944759,1.0,144.28230992343566,1.0,1.0,159.9454312944759,3.2217441006558962,0.6317145295403719,0.8318277649565888,2.612340352048869,0.5122235984409547,0.7024590157397839,3.7504971906048103,0.0,0.4918783267231851,0.5719690639906633,5.834084452704765,0.0,692ea319ba0400c70689fe88,mecka,mecka,7,False,False,False,False,False,False,False
149.0,4.966666666666667,0.0,0.0,0.0,0.0,0.0,0.0,0.0,0.0,0.0,0.0,0.0,0.0,0.0,0.0,160.05378777601518,1.0,146.71113556337696,1.0,1.0,160.05378777601518,2.54028006573023,0.5149216349453167,0.41853426989907383,2.439916574843373,0.4945776840898729,0.46755280483379946,1.6035036596957697,0.0,0.592273389069609,0.5047496595175948,4.9801966405736025,0.0,692ea31aba0400c70689fe8b,mecka,mecka,7,False,False,False,False,False,False,False
165.0,5.5,0.0,0.0,0.0,0.0,0.0,0.0,0.0,0.0,0.0,0.0,0.0,0.0,0.0,0.0,149.42618267945696,1.0,144.2517471822127,1.0,1.0,149.42618267945696,2.2358636956385323,0.40899945651924385,0.30261937989286425,2.4048206176293387,0.43990621054195234,0.6070124372266466,1.4632518277913742,0.0,0.7056401500056526,0.42445283353059804,4.640684313267871,0.0,692ea31aba0400c70689fe8d,mecka,mecka,7,False,False,False,False,False,False,False
164.0,5.466666666666667,0.0,0.0,0.0,0.0,0.0,0.0,0.0,0.0,0.0,0.0,0.0,0.0,0.0,0.0,169.51688895086997,1.0,151.9794958389842,1.0,1.0,169.51688895086997,3.067240096687286,0.5645227171817092,0.936746963618183,1.9976536035986132,0.36766630741078765,0.5990823795632865,4.2670331426954995,0.0,0.5995298132703666,0.4660945122962485,5.064893700285899,0.0,692ea31bba0400c70689fe92,mecka,mecka,7,False,False,False,False,False,False,False
150.0,5.0,0.0,0.0,0.0,0.0,0.0,0.0,0.0,0.0,0.0,0.0,0.0,0.0,0.0,0.0,158.75853431208196,1.0,156.6833841742843,1.0,1.0,158.75853431208196,1.2937608565254164,0.2604887630588087,0.18640625027435231,2.656012035424254,0.5347675239109235,0.4209827859078902,1.41802124467477,0.0,0.6637440148882697,0.39762814348486614,3.94977289194967,0.0,692ea415d3d807884d4dd717,mecka,mecka,7,False,False,False,False,False,False,False
182.0,6.066666666666666,0.0,0.0,0.0,0.0,0.0,0.0,0.0,0.0,0.0,0.0,0.0,0.0,0.0,0.0,160.27617321208567,1.0,157.858789801051,1.0,1.0,160.27617321208567,1.7998418715953532,0.2983163323086221,0.18258910369933387,2.96079638211417,0.4907397318421276,0.19057472400970255,1.476806050357136,0.0,0.756485279367682,0.39452803207537485,4.760638253709523,0.0,692ea415d3d807884d4dd718,mecka,mecka,7,False,False,False,False,False,False,False
188.0,6.266666666666667,0.0,0.0,0.0,0.0,0.0,0.0,0.0,0.0,0.0,0.0,0.0,0.0,0.0,0.0,161.42327034625805,1.0,159.28578693438897,1.0,1.0,161.42327034625805,1.9223307220419183,0.30839530300137724,0.17735978001245303,3.614290139930829,0.5798326427696517,0.2522946362469097,1.3015186124779792,0.0,0.4577960337311801,0.4441139728855145,5.5366208619727475,0.0,692ea415d3d807884d4dd719,mecka,mecka,7,False,False,False,False,False,False,False
201.0,6.7,0.0,0.0,0.0,0.0,0.0,0.0,0.0,0.0,0.0,0.0,0.0,0.0,0.0,0.0,164.3842276916964,1.0,159.39332806832547,1.0,1.0,164.3842276916964,1.6787878488129362,0.2518181773219405,0.06907212834284249,3.0858269214015177,0.46287403821022766,0.2259722030354329,1.4181267342438346,0.0,0.781243584613661,0.35734610776608405,4.764614770214454,0.0,692ea415d3d807884d4dd71d,mecka,mecka,7,False,False,False,False,False,False,False
222.0,7.4,0.0,0.0,0.0,0.0,0.0,0.0,0.0,0.0,0.0,0.0,0.0,0.0,0.0,0.0,162.26529652661594,1.0,163.18015529454408,1.0,1.0,163.18015529454408,2.8328665735413656,0.38455202355765145,0.2620097337318027,3.7213160813015356,0.505156029135955,0.21452684618867993,1.6156562328642852,0.0,0.46290475272997467,0.44485402634680327,6.554182654842901,0.0,692ea416d3d807884d4dd721,mecka,mecka,7,False,False,False,False,False,False,False
191.0,6.366666666666666,0.0,0.0,0.0,0.0,0.0,0.0,0.0,0.0,0.0,0.0,0.0,0.0,0.0,0.0,164.69403331246042,1.0,160.729412524151,1.0,1.0,164.69403331246042,1.520483881997569,0.2400764024206688,0.09316860656154623,2.5184134288928,0.3976442256146527,0.04933240083484316,0.8782604973983793,0.0,0.28439296826750204,0.31886031401766074,4.038897310890369,0.0,692ea44dc621d7f4aac3aae6,mecka,mecka,7,False,False,False,False,False,False,False
184.0,6.133333333333334,0.0,0.0,0.0,0.0,0.0,0.0,0.0,0.0,0.0,0.0,0.0,0.0,0.0,0.0,166.08698771452293,1.0,161.67130063781465,1.0,1.0,166.08698771452293,1.391039830713213,0.22803931651036274,0.08525811451494783,2.5955550141909614,0.42550082199851824,0.08372696041355228,0.9320090201532171,0.0,0.39288929814898244,0.3267700692544405,3.9865948449041744,0.0,692ea44dc621d7f4aac3aae8,mecka,mecka,7,False,False,False,False,False,False,False
205.0,6.833333333333333,0.0,0.0,0.0,0.0,0.0,0.0,0.0,0.0,0.0,0.0,0.0,0.0,0.0,0.0,166.10375061940826,1.0,160.94884486254276,1.0,1.0,166.10375061940826,1.5109047668383082,0.22219187747622182,0.0633955612516392,2.7420076982255237,0.40323642620963585,0.06006979426319953,1.0676751662245798,0.0,0.3416435629424335,0.3127141518429288,4.252912465063832,0.0,692ea44dc621d7f4aac3aaec,mecka,mecka,7,False,False,False,False,False,False,False
200.0,6.666666666666667,0.0,0.0,0.0,0.0,0.0,0.0,0.0,0.0,0.0,0.0,0.0,0.0,0.0,0.0,158.08230158663883,1.0,151.7566465492508,1.0,1.0,158.08230158663883,1.8059598190465564,0.27225524910249593,0.18134248984177828,2.3463553859567954,0.3537219174809239,0.2567840988807369,1.1382514644723298,0.0,0.3462398010050242,0.3129885832917099,4.152315205003352,0.0,692ea467b0d3d3c9d26069c9,mecka,mecka,7,False,False,False,False,False,False,False
174.0,5.8,0.0,0.0,0.0,0.0,0.0,0.0,0.0,0.0,0.0,0.0,0.0,0.0,0.0,0.0,166.0258498071098,1.0,151.25530122763695,1.0,1.0,166.0258498071098,1.4112701318556045,0.24472892459923776,0.06354468663961065,2.4005081829609227,0.41627309531114265,0.09650976502953276,1.2799702257694114,0.0,0.4350636915441222,0.3305010099551902,3.811778314816527,0.0,692ea49a727c13b350cb7c47,mecka,mecka,7,False,False,False,False,False,False,False
212.0,7.066666666666666,0.0,0.0,0.0,0.0,0.0,0.0,0.0,0.0,0.0,0.0,0.0,0.0,0.0,0.0,165.58623878677037,1.0,152.6888341603551,1.0,1.0,165.58623878677037,1.854156062736419,0.2636240847492539,0.005396385979660227,2.3843020614756805,0.3390002931008076,0.2222449749098742,1.0393529029470698,0.0,0.33668649557117697,0.30131218892503076,4.2384581242121,0.0,692ea49a727c13b350cb7c48,mecka,mecka,7,False,False,False,False,False,False,False
187.0,6.233333333333333,0.0,0.0,0.0,0.0,0.0,0.0,0.0,0.0,0.0,0.0,0.0,0.0,0.0,0.0,158.0765103490649,1.0,152.74852734826632,1.0,1.0,158.0765103490649,1.332597227361237,0.21493503667116726,0.08451266338208331,2.419309371241876,0.39021118890997997,0.06282959658250074,1.215390358049906,0.0,0.3162806666554248,0.3025731127905736,3.751906598603113,0.0,692ea4d574b24813e759753b,mecka,mecka,7,False,False,False,False,False,False,False
166.0,5.533333333333333,0.0,0.0,0.0,0.0,0.0,0.0,0.0,0.0,0.0,0.0,0.0,0.0,0.0,0.0,157.82746346494758,1.0,152.33436579801426,1.0,1.0,157.82746346494758,1.2894662165959878,0.2344484030174523,0.06897660793334659,2.327148956409357,0.42311799207442846,0.065966989565255,0.9970385774443524,0.0,0.40534832243392777,0.3287831975459404,3.6166151730053446,0.0,692ea4d574b24813e759753c,mecka,mecka,7,False,False,False,False,False,False,False
224.0,7.466666666666667,0.0,0.0,0.0,0.0,0.0,0.0,0.0,0.0,0.0,0.0,0.0,0.0,0.0,0.0,156.56793351392977,1.0,152.68751126385254,1.0,1.0,156.56793351392977,1.458117720512263,0.19615933459806228,0.06276493446367822,2.4188736597214477,0.3254090125185804,0.05213790339310474,0.9634475642746549,0.0,0.43217450642072824,0.26078417355832134,3.8769913802337106,0.0,692ea4d674b24813e7597543,mecka,mecka,7,False,False,False,False,False,False,False
201.0,6.7,0.0,0.0,0.0,0.0,0.0,0.0,0.0,0.0,0.0,0.0,0.0,0.0,0.0,0.0,159.0442497008949,1.0,155.110892645288,1.0,1.0,159.0442497008949,1.387259064664929,0.20808885969973936,0.06565144987241778,2.2872139445612,0.34308209168418,0.05835279999001329,1.170018964779595,0.0,0.30988723158594345,0.2755854756919597,3.674473009226129,0.0,692ea4d674b24813e7597544,mecka,mecka,7,False,False,False,False,False,False,False
169.0,5.633333333333334,0.0,0.0,0.0,0.0,0.0,0.0,0.0,0.0,0.0,0.0,0.0,0.0,0.0,0.0,157.8561728031014,1.0,152.40471694466797,1.0,1.0,157.8561728031014,1.1991258548659602,0.21412961694035007,0.1257488567013291,2.1525043414779215,0.38437577526391453,0.16229556549308574,1.3027007331487805,0.0,0.342766957129768,0.29925269610213234,3.3516301963438817,0.0,692ea6039cebf0ec017ddcba,mecka,mecka,7,False,False,False,False,False,False,False
185.0,6.166666666666667,0.0,0.0,0.0,0.0,0.0,0.0,0.0,0.0,0.0,0.0,0.0,0.0,0.0,0.0,152.43097113335688,1.0,152.68252381600024,1.0,1.0,152.68252381600024,1.3901491549788898,0.22665475352916686,0.13595685655681713,2.4650650696767524,0.4019127830994705,0.14908750572845295,1.04953449029599,0.0,0.4113192479084835,0.31428376831431865,3.8552142246556422,0.0,692ea6039cebf0ec017ddcbf,mecka,mecka,7,False,False,False,False,False,False,False
191.0,6.366666666666666,0.0,0.0,0.0,0.0,0.0,0.0,0.0,0.0,0.0,0.0,0.0,0.0,0.0,0.0,150.60306879859107,1.0,148.51975535264714,1.0,1.0,150.60306879859107,1.6311413355018034,0.25754863192133737,0.19169801163163086,2.5763864213644245,0.40679785600490914,0.16241834399809005,1.1422340806383724,0.0,0.6763929979678968,0.33217324396312325,4.207527756866228,0.0,692ea6039cebf0ec017ddcc3,mecka,mecka,7,False,False,False,False,False,False,False
159.0,5.3,0.0,0.0,0.0,0.0,0.0,0.0,0.0,0.0,0.0,0.0,0.0,0.0,0.0,0.0,152.65035575949435,1.0,153.48384371418723,1.0,1.0,153.48384371418723,1.2726392913878877,0.2416403717825103,0.1405348881232493,2.2304455741972316,0.4235023242146642,0.14167020206733996,0.8492031510685404,0.0,0.2983166497197232,0.33257134799858723,3.5030848655851194,0.0,692ea62c95aad87d3e34460b,mecka,mecka,7,False,False,False,False,False,False,False
221.0,7.366666666666666,0.0,0.0,0.0,0.0,0.0,0.0,0.0,0.0,0.0,0.0,0.0,0.0,0.0,0.0,160.0938640124476,1.0,153.92544139399214,1.0,1.0,160.0938640124476,1.4453598927323021,0.19709453082713208,0.05817692401978819,2.6850828929485138,0.3661476672202519,0.031175005731190853,1.1087697351538375,0.0,0.29999592147227544,0.281621099023692,4.130442785680816,0.0,692ea62d95aad87d3e34460d,mecka,mecka,7,False,False,False,False,False,False,False
183.0,6.1,0.0,0.0,0.0,0.0,0.0,0.0,0.0,0.0,0.0,0.0,0.0,0.0,0.0,0.0,159.68774475692493,1.0,151.16392854288176,1.0,1.0,159.68774475692493,1.5158473139225197,0.24986494185536037,0.09638329716337428,2.541539818932037,0.4189351349887974,0.09849764187748238,1.04298401048022,0.0,0.3668456844505605,0.3344000384220789,4.057387132854557,0.0,692ea62d95aad87d3e344612,mecka,mecka,7,False,False,False,False,False,False,False
234.0,7.8,0.0,0.0,0.0,0.0,0.0,0.0,0.0,0.0,0.0,0.0,0.0,0.0,0.0,0.0,160.36625525014506,1.0,162.15984284713932,1.0,1.0,162.15984284713932,1.6634377386471746,0.21417653287302676,0.24362273670068765,2.872324782616764,0.36982722522962624,0.21505621125569044,1.424801406471545,0.0,0.5384201497901059,0.2920018790513266,4.535762521263939,0.0,692ea636ffdc0ca6345c4291,mecka,mecka,7,False,False,False,False,False,False,False
208.0,6.933333333333334,0.0,0.0,0.0,0.0,0.0,0.0,0.0,0.0,0.0,0.0,0.0,0.0,0.0,0.0,161.9107435058348,1.0,150.96194698782057,1.0,1.0,161.9107435058348,1.4952686039338428,0.21670559477302073,0.05880752619333412,2.793909703318076,0.40491444975624286,0.09013423055816622,1.1921181780052215,0.0,0.4025202584963889,0.3108100222646318,4.289178307251919,0.0,692ea68e74b24813e759757c,mecka,mecka,7,False,False,False,False,False,False,False
234.0,7.8,0.0,0.0,0.0,0.0,0.0,0.0,0.0,0.0,0.0,0.0,0.0,0.0,0.0,0.0,159.32451297411592,1.0,150.97060507890484,1.0,1.0,159.32451297411592,1.3858928365581478,0.17844113775426798,0.09263059591009457,2.6082835378296325,0.335830498433,0.12778011194487,0.9446653259549729,0.0,0.2951945654987569,0.25713581809363395,3.9941763743877803,0.0,692ea6d8dbc4294a49cc728c,mecka,mecka,7,False,False,False,False,False,False,False
548.0,18.266666666666666,0.0,0.0,0.0,0.0,0.0,0.0,0.0,0.0,0.0,0.0,0.0,0.0,0.0,0.0,158.0629503552904,1.0,148.66642689420593,1.0,1.0,158.0629503552904,3.116275919934486,0.17091092796715643,0.3751928948324057,3.7769103413040304,0.20714316314281703,0.33058291215079555,1.6753296588411222,0.0,0.25484454908826326,0.18902704555498673,6.893186261238516,0.0,692ea713a0e165ab2e42e4c3,mecka,mecka,7,False,False,False,False,False,False,False
219.0,7.3,0.0,0.0,0.0,0.0,0.0,0.0,0.0,0.0,0.0,0.0,0.0,0.0,0.0,0.0,157.37171138628668,1.0,142.51714293411402,1.0,1.0,157.37171138628668,1.5524165316396379,0.2136353025192162,0.10644953405822613,2.702383119114843,0.3718875851992904,0.09921577434687846,0.993964401171558,0.0,0.442187895017491,0.29276144385925323,4.254799650754481,0.0,692ea7cdc609aae267b27972,mecka,mecka,7,False,False,False,False,False,False,False
211.0,7.033333333333333,0.0,0.0,0.0,0.0,0.0,0.0,0.0,0.0,0.0,0.0,0.0,0.0,0.0,0.0,158.22942618155827,1.0,153.09384951812012,1.0,1.0,158.22942618155827,1.3807099151274782,0.19724427358963978,0.0755246539955899,2.3821974445602567,0.34031392065146526,0.056811656933133205,1.1596467301183457,0.0,0.4715561601760708,0.26877909712055253,3.762907359687735,0.0,692ea7e9dbc4294a49cc729f,mecka,mecka,7,False,False,False,False,False,False,False
201.0,6.7,0.0,0.0,0.0,0.0,0.0,0.0,0.0,0.0,0.0,0.0,0.0,0.0,0.0,0.0,159.6928068314315,1.0,152.8663283681689,1.0,1.0,159.6928068314315,1.3551884699312586,0.20327827048968877,0.08225040737557687,2.3484606343196175,0.3522690951479426,0.13444618789563134,1.1140876999174205,0.0,0.3494614304898321,0.2777736828188157,3.703649104250876,0.0,692ea7ebdbc4294a49cc72a1,mecka,mecka,7,False,False,False,False,False,False,False
167.0,5.566666666666666,0.0,0.0,0.0,0.0,0.0,0.0,0.0,0.0,0.0,0.0,0.0,0.0,0.0,0.0,154.28805888467747,1.0,155.7235400585946,1.0,1.0,155.7235400585946,1.3395674738945083,0.24209050733033283,0.14701265719475157,2.1665635957589258,0.3915476377877577,0.16153376180781187,1.0534610272315843,0.0,0.27584926101042917,0.31681907255904523,3.506131069653434,0.0,692ea7ebdbc4294a49cc72a3,mecka,mecka,7,False,False,False,False,False,False,False
186.0,6.2,0.0,0.0,0.0,0.0,0.0,0.0,0.0,0.0,0.0,0.0,0.0,0.0,0.0,0.0,157.2851591524963,1.0,151.60629286733084,1.0,1.0,157.2851591524963,1.3522217666025003,0.21927920539500004,0.07287867824428332,2.5648826066924855,0.4159269091933761,0.09381383438342548,1.0746901812765322,0.0,0.2772416494684742,0.31760305729418814,3.9171043732949857,0.0,692ea84674b24813e75975be,mecka,mecka,7,False,False,False,False,False,False,False
185.0,6.166666666666667,0.0,0.0,0.0,0.0,0.0,0.0,0.0,0.0,0.0,0.0,0.0,0.0,0.0,0.0,158.70414543243754,1.0,149.44867896639593,1.0,1.0,158.70414543243754,1.4215430893174497,0.23177332978001894,0.17181293118947588,2.4098024887834257,0.3929025796929499,0.4342384263217545,1.024183041863596,0.0,0.31436456622844605,0.3123379547364844,3.8313455781008754,0.0,692ea84674b24813e75975c4,mecka,mecka,7,False,False,False,False,False,False,False
163.0,5.433333333333334,0.0,0.0,0.0,0.0,0.0,0.0,0.0,0.0,0.0,0.0,0.0,0.0,0.0,0.0,157.7548147952867,1.0,148.8232079709337,1.0,1.0,157.7548147952867,1.323130545092504,0.24502417501713042,0.10209330823507826,2.492922343724403,0.46165228587488943,0.12065316086369696,1.710474671213814,0.0,0.3441654667452855,0.3533382304460099,3.8160528888169067,0.0,692ea84674b24813e75975c5,mecka,mecka,7,False,False,False,False,False,False,False
410.0,13.666666666666666,0.0,0.0,0.0,0.0,0.0,0.0,0.0,0.0,0.0,0.0,0.0,0.0,0.0,0.0,155.79934591749733,1.0,144.79964395473866,1.0,1.0,155.79934591749733,2.737573327494207,0.20079999957170222,0.459832215632227,2.4715224775955322,0.1812852673052958,0.15075708188892556,1.5845994753454868,0.0,0.3899789913572275,0.191042633438499,5.209095805089739,0.0,692ea877aec602a46af105da,mecka,mecka,7,False,False,False,False,False,False,False
190.0,6.333333333333333,0.0,0.0,0.0,0.0,0.0,0.0,0.0,0.0,0.0,0.0,0.0,0.0,0.0,0.0,156.69784498911142,1.0,151.4363008032644,1.0,1.0,156.69784498911142,1.2544248532996334,0.1991150560793069,0.13980523463511657,2.321299487672188,0.36846023613844253,0.12022353856008348,1.0181137436531658,0.0,0.28486297916717807,0.2837876461088747,3.5757243409718216,0.0,692ea90ce2322e3b092b5f00,mecka,mecka,7,False,False,False,False,False,False,False
199.0,6.633333333333334,0.0,0.0,0.0,0.0,0.0,0.0,0.0,0.0,0.0,0.0,0.0,0.0,0.0,0.0,159.11375839098235,1.0,154.94156079386713,1.0,1.0,159.11375839098235,1.2558876444301732,0.1902860067318444,0.12974709444043228,2.396249845127404,0.36306815835263695,0.0891860991984925,1.018031331407747,0.0,0.255982834776085,0.2766770825422407,3.6521374895575773,0.0,692ea90ce2322e3b092b5f01,mecka,mecka,7,False,False,False,False,False,False,False
212.0,7.066666666666666,0.0,0.0,0.0,0.0,0.0,0.0,0.0,0.0,0.0,0.0,0.0,0.0,0.0,0.0,159.51706634449104,1.0,151.29932584383084,1.0,1.0,159.51706634449104,1.418783065536687,0.2017227107398133,0.07868851309902973,2.4815538426369463,0.35282756056449477,0.09300243882776778,0.9445349386616759,0.0,0.34486578519766137,0.27727513565215406,3.9003369081736334,0.0,692ea90ce2322e3b092b5f02,mecka,mecka,7,False,False,False,False,False,False,False
190.0,6.333333333333333,0.0,0.0,0.0,0.0,0.0,0.0,0.0,0.0,0.0,0.0,0.0,0.0,0.0,0.0,158.58827237361078,1.0,152.2624812339098,1.0,1.0,158.58827237361078,1.3814458144498076,0.21927711340473136,0.06869044948277955,2.4019659996256904,0.38126444438503015,0.06234694658111254,1.1338628256498753,0.0,0.29234023021130673,0.30027077889488074,3.7834118140754978,0.0,692ea90de2322e3b092b5f07,mecka,mecka,7,False,False,False,False,False,False,False
209.0,6.966666666666667,0.0,0.0,0.0,0.0,0.0,0.0,0.0,0.0,0.0,0.0,0.0,0.0,0.0,0.0,159.7256747930506,1.0,151.75939297155668,1.0,1.0,159.7256747930506,1.3857502578582273,0.19986782565262898,0.06599107779082142,2.698981574355259,0.38927618860893165,0.09122225712685501,1.0846374155597827,0.0,0.32288101353285015,0.2945720071307803,4.084731832213486,0.0,692ea90de2322e3b092b5f08,mecka,mecka,7,False,False,False,False,False,False,False
180.0,6.0,0.0,0.0,0.0,0.0,0.0,0.0,0.0,0.0,0.0,0.0,0.0,0.0,0.0,0.0,157.6015804016527,1.0,151.92686639651703,1.0,1.0,157.6015804016527,1.3912841947851184,0.23317612203102547,0.137924784189344,2.3397238085467595,0.39213248187934513,0.13055753966607003,1.073602966751732,0.0,0.38487550116888436,0.3126543019551853,3.731008003331878,0.0,692ea90de2322e3b092b5f09,mecka,mecka,7,False,False,False,False,False,False,False
180.0,6.0,0.0,0.0,0.0,0.0,0.0,0.0,0.0,0.0,0.0,0.0,0.0,0.0,0.0,0.0,152.97400992971598,1.0,152.05648977083342,1.0,1.0,152.97400992971598,1.4220908248305921,0.23833924438501541,0.1262218758515606,2.306965790520197,0.3866423112603682,0.1114331815121183,0.8823545596850513,0.0,0.2926437016236636,0.3124907778226918,3.729056615350789,0.0,692ea90ee2322e3b092b5f0b,mecka,mecka,7,False,False,False,False,False,False,False
222.0,7.4,0.0,0.0,0.0,0.0,0.0,0.0,0.0,0.0,0.0,0.0,0.0,0.0,0.0,0.0,155.15571003027924,1.0,149.45811987800377,1.0,1.0,155.15571003027924,1.5261325040333529,0.20716730823982163,0.06497311921583412,2.540019135425864,0.3447989776596196,0.07126596466136485,1.0113353595363612,0.0,0.3221199984477832,0.2759831429497206,4.066151639459217,0.0,692ea92eb0d3d3c9d2606a11,mecka,mecka,7,False,False,False,False,False,False,False
226.0,7.533333333333333,0.0,0.0,0.0,0.0,0.0,0.0,0.0,0.0,0.0,0.0,0.0,0.0,0.0,0.0,158.5168077309708,1.0,150.3755562139604,1.0,1.0,158.5168077309708,1.676407678479178,0.22352102379722377,0.13033566544703312,2.7063743185818367,0.3608499091442449,0.1713842620985962,0.9677557148205999,0.0,0.41432087239240073,0.2921854664707343,4.382781997061015,0.0,692ea94368228e362d9090b1,mecka,mecka,7,False,False,False,False,False,False,False
232.0,7.733333333333333,0.0,0.0,0.0,0.0,0.0,0.0,0.0,0.0,0.0,0.0,0.0,0.0,0.0,0.0,156.83067781220893,1.0,149.55263510327546,1.0,1.0,156.83067781220893,1.565509860755453,0.2033129689292796,0.08686916407990047,2.706885603760516,0.35154358490396315,0.11267600950875072,0.9273044033017006,0.0,0.4619067042163384,0.2774282769166213,4.272395464515969,0.0,692ea946aec602a46af105e9,mecka,mecka,7,False,False,False,False,False,False,False
316.0,10.533333333333333,0.0,0.0,0.0,0.0,0.0,0.0,0.0,0.0,0.0,0.0,0.0,0.0,0.0,0.0,165.20921362166354,1.0,154.46757449368,1.0,1.0,165.20921362166354,3.1088870314410997,0.29608447918486663,0.1253144796969673,2.8657911967085123,0.27293249492462024,0.30346147275921087,1.6688599277032863,0.0,0.40022895772295203,0.2845084870547434,5.974678228149612,0.0,692ea9eaad0c9ef057d41d8e,mecka,mecka,7,False,False,False,False,False,False,False
197.0,6.566666666666666,0.0,0.0,0.0,0.0,0.0,0.0,0.0,0.0,0.0,0.0,0.0,0.0,0.0,0.0,159.22598805366403,1.0,153.00731115788636,1.0,1.0,159.22598805366403,1.405142435633747,0.21507282178067552,0.05706874683173889,2.4088669946939474,0.3687041318409103,0.040157934577781544,1.0597487515170572,0.0,0.31464874701800405,0.2918884768107929,3.8140094303276943,0.0,692eaa08e2322e3b092b5f2b,mecka,mecka,7,False,False,False,False,False,False,False
197.0,6.566666666666666,0.0,0.0,0.0,0.0,0.0,0.0,0.0,0.0,0.0,0.0,0.0,0.0,0.0,0.0,160.2590587249376,1.0,153.92239093553798,1.0,1.0,160.2590587249376,1.2864898387300223,0.19691171000969723,0.08482600730982447,2.422668489238312,0.3708166054956599,0.11180367382797181,0.9975582113494972,0.0,0.3180039537490072,0.2838641577526786,3.7091583279683342,0.0,692eaa08e2322e3b092b5f2e,mecka,mecka,7,False,False,False,False,False,False,False
221.0,7.366666666666666,0.0,0.0,0.0,0.0,0.0,0.0,0.0,0.0,0.0,0.0,0.0,0.0,0.0,0.0,159.89414504075737,1.0,152.60191377957395,1.0,1.0,159.89414504075737,1.737800488851149,0.23697279393424758,0.1506606492215237,3.012256392044357,0.410762235278776,0.1909913325553414,1.1071449923756158,0.0,0.5573040280672655,0.3238675146065117,4.750056880895506,0.0,692eaa08e2322e3b092b5f31,mecka,mecka,7,False,False,False,False,False,False,False
220.0,7.333333333333333,0.0,0.0,0.0,0.0,0.0,0.0,0.0,0.0,0.0,0.0,0.0,0.0,0.0,0.0,159.931978885325,1.0,149.5910157290336,1.0,1.0,159.931978885325,1.3901754733653413,0.1904349963514166,0.06597730721029076,2.560576156219312,0.35076385701634416,0.05897217815570704,1.1509473940621346,0.0,0.26538280464265146,0.2705994266838803,3.950751629584653,0.0,692eaa12ad0c9ef057d41d9b,mecka,mecka,7,False,False,False,False,False,False,False
229.0,7.633333333333334,0.0,0.0,0.0,0.0,0.0,0.0,0.0,0.0,0.0,0.0,0.0,0.0,0.0,0.0,158.43581735417558,1.0,151.36971795273732,1.0,1.0,158.43581735417558,1.7121794484917734,0.2252867695383912,0.08182965837662101,2.803285207753171,0.3688533168096277,0.10691790519957357,1.0642699141012504,0.0,0.4702897198536255,0.2970700431740095,4.515464656244944,0.0,692eaa12ad0c9ef057d41d9d,mecka,mecka,7,False,False,False,False,False,False,False
196.0,6.533333333333333,0.0,0.0,0.0,0.0,0.0,0.0,0.0,0.0,0.0,0.0,0.0,0.0,0.0,0.0,157.57272300911768,1.0,149.1059610453052,1.0,1.0,157.57272300911768,1.5111142389728789,0.23247911368813523,0.12669094660781574,2.5286593308245897,0.3890245124345522,0.16990822364022706,1.110780879115925,0.0,0.47481521258274795,0.3107518130613437,4.039773569797468,0.0,692eaa12ad0c9ef057d41d9f,mecka,mecka,7,False,False,False,False,False,False,False
217.0,7.233333333333333,0.0,0.0,0.0,0.0,0.0,0.0,0.0,0.0,0.0,0.0,0.0,0.0,0.0,0.0,156.2076674642571,1.0,148.62002077439394,1.0,1.0,156.2076674642571,1.61379554207423,0.22413826973253195,0.08259680593361106,2.6506478912231968,0.3681455404476662,0.0359833316209072,0.9259092313276607,0.0,0.4593801308284885,0.2961419050900991,4.264443433297426,0.0,692eaa3840338017b7f9999a,mecka,mecka,7,False,False,False,False,False,False,False
239.0,7.966666666666667,0.0,0.0,0.0,0.0,0.0,0.0,0.0,0.0,0.0,0.0,0.0,0.0,0.0,0.0,158.5919166973959,1.0,153.23465618693618,1.0,1.0,158.5919166973959,1.4008970458732342,0.1765836612445253,0.07619726654790507,2.631055939261302,0.3316457066295759,0.06455380183540099,0.9653894648050774,0.0,0.3010043941539721,0.2541146839370506,4.031952985134536,0.0,692eaadd99488ff84776f9c4,mecka,mecka,7,False,False,False,False,False,False,False
224.0,7.466666666666667,0.0,0.0,0.0,0.0,0.0,0.0,0.0,0.0,0.0,0.0,0.0,0.0,0.0,0.0,160.21905414691986,1.0,154.31413336053987,1.0,1.0,160.21905414691986,1.6562555137900823,0.22281464311077337,0.234058416348067,2.695441835141466,0.3626154935167891,0.02803550118623093,1.3326652311671132,0.0,0.35324442161200537,0.29271506831378125,4.351697348931548,0.0,692eaade99488ff84776f9cb,mecka,mecka,7,False,False,False,False,False,False,False
482.0,16.066666666666666,0.0,0.0,0.0,0.0,0.0,0.0,0.0,0.0,0.0,0.0,0.0,0.0,0.0,0.0,125.6466326841186,1.0,123.21546179414811,1.0,1.0,125.6466326841186,4.971491773545866,0.31007225198830757,0.799186608625071,5.652390062748852,0.35253992075356666,0.341950881703459,2.84011694828658,0.0,0.5445275637651412,0.3313060863709371,10.623881836294718,0.0,692eaaf0dfa4113987776a63,mecka,mecka,7,False,False,False,False,False,False,False
187.0,6.233333333333333,0.0,0.0,0.0,0.0,0.0,0.0,0.0,0.0,0.0,0.0,0.0,0.0,0.0,0.0,155.21112565656856,1.0,148.89480901610793,1.0,1.0,155.21112565656856,1.3080992181256055,0.21098374485896862,0.08515816886226593,2.6996037929514527,0.435419966605073,0.09276311306271659,1.278592614508445,0.0,0.41836781460815076,0.3232018557320208,4.007703011077059,0.0,692eab0eba0400c70689ff5f,mecka,mecka,7,False,False,False,False,False,False,False
201.0,6.7,0.0,0.0,0.0,0.0,0.0,0.0,0.0,0.0,0.0,0.0,0.0,0.0,0.0,0.0,159.23719598424404,1.0,152.2722061572381,1.0,1.0,159.23719598424404,1.3202259906597047,0.19803389859895573,0.06295587969036065,2.477594091726221,0.3716391137589332,0.06315663408765883,1.1470203779609975,0.0,0.26198042923088727,0.28483650617894446,3.797820082385926,0.0,692eab0eba0400c70689ff60,mecka,mecka,7,False,False,False,False,False,False,False
203.0,6.766666666666667,0.0,0.0,0.0,0.0,0.0,0.0,0.0,0.0,0.0,0.0,0.0,0.0,0.0,0.0,158.2910914271569,1.0,152.66402070769107,1.0,1.0,158.2910914271569,1.3381182186406861,0.19873042851099298,0.07168502624586351,2.499671805535341,0.37123838696069417,0.044540857265667685,1.0285064811681335,0.0,0.5179933057482502,0.28498440773584355,3.837790024176027,0.0,692eab0eba0400c70689ff62,mecka,mecka,7,False,False,False,False,False,False,False
217.0,7.233333333333333,0.0,0.0,0.0,0.0,0.0,0.0,0.0,0.0,0.0,0.0,0.0,0.0,0.0,0.0,162.02302468044073,1.0,152.98518468222392,1.0,1.0,162.02302468044073,1.4174880888702064,0.19687334567641754,0.16728963697052276,2.4341776685528984,0.3380802317434582,0.0700963736293817,1.4291303122249706,0.0,0.23373110126810226,0.26747678870993785,3.851665757423105,0.0,692eab2199488ff84776f9d1,mecka,mecka,7,False,False,False,False,False,False,False
235.0,7.833333333333333,0.0,0.0,0.0,0.0,0.0,0.0,0.0,0.0,0.0,0.0,0.0,0.0,0.0,0.0,158.0416148771446,1.0,149.4744451920667,1.0,1.0,158.0416148771446,1.3619823050182527,0.17461311602798113,0.06484209645047162,2.701280220935459,0.34631797704300754,0.12031489309289377,1.1481321885579663,0.0,0.2695141395177626,0.26046554653549436,4.063262525953712,0.0,692eab2299488ff84776f9d6,mecka,mecka,7,False,False,False,False,False,False,False
211.0,7.033333333333333,0.0,0.0,0.0,0.0,0.0,0.0,0.0,0.0,0.0,0.0,0.0,0.0,0.0,0.0,161.6825454390549,1.0,150.1426650880574,1.0,1.0,161.6825454390549,1.4192282595362022,0.20274689421945746,0.05960056353076389,2.710950201775941,0.3872786002537058,0.0753866898314544,1.211570971736844,0.0,0.42231913501521606,0.2950127472365816,4.130178461312143,0.0,692eab2299488ff84776f9d7,mecka,mecka,7,False,False,False,False,False,False,False
237.0,7.9,0.0,0.0,0.0,0.0,0.0,0.0,0.0,0.0,0.0,0.0,0.0,0.0,0.0,0.0,156.77341181367854,1.0,149.1997881522959,1.0,1.0,156.77341181367854,1.5239999490581844,0.19372880708366755,0.08014395596790101,2.78240765390829,0.35369588820868086,0.09928575670848151,1.005245189939062,0.0,0.4457236428550773,0.2737123476461742,4.306407602966474,0.0,692eab3b5cd6df8b6023ca8a,mecka,mecka,7,False,False,False,False,False,False,False
235.0,7.833333333333333,0.0,0.0,0.0,0.0,0.0,0.0,0.0,0.0,0.0,0.0,0.0,0.0,0.0,0.0,153.86225577847296,1.0,150.88263683757796,1.0,1.0,153.86225577847296,1.5763180438804136,0.20209205690774534,0.17779576386143184,2.595820849047576,0.3327975447496893,0.2240445571537057,1.0869634574920934,0.0,0.47129013006851617,0.2674448008287173,4.17213889292799,0.0,692eab3b5cd6df8b6023ca8b,mecka,mecka,7,False,False,False,False,False,False,False
210.0,7.0,0.0,0.0,0.0,0.0,0.0,0.0,0.0,0.0,0.0,0.0,0.0,0.0,0.0,0.0,159.2253252111004,1.0,149.86417698152295,1.0,1.0,159.2253252111004,1.4516840049345436,0.20837569448821203,0.11587104161018233,2.6437954763738816,0.37949217364218396,0.1439361972479001,1.0839787267992587,0.0,0.448688254136433,0.29393393406519797,4.095479481308425,0.0,692eab3b5cd6df8b6023ca8c,mecka,mecka,7,False,False,False,False,False,False,False
213.0,7.1,0.0,0.0,0.0,0.0,0.0,0.0,0.0,0.0,0.0,0.0,0.0,0.0,0.0,0.0,158.98802506696686,1.0,149.30939594270743,1.0,1.0,158.98802506696686,1.3480309241042918,0.19075909303362618,0.1293419268589287,2.6356318739137987,0.37296677461044325,0.16323125549803938,1.1034545530125475,0.0,0.28944099813260726,0.2818629338220347,3.9836627980180905,0.0,692eab4ce2322e3b092b5f66,mecka,mecka,7,False,False,False,False,False,False,False
217.0,7.233333333333333,0.0,0.0,0.0,0.0,0.0,0.0,0.0,0.0,0.0,0.0,0.0,0.0,0.0,0.0,159.57193197253244,1.0,152.61202141241486,1.0,1.0,159.57193197253244,1.4442965641252563,0.20059674501739674,0.08436443673796697,2.4691257399542557,0.34293413054920213,0.12320525383192439,0.9747401933296087,0.0,0.24003147168652628,0.2717654377832994,3.913422304079512,0.0,692eab4ce2322e3b092b5f68,mecka,mecka,7,False,False,False,False,False,False,False
222.0,7.4,0.0,0.0,0.0,0.0,0.0,0.0,0.0,0.0,0.0,0.0,0.0,0.0,0.0,0.0,157.28324451804735,1.0,151.47915259247554,1.0,1.0,157.28324451804735,1.5113086782454412,0.20515502419621373,0.11973987003029801,2.7587573205723084,0.37449194396909163,0.1087786819352272,1.070663735268987,0.0,0.3148728543396522,0.2898234840826527,4.270065998817749,0.0,692eab4ce2322e3b092b5f69,mecka,mecka,7,False,False,False,False,False,False,False
198.0,6.6,0.0,0.0,0.0,0.0,0.0,0.0,0.0,0.0,0.0,0.0,0.0,0.0,0.0,0.0,162.6607673166509,1.0,153.70316283742198,1.0,1.0,162.6607673166509,1.2070091217283285,0.18380849569466934,0.05421204892741213,2.324058613924001,0.35391755541989856,0.07018839717873576,1.0718180385458682,0.0,0.23038701916557686,0.2688630255572839,3.5310677356523295,0.0,692eab8895aad87d3e344693,mecka,mecka,7,False,False,False,False,False,False,False
208.0,6.933333333333334,0.0,0.0,0.0,0.0,0.0,0.0,0.0,0.0,0.0,0.0,0.0,0.0,0.0,0.0,153.91421794541233,1.0,146.71206993036887,1.0,1.0,153.91421794541233,1.5261214108170227,0.22117701606043802,0.12691398311854718,2.5032176133211146,0.3627851613508861,0.12557244073949123,0.9919072563915162,0.0,0.40051356943304706,0.2919810887056621,4.029339024138137,0.0,692eabf6e2322e3b092b5f78,mecka,mecka,7,False,False,False,False,False,False,False
194.0,6.466666666666667,0.0,0.0,0.0,0.0,0.0,0.0,0.0,0.0,0.0,0.0,0.0,0.0,0.0,0.0,156.59648547148106,1.0,150.29483553130478,1.0,1.0,156.59648547148106,1.4940280117392262,0.23223233343096777,0.06738658512201334,2.462299655305472,0.3827408790630267,0.08943900003002238,0.9714019377254224,0.0,0.4696744132907387,0.30748660624699725,3.956327667044698,0.0,692eabf6e2322e3b092b5f7a,mecka,mecka,7,False,False,False,False,False,False,False
213.0,7.1,0.0,0.0,0.0,0.0,0.0,0.0,0.0,0.0,0.0,0.0,0.0,0.0,0.0,0.0,159.38807382964433,1.0,151.22479029543175,1.0,1.0,159.38807382964433,1.5050281476578835,0.21297568127234198,0.06437605309128981,2.702069668499858,0.3823683493160176,0.03914831794249251,1.185871532611858,0.0,0.36325006056434495,0.2976720152941798,4.2070978161577415,0.0,692eabf7e2322e3b092b5f7d,mecka,mecka,7,False,False,False,False,False,False,False
200.0,6.666666666666667,0.0,0.0,0.0,0.0,0.0,0.0,0.0,0.0,0.0,0.0,0.0,0.0,0.0,0.0,156.2590272469824,1.0,150.96777698779363,1.0,1.0,156.2590272469824,1.4295234102291716,0.21550604174309118,0.08119787011378493,2.5366230801629737,0.3824054894718051,0.09314908359356093,1.0305982995651726,0.0,0.3323854572631,0.29895576560744813,3.9661464903921453,0.0,692eacffb0d3d3c9d2606a8e,mecka,mecka,7,False,False,False,False,False,False,False
208.0,6.933333333333334,0.0,0.0,0.0,0.0,0.0,0.0,0.0,0.0,0.0,0.0,0.0,0.0,0.0,0.0,143.4540808587558,1.0,126.44910027031389,1.0,1.0,143.4540808587558,2.460056452695631,0.3565299206805263,0.547717830111993,2.566919766506838,0.37201735746475917,0.46025712233962995,1.7247563125638474,0.0,0.3043752453797778,0.3642736390726427,5.026976219202469,0.0,692eadaf3b319da763b71b8f,mecka,mecka,7,False,False,False,False,False,False,False
166.0,5.533333333333333,0.0,0.0,0.0,0.0,0.0,0.0,0.0,0.0,0.0,0.0,0.0,0.0,0.0,0.0,131.66320979808302,1.0,125.89883481349844,1.0,1.0,131.66320979808302,2.62211531056016,0.4767482382836654,0.36736243553057873,2.874948335752186,0.5227178792276701,0.549809454025575,1.37933020394682,0.0,0.48655127437917534,0.4997330587556677,5.497063646312346,0.0,692eadb13b319da763b71b99,mecka,mecka,7,False,False,False,False,False,False,False
166.0,5.533333333333333,0.0,0.0,0.0,0.0,0.0,0.0,0.0,0.0,0.0,0.0,0.0,0.0,0.0,0.0,149.24279624353758,1.0,130.61693468528802,1.0,1.0,149.24279624353758,2.9079116704406855,0.5287112128073974,0.6046771629706211,2.721581250530655,0.49483295464193733,0.6586074265902547,3.4790493065424566,0.0,0.5262325542951518,0.5117720837246674,5.629492920971341,0.0,692eadb13b319da763b71b9b,mecka,mecka,7,False,False,False,False,False,False,False
132.0,4.4,0.0,0.0,0.0,0.0,0.0,0.0,0.0,0.0,0.0,0.0,0.0,0.0,0.0,0.0,144.81991034772568,1.0,129.2687885129106,1.0,1.0,144.81991034772568,2.581114433800893,0.5910949085040212,0.6381891198915663,2.1055316569371887,0.48218282219935626,0.6483103019641585,3.822924401361751,0.0,0.775545908505744,0.5366388653516887,4.686646090738082,0.0,692eadb23b319da763b71b9f,mecka,mecka,7,False,False,False,False,False,False,False
149.0,4.966666666666667,0.0,0.0,0.0,0.0,0.0,0.0,0.0,0.0,0.0,0.0,0.0,0.0,0.0,0.0,138.83558530660417,1.0,122.11508090348208,1.0,1.0,138.83558530660417,2.4093536401448197,0.4883824946239499,0.4272695645620441,2.4330921999225303,0.4931943648491616,0.5783580876093033,2.1371421401940847,0.0,0.6517683408236397,0.49078842973655573,4.8424458400673505,0.0,692eadb33b319da763b71ba6,mecka,mecka,7,False,False,False,False,False,False,False
132.0,4.4,0.0,0.0,0.0,0.0,0.0,0.0,0.0,0.0,0.0,0.0,0.0,0.0,0.0,0.0,120.63906871807612,1.0,131.20931699788247,1.0,1.0,131.20931699788247,2.0010424282398036,0.45825399119995497,0.30018286173216446,2.2040601431157136,0.5047465976600871,0.4658686525820993,1.6596856382538898,0.0,0.47137229044567297,0.48150029443002107,4.205102571355518,0.0,692eadb43b319da763b71bae,mecka,mecka,7,False,False,False,False,False,False,False
169.0,5.633333333333334,0.0,0.0,0.0,0.0,0.0,0.0,0.0,0.0,0.0,0.0,0.0,0.0,0.0,0.0,157.86482403964118,1.0,151.02307991935484,1.0,1.0,157.86482403964118,1.2804264844645223,0.22864758651152184,0.08331678039167952,2.22509129501274,0.397337731252275,0.06165142120280898,1.0541304238114986,0.0,0.282725529445079,0.3129926588818984,3.5055177794772625,0.0,692eadb76974927fef249d32,mecka,mecka,7,False,False,False,False,False,False,False
188.0,6.266666666666667,0.0,0.0,0.0,0.0,0.0,0.0,0.0,0.0,0.0,0.0,0.0,0.0,0.0,0.0,156.83479532448504,1.0,151.54714436792926,1.0,1.0,156.83479532448504,1.4418873305120867,0.23131882307680537,0.05363017874431664,2.3518995693158535,0.3773100913340942,0.034577561799507585,1.038339919893351,0.0,0.35861025375747224,0.3043144572054498,3.79378689982794,0.0,692eadb76974927fef249d34,mecka,mecka,7,False,False,False,False,False,False,False
171.0,5.7,0.0,0.0,0.0,0.0,0.0,0.0,0.0,0.0,0.0,0.0,0.0,0.0,0.0,0.0,159.50925105839204,1.0,148.43359739502336,1.0,1.0,159.50925105839204,1.385170263317714,0.24444181117371427,0.14294721463648044,2.321623819969446,0.4096983211710787,0.15593114464061522,1.3382978417197082,0.0,0.4980600189736175,0.3270700661723964,3.7067940832871598,0.0,692eadb76974927fef249d35,mecka,mecka,7,False,False,False,False,False,False,False
141.0,4.7,0.0,0.0,0.0,0.0,0.0,0.0,0.0,0.0,0.0,0.0,0.0,0.0,0.0,0.0,133.14043930205008,1.0,140.47032693949893,1.0,1.0,140.47032693949893,2.823660174457648,0.6050700373837817,0.4851943284405154,2.662323417842334,0.5704978752519286,0.7314373373461066,2.695079952943264,0.0,0.872125135860674,0.5877839563178552,5.4859835922999824,0.0,692eadbaaec602a46af10688,mecka,mecka,7,False,False,False,False,False,False,False
237.0,7.9,0.0,0.0,0.0,0.0,0.0,0.0,0.0,0.0,0.0,0.0,0.0,0.0,0.0,0.0,157.00494244442805,1.0,150.02136167581125,1.0,1.0,157.00494244442805,1.504002528145475,0.1911867620523909,0.05679194979158642,2.8590459220769606,0.36343804094198656,0.05792881716068111,0.8477243022583911,0.0,0.3958261459277293,0.2773124014971887,4.363048450222435,0.0,692eaf78b8797912ff78a8e7,mecka,mecka,7,False,False,False,False,False,False,False
187.0,6.233333333333333,0.0,0.0,0.0,0.0,0.0,0.0,0.0,0.0,0.0,0.0,0.0,0.0,0.0,0.0,161.06587255547976,1.0,152.26298798345124,1.0,1.0,161.06587255547976,1.2274354911976335,0.19797346632219898,0.09254554230089675,2.2903244925607202,0.36940717621947095,0.10202478927100593,1.0842613415593587,0.0,0.30725355294935175,0.28369032127083493,3.5177599837583537,0.0,692eaf78b8797912ff78a8ea,mecka,mecka,7,False,False,False,False,False,False,False
173.0,5.766666666666667,0.0,0.0,0.0,0.0,0.0,0.0,0.0,0.0,0.0,0.0,0.0,0.0,0.0,0.0,160.34617078629017,1.0,150.83319097858822,1.0,1.0,160.34617078629017,1.2508105076144904,0.21816462342113208,0.09109191355903304,2.2912264148812227,0.39963251422346907,0.1407322226604243,1.2350797659419832,0.0,0.25541444144762,0.30889856882230055,3.542036922495713,0.0,692eaf78b8797912ff78a8eb,mecka,mecka,7,False,False,False,False,False,False,False
215.0,7.166666666666667,0.0,0.0,0.0,0.0,0.0,0.0,0.0,0.0,0.0,0.0,0.0,0.0,0.0,0.0,161.13087108640474,1.0,152.91369255405195,1.0,1.0,161.13087108640474,1.3503962244349332,0.18930788193013084,0.06474291286853406,2.6310020222087287,0.36883205918813955,0.046139742305065096,0.8621693714109047,0.0,0.3001175319770573,0.2790699705591352,3.981398246643662,0.0,692eaf79b8797912ff78a8f0,mecka,mecka,7,False,False,False,False,False,False,False
184.0,6.133333333333334,0.0,0.0,0.0,0.0,0.0,0.0,0.0,0.0,0.0,0.0,0.0,0.0,0.0,0.0,161.6019604420468,1.0,159.7637520602217,1.0,1.0,161.6019604420468,3.326831796564118,0.5453822617318227,0.16175023437958633,3.5440308078134732,0.5809886570186023,0.5404632173498943,2.5878105080235208,0.0,0.7971893039924721,0.5631854593752124,6.870862604377591,0.0,692eaffbdfa4113987776ad5,mecka,mecka,7,False,False,False,False,False,False,False
194.0,6.466666666666667,0.0,0.0,0.0,0.0,0.0,0.0,0.0,0.0,0.0,0.0,0.0,0.0,0.0,0.0,160.0136270438389,1.0,155.03801272272096,1.0,1.0,160.0136270438389,1.5755355721515034,0.24490190240696946,0.1486651515526368,2.6516096693124123,0.41216730611073754,0.5053861433077866,1.4821557653656783,0.0,0.4898981500271265,0.3285346042588535,4.227145241463916,0.0,692eb08897ffd8ec90340283,mecka,mecka,7,False,False,False,False,False,False,False
212.0,7.066666666666666,0.0,0.0,0.0,0.0,0.0,0.0,0.0,0.0,0.0,0.0,0.0,0.0,0.0,0.0,169.34140757147904,1.0,153.45126762354505,1.0,1.0,169.34140757147904,1.7358692302166656,0.24680605168957334,0.1132945146393058,3.123505850336292,0.4441003578677192,0.4673999977691978,1.1532334096281198,0.0,0.6032013186325109,0.3454532047786463,4.859375080552957,0.0,692eb08897ffd8ec90340284,mecka,mecka,7,False,False,False,False,False,False,False
182.0,6.066666666666666,0.0,0.0,0.0,0.0,0.0,0.0,0.0,0.0,0.0,0.0,0.0,0.0,0.0,0.0,160.3668925039889,1.0,159.72936789084508,1.0,1.0,160.3668925039889,1.179548267689654,0.1955052377386167,0.15630790903171712,2.495153865644811,0.4135614141952726,0.2460352958946357,1.208600522596222,0.0,0.5042646456970787,0.30453332596694466,3.674702133334465,0.0,692eb08997ffd8ec9034028f,mecka,mecka,7,False,False,False,False,False,False,False
197.0,6.566666666666666,0.0,0.0,0.0,0.0,0.0,0.0,0.0,0.0,0.0,0.0,0.0,0.0,0.0,0.0,162.51962188728882,1.0,159.48320742021045,1.0,1.0,162.51962188728882,1.6521260797038944,0.25287644077100424,0.2444843383266449,3.1716985377571776,0.4854640619016088,0.29572177160159524,1.6177683423020135,0.0,0.5315900433604831,0.3691702513363065,4.823824617461072,0.0,692eb08a97ffd8ec90340292,mecka,mecka,7,False,False,False,False,False,False,False
122.0,4.066666666666666,0.0,0.0,0.0,0.0,0.0,0.0,0.0,0.0,0.0,0.0,0.0,0.0,0.0,0.0,156.672959262375,1.0,143.37646000247273,1.0,1.0,156.672959262375,2.457260011140277,0.6092380192909778,0.44649117607464966,2.0363376051058757,0.5048770921750105,0.44823768319639934,5.245958933274615,0.0,0.5464944999723231,0.5570575557329941,4.493597616246152,0.0,692eb0e8c621d7f4aac3ac17,mecka,mecka,7,False,False,False,False,False,False,False
136.0,4.533333333333333,0.0,0.0,0.0,0.0,0.0,0.0,0.0,0.0,0.0,0.0,0.0,0.0,0.0,0.0,150.05715786242223,1.0,144.08202729686064,1.0,1.0,150.05715786242223,2.2045199856301014,0.48989333014002256,0.3094314808676217,2.281251267504179,0.5069447261120398,0.43059885086434946,3.8165679508702532,0.0,0.48447047092676354,0.4984190281260311,4.48577125313428,0.0,692eb0e9c621d7f4aac3ac23,mecka,mecka,7,False,False,False,False,False,False,False
134.0,4.466666666666667,0.0,0.0,0.0,0.0,0.0,0.0,0.0,0.0,0.0,0.0,0.0,0.0,0.0,0.0,152.065736744928,1.0,145.6474758489771,1.0,1.0,152.065736744928,2.3924604281110664,0.5396527281453534,0.31897949230917133,2.2797068564889056,0.5142195916892269,0.5605570327955204,3.5862116066311804,0.0,0.5195106756362188,0.5269361599172901,4.672167284599972,0.0,692eb0e9c621d7f4aac3ac24,mecka,mecka,7,False,False,False,False,False,False,False
118.0,3.933333333333333,0.0,0.0,0.0,0.0,0.0,0.0,0.0,0.0,0.0,0.0,0.0,0.0,0.0,0.0,153.29796131602558,1.0,143.33171699993648,1.0,1.0,153.29796131602558,2.468401158453861,0.6329233739625284,0.5398504916353316,2.2275037352517715,0.5711548039107106,0.5627974794734202,4.541462112295613,0.0,0.601593950268784,0.6020390889366195,4.695904893705633,0.0,692eb0e9c621d7f4aac3ac29,mecka,mecka,7,False,False,False,False,False,False,False
120.0,4.0,0.0,0.0,0.0,0.0,0.0,0.0,0.0,0.0,0.0,0.0,0.0,0.0,0.0,0.0,155.82868201866142,1.0,147.51704368262537,1.0,1.0,155.82868201866142,2.159542615259625,0.5444225080486451,0.593910425156727,2.1187234010722036,0.5341319498501352,0.567674036759517,4.113010079120645,0.0,0.8400715223122371,0.5392772289493902,4.278266016331829,0.0,692eb0eac621d7f4aac3ac2a,mecka,mecka,7,False,False,False,False,False,False,False
102.0,3.4,0.0,0.0,0.0,0.0,0.0,0.0,0.0,0.0,0.0,0.0,0.0,0.0,0.0,0.0,155.6919972052674,1.0,141.51389339231827,1.0,1.0,155.6919972052674,1.9146114860377026,0.5686964810012978,0.3800142388226957,1.988790257950504,0.5907297795892587,0.5634730121722579,1.489389185759142,0.0,0.7832803848558956,0.5797131302952782,3.9034017439882067,0.0,692eb0eac621d7f4aac3ac2e,mecka,mecka,7,False,False,False,False,False,False,False
231.0,7.7,0.0,0.0,0.0,0.0,0.0,0.0,0.0,0.0,0.0,0.0,0.0,0.0,0.0,0.0,160.58228158736134,1.0,149.8593506002863,1.0,1.0,160.58228158736134,2.672803710994011,0.3486265709992188,0.14816980379650713,4.1487475269736445,0.5411409817791709,0.4700184194539083,1.6115791135956443,0.0,1.0505664674831385,0.4448837763891949,6.821551237967656,0.0,692eb170d3d807884d4dd845,mecka,mecka,7,False,False,False,False,False,False,False
223.0,7.433333333333334,0.0,0.0,0.0,0.0,0.0,0.0,0.0,0.0,0.0,0.0,0.0,0.0,0.0,0.0,162.68712412068953,1.0,149.60934654272774,1.0,1.0,162.68712412068953,2.818062351525289,0.3808192366926068,0.11093654301160438,4.150290098463983,0.5608500133059436,0.4655551443557596,1.536449538293882,0.0,1.0177924120860802,0.4708346249992752,6.968352449989272,0.0,692eb170d3d807884d4dd846,mecka,mecka,7,False,False,False,False,False,False,False
105.0,3.5,0.0,0.0,0.0,0.0,0.0,0.0,0.0,0.0,0.0,0.0,0.0,0.0,0.0,0.0,162.80224899431795,1.0,154.26133952970977,1.0,1.0,162.80224899431795,1.265087776807421,0.36492916638675604,0.18236271975532717,1.6451376495905703,0.4745589373818952,0.3281737148297982,1.5241214323540788,0.0,0.3334117198000088,0.4197440518843256,2.910225426397991,0.0,692eb27da0e165ab2e42e566,mecka,mecka,7,False,False,False,False,False,False,False
161.0,5.366666666666666,0.0,0.0,0.0,0.0,0.0,0.0,0.0,0.0,0.0,0.0,0.0,0.0,0.0,0.0,164.2170357898524,1.0,151.21775636450155,1.0,1.0,164.2170357898524,1.4711151051902642,0.2758340822231745,0.2404559669051303,1.8926087878196598,0.3548641477161862,0.5085383892477796,1.348427759274953,0.0,0.6209858752016826,0.3153491149696804,3.363723893009924,0.0,692eb27da0e165ab2e42e56a,mecka,mecka,7,False,False,False,False,False,False,False
151.0,5.033333333333333,0.0,0.0,0.0,0.0,0.0,0.0,0.0,0.0,0.0,0.0,0.0,0.0,0.0,0.0,169.60431144089944,1.0,155.79612603197396,1.0,1.0,169.60431144089944,1.9532112094170409,0.3906422418834082,0.33301917877074844,2.307580404222783,0.4615160808445566,0.4401877412286944,1.5036833673415957,0.0,0.5197765136094553,0.42607916136398233,4.260791613639824,0.0,692eb27ea0e165ab2e42e56f,mecka,mecka,7,False,False,False,False,False,False,False
180.0,6.0,0.0,0.0,0.0,0.0,0.0,0.0,0.0,0.0,0.0,0.0,0.0,0.0,0.0,0.0,168.90350555894298,1.0,156.80068540603628,1.0,1.0,168.90350555894298,2.685527230383772,0.45008836263415175,0.35968524508034333,2.956795573655623,0.49555233078027205,0.5232937539581267,1.2896596850113993,0.0,0.6172592682171731,0.4728203467072119,5.642322804039395,0.0,692eb27ea0e165ab2e42e573,mecka,mecka,7,False,False,False,False,False,False,False
178.0,5.933333333333334,0.0,0.0,0.0,0.0,0.0,0.0,0.0,0.0,0.0,0.0,0.0,0.0,0.0,0.0,169.32746343444654,1.0,160.24488089883846,1.0,1.0,169.32746343444654,2.303728309846065,0.3904624253976381,0.29140431394367566,2.4679263361912898,0.4182925993544559,0.4831555984800668,1.7954116510520717,0.0,0.5419579329615906,0.404377512376047,4.771654646037355,0.0,692eb27ea0e165ab2e42e575,mecka,mecka,7,False,False,False,False,False,False,False
204.0,6.8,0.0,0.0,0.0,0.0,0.0,0.0,0.0,0.0,0.0,0.0,0.0,0.0,0.0,0.0,171.3137610553893,1.0,155.92714571862268,1.0,1.0,171.3137610553893,2.27812454009852,0.33666865124608675,0.2828562667775054,3.181930927763994,0.47023609769911234,0.8454068367476835,1.9701047416114383,0.0,0.27937087607694544,0.4034523744725996,5.460055467862514,0.0,692eb27fa0e165ab2e42e577,mecka,mecka,7,False,False,False,False,False,False,False
114.0,3.8,0.0,0.0,0.0,0.0,0.0,0.0,0.0,0.0,0.0,0.0,0.0,0.0,0.0,0.0,169.42024201611946,1.0,149.31476524126992,1.0,1.0,169.42024201611946,1.783440167942297,0.4734796906041497,0.3913229905970027,2.0397350896352155,0.5415225901686413,0.4046326877047,1.742061952195733,0.0,0.35348113075523546,0.5075011403863955,3.8231752575775126,0.0,692eb27fa0e165ab2e42e57a,mecka,mecka,7,False,False,False,False,False,False,False
109.0,3.6333333333333333,0.0,0.0,0.0,0.0,0.0,0.0,0.0,0.0,0.0,0.0,0.0,0.0,0.0,0.0,165.75498587444974,1.0,157.47255482065395,1.0,1.0,165.75498587444974,1.7650188834218234,0.49028302317272865,0.33039481613123584,1.7736962581196802,0.4926934050332445,0.4729691201107152,1.6479728882774238,0.0,0.3633241738447911,0.4914882141029866,3.5387151415415037,0.0,692eb27fa0e165ab2e42e57c,mecka,mecka,7,False,False,False,False,False,False,False
119.0,3.966666666666667,0.0,0.0,0.0,0.0,0.0,0.0,0.0,0.0,0.0,0.0,0.0,0.0,0.0,0.0,168.42693668010227,1.0,152.77645725823558,1.0,1.0,168.42693668010227,1.4934847208183828,0.37969950529280916,0.29850812271649324,1.8028718922464868,0.45835726074063227,0.42761496044506436,1.7797223440442318,0.0,0.41580718933178656,0.41902838301672074,3.2963566130648694,0.0,692eb27fa0e165ab2e42e57f,mecka,mecka,7,False,False,False,False,False,False,False
95.0,3.1666666666666665,0.0,0.0,0.0,0.0,0.0,0.0,0.0,0.0,0.0,0.0,0.0,0.0,0.0,0.0,167.04140440141646,1.0,153.4420981647941,1.0,1.0,167.04140440141646,1.3316331592646544,0.4249893061482939,0.16371819102714932,1.843685710568927,0.5884103331602958,0.32019655003197456,1.5778242837722294,0.0,0.400140049482677,0.5066998196542949,3.1753188698335815,0.0,692eb280a0e165ab2e42e582,mecka,mecka,7,False,False,False,False,False,False,False
106.0,3.533333333333333,0.0,0.0,0.0,0.0,0.0,0.0,0.0,0.0,0.0,0.0,0.0,0.0,0.0,0.0,168.76978690708432,1.0,156.4633535048987,1.0,1.0,168.76978690708432,1.6518826304539327,0.47196646584398066,0.2777557864103245,1.939819234568916,0.5542340670196902,0.4684434790790223,1.3899440319125413,0.0,0.5636851842118955,0.5131002664318355,3.5917018650228485,0.0,692eb280a0e165ab2e42e584,mecka,mecka,7,False,False,False,False,False,False,False
69.0,2.3,0.0,0.0,0.0,0.0,0.0,0.0,0.0,0.0,0.0,0.0,0.0,0.0,0.0,0.0,166.56100956482217,1.0,154.12906478564796,1.0,1.0,166.56100956482217,0.9332539862028463,0.4117296997953733,0.1949075167083556,1.0840745139977133,0.4782681679401675,0.19280835893771534,1.4407123488268452,0.0,0.4317130390664616,0.4449989338677704,2.0173285002005596,0.0,692eb280a0e165ab2e42e585,mecka,mecka,7,False,False,True,False,False,False,True
226.0,7.533333333333333,0.0,0.0,0.0,0.0,0.0,0.0,0.0,0.0,0.0,0.0,0.0,0.0,0.0,0.0,153.31181243275006,1.0,148.48916837697197,1.0,1.0,153.31181243275006,2.116723655888071,0.2822298207850761,0.12399401816746419,3.2233631843770514,0.4297817579169403,0.5007586801970494,2.706728278510026,0.0,0.37971788804321666,0.35600578935100824,5.340086840265123,0.0,692eb28d21fc595fbe6f9601,mecka,mecka,7,False,False,False,False,False,False,False
229.0,7.633333333333334,0.0,0.0,0.0,0.0,0.0,0.0,0.0,0.0,0.0,0.0,0.0,0.0,0.0,0.0,147.2732415354448,1.0,147.12350235730005,1.0,1.0,147.2732415354448,2.764753972170749,0.36378341739088793,0.21249738147849637,3.5876931213634298,0.47206488438992505,0.5547851462258642,1.7260546273915776,0.0,0.7014045359134764,0.4179241508904065,6.352447093534179,0.0,692eb28d21fc595fbe6f9602,mecka,mecka,7,False,False,False,False,False,False,False
202.0,6.733333333333333,0.0,0.0,0.0,0.0,0.0,0.0,0.0,0.0,0.0,0.0,0.0,0.0,0.0,0.0,151.17185875705366,1.0,150.33654690545364,1.0,1.0,151.17185875705366,2.048248401570785,0.30570871665235605,0.23630847097951233,3.0814175841331988,0.45991307225868644,0.5216727970101361,2.011943354383919,0.0,0.43425954600906524,0.38281089445552124,5.1296659857039835,0.0,692eb28e21fc595fbe6f960c,mecka,mecka,7,False,False,False,False,False,False,False
226.0,7.533333333333333,0.0,0.0,0.0,0.0,0.0,0.0,0.0,0.0,0.0,0.0,0.0,0.0,0.0,0.0,160.36104022628206,1.0,149.03925200851842,1.0,1.0,160.36104022628206,2.1839277322259267,0.2911903642967902,0.14138238049003682,3.2167486325603103,0.42889981767470803,0.4948655507516784,1.4834433751406868,0.0,0.5188788109953995,0.3600450909857491,5.4006763647862375,0.0,692eb28f21fc595fbe6f9614,mecka,mecka,7,False,False,False,False,False,False,False
208.0,6.933333333333334,0.0,0.0,0.0,0.0,0.0,0.0,0.0,0.0,0.0,0.0,0.0,0.0,0.0,0.0,157.82564939070198,1.0,154.97187029368604,1.0,1.0,157.82564939070198,1.838554439952542,0.2664571652105133,0.24078593640955787,2.7307854171749275,0.3957660024891199,0.3386688375294993,1.394319475732815,0.0,0.3412800712025226,0.33111158384981665,4.56933985712747,0.0,692eb28f21fc595fbe6f9617,mecka,mecka,7,False,False,False,False,False,False,False
363.0,12.1,0.0,0.0,0.0,0.0,0.0,0.0,0.0,0.0,0.0,0.0,0.0,0.0,0.0,0.0,157.73673248564128,1.0,157.6171309215319,1.0,1.0,157.73673248564128,2.3764555152952536,0.19694382723441323,0.12354709043670184,3.6246767274340446,0.30038757409674405,0.6299940636122465,1.3924632602720728,0.0,0.6518770854233232,0.24866570066557867,6.001132242729298,0.0,692eb2f0727c13b350cb7d52,mecka,mecka,7,False,False,False,False,False,False,False
199.0,6.633333333333334,0.0,0.0,0.0,0.0,0.0,0.0,0.0,0.0,0.0,0.0,0.0,0.0,0.0,0.0,154.7893474663057,1.0,143.04051490343002,1.0,1.0,154.7893474663057,2.2432179056323487,0.3398815008533861,0.21863294365707128,2.790775513432453,0.4228447747624929,0.5107182348180045,1.6074103340777515,0.0,0.45933436644779785,0.3813631378079395,5.033993419064801,0.0,692eb32cb05428c72fb37669,mecka,mecka,7,False,False,False,False,False,False,False
196.0,6.533333333333333,0.0,0.0,0.0,0.0,0.0,0.0,0.0,0.0,0.0,0.0,0.0,0.0,0.0,0.0,162.15387319399997,1.0,160.4561184246014,1.0,1.0,162.15387319399997,0.9088874593417722,0.13982883989873418,0.1420498688557736,1.5745425457688782,0.24223731473367358,0.27986339832220786,0.5543431284429082,0.0,0.2142508889129754,0.1910330773162039,2.4834300051106504,0.0,692eb333ea43f09edf26f6c2,mecka,mecka,7,False,False,False,False,False,False,False
197.0,6.566666666666666,0.0,0.0,0.0,0.0,0.0,0.0,0.0,0.0,0.0,0.0,0.0,0.0,0.0,0.0,161.43722865479842,1.0,156.27106387609024,1.0,1.0,161.43722865479842,1.3124926488036595,0.20089173195974383,0.13510523668739668,1.955579341170801,0.2993233685465511,0.2515012574239409,0.8211513308310068,0.0,0.31503954323227484,0.2501075502531475,3.2680719899744606,0.0,692eb3fb96d2056439f01994,mecka,mecka,7,False,False,False,False,False,False,False
156.0,5.2,0.0,0.0,0.0,0.0,0.0,0.0,0.0,0.0,0.0,0.0,0.0,0.0,0.0,0.0,163.54447387879424,1.0,159.573172731159,1.0,1.0,163.54447387879424,0.7294132640780087,0.141176760789292,0.1472492621514369,1.113820624436223,0.21557818537475285,0.30190071277111896,0.554787813465075,0.0,0.15265039174532244,0.17837747308202243,1.8432338885142316,0.0,692eb3fb96d2056439f01995,mecka,mecka,7,False,False,False,False,False,False,False
220.0,7.333333333333333,0.0,0.0,0.0,0.0,0.0,0.0,0.0,0.0,0.0,0.0,0.0,0.0,0.0,0.0,161.09999460373785,1.0,160.57968481003576,1.0,1.0,161.09999460373785,1.0552721816329633,0.14455783310040596,0.14386340367289727,1.56072774706124,0.2137983215152384,0.3675113352056058,0.8861125885211821,0.0,0.18714520832765144,0.17917807730782215,2.6159999286942033,0.0,692eb3fb96d2056439f01998,mecka,mecka,7,False,False,False,False,False,False,False
233.0,7.766666666666667,0.0,0.0,0.0,0.0,0.0,0.0,0.0,0.0,0.0,0.0,0.0,0.0,0.0,0.0,160.59075461437493,1.0,156.1320843899306,1.0,1.0,160.59075461437493,1.5103974743158897,0.19531001823050295,0.08865509425131073,2.421381397215347,0.313109663433019,0.541338502400693,0.820301148230973,0.0,0.6070877697664483,0.25420984083176096,3.931778871531237,0.0,692eb3fb96d2056439f0199c,mecka,mecka,7,False,False,False,False,False,False,False
237.0,7.9,0.0,0.0,0.0,0.0,0.0,0.0,0.0,0.0,0.0,0.0,0.0,0.0,0.0,0.0,157.33601778392247,1.0,156.65700220448102,1.0,1.0,157.33601778392247,1.961936702881451,0.24939873341713362,0.13826173643622353,2.352653921500746,0.29906617646195927,0.4249694402769162,1.2930207705462273,0.0,0.36539791871328464,0.2742324549395464,4.3145906243821965,0.0,692eb3fb96d2056439f0199e,mecka,mecka,7,False,False,False,False,False,False,False
225.0,7.5,0.0,0.0,0.0,0.0,0.0,0.0,0.0,0.0,0.0,0.0,0.0,0.0,0.0,0.0,151.15854859236939,1.0,138.60626778699273,1.0,1.0,151.15854859236939,2.264850556417427,0.30332819952019113,0.3031393868708841,2.582488309753303,0.3458689700562459,0.5032104536173126,1.0771016013081904,0.0,0.38568967940560706,0.32459858478821857,4.84733886617073,0.0,692eb463aec602a46af1070e,mecka,mecka,7,False,False,False,False,False,False,False
222.0,7.4,0.0,0.0,0.0,0.0,0.0,0.0,0.0,0.0,0.0,0.0,0.0,0.0,0.0,0.0,156.52510575423037,1.0,149.01979882679439,1.0,1.0,156.52510575423037,2.0271874262069174,0.27518381351225124,0.09053948536105101,2.427391856969148,0.32951020682839127,0.20070867431196363,1.3338600872141546,0.0,0.5447766702053255,0.30234701017032123,4.4545792831760656,0.0,692eb492f169106feb26b013,mecka,mecka,7,False,False,False,False,False,False,False
220.0,7.333333333333333,0.0,0.0,0.0,0.0,0.0,0.0,0.0,0.0,0.0,0.0,0.0,0.0,0.0,0.0,159.86726946993957,1.0,143.40814496159632,1.0,1.0,159.86726946993957,2.009232027835382,0.2752372640870387,0.15712253107132743,2.354672200368081,0.32255783566686036,0.35795396786481853,1.5138864625971222,0.0,0.3392295165518479,0.2988975498769495,4.363904228203463,0.0,692eb493f169106feb26b01b,mecka,mecka,7,False,False,False,False,False,False,False
187.0,6.233333333333333,0.0,0.0,0.0,0.0,0.0,0.0,0.0,0.0,0.0,0.0,0.0,0.0,0.0,0.0,154.09118060280093,1.0,139.84687551123534,1.0,1.0,154.09118060280093,1.4937430409641523,0.240926296929702,0.18353591382836001,2.225981618060027,0.35902929323548827,0.4048823466710759,0.7240781537607454,0.0,0.5630770088540282,0.2999777950825951,3.7197246590241795,0.0,692eb64fba0400c7068a0035,mecka,mecka,7,False,False,False,False,False,False,False
227.0,7.566666666666666,0.0,0.0,0.0,0.0,0.0,0.0,0.0,0.0,0.0,0.0,0.0,0.0,0.0,0.0,155.88738007907293,1.0,137.25162326757592,1.0,1.0,155.88738007907293,1.6618967716877373,0.22060576615323943,0.03386232077502406,2.790021386490375,0.3703568212155365,0.327183295008939,1.443903154465094,0.0,0.5703333769822699,0.29548129368438797,4.451918158178112,0.0,692eb650ba0400c7068a003e,mecka,mecka,7,False,False,False,False,False,False,False
198.0,6.6,0.0,0.0,0.0,0.0,0.0,0.0,0.0,0.0,0.0,0.0,0.0,0.0,0.0,0.0,150.65556201477034,1.0,134.8638612537868,1.0,1.0,150.65556201477034,1.6351183042592645,0.24900278745064944,0.11556444482318873,2.426966673580263,0.3695888335401415,0.4135082466999789,0.9507352731737884,0.0,0.5422169516900034,0.3092958104953955,4.062084977839527,0.0,692eb650ba0400c7068a003f,mecka,mecka,7,False,False,False,False,False,False,False
200.0,6.666666666666667,0.0,0.0,0.0,0.0,0.0,0.0,0.0,0.0,0.0,0.0,0.0,0.0,0.0,0.0,149.27496169457575,1.0,134.09615928616648,1.0,1.0,149.27496169457575,1.456602595776316,0.21958833102155517,0.11978709003482137,2.6066754836808848,0.3929661533187263,0.3748303006964796,1.3860886786866091,0.0,0.3688039259552412,0.3062772421701408,4.0632780794572,0.0,692eb651ba0400c7068a0043,mecka,mecka,7,False,False,False,False,False,False,False
204.0,6.8,0.0,0.0,0.0,0.0,0.0,0.0,0.0,0.0,0.0,0.0,0.0,0.0,0.0,0.0,153.18663438442428,1.0,139.65170136795194,1.0,1.0,153.18663438442428,1.5932599294335539,0.23545713242860403,0.17400482932303285,2.695970106942763,0.39841922762700926,0.4236991771415433,1.1448995400897388,0.0,0.48387577248711294,0.31693818002780666,4.289230036376317,0.0,692eb651ba0400c7068a0044,mecka,mecka,7,False,False,False,False,False,False,False
153.0,5.1,0.0,0.0,0.0,0.0,0.0,0.0,0.0,0.0,0.0,0.0,0.0,0.0,0.0,0.0,153.19605814132936,1.0,134.49449709684544,1.0,1.0,153.19605814132936,1.4196689429672584,0.2801978176909062,0.16798796295171192,2.231814369973952,0.44048967828433266,0.3742308296884729,1.6131471367787984,0.0,0.4604726200329393,0.3603437479876195,3.6514833129412105,0.0,692eb651ba0400c7068a0045,mecka,mecka,7,False,False,False,False,False,False,False
223.0,7.433333333333334,0.0,0.0,0.0,0.0,0.0,0.0,0.0,0.0,0.0,0.0,0.0,0.0,0.0,0.0,152.76546642632593,1.0,138.11894313016717,1.0,1.0,152.76546642632593,1.5602729485302604,0.21084769574733248,0.18560007485030822,2.9567268971022727,0.3995576887976045,0.30144237604798113,1.3968611252258847,0.0,0.44334970452228956,0.3052026922724685,4.516999845632533,0.0,692eb651ba0400c7068a0048,mecka,mecka,7,False,False,False,False,False,False,False
141.0,4.7,0.0,0.0,0.0,0.0,0.0,0.0,0.0,0.0,0.0,0.0,0.0,0.0,0.0,0.0,148.8177115687795,1.0,134.8601951668497,1.0,1.0,148.8177115687795,1.4379730046109085,0.30813707241662325,0.09064017361771107,2.0014269848330484,0.4288772110356532,0.4004967387828953,0.861560205060097,0.0,0.4163085223725314,0.36850714172613824,3.439399989443957,0.0,692eb651ba0400c7068a004a,mecka,mecka,7,False,False,False,False,False,False,False
156.0,5.2,0.0,0.0,0.0,0.0,0.0,0.0,0.0,0.0,0.0,0.0,0.0,0.0,0.0,0.0,156.95487325494986,1.0,139.0259716304649,1.0,1.0,156.95487325494986,1.4878116902897354,0.2879635529593036,0.15804947003141778,2.1653670441011155,0.4191032988582804,0.3371721141131202,1.2856176193333797,0.0,0.45159815710430073,0.353533425908792,3.653178734390851,0.0,692eb651ba0400c7068a004b,mecka,mecka,7,False,False,False,False,False,False,False
163.0,5.433333333333334,0.0,0.0,0.0,0.0,0.0,0.0,0.0,0.0,0.0,0.0,0.0,0.0,0.0,0.0,152.57635003852127,1.0,137.40926537224163,1.0,1.0,152.57635003852127,1.358049410628777,0.2514906315979216,0.11810399146774433,2.1291867408271785,0.39429384089392194,0.4640875182253071,1.3423641038034173,0.0,0.6804567899580384,0.3228922362459218,3.4872361514559556,0.0,692eb652ba0400c7068a004d,mecka,mecka,7,False,False,False,False,False,False,False
151.0,5.033333333333333,0.0,0.0,0.0,0.0,0.0,0.0,0.0,0.0,0.0,0.0,0.0,0.0,0.0,0.0,156.63496546367662,1.0,139.46745527069805,1.0,1.0,156.63496546367662,1.336306035747063,0.2672612071494126,0.1501917643162909,1.9778062604116378,0.3955612520823275,0.35785567344536623,1.0732918023376956,0.0,0.41565413675314383,0.33141122961587,3.314112296158701,0.0,692eb652ba0400c7068a004f,mecka,mecka,7,False,False,False,False,False,False,False
156.0,5.2,0.0,0.0,0.0,0.0,0.0,0.0,0.0,0.0,0.0,0.0,0.0,0.0,0.0,0.0,155.527079441949,1.0,136.92026947890994,1.0,1.0,155.527079441949,1.4427889356594399,0.2792494714179561,0.1765940264505748,2.2368619501767766,0.43294102261486,0.3430513335643217,1.6400609085675972,0.0,0.43586037672631095,0.3560952470164081,3.6796508858362165,0.0,692eb652ba0400c7068a0050,mecka,mecka,7,False,False,False,False,False,False,False
162.0,5.4,0.0,0.0,0.0,0.0,0.0,0.0,0.0,0.0,0.0,0.0,0.0,0.0,0.0,0.0,155.63463153269677,1.0,133.0820612189949,1.0,1.0,155.63463153269677,1.5390967010685626,0.2867882051680552,0.1398722967030038,2.186953740041516,0.40750690808227,0.3495213596193671,1.4612405497176095,0.0,0.4268650758729262,0.3471475566251626,3.7260504411100785,0.0,692eb652ba0400c7068a0051,mecka,mecka,7,False,False,False,False,False,False,False
173.0,5.766666666666667,0.0,0.0,0.0,0.0,0.0,0.0,0.0,0.0,0.0,0.0,0.0,0.0,0.0,0.0,150.77663547228858,1.0,136.06699163841438,1.0,1.0,150.77663547228858,1.6291316471260737,0.2841508686847803,0.13200699478629127,2.3483061346658927,0.4095882793021906,0.43379949751318336,0.9327527962825665,0.0,0.5463243923714186,0.34686957399348545,3.9774377817919664,0.0,692eb652ba0400c7068a0053,mecka,mecka,7,False,False,False,False,False,False,False
173.0,5.766666666666667,0.0,0.0,0.0,0.0,0.0,0.0,0.0,0.0,0.0,0.0,0.0,0.0,0.0,0.0,153.1982140620614,1.0,136.78836267829274,1.0,1.0,153.1982140620614,1.5739034713516755,0.2745180473287806,0.14505027310715038,2.3341769320991093,0.40712388350565853,0.4241995957509502,1.162398719689297,0.0,0.45527448566771345,0.34082096541721957,3.908080403450785,0.0,692eb652ba0400c7068a0054,mecka,mecka,7,False,False,False,False,False,False,False
193.0,6.433333333333334,0.0,0.0,0.0,0.0,0.0,0.0,0.0,0.0,0.0,0.0,0.0,0.0,0.0,0.0,155.91498220600056,1.0,136.64067060788747,1.0,1.0,155.91498220600056,1.615255060471526,0.2523836031986759,0.07438884000069894,2.3187314671877868,0.36230179174809174,0.35230477113227765,0.8491891475576036,0.0,0.44656810342880526,0.30734269747338383,3.9339865276593127,0.0,692eb653ba0400c7068a0055,mecka,mecka,7,False,False,False,False,False,False,False
182.0,6.066666666666666,0.0,0.0,0.0,0.0,0.0,0.0,0.0,0.0,0.0,0.0,0.0,0.0,0.0,0.0,157.60978858763013,1.0,136.7908747403947,1.0,1.0,157.60978858763013,1.661761231694054,0.2754300384023294,0.13692195509153346,2.387548384830042,0.39572625162928865,0.4141947760926107,1.243690539369839,0.0,0.5158276465060783,0.335578145015809,4.049309616524096,0.0,692eb653ba0400c7068a0056,mecka,mecka,7,False,False,False,False,False,False,False
164.0,5.466666666666667,0.0,0.0,0.0,0.0,0.0,0.0,0.0,0.0,0.0,0.0,0.0,0.0,0.0,0.0,155.30918524474825,1.0,137.5046342401885,1.0,1.0,155.30918524474825,1.6807429056455416,0.30933918508813646,0.12027082575780995,2.2528171190233,0.4146289176116502,0.33147720861014396,1.0538339518841142,0.0,0.625826638455093,0.3619840513498933,3.9335600246688416,0.0,692eb653ba0400c7068a005d,mecka,mecka,7,False,False,False,False,False,False,False
238.0,7.933333333333334,0.0,0.0,0.0,0.0,0.0,0.0,0.0,0.0,0.0,0.0,0.0,0.0,0.0,0.0,153.6387418366385,1.0,138.0493157406097,1.0,1.0,153.6387418366385,3.447072320413235,0.43633826840673856,0.12358878605730617,3.5921246997604,0.454699329083595,0.4287219086422655,1.6204547198124586,0.0,0.539595052330913,0.44551879874516676,7.039197020173635,0.0,692eb74ff169106feb26b03b,mecka,mecka,7,False,False,False,False,False,False,False
227.0,7.566666666666666,0.0,0.0,0.0,0.0,0.0,0.0,0.0,0.0,0.0,0.0,0.0,0.0,0.0,0.0,151.6049064139821,1.0,141.93320798025056,1.0,1.0,151.6049064139821,3.2726178539740762,0.43441829920009856,0.06911709602952208,3.436476358874671,0.45616942816920414,0.516504902610509,1.4249194910264058,0.0,0.4758029716174548,0.4452938636846514,6.709094212848747,0.0,692eb750f169106feb26b04a,mecka,mecka,7,False,False,False,False,False,False,False
238.0,7.933333333333334,0.0,0.0,0.0,0.0,0.0,0.0,0.0,0.0,0.0,0.0,0.0,0.0,0.0,0.0,149.07645913464805,1.0,143.11627256145516,1.0,1.0,149.07645913464805,3.1177353818231355,0.3946500483320424,0.0700738046947733,3.4406583697967563,0.43552637592364,0.41423706328594917,1.668121127955655,0.0,0.437789049200641,0.41508821212784125,6.558393751619892,0.0,692eb752f169106feb26b056,mecka,mecka,7,False,False,False,False,False,False,False
195.0,6.5,0.0,0.0,0.0,0.0,0.0,0.0,0.0,0.0,0.0,0.0,0.0,0.0,0.0,0.0,150.21977967611912,1.0,146.7081928020838,1.0,1.0,150.21977967611912,1.97011985536941,0.3046577095932077,0.2651332174153806,4.575488869469037,0.7075498251756246,0.4012263469845348,2.1321805904486726,0.0,0.4885098875150837,0.5061037673844161,6.545608724838447,0.0,692eb78a4e7eab2cafd26a8a,mecka,mecka,7,False,False,False,False,False,False,False
222.0,7.4,0.0,0.0,0.0,0.0,0.0,0.0,0.0,0.0,0.0,0.0,0.0,0.0,0.0,0.0,158.41937966652793,1.0,144.1392452782856,1.0,1.0,158.41937966652793,1.9786877159543035,0.2686001424372357,0.3035565260719818,4.369328230459235,0.5931214792478602,0.2992466905285473,1.8151763324264383,0.0,0.4646683042773627,0.4308608108425479,6.348015946413539,0.0,692eb78a4e7eab2cafd26a8c,mecka,mecka,7,False,False,False,False,False,False,False
217.0,7.233333333333333,0.0,0.0,0.0,0.0,0.0,0.0,0.0,0.0,0.0,0.0,0.0,0.0,0.0,0.0,160.26167336941478,1.0,141.48107249698404,1.0,1.0,160.26167336941478,1.8015173656679084,0.25021074523165393,0.1972238852201573,4.447582816408514,0.6177198356122936,0.16738074435567443,1.5037295126864256,0.0,0.4167991782621456,0.43396529042197374,6.249100182076422,0.0,692eb78b4e7eab2cafd26a97,mecka,mecka,7,False,False,False,False,False,False,False
205.0,6.833333333333333,0.0,0.0,0.0,0.0,0.0,0.0,0.0,0.0,0.0,0.0,0.0,0.0,0.0,0.0,152.61461762191897,1.0,144.6478234990507,1.0,1.0,152.61461762191897,1.8299949485349751,0.2691169041963199,0.22989210025289222,4.212969247163203,0.6195543010534122,0.3228079082028889,1.713358395760485,0.0,0.47621598681690697,0.44433560262486604,6.042964195698178,0.0,692eb78b4e7eab2cafd26a99,mecka,mecka,7,False,False,False,False,False,False,False
225.0,7.5,0.0,0.0,0.0,0.0,0.0,0.0,0.0,0.0,0.0,0.0,0.0,0.0,0.0,0.0,156.82615014620984,1.0,143.58451725019918,1.0,1.0,156.82615014620984,1.8513475480905668,0.24794833233355806,0.12442246487820406,4.6001838473432395,0.6160960509834696,0.2784379643613254,1.8263187596619566,0.0,0.4664754167156071,0.43202219165851385,6.451531395433806,0.0,692eb78c4e7eab2cafd26aa1,mecka,mecka,7,False,False,False,False,False,False,False
209.0,6.966666666666667,0.0,0.0,0.0,0.0,0.0,0.0,0.0,0.0,0.0,0.0,0.0,0.0,0.0,0.0,157.62205299573966,1.0,145.26388441511688,1.0,1.0,157.62205299573966,1.762092352990471,0.2541479355274718,0.18846391312692062,4.3973305761645545,0.6342303715621955,0.384111475161924,1.6047932905537257,0.0,0.4506540147385805,0.4441891535448337,6.159422929155026,0.0,692eb78d4e7eab2cafd26aab,mecka,mecka,7,False,False,False,False,False,False,False
237.0,7.9,0.0,0.0,0.0,0.0,0.0,0.0,0.0,0.0,0.0,0.0,0.0,0.0,0.0,0.0,161.47694758016246,1.0,153.10077615850565,1.0,1.0,161.47694758016246,2.455777623575849,0.3121751216409978,0.21432611902044937,3.560526834295857,0.45260934334269365,0.28061506309317774,1.250648781536433,0.0,0.48756862224716635,0.38239223249184573,6.016304457871707,0.0,692eb90468bf0a1f46230625,mecka,mecka,7,False,False,False,False,False,False,False
269.0,8.966666666666667,0.0,0.0,0.0,0.0,0.0,0.0,0.0,0.0,0.0,0.0,0.0,0.0,0.0,0.0,169.3523863070835,1.0,165.96069432641647,1.0,1.0,169.3523863070835,1.3222286143469693,0.1480106657851085,0.18562793304792435,1.9089591593323665,0.21368945813422013,0.3417580571892434,0.6229809988886109,0.0,0.19889295236382637,0.18085006195966435,3.231187773679336,0.0,692eba20d3d807884d4dd862,mecka,mecka,7,False,False,False,False,False,False,False
157.0,5.233333333333333,0.0,0.0,0.0,0.0,0.0,0.0,0.0,0.0,0.0,0.0,0.0,0.0,0.0,0.0,151.80390795420033,1.0,139.40723427318434,1.0,1.0,151.80390795420033,1.6662003084105477,0.32042313623279767,0.2720129238698772,2.2168432486295533,0.4263160093518373,0.36587395403640616,1.172901114380121,0.0,0.7014623922207092,0.3733695727923174,3.883043557040101,0.0,692ec529526b2c3ac5f5b55a,mecka,mecka,7,False,False,False,False,False,False,False
135.0,4.5,0.0,0.0,0.0,0.0,0.0,0.0,0.0,0.0,0.0,0.0,0.0,0.0,0.0,0.0,158.31479910715245,1.0,135.27612856544692,1.0,1.0,158.31479910715245,1.6213286981299604,0.3629840368947672,0.2675057075360606,2.160400486963278,0.48367175081267416,0.35488919899122273,1.4947913615825899,0.0,0.4709818257640104,0.4233278938537207,3.781729185093238,0.0,692ec52a526b2c3ac5f5b55b,mecka,mecka,7,False,False,False,False,False,False,False
162.0,5.4,0.0,0.0,0.0,0.0,0.0,0.0,0.0,0.0,0.0,0.0,0.0,0.0,0.0,0.0,151.9546789805862,1.0,139.4172154038033,1.0,1.0,151.9546789805862,1.6462216493907182,0.30674937566286675,0.18637792623502214,2.371743665425,0.4419398134332298,0.29473039133289575,1.522780316435305,0.0,0.474456071096154,0.37434459454804825,4.017965314815719,0.0,692ec52a526b2c3ac5f5b562,mecka,mecka,7,False,False,False,False,False,False,False
150.0,5.0,0.0,0.0,0.0,0.0,0.0,0.0,0.0,0.0,0.0,0.0,0.0,0.0,0.0,0.0,153.25347104457853,1.0,138.50761407263525,1.0,1.0,153.25347104457853,1.5572363312726614,0.3135375163636232,0.09805810205017274,2.2112295348394353,0.4452140003032419,0.19619101802590236,1.2520214110854966,0.0,0.4436983255546494,0.37937575833343257,3.7684658661120967,0.0,692ec52b526b2c3ac5f5b568,mecka,mecka,7,False,False,False,False,False,False,False
178.0,5.933333333333334,0.0,0.0,0.0,0.0,0.0,0.0,0.0,0.0,0.0,0.0,0.0,0.0,0.0,0.0,157.74275320012163,1.0,137.2639771146694,1.0,1.0,157.74275320012163,1.7206997708863359,0.2916440289637858,0.07052442290248942,2.3687353676542005,0.4014805707888474,0.18567975671412176,1.4426274579110756,0.0,0.42508198056374924,0.34656229987631665,4.089435138540536,0.0,692ec52d526b2c3ac5f5b579,mecka,mecka,7,False,False,False,False,False,False,False
139.0,4.633333333333334,0.0,0.0,0.0,0.0,0.0,0.0,0.0,0.0,0.0,0.0,0.0,0.0,0.0,0.0,146.97140139028443,1.0,135.28805499557853,1.0,1.0,146.97140139028443,1.6282044111104468,0.35395748067618404,0.34183538963549825,2.20753015731139,0.4798978602850847,0.2173285515998601,2.0425750084500294,0.0,0.46441574488813187,0.41692767048063434,3.8357345684218367,0.0,692ec52d526b2c3ac5f5b57a,mecka,mecka,7,False,False,False,False,False,False,False
148.0,4.933333333333334,0.0,0.0,0.0,0.0,0.0,0.0,0.0,0.0,0.0,0.0,0.0,0.0,0.0,0.0,154.64741284591634,1.0,139.1932167758005,1.0,1.0,154.64741284591634,1.6562790168046293,0.3380161258784957,0.2597552419030065,2.366453891528905,0.48294977378140924,0.3433861124575348,1.4729449785208946,0.0,0.6474077390640299,0.4104829498299525,4.022732908333534,0.0,692ec52d526b2c3ac5f5b57b,mecka,mecka,7,False,False,False,False,False,False,False
152.0,5.066666666666666,0.0,0.0,0.0,0.0,0.0,0.0,0.0,0.0,0.0,0.0,0.0,0.0,0.0,0.0,152.61331811191468,1.0,136.52391492179788,1.0,1.0,152.61331811191468,1.4136265336242397,0.2808529537001802,0.1853358958232577,2.1731392803811755,0.43174952590354476,0.2644984941790607,1.294224963835925,0.0,0.41612469032731075,0.35630123980186246,3.5867658140054153,0.0,692ec52d526b2c3ac5f5b57c,mecka,mecka,7,False,False,False,False,False,False,False
156.0,5.2,0.0,0.0,0.0,0.0,0.0,0.0,0.0,0.0,0.0,0.0,0.0,0.0,0.0,0.0,148.0159557534833,1.0,140.64569148043802,1.0,1.0,148.0159557534833,1.6631545132306371,0.32190087352851043,0.16960024075102287,2.2868874019018666,0.4426233681100387,0.3601910711243101,1.4574787195893824,0.0,0.46244934609100585,0.3822621208192746,3.9500419151325037,0.0,692ec52e526b2c3ac5f5b57f,mecka,mecka,7,False,False,False,False,False,False,False
131.0,4.366666666666666,0.0,0.0,0.0,0.0,0.0,0.0,0.0,0.0,0.0,0.0,0.0,0.0,0.0,0.0,153.86503804906866,1.0,139.23238940485416,1.0,1.0,153.86503804906866,1.4315934388971359,0.3303677166685698,0.19074363983169954,2.1729190152888123,0.5014428496820336,0.3428878561186781,1.5153059934245747,0.0,0.62803093283691,0.4159052831753017,3.604512454185948,0.0,692ec52f526b2c3ac5f5b587,mecka,mecka,7,False,False,False,False,False,False,False
140.0,4.666666666666667,0.0,0.0,0.0,0.0,0.0,0.0,0.0,0.0,0.0,0.0,0.0,0.0,0.0,0.0,151.08717110624397,1.0,140.4635668365698,1.0,1.0,151.08717110624397,1.4317050721343778,0.3090010947052614,0.21752985309974385,2.3297618514456984,0.5028262988731721,0.3383735581356395,1.4763418567561186,0.0,0.5444607341213877,0.40591369678921685,3.761466923580076,0.0,692ec52f526b2c3ac5f5b58a,mecka,mecka,7,False,False,False,False,False,False,False
136.0,4.533333333333333,0.0,0.0,0.0,0.0,0.0,0.0,0.0,0.0,0.0,0.0,0.0,0.0,0.0,0.0,151.2878748896853,1.0,141.11842465731365,1.0,1.0,151.2878748896853,1.5218465651659545,0.3381881255924344,0.19286728795836677,2.1447519824628984,0.47661155165842184,0.284970310398897,1.016548273159718,0.0,0.47831558295752813,0.4073998386254281,3.666598547628853,0.0,692ec52f526b2c3ac5f5b58b,mecka,mecka,7,False,False,False,False,False,False,False
126.0,4.2,0.0,0.0,0.0,0.0,0.0,0.0,0.0,0.0,0.0,0.0,0.0,0.0,0.0,0.0,150.31798196061996,1.0,142.2766482208408,1.0,1.0,150.31798196061996,1.4832979424833974,0.35599150619601544,0.308244900605785,2.172207937083875,0.52132990490013,0.369794252853959,1.4426778513699665,0.0,0.6479276105399423,0.43866070554807274,3.6555058795672726,0.0,692ec52f526b2c3ac5f5b58f,mecka,mecka,7,False,False,False,False,False,False,False
130.0,4.333333333333333,0.0,0.0,0.0,0.0,0.0,0.0,0.0,0.0,0.0,0.0,0.0,0.0,0.0,0.0,149.73350445214322,1.0,138.33744668469194,1.0,1.0,149.73350445214322,1.4739580432495534,0.34278094029059375,0.21155331835722965,2.057167424736498,0.478411029008488,0.2849479764129649,1.1671751573398166,0.0,0.6051610187379873,0.4105959846495409,3.5311254679860515,0.0,692ec530526b2c3ac5f5b590,mecka,mecka,7,False,False,False,False,False,False,False
191.0,6.366666666666666,0.0,0.0,0.0,0.0,0.0,0.0,0.0,0.0,0.0,0.0,0.0,0.0,0.0,0.0,170.97207752952247,1.0,157.73747042534671,1.0,1.0,170.97207752952247,1.7248578546251594,0.27234597704607777,0.1807830057191919,2.14415081834038,0.33855012921163896,0.18980625865822048,1.2595464443654827,0.0,0.4199734855916476,0.30544805312885837,3.8690086729655393,0.0,692edad79ca48e15a25b294f,mecka,mecka,7,False,False,False,False,False,False,False
356.0,11.866666666666667,0.0,0.0,0.0,0.0,0.0,0.0,0.0,0.0,0.0,0.0,0.0,0.0,0.0,0.0,145.4936928574624,1.0,139.52218992922755,1.0,1.0,145.4936928574624,2.28794440140934,0.19334741420360618,0.1410682043325294,2.790057838973131,0.23577953568787022,0.10277089927116531,0.7504125730908318,0.0,0.3489304294555013,0.2145634749457382,5.078002240382471,0.0,692edeb00ba268eb1656495c,mecka,mecka,7,False,False,False,False,False,False,False
209.0,6.966666666666667,0.0,0.0,0.0,0.0,0.0,0.0,0.0,0.0,0.0,0.0,0.0,0.0,0.0,0.0,154.41441138738003,1.0,160.0648318997158,1.0,1.0,160.0648318997158,1.8450096520982648,0.2661071613603267,0.2890422185472463,2.7057716337508166,0.3902555240986755,0.5513194953816423,1.5166658631412164,0.0,0.600327629049339,0.3281813427295011,4.550781285849082,0.0,692eefe10ba268eb16564aa0,mecka,mecka,7,False,False,False,False,False,False,False
221.0,7.366666666666666,0.0,0.0,0.0,0.0,0.0,0.0,0.0,0.0,0.0,0.0,0.0,0.0,0.0,0.0,156.56991621346654,1.0,158.19071533375893,1.0,1.0,158.19071533375893,2.030896846926265,0.27694047912630887,0.232256478702349,2.802637062333155,0.3821777812272484,0.5373421925754986,1.5485023781291443,0.0,0.71363746068995,0.3295591301767786,4.83353390925942,0.0,692eefe10ba268eb16564aa1,mecka,mecka,7,False,False,False,False,False,False,False
207.0,6.9,0.0,0.0,0.0,0.0,0.0,0.0,0.0,0.0,0.0,0.0,0.0,0.0,0.0,0.0,160.46374499875665,1.0,158.39220720946486,1.0,1.0,160.46374499875665,1.6662646432173847,0.24265989949767733,0.2518982217957057,2.8294572238985403,0.41205687726677775,0.6360174861860461,1.5300273424093154,0.0,0.7525243611339102,0.32735838838222747,4.495721867115925,0.0,692eefe10ba268eb16564aa3,mecka,mecka,7,False,False,False,False,False,False,False
204.0,6.8,0.0,0.0,0.0,0.0,0.0,0.0,0.0,0.0,0.0,0.0,0.0,0.0,0.0,0.0,161.24569306916126,1.0,157.62929840181505,1.0,1.0,161.24569306916126,1.6070366299693881,0.2374930980250327,0.22891301310773782,2.7916414209501244,0.41255784546060953,0.4739887499753379,1.5115923772749187,0.0,0.6120897537126404,0.3250254717428212,4.3986780509195125,0.0,692eefe20ba268eb16564aaa,mecka,mecka,7,False,False,False,False,False,False,False
210.0,7.0,0.0,0.0,0.0,0.0,0.0,0.0,0.0,0.0,0.0,0.0,0.0,0.0,0.0,0.0,161.57005834725874,1.0,157.68148366700228,1.0,1.0,161.57005834725874,1.76386633486886,0.2531865552443339,0.16836099813435848,2.716742016980046,0.38996296894450416,0.43835827817754486,1.802974996703169,0.0,0.4369220197014576,0.3215747620944191,4.480608351848906,0.0,692eefe20ba268eb16564aab,mecka,mecka,7,False,False,False,False,False,False,False
228.0,7.6,0.0,0.0,0.0,0.0,0.0,0.0,0.0,0.0,0.0,0.0,0.0,0.0,0.0,0.0,160.791380104241,1.0,158.48341218327516,1.0,1.0,160.791380104241,1.867865626005411,0.24685448801833626,0.2909456647822018,2.978917726145216,0.39368956733196686,0.38943921593188885,2.082768492141316,0.0,0.7163575577880081,0.3202720276751515,4.846783352150627,0.0,692eefe20ba268eb16564aac,mecka,mecka,7,False,False,False,False,False,False,False
201.0,6.7,0.0,0.0,0.0,0.0,0.0,0.0,0.0,0.0,0.0,0.0,0.0,0.0,0.0,0.0,159.95353446429817,1.0,157.06045541756134,1.0,1.0,159.95353446429817,1.5484463146404264,0.23226694719606397,0.2245461660610378,2.555255039228797,0.3832882558843196,0.45466972111342563,1.6362811018469696,0.0,0.6669897193360629,0.3077776015401918,4.103701353869223,0.0,692eefe30ba268eb16564aad,mecka,mecka,7,False,False,False,False,False,False,False
197.0,6.566666666666666,0.0,0.0,0.0,0.0,0.0,0.0,0.0,0.0,0.0,0.0,0.0,0.0,0.0,0.0,162.31920141914736,1.0,158.1963830724615,1.0,1.0,162.31920141914736,1.552688277374774,0.23765636898593484,0.19712402603433551,2.6140528071627553,0.4001101235453198,0.46675014518399677,1.4208622997677642,0.0,0.5112044762127966,0.31888324626562725,4.166741084537529,0.0,692eefe40ba268eb16564aba,mecka,mecka,7,False,False,False,False,False,False,False
186.0,6.2,0.0,0.0,0.0,0.0,0.0,0.0,0.0,0.0,0.0,0.0,0.0,0.0,0.0,0.0,163.82572517652386,1.0,155.55861708345293,1.0,1.0,163.82572517652386,1.6066298093680507,0.26053456368130556,0.24009137881685383,2.483678382263511,0.4027586565832721,0.319302633383189,1.5248391447021967,0.0,0.36223843087116053,0.3316466101322888,4.090308191631562,0.0,692eefe40ba268eb16564abb,mecka,mecka,7,False,False,False,False,False,False,False
219.0,7.3,0.0,0.0,0.0,0.0,0.0,0.0,0.0,0.0,0.0,0.0,0.0,0.0,0.0,0.0,168.48186255234617,1.0,154.9062733739996,1.0,1.0,168.48186255234617,2.025093790161147,0.2786826316735524,0.07359514510232656,3.5434560247841844,0.48763156304369504,0.4305104897823875,1.333110135377615,0.0,0.43310998025905645,0.38315709735862374,5.568549814945332,0.0,692ef313b07e0e30ff11329a,mecka,mecka,7,False,False,False,False,False,False,False
197.0,6.566666666666666,0.0,0.0,0.0,0.0,0.0,0.0,0.0,0.0,0.0,0.0,0.0,0.0,0.0,0.0,168.2998817804019,1.0,160.05247445091806,1.0,1.0,168.2998817804019,1.6399017395528848,0.25100536829891096,0.18907912672672517,3.039634836011979,0.46525023000183346,0.4230043189588532,1.688171308624227,0.0,0.26628411499749716,0.35812779915037224,4.679536575564864,0.0,692ef313b07e0e30ff11329c,mecka,mecka,7,False,False,False,False,False,False,False
170.0,5.666666666666667,0.0,0.0,0.0,0.0,0.0,0.0,0.0,0.0,0.0,0.0,0.0,0.0,0.0,0.0,169.78197283780014,1.0,155.89979374366203,1.0,1.0,169.78197283780014,1.8053987075576412,0.32048497767295403,0.053207004048068635,2.8075146564455924,0.49837538280099275,0.2957357221753689,1.6458840100412298,0.0,0.29399114833613654,0.4094301802369734,4.612913364003234,0.0,692ef313b07e0e30ff11329e,mecka,mecka,7,False,False,False,False,False,False,False
210.0,7.0,0.0,0.0,0.0,0.0,0.0,0.0,0.0,0.0,0.0,0.0,0.0,0.0,0.0,0.0,170.022674106206,1.0,159.0604479283379,1.0,1.0,170.022674106206,3.1870765491895563,0.4574751027544816,0.09827429276460106,3.7171368826575417,0.5335603180848144,0.17013088608765373,1.5755873845117105,0.0,0.7282556873104392,0.4955177104196481,6.904213431847098,0.0,692ef314b07e0e30ff1132a2,mecka,mecka,7,False,False,False,False,False,False,False
206.0,6.866666666666666,0.0,0.0,0.0,0.0,0.0,0.0,0.0,0.0,0.0,0.0,0.0,0.0,0.0,0.0,168.05889146953803,1.0,160.61827742598908,1.0,1.0,168.05889146953803,2.860729337595324,0.4186433176968766,0.10171518671274511,3.423276180305063,0.5009672458983018,0.34662886596968817,1.5332410641561134,0.0,0.5605004524529834,0.45980528179758917,6.284005517900387,0.0,692ef314b07e0e30ff1132a3,mecka,mecka,7,False,False,False,False,False,False,False
149.0,4.966666666666667,0.0,0.0,0.0,0.0,0.0,0.0,0.0,0.0,0.0,0.0,0.0,0.0,0.0,0.0,165.9083626639532,1.0,153.86763735767025,1.0,1.0,165.9083626639532,1.297476967369333,0.2630020879802702,0.11539260349302223,2.5900920193585226,0.5250186525726737,0.37514884249822583,1.237855864513142,0.0,0.4866692577099978,0.39401037027647184,3.887568986727856,0.0,692ef37efbcce321dca74edb,mecka,mecka,7,False,False,False,False,False,False,False
195.0,6.5,0.0,0.0,0.0,0.0,0.0,0.0,0.0,0.0,0.0,0.0,0.0,0.0,0.0,0.0,168.45417669910344,1.0,157.18376136121654,1.0,1.0,168.45417669910344,2.0235480874332823,0.31291980733504365,0.12279748576772095,2.7478754920100625,0.4249291997953705,0.3284160795676637,1.2480279678480781,0.0,0.8247051302132159,0.36892450356520706,4.771423579443345,0.0,692ef37efbcce321dca74edd,mecka,mecka,7,False,False,False,False,False,False,False
235.0,7.833333333333333,0.0,0.0,0.0,0.0,0.0,0.0,0.0,0.0,0.0,0.0,0.0,0.0,0.0,0.0,163.41454826983443,1.0,161.28141140948574,1.0,1.0,163.41454826983443,2.045728142577662,0.26227283879200797,0.3295262873197718,2.9547961131143134,0.37882001450183506,0.38592174868306683,1.9496961894973055,0.0,0.8575107346266866,0.3205464266469215,5.000524255691976,0.0,692ef46b5cec8e06f0b2db31,mecka,mecka,7,False,False,False,False,False,False,False
146.0,4.866666666666666,0.0,0.0,0.0,0.0,0.0,0.0,0.0,0.0,0.0,0.0,0.0,0.0,0.0,0.0,154.4380800943707,1.0,135.2060701311796,1.0,1.0,154.4380800943707,1.3029112689189402,0.26956784874184975,0.14093449565064123,1.7584179366006185,0.3638106075725418,0.4362389211439797,0.8231869344366756,0.0,0.43942687070774444,0.31668922815719575,3.0613292055195584,0.0,692efcdc4cbe80983737ffea,mecka,mecka,7,False,False,False,False,False,False,False
175.0,5.833333333333333,0.0,0.0,0.0,0.0,0.0,0.0,0.0,0.0,0.0,0.0,0.0,0.0,0.0,0.0,160.68820893591385,1.0,135.40170778122746,1.0,1.0,160.68820893591385,1.464268587394817,0.25246010127496843,0.11226937555258289,2.2267108334707153,0.3839156609432267,0.3852127962230773,0.839611496434648,0.0,0.4676259822764357,0.3181878811090975,3.690979420865532,0.0,692efcdc4cbe80983737ffeb,mecka,mecka,7,False,False,False,False,False,False,False
167.0,5.566666666666666,0.0,0.0,0.0,0.0,0.0,0.0,0.0,0.0,0.0,0.0,0.0,0.0,0.0,0.0,147.37334794302632,1.0,138.99685071796347,1.0,1.0,147.37334794302632,1.3770760072134278,0.24886915793013759,0.2050040061248289,2.1394292409311495,0.3866438387224969,0.26521281477154546,1.2318461807688703,0.0,0.4301883596751534,0.31775649832631725,3.5165052481445773,0.0,692efcdc4cbe80983737fff1,mecka,mecka,7,False,False,False,False,False,False,False
159.0,5.3,0.0,0.0,0.0,0.0,0.0,0.0,0.0,0.0,0.0,0.0,0.0,0.0,0.0,0.0,147.96272029616043,1.0,142.2930729657526,1.0,1.0,147.96272029616043,1.3065596506684876,0.24808094632945973,0.22082956284905775,1.9252855200952903,0.3655605417902451,0.28176090840144385,0.9946364442009005,0.0,0.3400178202682899,0.3068207440598524,3.231845170763778,0.0,692efcdd4cbe80983737fff6,mecka,mecka,7,False,False,False,False,False,False,False
153.0,5.1,0.0,0.0,0.0,0.0,0.0,0.0,0.0,0.0,0.0,0.0,0.0,0.0,0.0,0.0,150.31478751158642,1.0,137.8127212000556,1.0,1.0,150.31478751158642,1.512722413541543,0.29856363425162025,0.10274467984497883,2.221139354131116,0.43838276726272024,0.14344830171601922,1.4805961555926013,0.0,0.5490453440290719,0.36847320075717027,3.733861767672659,0.0,692efcdd4cbe80983737fffd,mecka,mecka,7,False,False,False,False,False,False,False
189.0,6.3,0.0,0.0,0.0,0.0,0.0,0.0,0.0,0.0,0.0,0.0,0.0,0.0,0.0,0.0,153.30728581821631,1.0,140.32641130489208,1.0,1.0,153.30728581821631,1.7359750049611056,0.27701728802570835,0.2606235298838006,2.3190915379381027,0.37006779860714406,0.25483996202279513,1.5306121511531,0.0,0.48316985119107003,0.32354254331642623,4.055066542899208,0.0,692efcdd4cbe809837380004,mecka,mecka,7,False,False,False,False,False,False,False
139.0,4.633333333333334,0.0,0.0,0.0,0.0,0.0,0.0,0.0,0.0,0.0,0.0,0.0,0.0,0.0,0.0,152.98033033900666,1.0,136.2420179384351,1.0,1.0,152.98033033900666,1.3889751341918548,0.30195111612866404,0.1463366396774173,1.9762806996336426,0.4296262390507918,0.23695700477753304,1.2155181727682929,0.0,0.44020885156934303,0.3657886775897279,3.3652558338254974,0.0,692efcdd4cbe809837380006,mecka,mecka,7,False,False,False,False,False,False,False
143.0,4.766666666666667,0.0,0.0,0.0,0.0,0.0,0.0,0.0,0.0,0.0,0.0,0.0,0.0,0.0,0.0,148.70394271457113,1.0,136.6947550589436,1.0,1.0,148.70394271457113,1.4700842705012387,0.31058118390871237,0.1706257419805031,2.045805046616533,0.43221233379222523,0.38097970465776554,1.5964026565196083,0.0,0.41504818286555484,0.37139675885046886,3.5158893171177716,0.0,692efcde4cbe809837380007,mecka,mecka,7,False,False,False,False,False,False,False
142.0,4.733333333333333,0.0,0.0,0.0,0.0,0.0,0.0,0.0,0.0,0.0,0.0,0.0,0.0,0.0,0.0,149.10800173260657,1.0,134.1731934524928,1.0,1.0,149.10800173260657,1.590246099957286,0.33835023403346515,0.20768912511535967,2.1091329649501946,0.4487516946702542,0.2962651827998033,1.4594152051893228,0.0,0.4141267392960764,0.39355096435185966,3.6993790649074807,0.0,692efcde4cbe80983738000c,mecka,mecka,7,False,False,False,False,False,False,False
156.0,5.2,0.0,0.0,0.0,0.0,0.0,0.0,0.0,0.0,0.0,0.0,0.0,0.0,0.0,0.0,150.64907621634836,1.0,137.78065878899974,1.0,1.0,150.64907621634836,1.3246914037010176,0.25639188458729373,0.1719226421116606,2.0416416489512046,0.39515644818410417,0.2753500622772423,0.9509135550637545,0.0,0.4401338565709311,0.32577416638569895,3.366333052652222,0.0,692efcde4cbe80983738000f,mecka,mecka,7,False,False,False,False,False,False,False
150.0,5.0,0.0,0.0,0.0,0.0,0.0,0.0,0.0,0.0,0.0,0.0,0.0,0.0,0.0,0.0,151.2225943562679,1.0,137.14805918995125,1.0,1.0,151.2225943562679,1.3874732000173273,0.2793570201377169,0.28717359717692353,2.2580082195693567,0.45463252743007193,0.3528147699671343,1.6732709749033314,0.0,0.4549503372896855,0.3669947737838944,3.645481419586684,0.0,692efcdf4cbe80983738001e,mecka,mecka,7,False,False,False,False,False,False,False
151.0,5.033333333333333,0.0,0.0,0.0,0.0,0.0,0.0,0.0,0.0,0.0,0.0,0.0,0.0,0.0,0.0,149.71536495122714,1.0,136.5411282760091,1.0,1.0,149.71536495122714,1.4995189384302088,0.29990378768604176,0.19535915629735,2.22743460171277,0.44548692034255394,0.28776710749630485,1.1796705323040217,0.0,0.45194374605696214,0.3726953540142979,3.7269535401429787,0.0,692efcdf4cbe809837380020,mecka,mecka,7,False,False,False,False,False,False,False
235.0,7.833333333333333,0.0,0.0,0.0,0.0,0.0,0.0,0.0,0.0,0.0,0.0,0.0,0.0,0.0,0.0,152.95617917635255,1.0,140.28245350322794,1.0,1.0,152.95617917635255,3.0444530463812702,0.39031449312580385,0.20294243685180544,3.3615921500010537,0.4309733525642377,0.3688617467313849,1.3845503960967152,0.0,0.3986515422019584,0.4106439228450207,6.406045196382324,0.0,692efdc0fbcce321dca74f93,mecka,mecka,7,False,False,False,False,False,False,False
235.0,7.833333333333333,0.0,0.0,0.0,0.0,0.0,0.0,0.0,0.0,0.0,0.0,0.0,0.0,0.0,0.0,153.48497525099899,1.0,143.1536180763563,1.0,1.0,153.48497525099899,3.4710839600683876,0.44501076411133167,0.3979351347280867,3.8668824940936855,0.4957541659094469,0.39769292016721886,1.3292207146266657,0.0,0.5333699856572348,0.47038246501038933,7.337966454162073,0.0,692efdc4fbcce321dca74fb9,mecka,mecka,7,False,False,False,False,False,False,False
130.0,4.333333333333333,0.0,0.0,0.0,0.0,0.0,0.0,0.0,0.0,0.0,0.0,0.0,0.0,0.0,0.0,156.1494747065307,1.0,147.79454378193833,1.0,1.0,156.1494747065307,1.8813675773628744,0.4375273435727615,0.35771350889855463,2.1773954764404246,0.506371041032657,0.6156107542320944,2.3802903587658757,0.0,0.8830350671405978,0.4719491923027092,4.058763053803299,0.0,692efe42f59fd218b1be01a8,mecka,mecka,7,False,False,False,False,False,False,False
115.0,3.8333333333333335,0.0,0.0,0.0,0.0,0.0,0.0,0.0,0.0,0.0,0.0,0.0,0.0,0.0,0.0,167.541569064211,1.0,151.9453576372971,1.0,1.0,167.541569064211,1.9839306505335712,0.5220870132983081,0.4372792612498334,1.9449802164170371,0.511836899057115,0.49975729327932783,1.9970142109430722,0.0,0.6500105074535332,0.5169619561777116,3.9289108669506083,0.0,692efe42f59fd218b1be01aa,mecka,mecka,7,False,False,False,False,False,False,False
119.0,3.966666666666667,0.0,0.0,0.0,0.0,0.0,0.0,0.0,0.0,0.0,0.0,0.0,0.0,0.0,0.0,164.14391089516553,1.0,145.00246151868342,1.0,1.0,164.14391089516553,2.1122871187750576,0.5370221488411164,0.3396680472530531,2.2346975294631304,0.5681434396940162,0.5825244848643186,1.7913122601338993,0.0,0.5305119206012247,0.5525827942675662,4.3469846482381875,0.0,692efe42f59fd218b1be01ac,mecka,mecka,7,False,False,False,False,False,False,False
133.0,4.433333333333334,0.0,0.0,0.0,0.0,0.0,0.0,0.0,0.0,0.0,0.0,0.0,0.0,0.0,0.0,158.5773693746354,1.0,144.43152911599609,1.0,1.0,158.5773693746354,2.175204866022088,0.49436474227774724,0.5542513281386212,2.2481685697509928,0.5109474022161347,0.5296695701521876,2.5574796305343503,0.0,0.4552354940028293,0.5026560722469409,4.423373435773081,0.0,692efe43f59fd218b1be01b0,mecka,mecka,7,False,False,False,False,False,False,False
109.0,3.6333333333333333,0.0,0.0,0.0,0.0,0.0,0.0,0.0,0.0,0.0,0.0,0.0,0.0,0.0,0.0,161.04697176692704,1.0,146.83260558591556,1.0,1.0,161.04697176692704,1.522213155140852,0.4228369875391255,0.18214842342677706,1.5626010148365663,0.4340558374546017,0.43259019752673933,1.7501244390259396,0.0,0.2526052339125234,0.42844641249686366,3.0848141699774185,0.0,692efe43f59fd218b1be01b2,mecka,mecka,7,False,False,False,False,False,False,False
153.0,5.1,0.0,0.0,0.0,0.0,0.0,0.0,0.0,0.0,0.0,0.0,0.0,0.0,0.0,0.0,169.68824028494384,1.0,142.2728563588145,1.0,1.0,169.68824028494384,2.242974847193582,0.44269240405136495,0.4996927050914208,2.118807583583685,0.4181857072862536,0.578190662780686,2.3848946159774562,0.0,0.5725218966118248,0.43043905566880925,4.361782430777267,0.0,692efe43f59fd218b1be01b5,mecka,mecka,7,False,False,False,False,False,False,False
103.0,3.433333333333333,0.0,0.0,0.0,0.0,0.0,0.0,0.0,0.0,0.0,0.0,0.0,0.0,0.0,0.0,153.99737039432588,1.0,151.1644505085858,1.0,1.0,153.99737039432588,1.9515053735505574,0.5739721686913404,0.527259465901756,2.0418920369833287,0.600556481465685,0.5277947810870363,2.3846446636575527,0.0,0.6431567490122454,0.5872643250785127,3.993397410533886,0.0,692efe44f59fd218b1be01ba,mecka,mecka,7,False,False,False,False,False,False,False
97.0,3.2333333333333334,0.0,0.0,0.0,0.0,0.0,0.0,0.0,0.0,0.0,0.0,0.0,0.0,0.0,0.0,165.85790992348234,1.0,150.6779076657272,1.0,1.0,165.85790992348234,1.9669865487457507,0.6146832964830472,0.3488438173082664,1.4422266226330913,0.45069581957284105,0.4358766573674376,2.2041542564512833,0.0,0.40055474344963,0.5326895580279442,3.409213171378842,0.0,692efe44f59fd218b1be01bb,mecka,mecka,7,False,False,False,False,False,False,False
131.0,4.366666666666666,0.0,0.0,0.0,0.0,0.0,0.0,0.0,0.0,0.0,0.0,0.0,0.0,0.0,0.0,158.80538502641699,1.0,139.31175028829088,1.0,1.0,158.80538502641699,1.8545087923612598,0.4279635674679829,0.38831759360041473,2.2304724445509865,0.5147244102809968,0.4992337258653129,1.6664615769550175,0.0,0.8086764931664581,0.47134398887448986,4.084981236912246,0.0,692efe44f59fd218b1be01bc,mecka,mecka,7,False,False,False,False,False,False,False
76.0,2.533333333333333,0.0,0.0,0.0,0.0,0.0,0.0,0.0,0.0,0.0,0.0,0.0,0.0,0.0,0.0,143.15166752967292,1.0,138.93293925240707,1.0,1.0,143.15166752967292,1.732219868480898,0.6928879473923594,0.3305556655370938,1.9659312055943368,0.7863724822377347,0.6300961702741052,4.21382257049076,0.0,0.42871934840872294,0.7396302148150469,3.698151074075235,0.0,692efe45f59fd218b1be01c1,mecka,mecka,7,False,False,True,False,False,False,True
75.0,2.5,0.0,0.0,0.0,0.0,0.0,0.0,0.0,0.0,0.0,0.0,0.0,0.0,0.0,0.0,152.73473714493866,1.0,144.43326069799704,1.0,1.0,152.73473714493866,1.5148669107556292,0.6141352340901198,0.37162698346429623,1.5178642296701133,0.6153503633797758,0.4887987335733765,1.5600612714963866,0.0,0.5395747041884014,0.6147427987349477,3.032731140425742,0.0,692efe45f59fd218b1be01c3,mecka,mecka,7,False,False,True,False,False,False,True
82.0,2.7333333333333334,0.0,0.0,0.0,0.0,0.0,0.0,0.0,0.0,0.0,0.0,0.0,0.0,0.0,0.0,157.78643568883084,1.0,142.79551766927358,1.0,1.0,157.78643568883084,1.6319894353472502,0.6044405316100926,0.36861014824679655,1.6471285687234136,0.6100476180457086,0.5820366104648306,1.7459048991298498,0.0,0.49197984653845334,0.6072440748279008,3.279118004070664,0.0,692efe45f59fd218b1be01c4,mecka,mecka,7,False,False,True,False,False,False,True
238.0,7.933333333333334,0.0,0.0,0.0,0.0,0.0,0.0,0.0,0.0,0.0,0.0,0.0,0.0,0.0,0.0,158.61160145381152,1.0,149.70434443274138,1.0,1.0,158.61160145381152,1.504821779620496,0.1904837695722147,0.11218725096689358,2.407911747891496,0.3047989554293033,0.6232503774539551,1.018549661908635,0.0,0.43763658725019755,0.24764136250075905,3.912733527511992,0.0,692f061d245e9187290071c6,mecka,mecka,7,False,False,False,False,False,False,False
220.0,7.333333333333333,0.0,0.0,0.0,0.0,0.0,0.0,0.0,0.0,0.0,0.0,0.0,0.0,0.0,0.0,153.399722699081,1.0,152.582819483228,1.0,1.0,153.399722699081,2.2349857614217905,0.30616243307147817,0.12971784933567232,2.8756065938820914,0.3939187114906975,0.5189071691119165,1.7472396834518416,0.0,0.25403646431172056,0.35004057228108787,5.110592355303882,0.0,692f061f245e9187290071d4,mecka,mecka,7,False,False,False,False,False,False,False
184.0,6.133333333333334,0.0,0.0,0.0,0.0,0.0,0.0,0.0,0.0,0.0,0.0,0.0,0.0,0.0,0.0,159.05040268408527,1.0,155.15860275619843,1.0,1.0,159.05040268408527,2.268371861733483,0.3718642396284398,0.18800378310605223,2.779848313868725,0.45571283833913534,0.5345568335427314,1.3149350288559598,0.0,0.39996137938555987,0.4137885389837876,5.048220175602208,0.0,692f061f245e9187290071d7,mecka,mecka,7,False,False,False,False,False,False,False
214.0,7.133333333333334,0.0,0.0,0.0,0.0,0.0,0.0,0.0,0.0,0.0,0.0,0.0,0.0,0.0,0.0,153.17595036291817,1.0,153.5832052286672,1.0,1.0,153.5832052286672,2.599345626512217,0.3661050178186222,0.2899659236138844,2.813244581841892,0.39623163124533695,0.47463635818299177,1.3480281454140213,0.0,0.3470671423514479,0.3811683245319796,5.412590208354109,0.0,692f061f245e9187290071db,mecka,mecka,7,False,False,False,False,False,False,False
190.0,6.333333333333333,0.0,0.0,0.0,0.0,0.0,0.0,0.0,0.0,0.0,0.0,0.0,0.0,0.0,0.0,157.51154743141376,1.0,155.71817783248778,1.0,1.0,157.51154743141376,1.9207631442628395,0.30488303877187933,0.048981121655661986,2.9411831109820388,0.4668544620606411,0.4902619945782569,1.51033804730237,0.0,0.3236531629692515,0.3858687504162602,4.861946255244878,0.0,692f0620245e9187290071dd,mecka,mecka,7,False,False,False,False,False,False,False
244.0,8.133333333333333,0.0,0.0,0.0,0.0,0.0,0.0,0.0,0.0,0.0,0.0,0.0,0.0,0.0,0.0,157.66591038317384,1.0,145.078915126284,1.0,1.0,157.66591038317384,3.268340763443576,0.4034988596843921,0.3068964870991227,4.005988633661909,0.4945664979829517,0.3237566050925968,1.5101366743084692,0.0,0.7551616744777215,0.44903267883367187,7.274329397105485,0.0,692f08c60ba268eb16564c80,mecka,mecka,7,False,False,False,False,False,False,False
230.0,7.666666666666667,0.0,0.0,0.0,0.0,0.0,0.0,0.0,0.0,0.0,0.0,0.0,0.0,0.0,0.0,146.96293328008576,1.0,142.26443394193467,1.0,1.0,146.96293328008576,1.9604659088549024,0.2568295950464938,0.15606469250728267,4.5396036208387525,0.594707897926474,0.2977598861490322,1.8421131521993146,0.0,0.48628916027400876,0.42576874648648394,6.500069529693655,0.0,692f0f30fbcce321dca75066,mecka,mecka,7,False,False,False,False,False,False,False
219.0,7.3,0.0,0.0,0.0,0.0,0.0,0.0,0.0,0.0,0.0,0.0,0.0,0.0,0.0,0.0,154.59881620543996,1.0,141.1960865301618,1.0,1.0,154.59881620543996,2.157952494545175,0.29696593961630846,0.313560763357004,4.33900904752503,0.597111336815371,0.38454803852639313,1.6010435062590391,0.0,0.5407283795955226,0.4470386382158397,6.4969615420702045,0.0,692f0f31fbcce321dca75070,mecka,mecka,7,False,False,False,False,False,False,False
209.0,6.966666666666667,0.0,0.0,0.0,0.0,0.0,0.0,0.0,0.0,0.0,0.0,0.0,0.0,0.0,0.0,151.39836268560197,1.0,141.3440723727223,1.0,1.0,151.39836268560197,1.7812810377269037,0.25691553428753416,0.25448946101725844,4.120183890645483,0.5942572919200215,0.4185467852826683,1.6467367977721132,0.0,0.4971855035095053,0.42558641310377787,5.901464928372386,0.0,692f0f32fbcce321dca7507b,mecka,mecka,7,False,False,False,False,False,False,False
193.0,6.433333333333334,0.0,0.0,0.0,0.0,0.0,0.0,0.0,0.0,0.0,0.0,0.0,0.0,0.0,0.0,150.9830648109755,1.0,139.9638668404739,1.0,1.0,150.9830648109755,1.566046000158449,0.24469468752475768,0.15553648851451468,3.69000602240835,0.5765634410013049,0.2652388901673308,1.4692311458070608,0.0,0.3973075753116219,0.41062906426303125,5.2560520225667995,0.0,692f0f32fbcce321dca7507d,mecka,mecka,7,False,False,False,False,False,False,False
215.0,7.166666666666667,0.0,0.0,0.0,0.0,0.0,0.0,0.0,0.0,0.0,0.0,0.0,0.0,0.0,0.0,151.17320597156504,1.0,141.3757871067102,1.0,1.0,151.17320597156504,1.9473565866769253,0.27299391402012974,0.29409463823456533,4.107600773170079,0.5758318840892636,0.41494557954065897,1.8766386709652325,0.0,0.510183922424062,0.42441289905469665,6.054957359847004,0.0,692f0f33fbcce321dca75085,mecka,mecka,7,False,False,False,False,False,False,False
209.0,6.966666666666667,0.0,0.0,0.0,0.0,0.0,0.0,0.0,0.0,0.0,0.0,0.0,0.0,0.0,0.0,153.03662572163202,1.0,141.1484475054309,1.0,1.0,153.03662572163202,1.8943489819462656,0.2732234108576344,0.243630543124503,4.012229715027035,0.5786869781288992,0.37537783645737777,1.7326774713461393,0.0,0.47309577391898205,0.42595519449326685,5.906578696973301,0.0,692f0f34fbcce321dca7508a,mecka,mecka,7,False,False,False,False,False,False,False
215.0,7.166666666666667,0.0,0.0,0.0,0.0,0.0,0.0,0.0,0.0,0.0,0.0,0.0,0.0,0.0,0.0,152.59566368870998,1.0,139.34301508288252,1.0,1.0,152.59566368870998,1.901936939009764,0.2666266736929575,0.2471400522176677,4.159117423028632,0.5830538443498082,0.34327743883588474,1.3843448691764544,0.0,0.4023806183205147,0.4248402590213828,6.061054362038396,0.0,692f0f34fbcce321dca7508e,mecka,mecka,7,False,False,False,False,False,False,False
237.0,7.9,0.0,0.0,0.0,0.0,0.0,0.0,0.0,0.0,0.0,0.0,0.0,0.0,0.0,0.0,162.9037605445251,1.0,153.5497096401767,1.0,1.0,162.9037605445251,3.2255057416400366,0.41002191631017415,0.08310972836665301,2.4103672633177227,0.3064026182183546,0.33818016994237515,1.5339516301965026,0.0,0.30335792473578166,0.3582122672642644,5.635873004957759,0.0,692f1f6f4cbe8098373800f3,mecka,mecka,7,False,False,False,False,False,False,False
202.0,6.733333333333333,0.0,0.0,0.0,0.0,0.0,0.0,0.0,0.0,0.0,0.0,0.0,0.0,0.0,0.0,169.01542667166865,1.0,164.42669146900448,1.0,1.0,169.01542667166865,1.050130943785116,0.1567359617589726,0.0639208221225329,1.5522324425063263,0.2316764839561681,0.06595991024876076,0.8083232244630262,0.0,0.2357011644010269,0.19420622285757036,2.6023633862914424,0.0,692fe11723495751654da55c,mecka,mecka,7,False,False,False,False,False,False,False
153.0,5.1,0.0,0.0,0.0,0.0,0.0,0.0,0.0,0.0,0.0,0.0,0.0,0.0,0.0,0.0,167.0690130249858,1.0,161.09834517579844,1.0,1.0,167.0690130249858,2.27334913140906,0.44868732856757765,0.20957039413163311,1.6317338028853654,0.3220527242536906,0.15349866256887773,1.3213853115153817,0.0,0.12291086770501607,0.3853700264106341,3.9050829342944255,0.0,692fe15ab108dc6b6c8bd9bf,mecka,mecka,7,False,False,False,False,False,False,False
212.0,7.066666666666666,0.0,0.0,0.0,0.0,0.0,0.0,0.0,0.0,0.0,0.0,0.0,0.0,0.0,0.0,161.56748220246232,1.0,153.71156805295226,1.0,1.0,161.56748220246232,1.4309786434181875,0.203456679158984,0.05956234368985961,1.748997475010901,0.24867262677880106,0.06295184889008183,0.846911333755202,0.0,0.2837671487329005,0.22606465296889253,3.1799761184290887,0.0,692fe17a34a99e18e252892e,mecka,mecka,7,False,False,False,False,False,False,False
174.0,5.8,0.0,0.0,0.0,0.0,0.0,0.0,0.0,0.0,0.0,0.0,0.0,0.0,0.0,0.0,160.15409443344953,1.0,154.97663813415835,1.0,1.0,160.15409443344953,1.2388092328640414,0.21482241032324417,0.054834549546278734,1.6071196890565047,0.27869127555893153,0.06064013990179801,0.875844870191046,0.0,0.319273347775852,0.24675684294108788,2.845928921920546,0.0,692fe17b34a99e18e2528933,mecka,mecka,7,False,False,False,False,False,False,False
235.0,7.833333333333333,0.0,0.0,0.0,0.0,0.0,0.0,0.0,0.0,0.0,0.0,0.0,0.0,0.0,0.0,159.44138214626884,1.0,151.14756986875997,1.0,1.0,159.44138214626884,1.5059030537252234,0.19306449406733633,0.17217295162836502,2.1136672996262833,0.2709829871315748,0.130270723180728,0.6811918007176406,0.0,0.31360845922902,0.23202374059945555,3.6195703533515067,0.0,692fe255400f4662f13d7b08,mecka,mecka,7,False,False,False,False,False,False,False
192.0,6.4,0.0,0.0,0.0,0.0,0.0,0.0,0.0,0.0,0.0,0.0,0.0,0.0,0.0,0.0,162.0063893670915,1.0,149.9199917853084,1.0,1.0,162.0063893670915,1.6774838845257243,0.26347914416634416,0.2340215050796878,2.407166447337853,0.3780889707860502,0.2151760635889951,1.0208652962588363,0.0,0.5759551021564079,0.32078405747619715,4.084650331863577,0.0,692fe255400f4662f13d7b09,mecka,mecka,7,False,False,False,False,False,False,False
192.0,6.4,0.0,0.0,0.0,0.0,0.0,0.0,0.0,0.0,0.0,0.0,0.0,0.0,0.0,0.0,158.29489146626497,1.0,152.61656980820499,1.0,1.0,158.29489146626497,1.4268716087719189,0.22411595949297158,0.22349062904947514,2.0069612634551146,0.3152295178201751,0.23501678897031594,0.7409385854450655,0.0,0.32520027813641217,0.2696727386565734,3.4338328722270335,0.0,692fe255400f4662f13d7b0b,mecka,mecka,7,False,False,False,False,False,False,False
229.0,7.633333333333334,0.0,0.0,0.0,0.0,0.0,0.0,0.0,0.0,0.0,0.0,0.0,0.0,0.0,0.0,157.40643140523468,1.0,153.12864622765906,1.0,1.0,157.40643140523468,1.8029871938413735,0.23723515708439125,0.15057099667529728,2.55632882575018,0.33635905601976046,0.12365817305183185,1.1424405509547635,0.0,0.44551923796846454,0.2867971065520759,4.359316019591553,0.0,692fe256400f4662f13d7b0c,mecka,mecka,7,False,False,False,False,False,False,False
229.0,7.633333333333334,0.0,0.0,0.0,0.0,0.0,0.0,0.0,0.0,0.0,0.0,0.0,0.0,0.0,0.0,165.8149883126408,1.0,154.50854250851242,1.0,1.0,165.8149883126408,1.315759562677612,0.17312625824705422,0.32221667293811923,2.9267819950450304,0.38510289408487247,0.2600137236360584,1.4982256613104232,0.0,0.38992148555831085,0.27911457616596336,4.242541557722642,0.0,692fe28e44aaf21386afac98,mecka,mecka,7,False,False,False,False,False,False,False
228.0,7.6,0.0,0.0,0.0,0.0,0.0,0.0,0.0,0.0,0.0,0.0,0.0,0.0,0.0,0.0,164.24470052475874,1.0,161.77923822107493,1.0,1.0,164.24470052475874,2.0449837399846706,0.2702621682799124,0.10984596490620972,3.5537282955313785,0.46965572187639365,0.5446837265041179,1.4627565824828088,0.0,0.4108375069294446,0.369958945078153,5.59871203551605,0.0,692fe3fbd35e50f3aed1e3b0,mecka,mecka,7,False,False,False,False,False,False,False
166.0,5.533333333333333,0.0,0.0,0.0,0.0,0.0,0.0,0.0,0.0,0.0,0.0,0.0,0.0,0.0,0.0,160.122897397543,1.0,157.80883036427457,1.0,1.0,160.122897397543,1.6426653388747297,0.29866642524995085,0.16799820215100877,2.561326693968094,0.4656957625396534,0.7203895007042252,1.2448169790776313,0.0,0.45425881818628416,0.3821810938948021,4.203992032842823,0.0,692fe3fbd35e50f3aed1e3b1,mecka,mecka,7,False,False,False,False,False,False,False
172.0,5.733333333333333,0.0,0.0,0.0,0.0,0.0,0.0,0.0,0.0,0.0,0.0,0.0,0.0,0.0,0.0,163.2461881869272,1.0,163.07585158679962,1.0,1.0,163.2461881869272,1.8610553676598784,0.3265009416947156,0.14152292100504454,2.7672064787321395,0.4854748208301999,0.4898425359269945,1.3013510469431662,0.0,0.37265619624527996,0.4059878812624578,4.628261846392018,0.0,692fe3fbd35e50f3aed1e3b4,mecka,mecka,7,False,False,False,False,False,False,False
168.0,5.6,0.0,0.0,0.0,0.0,0.0,0.0,0.0,0.0,0.0,0.0,0.0,0.0,0.0,0.0,161.0534954727427,1.0,162.0763930638932,1.0,1.0,162.0763930638932,1.5097360799444766,0.27121007424152277,0.08816887696424834,2.3865934525406702,0.4287293627318569,0.6071360042152494,1.179915838171197,0.0,0.3852378322543099,0.34996971848668984,3.896329532485147,0.0,692fe3fbd35e50f3aed1e3b5,mecka,mecka,7,False,False,False,False,False,False,False
191.0,6.366666666666666,0.0,0.0,0.0,0.0,0.0,0.0,0.0,0.0,0.0,0.0,0.0,0.0,0.0,0.0,160.78944892451761,1.0,159.6148422874382,1.0,1.0,160.78944892451761,1.7942642737934884,0.28330488533581405,0.1828576845048521,2.6681379259865032,0.42128493568207936,0.7094743907111299,1.3424466711161112,0.0,0.3394715733312587,0.35229491050894673,4.462402199779992,0.0,692fe3fcd35e50f3aed1e3bb,mecka,mecka,7,False,False,False,False,False,False,False
198.0,6.6,0.0,0.0,0.0,0.0,0.0,0.0,0.0,0.0,0.0,0.0,0.0,0.0,0.0,0.0,163.6780566987597,1.0,157.74163509284347,1.0,1.0,163.6780566987597,2.013235233497694,0.30658404571030873,0.1979946852034853,2.717049454521912,0.4137638763231338,0.5722589902636391,1.5901119606973309,0.0,0.3087434809028347,0.3601739610167212,4.730284688019606,0.0,692fe3fcd35e50f3aed1e3bd,mecka,mecka,7,False,False,False,False,False,False,False
157.0,5.233333333333333,0.0,0.0,0.0,0.0,0.0,0.0,0.0,0.0,0.0,0.0,0.0,0.0,0.0,0.0,163.39138081184066,1.0,160.9184980858092,1.0,1.0,163.39138081184066,1.6286641539726556,0.3132046449947415,0.147317564111515,2.4799080974530265,0.47690540335635134,0.6116019862726942,1.4930997772718952,0.0,0.32076845247000274,0.3950550241755464,4.108572251425683,0.0,692fe3fdd35e50f3aed1e3c5,mecka,mecka,7,False,False,False,False,False,False,False
192.0,6.4,0.0,0.0,0.0,0.0,0.0,0.0,0.0,0.0,0.0,0.0,0.0,0.0,0.0,0.0,161.20990367156747,1.0,159.79553127753834,1.0,1.0,161.20990367156747,1.990256421573155,0.31260572066594056,0.2118086969092653,2.7007515904253516,0.4242018204856573,0.7257002079731233,1.4017918947405172,0.0,0.34965224709702597,0.36840377057579893,4.691008011998507,0.0,692fe3ffd35e50f3aed1e3cb,mecka,mecka,7,False,False,False,False,False,False,False
489.0,16.3,0.0,0.0,0.0,0.0,0.0,0.0,0.0,0.0,0.0,0.0,0.0,0.0,0.0,0.0,156.61128862337614,1.0,156.75142175793013,1.0,1.0,156.75142175793013,2.531133080794212,0.15560244349144745,0.2922122585564008,4.817236675071818,0.29614159887736585,0.26229264720195644,1.209924851318647,0.0,0.5811908215035756,0.22587202118440664,7.34836975586603,0.0,692fe49ce67536750dac0262,mecka,mecka,7,False,False,False,False,False,False,False
229.0,7.633333333333334,0.0,0.0,0.0,0.0,0.0,0.0,0.0,0.0,0.0,0.0,0.0,0.0,0.0,0.0,153.49427535043458,1.0,146.16340537810834,1.0,1.0,153.49427535043458,2.01621341793914,0.26529123920251846,0.5416579156243199,2.6839424845158146,0.35315032690997566,0.6375663264976711,0.9309412555959458,0.0,0.5193154079170003,0.309220783056247,4.700155902454955,0.0,692fe49e2e52e483fcfb3fbf,mecka,mecka,7,False,False,False,False,False,False,False
206.0,6.866666666666666,0.0,0.0,0.0,0.0,0.0,0.0,0.0,0.0,0.0,0.0,0.0,0.0,0.0,0.0,150.1720625188096,1.0,145.73111712045804,1.0,1.0,150.1720625188096,2.0646199156652605,0.30213949985345273,0.4570945966435177,2.680681566144571,0.39229486333822994,0.512204429054183,1.2303347035547287,0.0,0.7382228754922187,0.3472171815958413,4.745301481809832,0.0,692fe49e2e52e483fcfb3fc0,mecka,mecka,7,False,False,False,False,False,False,False
204.0,6.8,0.0,0.0,0.0,0.0,0.0,0.0,0.0,0.0,0.0,0.0,0.0,0.0,0.0,0.0,159.49770176393076,1.0,153.39705658396122,1.0,1.0,159.49770176393076,1.7935760223928447,0.2650604959201249,0.3122051767772965,2.60326110960239,0.384718390581634,0.34829975238995325,0.9417364328973213,0.0,0.5944719291943067,0.3248894432508795,4.396837131995235,0.0,692fe49f2e52e483fcfb3fc6,mecka,mecka,7,False,False,False,False,False,False,False
184.0,6.133333333333334,0.0,0.0,0.0,0.0,0.0,0.0,0.0,0.0,0.0,0.0,0.0,0.0,0.0,0.0,154.29310492188245,1.0,151.43323707848572,1.0,1.0,154.29310492188245,1.834103963549972,0.3006727809098315,0.10062854050105403,2.2090399481300267,0.36213769641475846,0.4842656679751341,1.1830177506672481,0.0,0.4602748521264223,0.33140523866229504,4.043143911679999,0.0,692fe5eda48e122f8325d3b4,mecka,mecka,7,False,False,False,False,False,False,False
157.0,5.233333333333333,0.0,0.0,0.0,0.0,0.0,0.0,0.0,0.0,0.0,0.0,0.0,0.0,0.0,0.0,156.84192613952243,1.0,153.10558601897546,1.0,1.0,156.84192613952243,1.6128220636958708,0.3101580891722828,0.26540775361970564,2.2643372944451037,0.43544947970098147,0.3870371239407536,1.5199881495424388,0.0,0.3304135349830559,0.3728037844366322,3.8771593581409745,0.0,692fe5eea48e122f8325d3bb,mecka,mecka,7,False,False,False,False,False,False,False
202.0,6.733333333333333,0.0,0.0,0.0,0.0,0.0,0.0,0.0,0.0,0.0,0.0,0.0,0.0,0.0,0.0,148.66376189905117,1.0,149.08281093242095,1.0,1.0,149.08281093242095,2.2833240573101037,0.3407946354194184,0.43655735866996337,2.9448886181110456,0.43953561464343965,0.4627483899675044,1.6744318182649964,0.0,0.34447422109643927,0.3901651250314291,5.228212675421149,0.0,692fe5eea48e122f8325d3bf,mecka,mecka,7,False,False,False,False,False,False,False
184.0,6.133333333333334,0.0,0.0,0.0,0.0,0.0,0.0,0.0,0.0,0.0,0.0,0.0,0.0,0.0,0.0,157.88842665368827,1.0,151.6055409382936,1.0,1.0,157.88842665368827,2.131914593438097,0.34949419564558964,0.2160108593291778,2.6542477252784824,0.4351225779145053,0.3928774621693179,1.4077848419213,0.0,0.4005146716413761,0.3923083867800475,4.786162318716579,0.0,692fe5eea48e122f8325d3c2,mecka,mecka,7,False,False,False,False,False,False,False
202.0,6.733333333333333,0.0,0.0,0.0,0.0,0.0,0.0,0.0,0.0,0.0,0.0,0.0,0.0,0.0,0.0,168.27159882652109,1.0,157.3229898289424,1.0,1.0,168.27159882652109,1.78890746918348,0.2670011148035045,0.13579231261613559,4.108655090644419,0.6132321030812565,0.23179971039151162,2.00658594143306,0.0,0.5221047351825102,0.4401166089423805,5.8975625598278985,0.0,692fe79b34a99e18e252898a,mecka,mecka,7,False,False,False,False,False,False,False
220.0,7.333333333333333,0.0,0.0,0.0,0.0,0.0,0.0,0.0,0.0,0.0,0.0,0.0,0.0,0.0,0.0,165.17084991454138,1.0,156.90422203102275,1.0,1.0,165.17084991454138,1.8741144057225396,0.25672800078390956,0.2571945651855132,4.353891751481258,0.5964235276001723,0.31901485534018725,1.7736478147363168,0.0,0.5751173870611109,0.4265757641920409,6.228006157203797,0.0,692fe79b34a99e18e252898c,mecka,mecka,7,False,False,False,False,False,False,False
236.0,7.866666666666666,0.0,0.0,0.0,0.0,0.0,0.0,0.0,0.0,0.0,0.0,0.0,0.0,0.0,0.0,168.49568379037532,1.0,154.55664300618838,1.0,1.0,168.49568379037532,1.9290051833646429,0.2462559808550608,0.130283720544429,4.547671726557001,0.5805538374328088,0.3340314797120027,2.0091320988948516,0.0,0.5185064907983292,0.41340490914393485,6.476676909921643,0.0,692fe79b34a99e18e252898f,mecka,mecka,7,False,False,False,False,False,False,False
218.0,7.266666666666667,0.0,0.0,0.0,0.0,0.0,0.0,0.0,0.0,0.0,0.0,0.0,0.0,0.0,0.0,166.07816929245962,1.0,156.16804169694512,1.0,1.0,166.07816929245962,2.0657151556796856,0.2855827404165464,0.181927177276919,4.367579874560134,0.6038128858838896,0.4162926985521199,1.7597046789119217,0.0,0.608952908524132,0.444697813150218,6.433295030239819,0.0,692fe79c34a99e18e2528998,mecka,mecka,7,False,False,False,False,False,False,False
211.0,7.033333333333333,0.0,0.0,0.0,0.0,0.0,0.0,0.0,0.0,0.0,0.0,0.0,0.0,0.0,0.0,164.65814248534173,1.0,157.90085870756306,1.0,1.0,164.65814248534173,1.9616950340837866,0.2802421477262552,0.25900680200446236,4.07384576956278,0.5819779670803972,0.40202622275697086,1.6826938593029732,0.0,0.7021458072936133,0.4311100574033262,6.035540803646567,0.0,692fe79d34a99e18e252899b,mecka,mecka,7,False,False,False,False,False,False,False
221.0,7.366666666666666,0.0,0.0,0.0,0.0,0.0,0.0,0.0,0.0,0.0,0.0,0.0,0.0,0.0,0.0,164.25283877311324,1.0,157.75402825118437,1.0,1.0,164.25283877311324,1.9499315969935465,0.26589976322639275,0.2595155778829437,4.1382710344616545,0.5643096865174984,0.3762918459275024,1.775355078691631,0.0,0.6896880135974514,0.4151047248719455,6.088202631455201,0.0,692fe79d34a99e18e252899c,mecka,mecka,7,False,False,False,False,False,False,False
223.0,7.433333333333334,0.0,0.0,0.0,0.0,0.0,0.0,0.0,0.0,0.0,0.0,0.0,0.0,0.0,0.0,169.88189397188572,1.0,154.53756650199819,1.0,1.0,169.88189397188572,2.1063689650278783,0.2846444547334971,0.26316588148700865,4.266543227210131,0.5765598955689366,0.38130248561682156,1.857726612375457,0.0,0.4566143197491737,0.43060217515121685,6.37291219223801,0.0,692fe79d34a99e18e25289a1,mecka,mecka,7,False,False,False,False,False,False,False
220.0,7.333333333333333,0.0,0.0,0.0,0.0,0.0,0.0,0.0,0.0,0.0,0.0,0.0,0.0,0.0,0.0,164.08104326357048,1.0,155.64141425567382,1.0,1.0,164.08104326357048,1.9950594807345667,0.2732958192787078,0.19270247325341422,4.349795406987209,0.5958623845187956,0.30962486639332776,1.563054502285486,0.0,0.5268876265390925,0.4345791018987516,6.344854887721775,0.0,692fe79e34a99e18e25289a6,mecka,mecka,7,False,False,False,False,False,False,False
216.0,7.2,0.0,0.0,0.0,0.0,0.0,0.0,0.0,0.0,0.0,0.0,0.0,0.0,0.0,0.0,167.515066506928,1.0,155.67160745998217,1.0,1.0,167.515066506928,1.8354758789387065,0.2561129133402846,0.15305821026720026,4.112007076498176,0.5737684292788152,0.24063976938685977,1.6547241151075616,0.0,0.4601370651229915,0.41494067130954987,5.947482955436882,0.0,692fe79e34a99e18e25289a7,mecka,mecka,7,False,False,False,False,False,False,False
227.0,7.566666666666666,0.0,0.0,0.0,0.0,0.0,0.0,0.0,0.0,0.0,0.0,0.0,0.0,0.0,0.0,166.03279033511404,1.0,156.09994853620643,1.0,1.0,166.03279033511404,2.31837380619419,0.30774873533551195,0.2643572929877546,4.399615921207785,0.584019812549706,0.2754823044498007,1.6889108376049757,0.0,0.512253003505104,0.44588427394260893,6.717989727401975,0.0,692fe79f34a99e18e25289b0,mecka,mecka,7,False,False,False,False,False,False,False
218.0,7.266666666666667,0.0,0.0,0.0,0.0,0.0,0.0,0.0,0.0,0.0,0.0,0.0,0.0,0.0,0.0,166.75615052405536,1.0,156.7164991632971,1.0,1.0,166.75615052405536,1.7454749302950452,0.2413098981974717,0.1485940429767591,4.047541992672851,0.5595680174202099,0.23618416790219296,1.4131458674901873,0.0,0.4590235376317865,0.40043895780884076,5.7930169229678965,0.0,692fe79f34a99e18e25289b1,mecka,mecka,7,False,False,False,False,False,False,False
158.0,5.266666666666667,0.0,0.0,0.0,0.0,0.0,0.0,0.0,0.0,0.0,0.0,0.0,0.0,0.0,0.0,152.31245696587104,1.0,133.31809166196734,1.0,1.0,152.31245696587104,1.4858524962403037,0.2839208591541982,0.18960513899999812,2.2481440541776103,0.429581666403365,0.3920630385772453,1.3344553580482772,0.0,0.5393024386186273,0.35675126277878155,3.7339965504179142,0.0,692fe7c8b03ac7c2657d54b7,mecka,mecka,7,False,False,False,False,False,False,False
183.0,6.1,0.0,0.0,0.0,0.0,0.0,0.0,0.0,0.0,0.0,0.0,0.0,0.0,0.0,0.0,145.76820119266026,1.0,132.08740323712635,1.0,1.0,145.76820119266026,1.5577444225998707,0.2567710586703083,0.17488914204750186,2.4187875495293163,0.3987012444279092,0.2734766743719555,1.2805473601010373,0.0,0.47606719735768505,0.3277361515491088,3.976531972129187,0.0,692fe7c8b03ac7c2657d54b8,mecka,mecka,7,False,False,False,False,False,False,False
157.0,5.233333333333333,0.0,0.0,0.0,0.0,0.0,0.0,0.0,0.0,0.0,0.0,0.0,0.0,0.0,0.0,151.01048085976024,1.0,134.17693628577874,1.0,1.0,151.01048085976024,1.440699554128281,0.277057606563131,0.09440816916057711,1.9880767964541162,0.38232246085656085,0.368613000573446,0.9663588820506037,0.0,0.42695979974700093,0.32969003370984584,3.428776350582397,0.0,692fe7c9b03ac7c2657d54bf,mecka,mecka,7,False,False,False,False,False,False,False
163.0,5.433333333333334,0.0,0.0,0.0,0.0,0.0,0.0,0.0,0.0,0.0,0.0,0.0,0.0,0.0,0.0,154.33272719280293,1.0,136.24415438843513,1.0,1.0,154.33272719280293,1.4745265100055633,0.27306046481584506,0.09316718290683339,2.1695877207360628,0.40177550384001165,0.2645359189983348,1.2333689404667338,0.0,0.6458850416289276,0.3374179843279284,3.644114230741626,0.0,692fe7cab03ac7c2657d54c4,mecka,mecka,7,False,False,False,False,False,False,False
173.0,5.766666666666667,0.0,0.0,0.0,0.0,0.0,0.0,0.0,0.0,0.0,0.0,0.0,0.0,0.0,0.0,151.64040318744958,1.0,133.82623837861124,1.0,1.0,151.64040318744958,1.5621376325063672,0.2724658661348314,0.22955550275911119,2.2860759746232207,0.39873418162032925,0.35843718692172355,1.2455069644098267,0.0,0.44242783547150416,0.3356000238775803,3.848213607129588,0.0,692fe7cab03ac7c2657d54c7,mecka,mecka,7,False,False,False,False,False,False,False
168.0,5.6,0.0,0.0,0.0,0.0,0.0,0.0,0.0,0.0,0.0,0.0,0.0,0.0,0.0,0.0,151.66652704355965,1.0,138.08616737940352,1.0,1.0,151.66652704355965,1.4492708890985901,0.2603480639099263,0.09909004076151692,2.1448088241985626,0.3852949983590233,0.23090853486246637,1.2674899004185052,0.0,0.4572795550863833,0.32282153113447476,3.5940797132971527,0.0,692fe7ccb03ac7c2657d54d3,mecka,mecka,7,False,False,False,False,False,False,False
159.0,5.3,0.0,0.0,0.0,0.0,0.0,0.0,0.0,0.0,0.0,0.0,0.0,0.0,0.0,0.0,150.15503421620105,1.0,138.39745168982887,1.0,1.0,150.15503421620105,1.6512856278477983,0.31353524579388575,0.2871620649726566,2.213572622266156,0.4202985991644601,0.3786955420582085,1.192531953324856,0.0,0.5144613449035799,0.36691692247917296,3.8648582501139543,0.0,692fe7ccb03ac7c2657d54d6,mecka,mecka,7,False,False,False,False,False,False,False
164.0,5.466666666666667,0.0,0.0,0.0,0.0,0.0,0.0,0.0,0.0,0.0,0.0,0.0,0.0,0.0,0.0,152.22229108551053,1.0,138.34274817537306,1.0,1.0,152.22229108551053,1.39584829254061,0.25690459371913066,0.16280221367113343,2.0579171580571405,0.3787577591516211,0.2724781532180695,1.0274001738133929,0.0,0.38754935543747193,0.31783117643537584,3.4537654505977504,0.0,692fe7ccb03ac7c2657d54d8,mecka,mecka,7,False,False,False,False,False,False,False
163.0,5.433333333333334,0.0,0.0,0.0,0.0,0.0,0.0,0.0,0.0,0.0,0.0,0.0,0.0,0.0,0.0,149.44731827849984,1.0,135.3617390226036,1.0,1.0,149.44731827849984,1.4543283463927277,0.26932006414680143,0.18295944679319914,2.2637833300351042,0.41921913519168597,0.4013785933512633,0.9814429508730187,0.0,0.43428104655856153,0.3442695996692437,3.718111676427832,0.0,692fe7ceb03ac7c2657d54e8,mecka,mecka,7,False,False,False,False,False,False,False
157.0,5.233333333333333,0.0,0.0,0.0,0.0,0.0,0.0,0.0,0.0,0.0,0.0,0.0,0.0,0.0,0.0,148.59773441305737,1.0,135.91272630131166,1.0,1.0,148.59773441305737,1.7520359134080716,0.336929983347706,0.41223303446430076,2.2210833801890626,0.4271314192671275,0.3061626353211582,1.1720635671283428,0.0,0.4385098871177252,0.3820307013074168,3.9731192935971342,0.0,692fe8763c1dfb13a7a99ec0,mecka,mecka,7,False,False,False,False,False,False,False
196.0,6.533333333333333,0.0,0.0,0.0,0.0,0.0,0.0,0.0,0.0,0.0,0.0,0.0,0.0,0.0,0.0,148.1359208146961,1.0,132.71611276100595,1.0,1.0,148.1359208146961,1.5654541988193464,0.2408391075106687,0.1342877160176606,2.5137995512448996,0.3867383924992153,0.3715591381097041,1.1825071460107741,0.0,0.32642245924568547,0.313788750004942,4.079253750064246,0.0,692fe8773c1dfb13a7a99ec6,mecka,mecka,7,False,False,False,False,False,False,False
205.0,6.833333333333333,0.0,0.0,0.0,0.0,0.0,0.0,0.0,0.0,0.0,0.0,0.0,0.0,0.0,0.0,151.61933763362654,1.0,133.70756917541343,1.0,1.0,151.61933763362654,1.449747762499123,0.2131982003675181,0.08272395319389154,2.4200460668707464,0.35588912748099216,0.38856932526720794,1.3061257715128083,0.0,0.4264146285014154,0.2845436639242551,3.8697938293698693,0.0,692fe8773c1dfb13a7a99ec9,mecka,mecka,7,False,False,False,False,False,False,False
217.0,7.233333333333333,0.0,0.0,0.0,0.0,0.0,0.0,0.0,0.0,0.0,0.0,0.0,0.0,0.0,0.0,150.31094986163623,1.0,137.7065293281456,1.0,1.0,150.31094986163623,1.5913812467007784,0.2210251731528859,0.233099333869687,2.5597260781336884,0.35551751085190114,0.3099008524487428,1.0379335253922035,0.0,0.5305401271346021,0.2882713420023935,4.1511073248344665,0.0,692fe8783c1dfb13a7a99ecd,mecka,mecka,7,False,False,False,False,False,False,False
183.0,6.1,0.0,0.0,0.0,0.0,0.0,0.0,0.0,0.0,0.0,0.0,0.0,0.0,0.0,0.0,150.23947893815327,1.0,134.9624760133018,1.0,1.0,150.23947893815327,1.3724417169728813,0.22622665664388156,0.12308819924768247,2.040076122951205,0.3362762840029459,0.5333042035216609,1.1613144372793895,0.0,0.37671830563432906,0.28125147032341374,3.4125178399240865,0.0,692fe8783c1dfb13a7a99ece,mecka,mecka,7,False,False,False,False,False,False,False
173.0,5.766666666666667,0.0,0.0,0.0,0.0,0.0,0.0,0.0,0.0,0.0,0.0,0.0,0.0,0.0,0.0,161.34056316711624,1.0,131.89093529128078,1.0,1.0,161.34056316711624,1.3813421350868702,0.2409317677477099,0.07895459443686949,2.235991872945405,0.38999858249047764,0.439502729977982,1.343976122032,0.0,0.5041855203196552,0.3154651751190938,3.6173340080322753,0.0,692fe8793c1dfb13a7a99ed6,mecka,mecka,7,False,False,False,False,False,False,False
198.0,6.6,0.0,0.0,0.0,0.0,0.0,0.0,0.0,0.0,0.0,0.0,0.0,0.0,0.0,0.0,152.73764394326435,1.0,139.71548311075898,1.0,1.0,152.73764394326435,1.61776239331203,0.24635975532670504,0.293334623579335,2.4110763721234876,0.3671689906787037,0.277365349750672,0.9905363839103768,0.0,0.5871001540623202,0.3067643730027043,4.028838765435518,0.0,692fe8793c1dfb13a7a99ed7,mecka,mecka,7,False,False,False,False,False,False,False
238.0,7.933333333333334,0.0,0.0,0.0,0.0,0.0,0.0,0.0,0.0,0.0,0.0,0.0,0.0,0.0,0.0,158.83072611993828,1.0,138.0209273176426,1.0,1.0,158.83072611993828,1.7322205723859585,0.21926842688429854,0.08323597030964049,2.7155605237651126,0.3437418384512801,0.20969675824858444,0.8917658429398656,0.0,0.4755983491350661,0.2815051326677893,4.447781096151071,0.0,692fe87b3c1dfb13a7a99ee9,mecka,mecka,7,False,False,False,False,False,False,False
171.0,5.7,0.0,0.0,0.0,0.0,0.0,0.0,0.0,0.0,0.0,0.0,0.0,0.0,0.0,0.0,162.3164242330218,1.0,148.84622472925744,1.0,1.0,162.3164242330218,1.7809633081829719,0.3142876426205244,0.1796623254382091,2.5474333684651573,0.4495470650232631,0.5669853314392309,1.3668122253853998,0.0,0.37185126825116455,0.38191735382189385,4.328396676648129,0.0,692fe89eb108dc6b6c8bda2f,mecka,mecka,7,False,False,False,False,False,False,False
178.0,5.933333333333334,0.0,0.0,0.0,0.0,0.0,0.0,0.0,0.0,0.0,0.0,0.0,0.0,0.0,0.0,159.39453957332435,1.0,152.0536831220757,1.0,1.0,159.39453957332435,1.8719767115049644,0.31728418839067185,0.17244680533975446,3.177221113629428,0.5385120531575301,0.5729879198931916,1.4979191821608342,0.0,0.5056983296393202,0.427898120774101,5.049197825134392,0.0,692fe89eb108dc6b6c8bda33,mecka,mecka,7,False,False,False,False,False,False,False
221.0,7.366666666666666,0.0,0.0,0.0,0.0,0.0,0.0,0.0,0.0,0.0,0.0,0.0,0.0,0.0,0.0,156.43262129037052,1.0,147.77239740079554,1.0,1.0,156.43262129037052,2.188438544455136,0.29842343788024583,0.2696998061813383,2.776119586451291,0.37856176178881246,0.5485069646942693,1.434602400909235,0.0,0.41520090390075004,0.3384925998345291,4.964558130906427,0.0,692fe89fb108dc6b6c8bda38,mecka,mecka,7,False,False,False,False,False,False,False
191.0,6.366666666666666,0.0,0.0,0.0,0.0,0.0,0.0,0.0,0.0,0.0,0.0,0.0,0.0,0.0,0.0,153.20902047945145,1.0,149.11565759011145,1.0,1.0,153.20902047945145,2.132605952572181,0.3367272556692918,0.27118166914627573,3.0522299975942935,0.48193105225173055,0.6163852804229554,1.7029870302708205,0.0,0.6342498010248009,0.40932915396051117,5.184835950166475,0.0,692fe89fb108dc6b6c8bda3e,mecka,mecka,7,False,False,False,False,False,False,False
225.0,7.5,0.0,0.0,0.0,0.0,0.0,0.0,0.0,0.0,0.0,0.0,0.0,0.0,0.0,0.0,158.39818189444568,1.0,161.30018501967427,1.0,1.0,161.30018501967427,2.0438594207115077,0.2737311724167198,0.1583770714211455,3.9703122819001853,0.5317382520402034,0.48572952108759604,1.4935715093208668,0.0,0.3051466070596228,0.4027347122284616,6.0141717026116925,0.0,692fe8a0b108dc6b6c8bda42,mecka,mecka,7,False,False,False,False,False,False,False
213.0,7.1,0.0,0.0,0.0,0.0,0.0,0.0,0.0,0.0,0.0,0.0,0.0,0.0,0.0,0.0,157.67090628974526,1.0,149.8050976753072,1.0,1.0,157.67090628974526,2.194742078657422,0.31057670924397485,0.26984664595641955,3.026115804173636,0.42822393455287305,0.3708567650025771,1.469160396453662,0.0,0.2672094594133974,0.3694003218984239,5.220857882831059,0.0,692fe8da6c1e69a4860825c4,mecka,mecka,7,False,False,False,False,False,False,False
228.0,7.6,0.0,0.0,0.0,0.0,0.0,0.0,0.0,0.0,0.0,0.0,0.0,0.0,0.0,0.0,155.85670699991164,1.0,151.8741362578158,1.0,1.0,155.85670699991164,2.46754561455411,0.3261073499410718,0.23857920259563672,3.1916615624353852,0.4218054928328703,0.29523617347185005,1.3683324963616603,0.0,0.2723546063498838,0.37395642138697105,5.659207176989495,0.0,692fe8db6c1e69a4860825cb,mecka,mecka,7,False,False,False,False,False,False,False
215.0,7.166666666666667,0.0,0.0,0.0,0.0,0.0,0.0,0.0,0.0,0.0,0.0,0.0,0.0,0.0,0.0,157.74379319935645,1.0,147.59648723732357,1.0,1.0,157.74379319935645,2.0586238814994435,0.2885921329204827,0.34319684337255896,2.8548817263143995,0.40021706443659805,0.36634253339970646,1.7537833692163787,0.0,0.3097446943855536,0.34440459867854034,4.913505607813843,0.0,692fe8dc6c1e69a4860825d2,mecka,mecka,7,False,False,False,False,False,False,False
196.0,6.533333333333333,0.0,0.0,0.0,0.0,0.0,0.0,0.0,0.0,0.0,0.0,0.0,0.0,0.0,0.0,141.8391563203674,1.0,161.58360539250305,1.0,1.0,161.58360539250305,2.346349399734999,0.3609768307284613,0.39799628865441183,2.8329798282382415,0.43584305049819105,0.3969208093775394,1.817088051658304,0.0,0.4786708867269881,0.3984099406133262,5.17932922797324,0.0,692fe8dd6c1e69a4860825d9,mecka,mecka,7,False,False,False,False,False,False,False
157.0,5.233333333333333,0.0,0.0,0.0,0.0,0.0,0.0,0.0,0.0,0.0,0.0,0.0,0.0,0.0,0.0,158.30826257317477,1.0,143.1797628506,1.0,1.0,158.30826257317477,2.127857846925907,0.40920343210113597,0.19377087865022796,2.4089012898591324,0.46325024804983317,0.5202200054777766,1.7643107990465152,0.0,0.5404528284688658,0.43622684007548446,4.536759136785039,0.0,692fe953d51f8f46f2ad69e2,mecka,mecka,7,False,False,False,False,False,False,False
211.0,7.033333333333333,0.0,0.0,0.0,0.0,0.0,0.0,0.0,0.0,0.0,0.0,0.0,0.0,0.0,0.0,160.25047154713505,1.0,150.98083864089332,1.0,1.0,160.25047154713505,2.5250934683906445,0.3607276383415207,0.1416283532965547,1.6923737829761178,0.24176768328230258,0.23638165267366842,1.4616398137314797,0.0,0.2410905759253156,0.3012476608119116,4.217467251366762,0.0,692fe953d51f8f46f2ad69e8,mecka,mecka,7,False,False,False,False,False,False,False
236.0,7.866666666666666,0.0,0.0,0.0,0.0,0.0,0.0,0.0,0.0,0.0,0.0,0.0,0.0,0.0,0.0,153.43297383824154,1.0,156.14642930251972,1.0,1.0,156.14642930251972,1.351483861200579,0.1725298546213505,0.06151724772076609,1.8730066385776063,0.23910723045671572,0.3311872769329084,1.027786881208371,0.0,0.3241590914967528,0.20581854253903312,3.2244904997781854,0.0,692feca3ff402550463ce6c3,mecka,mecka,7,False,False,False,False,False,False,False
236.0,7.866666666666666,0.0,0.0,0.0,0.0,0.0,0.0,0.0,0.0,0.0,0.0,0.0,0.0,0.0,0.0,168.27496683727514,1.0,167.57176542224607,1.0,1.0,168.27496683727514,1.0600792153617014,0.13532926153553634,0.12124792386953694,1.759859816696661,0.22466295532297806,0.284816211861673,0.6794008043558453,0.0,0.15017052207407444,0.1799961084292572,2.8199390320583624,0.0,692fedab44aaf21386afad3e,mecka,mecka,7,False,False,False,False,False,False,False
208.0,6.933333333333334,0.0,0.0,0.0,0.0,0.0,0.0,0.0,0.0,0.0,0.0,0.0,0.0,0.0,0.0,168.2848988473972,1.0,167.98849581576894,1.0,1.0,168.2848988473972,0.9848824158273723,0.142736582003967,0.13148092188373214,1.6743071513618621,0.24265321034229886,0.26107486163070565,0.6594590907766403,0.0,0.1891813368173505,0.19269489617313293,2.6591895671892347,0.0,692fedac44aaf21386afad43,mecka,mecka,7,False,False,False,False,False,False,False
561.0,18.7,0.0,0.0,0.0,0.0,0.0,0.0,0.0,0.0,0.0,0.0,0.0,0.0,0.0,0.0,170.25056251633083,1.0,166.81445880877564,1.0,1.0,170.25056251633083,3.896606871621997,0.20874679669403556,0.10976231034409764,3.703210225408188,0.1983862620754387,0.025574724293385618,1.7783395993434463,0.0,0.2773991557305117,0.20356652938473713,7.599817097030185,0.0,692ff26c400f4662f13d7bc3,mecka,mecka,7,False,False,False,False,False,False,False
209.0,6.966666666666667,0.0,0.0,0.0,0.0,0.0,0.0,0.0,0.0,0.0,0.0,0.0,0.0,0.0,0.0,168.58468473554788,1.0,152.97515016204235,1.0,1.0,168.58468473554788,1.8174425719531782,0.26213114018555456,0.048567024267788694,2.8036712394332497,0.40437565953364185,0.2253700649938274,1.5048567229012264,0.0,0.5452669218832186,0.33325339985959823,4.621113811386428,0.0,693084263fa7d23d994d12ff,mecka,mecka,7,False,False,False,False,False,False,False
191.0,6.366666666666666,0.0,0.0,0.0,0.0,0.0,0.0,0.0,0.0,0.0,0.0,0.0,0.0,0.0,0.0,167.85804348750628,1.0,151.05905691017784,1.0,1.0,167.85804348750628,1.3592319457426982,0.21461557038042603,0.13135347491356103,2.1013987391332742,0.33179980091578015,0.15645948362885523,0.9108228479947379,0.0,0.18851478191378102,0.2732076856481031,3.4606306848759725,0.0,6930851f99946db9586cf516,mecka,mecka,7,False,False,False,False,False,False,False
229.0,7.633333333333334,0.0,0.0,0.0,0.0,0.0,0.0,0.0,0.0,0.0,0.0,0.0,0.0,0.0,0.0,165.95421761618863,1.0,160.02782675917683,1.0,1.0,165.95421761618863,1.6989578589370247,0.22354708670224005,0.11425133280798822,2.5824848058506538,0.3398006323487702,0.0686412627240541,1.472366335450014,0.0,0.41564722518019964,0.2816738595255051,4.281442664787678,0.0,6930851f99946db9586cf519,mecka,mecka,7,False,False,False,False,False,False,False
212.0,7.066666666666666,0.0,0.0,0.0,0.0,0.0,0.0,0.0,0.0,0.0,0.0,0.0,0.0,0.0,0.0,166.34196937141814,1.0,161.60998029837492,1.0,1.0,166.34196937141814,1.5931292173978928,0.22651126313714115,0.15527106924694895,2.738943136975963,0.38942319483070564,0.1846558594672324,1.3090695586169772,0.0,0.47564907852323224,0.30796722898392337,4.332072354373856,0.0,6930852099946db9586cf51d,mecka,mecka,7,False,False,False,False,False,False,False
221.0,7.366666666666666,0.0,0.0,0.0,0.0,0.0,0.0,0.0,0.0,0.0,0.0,0.0,0.0,0.0,0.0,168.77366805329393,1.0,160.17238792427455,1.0,1.0,168.77366805329393,1.6070783284408845,0.2191470447873933,0.170199093154147,2.613223899835888,0.35634871361398474,0.18788062749159753,1.656852876934594,0.0,0.4902524788310621,0.287747879200689,4.220302228276773,0.0,6930852099946db9586cf527,mecka,mecka,7,False,False,False,False,False,False,False
185.0,6.166666666666667,0.0,0.0,0.0,0.0,0.0,0.0,0.0,0.0,0.0,0.0,0.0,0.0,0.0,0.0,166.62419110029802,1.0,149.1082200545114,1.0,1.0,166.62419110029802,1.6274781636409756,0.2653497005936373,0.19531063711230556,2.1285875195468984,0.347052312969603,0.29699324032765034,0.966193064255616,0.0,0.28080229646496846,0.30620100678162016,3.756065683187874,0.0,6930852099946db9586cf528,mecka,mecka,7,False,False,False,False,False,False,False
204.0,6.8,0.0,0.0,0.0,0.0,0.0,0.0,0.0,0.0,0.0,0.0,0.0,0.0,0.0,0.0,163.01896091266536,1.0,153.12551766908376,1.0,1.0,163.01896091266536,1.560214939334421,0.23057363635484054,0.1850994422543731,2.4275179036000103,0.35874648821675026,0.27305601365686827,0.8683748713563574,0.0,0.4610941014586924,0.2946600622857954,3.987732842934431,0.0,6930852199946db9586cf530,mecka,mecka,7,False,False,False,False,False,False,False
196.0,6.533333333333333,0.0,0.0,0.0,0.0,0.0,0.0,0.0,0.0,0.0,0.0,0.0,0.0,0.0,0.0,168.39347259465384,1.0,158.6678675152585,1.0,1.0,168.39347259465384,2.09760732035418,0.32270881851602773,0.16640275290789147,2.403032022376209,0.36969723421172446,0.15219882546103808,3.000016373508055,0.0,0.2552059533004674,0.346203026363876,4.5006393427303895,0.0,6930852199946db9586cf531,mecka,mecka,7,False,False,False,False,False,False,False
175.0,5.833333333333333,0.0,0.0,0.0,0.0,0.0,0.0,0.0,0.0,0.0,0.0,0.0,0.0,0.0,0.0,162.57859131568756,1.0,148.16337277036206,1.0,1.0,162.57859131568756,1.6049943715404509,0.27672316750697423,0.12213639647300245,2.4543590521408527,0.42316535381738835,0.20629072775618318,1.1540227853772864,0.0,0.29445182780889695,0.34994426066218126,4.059353423681303,0.0,6930852199946db9586cf532,mecka,mecka,7,False,False,False,False,False,False,False
191.0,6.366666666666666,0.0,0.0,0.0,0.0,0.0,0.0,0.0,0.0,0.0,0.0,0.0,0.0,0.0,0.0,166.70436713452807,1.0,160.92687154606725,1.0,1.0,166.70436713452807,1.6899685729017087,0.2668371430897435,0.08618663231607084,2.627228536800001,0.41482555844210545,0.0940581601146158,1.82283727192566,0.0,0.20787914614025244,0.3408313507659244,4.317197109701709,0.0,6930852199946db9586cf53a,mecka,mecka,7,False,False,False,False,False,False,False
201.0,6.7,0.0,0.0,0.0,0.0,0.0,0.0,0.0,0.0,0.0,0.0,0.0,0.0,0.0,0.0,162.58149140853325,1.0,151.88741568182417,1.0,1.0,162.58149140853325,1.8123438773004348,0.27185158159506523,0.02317235957174705,2.525382562261712,0.37880738433925676,0.17791505003195274,1.1178411385263836,0.0,0.4349700496585933,0.325329482967161,4.337726439562147,0.0,6930855e76acbe36f0806bed,mecka,mecka,7,False,False,False,False,False,False,False
174.0,5.8,0.0,0.0,0.0,0.0,0.0,0.0,0.0,0.0,0.0,0.0,0.0,0.0,0.0,0.0,161.8090198530163,1.0,148.44500482859092,1.0,1.0,161.8090198530163,1.6707469814775049,0.2897249100828044,0.14016965977751564,2.3216857273939846,0.4026044613978008,0.30562831731748547,1.0354859115419777,0.0,0.5310351903593573,0.34616468574030257,3.9924327088714895,0.0,6930855f76acbe36f0806bfa,mecka,mecka,7,False,False,False,False,False,False,False
192.0,6.4,0.0,0.0,0.0,0.0,0.0,0.0,0.0,0.0,0.0,0.0,0.0,0.0,0.0,0.0,162.35069007030026,1.0,150.91048279948006,1.0,1.0,162.35069007030026,1.5738953669978648,0.24720869638709916,0.14575648375908554,2.3691920443485333,0.3721244048714974,0.2776584602411589,1.0427774184819971,0.0,0.5235963057547299,0.30966655062929827,3.943087411346398,0.0,6930856076acbe36f0806bfb,mecka,mecka,7,False,False,False,False,False,False,False
201.0,6.7,0.0,0.0,0.0,0.0,0.0,0.0,0.0,0.0,0.0,0.0,0.0,0.0,0.0,0.0,157.33973908560364,1.0,159.16188699897717,1.0,1.0,159.16188699897717,2.7865350481225484,0.4179802572183823,0.08463041154301867,1.8342197276665493,0.2751329591499824,0.25768903537974,1.096975337214158,0.0,0.253332340876311,0.3465566081841823,4.620754775789098,1.0,2026-03-26-11-40-14-667452,microagi,microagi,9,False,False,False,False,False,False,False
321.0,10.7,0.0,0.0,0.0,0.0,0.0,0.0,0.0,0.0,0.0,0.0,0.0,0.0,0.0,0.0,162.0262488393355,1.0,162.4103848047658,1.0,1.0,162.4103848047658,2.3205248469226913,0.2175492043990023,0.04496213377668456,2.517026905910714,0.23597127242912946,0.1363735939773654,3.7885771217681983,0.0,0.0824740986975133,0.2267602384140659,4.837551752833406,1.0,2026-03-27-08-45-58-271814,microagi,microagi,9,False,False,False,False,False,False,False
597.0,19.9,0.0,0.0,0.0,0.0,0.0,0.0,0.0,0.0,0.0,0.0,0.0,0.0,0.0,0.0,150.97518789809624,1.0,151.88151167605915,1.0,1.0,151.88151167605915,3.6803343589835147,0.18525172947903598,0.15791999478390417,3.6430324272634618,0.18337411546628163,0.21926176066456743,1.0975489035341714,0.0,0.3197093708773472,0.1843129224726588,7.323366786246977,1.0,2026-03-27-08-46-37-202721,microagi,microagi,9,False,False,False,False,False,False,False
231.0,7.7,0.0,0.0,0.0,0.0,0.0,0.0,0.0,0.0,0.0,0.0,0.0,0.0,0.0,0.0,165.2495039112215,1.0,165.36517296181188,1.0,1.0,165.36517296181188,1.1156988959219978,0.14552594294634755,0.06599061114280552,1.2755896845258234,0.16638126319902047,0.11491231260455292,0.7725975829374029,0.0,0.06498248206490266,0.155953603072684,2.391288580447821,1.0,2026-03-27-08-52-36-621016,microagi,microagi,9,False,False,False,False,False,False,False
252.0,8.4,0.0,0.0,0.0,0.0,0.0,0.0,0.0,0.0,0.0,0.0,0.0,0.0,0.0,0.0,165.38304632588574,1.0,164.4434856505527,1.0,1.0,165.38304632588574,0.7920139834947413,0.09466302591570613,0.05317246059239512,0.8491787023356582,0.10149546243055675,0.12762118496243027,0.563868928308381,0.0,0.03667546774237495,0.09807924417313145,1.6411926858303993,1.0,2026-03-27-09-14-35-034607,microagi,microagi,9,False,False,False,False,False,False,False
340.0,11.333333333333334,0.0,0.0,0.0,0.0,0.0,0.0,0.0,0.0,0.0,0.0,0.0,0.0,0.0,0.0,153.89387350005808,1.0,153.58535702824767,1.0,1.0,153.89387350005808,0.7756683831245186,0.06864321974553261,0.1173009007871782,0.6877062538410419,0.060858960516906375,0.07199077975506452,0.2518117406145402,0.0,0.037254270247134395,0.06475109013121949,1.4633746369655605,1.0,2026-03-27-09-16-19-246306,microagi,microagi,9,False,False,False,False,False,False,False
753.0,25.1,0.0,0.0,0.0,0.0,0.0,0.0,0.0,0.0,0.0,0.0,0.0,0.0,0.0,0.0,173.32844895400623,1.0,171.26195629485528,1.0,1.0,173.32844895400623,5.2603833279998256,0.20985571787233348,0.5930328702256492,6.747735807305224,0.2691915880573893,0.777493233148392,1.6761096421487265,0.0,0.7013986027082821,0.2395236529648614,12.00811913530505,1.0,2026-03-27-11-20-58-639658,microagi,microagi,9,False,False,False,False,False,False,False
379.0,12.633333333333333,0.0,0.0,0.0,0.0,0.0,0.0,0.0,0.0,0.0,0.0,0.0,0.0,0.0,0.0,152.63936616767114,1.0,152.28134629133078,1.0,1.0,152.63936616767114,2.2837516934457813,0.18125013440045884,0.06024778966851345,1.748752885042966,0.1387899115113465,0.06693207856867057,0.5736683417130526,0.0,0.08412939993565993,0.16002002295590267,4.032504578488748,1.0,2026-03-27-11-31-49-057344,microagi,microagi,9,False,False,False,False,False,False,False
422.0,14.066666666666666,0.0,0.0,0.0,0.0,0.0,0.0,0.0,0.0,0.0,0.0,0.0,0.0,0.0,0.0,167.054159911329,1.0,169.9663592212498,1.0,1.0,169.9663592212498,5.120301851295413,0.36486711529421006,0.0764332549812915,6.6174209520611145,0.47155018660768033,0.018399015683646006,3.161644703986219,0.0,0.1838258979196985,0.41820865095094517,11.737722803356528,1.0,2026-03-27-11-38-14-817062,microagi,microagi,9,False,False,False,False,False,False,False
1767.0,58.9,0.0,0.0,0.0,0.0,0.0,0.0,0.0,0.0,0.0,0.0,0.0,0.0,0.0,0.0,159.48422850456143,1.0,158.00412788916796,1.0,1.0,159.48422850456143,21.47102474566414,0.3647399447168313,0.2448645074465942,24.29310534498228,0.4126801587482833,0.4894223151954216,2.746944883085917,0.0,0.5226039299087144,0.38871005173255724,45.76413009064642,1.0,2026-03-27-18-35-26-188339,microagi,microagi,9,False,False,False,False,True,False,True
234.0,7.8,0.0,0.0,0.0,0.0,0.0,0.0,0.0,0.0,0.0,0.0,0.0,0.0,0.0,0.0,157.25838567625902,1.0,156.5644646494645,1.0,1.0,157.25838567625902,4.037840880393121,0.5198936755870971,0.27038579487005726,3.7828181950776516,0.4870581367052771,0.26310670346094955,1.5119620499270217,0.0,0.5568225317827331,0.5034759061461871,7.820659075470773,1.0,2026-03-27-18-38-33-739644,microagi,microagi,9,False,False,False,False,False,False,False
291.0,9.7,0.0,0.0,0.0,0.0,0.0,0.0,0.0,0.0,0.0,0.0,0.0,0.0,0.0,0.0,152.66230583945656,1.0,152.62025372188467,1.0,1.0,152.66230583945656,4.28931800203188,0.44372255193433247,0.33568837414776653,5.157250759970297,0.5335086993072721,0.25033896531698163,1.3554349376052004,0.0,0.35302320908184215,0.4886156256208023,9.446568762002176,1.0,2026-03-27-18-40-26-398821,microagi,microagi,9,False,False,False,False,False,False,False
173.0,5.766666666666667,0.0,0.0,0.0,0.0,0.0,0.0,0.0,0.0,0.0,0.0,0.0,0.0,0.0,0.0,122.66413191043839,1.0,123.00471694042459,1.0,1.0,123.00471694042459,1.7257964363817428,0.3010110063456528,0.3561818047001813,1.9039668754802266,0.3320872457232953,0.4759676317875264,1.6584893154871818,0.0,0.5894298288239236,0.31654912603447405,3.6297633118619697,1.0,2026-03-27-18-50-27-319295,microagi,microagi,9,False,False,False,False,False,False,False
192.0,6.4,0.0,0.0,0.0,0.0,0.0,0.0,0.0,0.0,0.0,0.0,0.0,0.0,0.0,0.0,123.8124299797444,1.0,125.10556867773259,1.0,1.0,125.10556867773259,1.8061890533063236,0.2836946157025639,0.06233388227307257,1.5746318469829452,0.2473243738716668,0.183571398228361,1.2926995423644956,0.0,0.1523266060821732,0.2655094947871154,3.380820900289269,1.0,2026-03-27-18-50-51-172628,microagi,microagi,9,False,False,False,False,False,False,False
568.0,18.933333333333334,0.0,0.0,0.0,0.0,0.0,0.0,0.0,0.0,0.0,0.0,0.0,0.0,0.0,0.0,158.55406910167073,1.0,157.8522290258552,1.0,1.0,158.55406910167073,7.9714045228317465,0.4217674350704627,0.21930074214030904,10.875888571431231,0.5754438397582663,0.1576389322933505,1.6778173876832014,0.0,0.7528948939833962,0.4986056374143645,18.847293094262977,1.0,2026-03-27-18-53-04-480123,microagi,microagi,9,False,False,False,False,False,False,False
279.0,9.3,0.0,0.0,0.0,0.0,0.0,0.0,0.0,0.0,0.0,0.0,0.0,0.0,0.0,0.0,141.55456818296483,1.0,142.635265393934,1.0,1.0,142.635265393934,4.5907706111237765,0.4954069004809832,0.1192404854389255,5.429371880926729,0.5859034403877764,0.6095725733958192,2.9170929628530615,0.0,0.18431898024703117,0.5406551704343798,10.020142492050505,1.0,2026-03-28-08-18-49-957026,microagi,microagi,9,False,False,False,False,False,False,False
217.0,7.233333333333333,0.0,0.0,0.0,0.0,0.0,0.0,0.0,0.0,0.0,0.0,0.0,0.0,0.0,0.0,142.68031313288594,1.0,143.8681012445986,1.0,1.0,143.8681012445986,3.797886240872072,0.5274842001211212,0.47250788956599277,4.233512983911785,0.5879879144321924,0.2222116506630174,1.635963717590439,0.0,0.35717184530840523,0.5577360572766568,8.031399224783858,1.0,2026-03-28-08-21-43-788054,microagi,microagi,9,False,False,False,False,False,False,False
209.0,6.966666666666667,0.0,0.0,0.0,0.0,0.0,0.0,0.0,0.0,0.0,0.0,0.0,0.0,0.0,0.0,144.2099615399793,1.0,145.49231510794255,1.0,1.0,145.49231510794255,3.9877241115565427,0.5751525160898859,0.15325685760633773,3.8681804847038768,0.5579106468322899,0.5925121383655334,3.2479334202578194,0.0,0.34160277559963725,0.566531581461088,7.8559045962604195,1.0,2026-03-28-08-23-35-476070,microagi,microagi,9,False,False,False,False,False,False,False
246.0,8.2,0.0,0.0,0.0,0.0,0.0,0.0,0.0,0.0,0.0,0.0,0.0,0.0,0.0,0.0,159.2582355554229,1.0,155.5717827867031,1.0,1.0,159.2582355554229,5.664360244751693,0.6935951320104115,0.6051264181366705,6.238741237134458,0.7639274984246274,0.4346484054326199,2.0803702651453215,0.0,1.1040574486840202,0.7287613152175194,11.90310148188615,1.0,2026-03-28-08-24-27-103977,microagi,microagi,9,False,False,False,False,False,False,False
282.0,9.4,0.0,0.0,0.0,0.0,0.0,0.0,0.0,0.0,0.0,0.0,0.0,0.0,0.0,0.0,156.44138287271323,1.0,157.21528178828055,1.0,1.0,157.21528178828055,5.990768780814566,0.6395838556029786,0.4318227380844402,6.636897632313099,0.7085655835209714,0.7403790801063418,3.844824375705525,0.0,0.679361770134056,0.6740747195619752,12.627666413127665,1.0,2026-03-28-08-29-21-741058,microagi,microagi,9,False,False,False,False,False,False,False
475.0,15.833333333333334,0.0,0.0,0.0,0.0,0.0,0.0,0.0,0.0,0.0,0.0,0.0,0.0,0.0,0.0,173.28148864219753,1.0,161.93194825475456,1.0,1.0,173.28148864219753,6.758064163072084,0.4277255799412711,0.1101664041846412,7.18549240273884,0.45477800017334435,0.1221759027791747,1.2911313194546312,0.0,0.5184413521315316,0.44125179005730775,13.943556565810923,1.0,2026-03-28-13-56-07-141506,microagi,microagi,9,False,False,False,False,False,False,False
188.0,6.266666666666667,0.0,0.0,0.0,0.0,0.0,0.0,0.0,0.0,0.0,0.0,0.0,0.0,0.0,0.0,174.81624939825497,1.0,164.8299028238292,1.0,1.0,174.81624939825497,1.8246671122288796,0.2927273442078417,0.3440940849324689,3.316339773011523,0.5320331186649503,0.4716621786522946,2.9231116772063177,0.0,0.2967880175345936,0.412380231436396,5.141006885240403,1.0,2026-03-28-13-56-30-568026,microagi,microagi,9,False,False,False,False,False,False,False
330.0,11.0,0.0,0.0,0.0,0.0,0.0,0.0,0.0,0.0,0.0,0.0,0.0,0.0,0.0,0.0,141.11461697426338,1.0,140.45213548861705,1.0,1.0,141.11461697426338,6.216572573716855,0.566860721007616,0.23618120200187998,6.734441699454879,0.6140828297375269,0.2732784034052889,1.889240627714007,0.0,0.48756692716641814,0.5904717753725715,12.951014273171733,1.0,2026-03-28-20-36-06-132489,microagi,microagi,9,False,False,False,False,False,False,False
311.0,10.366666666666667,0.0,0.0,0.0,0.0,0.0,0.0,0.0,0.0,0.0,0.0,0.0,0.0,0.0,0.0,140.41959669710752,1.0,141.78730287749315,1.0,1.0,141.78730287749315,5.02093114672928,0.48589656258670455,0.8194361412819382,4.693714118368851,0.4542303985518243,0.5005426149211758,1.700050862874463,0.0,0.41050931987148886,0.4700634805692644,9.714645265098131,1.0,2026-03-28-20-36-18-202489,microagi,microagi,9,False,False,False,False,False,False,False
383.0,12.766666666666667,0.0,0.0,0.0,0.0,0.0,0.0,0.0,0.0,0.0,0.0,0.0,0.0,0.0,0.0,153.23762121386625,1.0,151.5902841818262,1.0,1.0,153.23762121386625,6.1880171605878935,0.48596993407758327,0.22187367559074794,6.96284850560842,0.546820563267677,0.255953766593887,1.6063034637506681,0.0,0.3086688809958741,0.5163952486726302,13.150865666196314,1.0,2026-03-28-20-38-26-385142,microagi,microagi,9,False,False,False,False,False,False,False
180.0,6.0,0.0,0.0,0.0,0.0,0.0,0.0,0.0,0.0,0.0,0.0,0.0,0.0,0.0,0.0,146.24433062484314,1.0,137.25842992754326,1.0,1.0,146.24433062484314,3.4490510783568515,0.578053253355897,0.11529602529480716,3.786800871667666,0.6346593639666479,0.43250783886239397,1.761779038267243,0.0,0.5837552522014822,0.6063563086612724,7.235851950024518,1.0,2026-03-28-21-21-26-519285,microagi,microagi,9,False,False,False,False,False,False,False
156.0,5.2,0.0,0.0,0.0,0.0,0.0,0.0,0.0,0.0,0.0,0.0,0.0,0.0,0.0,0.0,153.47587434269107,1.0,148.2014899013908,1.0,1.0,153.47587434269107,2.6344507061030176,0.509893685052197,0.16514488816120018,3.2416656332520106,0.6274191548229697,0.32238377345100855,1.643376270087996,0.0,0.6340366764833989,0.5686564199375833,5.876116339355028,1.0,2026-03-28-21-25-51-251114,microagi,microagi,9,False,False,False,False,False,False,False
368.0,12.266666666666667,0.0,0.0,0.0,0.0,0.0,0.0,0.0,0.0,0.0,0.0,0.0,0.0,0.0,0.0,155.48960232758583,1.0,157.75897761668315,1.0,1.0,157.75897761668315,3.8724990042336476,0.3165530521171919,0.2979028345451413,4.42718194127081,0.3618949815752705,0.1425512041488998,1.3274659638016617,0.0,0.4149981058957195,0.3392240168462312,8.299680945504457,1.0,2026-03-29-13-37-22-118963,microagi,microagi,9,False,False,False,False,False,False,False
416.0,13.866666666666667,0.0,0.0,0.0,0.0,0.0,0.0,0.0,0.0,0.0,0.0,0.0,0.0,0.0,0.0,161.39931556501153,1.0,161.85773735615652,1.0,1.0,161.85773735615652,5.731181430203618,0.41430227206291215,0.5063205595048552,7.3300510023399195,0.529883204988428,0.30267215012179394,3.4724704194892952,0.0,0.6387068360933126,0.47209273852567,13.061232432543537,1.0,2026-03-30-13-01-24-631805,microagi,microagi,9,False,False,False,False,False,False,False
233.0,7.766666666666667,0.0,0.0,0.0,0.0,0.0,0.0,0.0,0.0,0.0,0.0,0.0,0.0,0.0,0.0,150.94923694613485,1.0,146.84424447869162,1.0,1.0,150.94923694613485,3.612026480654706,0.4670723897398326,0.1934732016550295,4.468853094390607,0.5778689346194751,0.33122330431369007,1.54732441100874,0.0,0.47650281794707117,0.5224706621796539,8.080879575045312,1.0,2026-03-30-13-02-23-391713,microagi,microagi,9,False,False,False,False,False,False,False
231.0,7.7,0.0,0.0,0.0,0.0,0.0,0.0,0.0,0.0,0.0,0.0,0.0,0.0,0.0,0.0,154.18922777606463,1.0,150.78984255770933,1.0,1.0,154.18922777606463,3.393598490482887,0.4426432813673331,0.41588239649617303,3.7818081616111514,0.49327932542754144,0.34644854999549446,1.424732594198704,0.0,0.4659376176803516,0.46796130339743724,7.175406652094038,1.0,2026-03-31-19-50-25-944370,microagi,microagi,9,False,False,False,False,False,False,False
164.0,5.466666666666667,0.0,0.0,0.0,0.0,0.0,0.0,0.0,0.0,0.0,0.0,0.0,0.0,0.0,0.0,154.633923237344,1.0,151.34961935892966,1.0,1.0,154.633923237344,1.635875965027091,0.30108146595590635,0.33791126079018763,1.8916554589906307,0.3481574464399933,0.36177787201178774,1.6266158945229738,0.0,0.23314835986553395,0.32461945619794985,3.527531424017722,1.0,2026-03-31-20-00-04-230079,microagi,microagi,9,False,False,False,False,False,False,False
588.0,19.6,0.0,0.0,0.0,0.0,0.0,0.0,0.0,0.0,0.0,0.0,0.0,0.0,0.0,0.0,160.85586564830373,1.0,162.71386340263766,1.0,1.0,162.71386340263766,7.710617955364727,0.3940690607511785,0.24954374709476002,8.345340045162661,0.4265080091224528,0.43575088216420116,2.681328845572847,0.0,0.5551021332637323,0.41028853493681566,16.05595800052739,1.0,2026-04-01-08-06-04-604641,microagi,microagi,9,False,False,False,False,False,False,False
319.0,10.633333333333333,0.0,0.0,0.0,0.0,0.0,0.0,0.0,0.0,0.0,0.0,0.0,0.0,0.0,0.0,166.48165353939606,1.0,167.02891138840405,1.0,1.0,167.02891138840405,2.4598248387072266,0.2320589470478516,0.06894436654379711,3.9251234238516775,0.3702946626275167,0.328805563095559,1.0271921744187018,0.0,0.16022911579727453,0.30117680483768416,6.384948262558904,1.0,2026-04-01-09-17-26-467133,microagi,microagi,9,False,False,False,False,False,False,False
439.0,14.633333333333333,0.0,0.0,0.0,0.0,0.0,0.0,0.0,0.0,0.0,0.0,0.0,0.0,0.0,0.0,166.97540136719064,1.0,165.78081899565262,1.0,1.0,166.97540136719064,5.716593344445892,0.39154748934560907,0.2723402081734039,5.805708350509026,0.3976512568841799,0.2557944954872487,3.3924738461787523,0.0,0.43707429922397967,0.39459937311489446,11.522301694954919,1.0,2026-04-01-10-25-39-295548,microagi,microagi,9,False,False,False,False,False,False,False
532.0,17.733333333333334,0.0,0.0,0.0,0.0,0.0,0.0,0.0,0.0,0.0,0.0,0.0,0.0,0.0,0.0,166.37240399193797,1.0,165.53616951094557,1.0,1.0,166.37240399193797,7.230921187672038,0.4085266207724315,0.16568477429360715,8.663904964282699,0.4894861561741638,0.4830060848849627,2.050357349858179,0.0,0.42196927699532255,0.44900638847329766,15.894826151954737,1.0,2026-04-01-10-28-02-511250,microagi,microagi,9,False,False,False,False,False,False,False
1589.0,52.96666666666667,0.0,0.0,0.0,0.0,0.0,0.0,0.0,0.0,0.0,0.0,0.0,0.0,0.0,0.0,166.40037901501867,1.0,165.79170005168456,1.0,1.0,166.40037901501867,10.934721586502933,0.20657534483317883,0.4033399893834332,10.642435690546666,0.20105357098010077,0.25275778111846064,1.4658123270262502,0.0,0.2720861574349765,0.20381445790663977,21.5771572770496,1.0,2026-04-01-10-30-23-792320,microagi,microagi,9,False,False,False,False,True,False,True
540.0,18.0,0.0,0.0,0.0,0.0,0.0,0.0,0.0,0.0,0.0,0.0,0.0,0.0,0.0,0.0,161.30526333586891,1.0,163.39680687534587,1.0,1.0,163.39680687534587,3.723277587170653,0.20723251876645565,0.3004419866893783,3.988311117264278,0.22198392118354052,0.28324463293383395,2.438034350585857,0.0,0.33511189907049344,0.2146082199749981,7.711588704434931,1.0,2026-04-01-10-52-59-822631,microagi,microagi,9,False,False,False,False,False,False,False
410.0,13.666666666666666,0.0,0.0,0.0,0.0,0.0,0.0,0.0,0.0,0.0,0.0,0.0,0.0,0.0,0.0,164.7055635456439,1.0,164.34662099972059,1.0,1.0,164.7055635456439,4.727096645136622,0.3467308052667449,0.29204353302145614,5.539075475450582,0.4062891546785268,0.2364654370516085,1.2921454150069749,0.0,0.35698432046639794,0.37650997997263586,10.266172120587203,1.0,2026-04-01-10-54-24-772631,microagi,microagi,9,False,False,False,False,False,False,False
153.0,5.1,0.0,0.0,0.0,0.0,0.0,0.0,0.0,0.0,0.0,0.0,0.0,0.0,0.0,0.0,165.11992308299867,1.0,165.319715929642,1.0,1.0,165.319715929642,2.952692456690235,0.5827682480309675,0.06118998346831859,3.1443943990296335,0.6206041577032171,0.20129905525995673,1.5558752186497014,0.0,0.24029703274376943,0.6016862028670923,6.097086855719868,1.0,2026-04-01-10-56-34-881235,microagi,microagi,9,False,False,False,False,False,False,False
198.0,6.6,0.0,0.0,0.0,0.0,0.0,0.0,0.0,0.0,0.0,0.0,0.0,0.0,0.0,0.0,164.86781216941233,1.0,160.67821521460334,1.0,1.0,164.86781216941233,2.7981981106212386,0.42612153968851346,0.32994672889915116,3.0852027740494723,0.46982783361159486,0.1869696092700587,1.1540680546122535,0.0,0.12960920659523822,0.44797468665005413,5.883400884670711,1.0,2026-04-01-11-31-31-705696,microagi,microagi,9,False,False,False,False,False,False,False
180.0,6.0,0.0,0.0,0.0,0.0,0.0,0.0,0.0,0.0,0.0,0.0,0.0,0.0,0.0,0.0,162.67543190074178,1.0,161.6592649711213,1.0,1.0,162.67543190074178,1.8512668142933744,0.3102681811664873,0.29004896883776415,2.6396499031639347,0.4423994251112739,0.24939603642097843,1.8951854428802566,0.0,0.14234231596980806,0.37633380313888065,4.490916717457309,1.0,2026-04-01-11-31-51-750696,microagi,microagi,9,False,False,False,False,False,False,False
357.0,11.9,0.0,0.0,0.0,0.0,0.0,0.0,0.0,0.0,0.0,0.0,0.0,0.0,0.0,0.0,165.62497166057844,1.0,165.21018008796727,1.0,1.0,165.62497166057844,3.622794652814692,0.3052916842259572,0.1571385096557344,3.910181346724525,0.3295096640498195,0.3638622637755068,2.5538713147077288,0.0,0.21006549983555994,0.31740067413788836,7.532975999539217,1.0,2026-04-01-11-34-49-220469,microagi,microagi,9,False,False,False,False,False,False,False
216.0,7.2,0.0,0.0,0.0,0.0,0.0,0.0,0.0,0.0,0.0,0.0,0.0,0.0,0.0,0.0,169.30344980120657,1.0,169.6042058223727,1.0,1.0,169.6042058223727,2.4701440166552384,0.34467125813794025,0.31172771874575494,2.601468173783372,0.36299555913256354,0.2502545486826524,1.2431172934616188,0.0,0.24611513602876955,0.35383340863525187,5.071612190438611,1.0,2026-04-01-11-38-27-749085,microagi,microagi,9,False,False,False,False,False,False,False
211.0,7.033333333333333,0.0,0.0,0.0,0.0,0.0,0.0,0.0,0.0,0.0,0.0,0.0,0.0,0.0,0.0,168.19117432844286,1.0,167.78559992778727,1.0,1.0,168.19117432844286,2.3591370668825036,0.3370195809832147,0.25861153382849017,2.3430724080743666,0.3347246297249095,0.22037607284711513,1.1368998171325098,0.0,0.28386845596142013,0.33587210535406214,4.70220947495687,1.0,2026-04-01-11-38-36-019085,microagi,microagi,9,False,False,False,False,False,False,False
202.0,6.733333333333333,0.0,0.0,0.0,0.0,0.0,0.0,0.0,0.0,0.0,0.0,0.0,0.0,0.0,0.0,165.38112773378114,1.0,163.81017747523705,1.0,1.0,165.38112773378114,2.259844200827675,0.33729017922801124,0.19410438854085935,4.380711619831964,0.6538375551988007,0.1872011918931061,1.4229734644112484,0.0,0.20146503685650816,0.49556386721340595,6.640555820659639,1.0,2026-04-01-11-39-41-791025,microagi,microagi,9,False,False,False,False,False,False,False
579.0,19.3,0.0,0.0,0.0,0.0,0.0,0.0,0.0,0.0,0.0,0.0,0.0,0.0,0.0,0.0,167.68626441261029,1.0,167.75569585934807,1.0,1.0,167.75569585934807,4.487811134928378,0.2329313737852099,0.12837089861536893,5.030761533020344,0.2611121902951736,0.13398843633495164,1.1025501148570447,0.0,0.2840789055090168,0.2470217820401918,9.518572667948721,1.0,2026-04-01-11-45-41-734474,microagi,microagi,9,False,False,False,False,False,False,False
292.0,9.733333333333333,0.0,0.0,0.0,0.0,0.0,0.0,0.0,0.0,0.0,0.0,0.0,0.0,0.0,0.0,167.60468488904883,1.0,166.95345560221938,1.0,1.0,167.60468488904883,2.8781216880803067,0.2967135760907533,0.23653985429266566,3.127049663034264,0.3223762539210581,0.3049670675264231,1.4731881740468273,0.0,0.19495351471288228,0.30954491500590575,6.005171351114571,1.0,2026-04-01-11-47-39-069138,microagi,microagi,9,False,False,False,False,False,False,False
925.0,30.833333333333332,0.0,0.0,0.0,0.0,0.0,0.0,0.0,0.0,0.0,0.0,0.0,0.0,0.0,0.0,167.77076021413586,1.0,170.16776184958778,1.0,1.0,170.16776184958778,6.291037046065535,0.20425444954758232,0.24358527044118938,7.274013441454022,0.23616926757967602,0.20401012640888455,2.2943176045411184,0.0,0.1805112064306979,0.22021185856362915,13.565050487519557,1.0,2026-04-01-17-00-48-166352,microagi,microagi,9,False,False,False,False,False,False,False
312.0,10.4,0.0,0.0,0.0,0.0,0.0,0.0,0.0,0.0,0.0,0.0,0.0,0.0,0.0,0.0,162.63299120569195,1.0,162.42648796459906,1.0,1.0,162.63299120569195,1.348667272736404,0.13009652148582673,0.19509397497287395,1.4428680452709222,0.13918341272709858,0.05486863494301101,1.453574270606454,0.0,0.22013475321977588,0.13463996710646267,2.791535318007326,1.0,2026-04-02-11-36-41-328267,microagi,microagi,9,False,False,False,False,False,False,False
151.0,5.033333333333333,0.0,0.0,0.0,0.0,0.0,0.0,0.0,0.0,0.0,0.0,0.0,0.0,0.0,0.0,164.13986604738153,1.0,161.20939164853084,1.0,1.0,164.13986604738153,1.8525005030475865,0.3705001006095173,0.2785003132791132,1.5628071460752264,0.3125614292150453,0.23463372437013075,1.1933377002069208,0.0,0.2440835673357794,0.3415307649122813,3.4153076491228127,1.0,2026-04-02-12-17-37-321720,microagi,microagi,9,False,False,False,False,False,False,False
329.0,10.966666666666667,0.0,0.0,0.0,0.0,0.0,0.0,0.0,0.0,0.0,0.0,0.0,0.0,0.0,0.0,156.107675590331,1.0,155.44737397917865,1.0,1.0,156.107675590331,2.219025944749923,0.20295969006859052,0.13061991739516937,2.0342753568720386,0.1860617704456133,0.1458894273942459,0.7928435143936998,0.0,0.48471446349206315,0.19451073025710192,4.253301301621962,1.0,2026-04-02-13-23-50-635817,microagi,microagi,9,False,False,False,False,False,False,False
300.0,10.0,0.0,0.0,0.0,0.0,0.0,0.0,0.0,0.0,0.0,0.0,0.0,0.0,0.0,0.0,167.11262944810517,1.0,164.26943964733476,1.0,1.0,167.11262944810517,3.481055495294873,0.34926978213660936,0.3642326912691977,3.847675537490815,0.3860544017549313,0.35307260062520057,1.3683246099646516,0.0,0.3418203105405229,0.36766209194577026,7.328731032785688,1.0,2026-04-02-13-45-43-551015,microagi,microagi,9,False,False,False,False,False,False,False
451.0,15.033333333333333,0.0,0.0,0.0,0.0,0.0,0.0,0.0,0.0,0.0,0.0,0.0,0.0,0.0,0.0,164.82343196412828,1.0,162.8046464114977,1.0,1.0,164.82343196412828,4.039534860079119,0.2693023240052746,0.07945361494714878,4.463770517209944,0.2975847011473296,0.2084378335120889,1.3542321829569097,0.0,0.22096939191318438,0.28344351257630207,8.503305377289063,1.0,2026-04-02-13-45-55-104172,microagi,microagi,9,False,False,False,False,False,False,False
1648.0,54.93333333333333,0.0,0.0,0.0,0.0,0.0,0.0,0.0,0.0,0.0,0.0,0.0,0.0,0.0,0.0,158.33100994901775,1.0,158.01397200216292,1.0,1.0,158.33100994901775,17.917025962664006,0.3263574856587251,0.44685345140012567,17.063015507545025,0.3108017396638438,0.766765730053905,1.327173996544394,0.0,0.7642802545022199,0.31857961266128443,34.98004147020903,1.0,2026-04-02-14-25-07-140147,microagi,microagi,9,False,False,False,False,True,False,True
383.0,12.766666666666667,0.0,0.0,0.0,0.0,0.0,0.0,0.0,0.0,0.0,0.0,0.0,0.0,0.0,0.0,158.85042156294975,1.0,156.18478567892973,1.0,1.0,158.85042156294975,3.7281524204653036,0.2927868393035579,0.468987700744422,3.1073535914993204,0.24403300456800947,0.2854292834152153,1.115309446518198,0.0,0.6637418816278999,0.26840992193578367,6.835506011964624,1.0,2026-04-02-14-26-42-645147,microagi,microagi,9,False,False,False,False,False,False,False
506.0,16.866666666666667,0.0,0.0,0.0,0.0,0.0,0.0,0.0,0.0,0.0,0.0,0.0,0.0,0.0,0.0,159.86407724278936,1.0,158.05900070869131,1.0,1.0,159.86407724278936,4.021107289821774,0.2388776607814915,0.14023095819830184,4.716421708848218,0.28018346785236936,0.18281168737644973,0.9793360138851024,0.0,0.28736514327752516,0.25953056431693045,8.737528998669992,1.0,2026-04-02-16-13-34-510341,microagi,microagi,9,False,False,False,False,False,False,False
448.0,14.933333333333334,0.0,0.0,0.0,0.0,0.0,0.0,0.0,0.0,0.0,0.0,0.0,0.0,0.0,0.0,166.73338008276346,1.0,166.57284088737333,1.0,1.0,166.73338008276346,2.920693203003194,0.1960196780539056,0.03881281374355318,2.7699058109264083,0.18589971885412135,0.20764610794653848,1.2132441685318742,0.0,0.2494172233965413,0.1909596984540135,5.690599013929602,1.0,2026-04-03-09-37-11-955602,microagi,microagi,9,False,False,False,False,False,False,False
168.0,5.6,0.0,0.0,0.0,0.0,0.0,0.0,0.0,0.0,0.0,0.0,0.0,0.0,0.0,0.0,168.939611131268,1.0,169.3493004922205,1.0,1.0,169.3493004922205,2.333831359944095,0.4192511425049273,0.389368382551937,1.3733805953136793,0.24671507700245732,0.09582121118176215,1.4857721835533695,0.0,0.15775156724678732,0.33298310975369233,3.7072119552577742,1.0,2026-04-05-23-18-50-844523,microagi,microagi,9,False,False,False,False,False,False,False
287.0,9.566666666666666,0.0,0.0,0.0,0.0,0.0,0.0,0.0,0.0,0.0,0.0,0.0,0.0,0.0,0.0,164.72952063283796,1.0,169.52326619944503,1.0,1.0,169.52326619944503,3.154683788914996,0.33091088694912546,0.24287555762344007,3.2063175081839534,0.33632701134796716,0.12811073680453638,1.0311734588845805,0.0,0.4509389992921365,0.3336189491485463,6.36100129709895,1.0,2026-04-05-23-21-29-104082,microagi,microagi,9,False,False,False,False,False,False,False
269.0,8.966666666666667,0.0,0.0,0.0,0.0,0.0,0.0,0.0,0.0,0.0,0.0,0.0,0.0,0.0,0.0,156.72058720771665,1.0,155.94219015769204,1.0,1.0,156.72058720771665,2.525160021117637,0.28266716654301904,0.06601346052586336,4.268910587755558,0.4778631254950252,0.12125417983413518,2.0372042935318944,0.0,0.26100462036587246,0.38026514601902217,6.794070608873195,1.0,2026-04-07-11-50-17-545512,microagi,microagi,9,False,False,False,False,False,False,False
463.0,15.433333333333334,0.0,0.0,0.0,0.0,0.0,0.0,0.0,0.0,0.0,0.0,0.0,0.0,0.0,0.0,157.12400600110482,1.0,154.48404815265675,1.0,1.0,157.12400600110482,3.7031505805383627,0.24046432341158203,0.4329575619566283,3.635172336257959,0.2360501517050623,0.4379884926915362,0.8918340362176157,0.0,0.6357871989693951,0.23825723755832212,7.338322916796322,1.0,2026-04-08-02-33-49-708277,microagi,microagi,9,False,False,False,False,False,False,False
237.0,7.9,0.0,0.0,0.0,0.0,0.0,0.0,0.0,0.0,0.0,0.0,0.0,0.0,0.0,0.0,152.93485092461123,1.0,152.3600598882826,1.0,1.0,152.93485092461123,4.086462623526351,0.5194655877364005,0.061863377796758524,4.190245862137326,0.5326583723055922,0.2185198634803199,3.9388069192287296,0.0,0.2147068164857363,0.5260619800209964,8.276708485663676,1.0,2026-04-08-12-55-55-722596,microagi,microagi,9,False,False,False,False,False,False,False
273.0,9.1,0.0,0.0,0.0,0.0,0.0,0.0,0.0,0.0,0.0,0.0,0.0,0.0,0.0,0.0,159.24561752624714,1.0,158.07738528386432,1.0,1.0,159.24561752624714,3.6164680498096318,0.398875152552533,0.12668780758143264,3.7402077579028328,0.4125229144745771,0.23943442881547475,1.3123570441366699,0.0,0.5952481782781791,0.4056990335135551,7.356675807712465,1.0,2026-04-08-13-00-02-086437,microagi,microagi,9,False,False,False,False,False,False,False
203.0,6.766666666666667,0.0,0.0,0.0,0.0,0.0,0.0,0.0,0.0,0.0,0.0,0.0,0.0,0.0,0.0,159.14196012742642,1.0,154.08312055090013,1.0,1.0,159.14196012742642,2.666728442740557,0.3960487786248352,0.46893593822369695,2.4973233807233903,0.37088961099852336,0.2851867442007736,2.0742908826743682,0.0,0.24788388810856865,0.38346919481167935,5.164051823463947,1.0,2026-04-08-13-24-30-523778,microagi,microagi,9,False,False,False,False,False,False,False
540.0,18.0,0.0,0.0,0.0,0.0,0.0,0.0,0.0,0.0,0.0,0.0,0.0,0.0,0.0,0.0,154.17434412764234,1.0,150.94755115344645,1.0,1.0,154.17434412764234,5.720652161364153,0.31840364534494364,0.26421677263986926,7.038629267294794,0.39176044159340223,0.2594174893213696,1.3557079271160977,0.0,0.28857029920197574,0.35508204346917294,12.759281428658948,1.0,2026-04-08-14-10-52-669945,microagi,microagi,9,False,False,False,False,False,False,False
449.0,14.966666666666667,0.0,0.0,0.0,0.0,0.0,0.0,0.0,0.0,0.0,0.0,0.0,0.0,0.0,0.0,157.95533180550888,1.0,159.28955699402906,1.0,1.0,159.28955699402906,8.704812332535175,0.5829115401251234,0.6629831217636365,7.768343905179724,0.5202016007932851,0.35968230287994835,3.391093978849332,0.0,0.9451549538410592,0.5515565704592043,16.4731562377149,1.0,2026-04-08-14-58-38-890071,microagi,microagi,9,False,False,False,False,False,False,False
268.0,8.933333333333334,0.0,0.0,0.0,0.0,0.0,0.0,0.0,0.0,0.0,0.0,0.0,0.0,0.0,0.0,149.70091876085968,1.0,145.5713323554814,1.0,1.0,149.70091876085968,5.647101102615037,0.6345057418668582,0.19413214287858213,4.861924629028385,0.5462836661829646,0.6076241736038868,3.4127420061942937,0.0,0.6515776138313932,0.5903947040249113,10.509025731643423,1.0,2026-04-08-15-02-47-997270,microagi,microagi,9,False,False,False,False,False,False,False
174.0,5.8,0.0,0.0,0.0,0.0,0.0,0.0,0.0,0.0,0.0,0.0,0.0,0.0,0.0,0.0,168.65417906952433,1.0,167.53644110345937,1.0,1.0,168.65417906952433,1.117901696858937,0.19385578558247463,0.17764460237209176,0.8898670953274836,0.15431221306256945,0.1508439652765195,0.9751407628272464,0.0,0.2194713609623394,0.17408399932252203,2.007768792186421,1.0,2026-04-08-16-14-18-527868,microagi,microagi,9,False,False,False,False,False,False,False
653.0,21.766666666666666,0.0,0.0,0.0,0.0,0.0,0.0,0.0,0.0,0.0,0.0,0.0,0.0,0.0,0.0,160.99994297723234,1.0,160.51361351461148,1.0,1.0,160.99994297723234,9.335808695575594,0.4295617497964231,0.2745075704297346,9.895364664532437,0.4553081900858484,0.2945032284109858,1.5662155361266874,0.0,0.43006303436818993,0.4424349699411357,19.23117336010803,1.0,2026-04-09-07-09-49-965007,microagi,microagi,9,False,False,False,False,False,False,False
385.0,12.833333333333334,0.0,0.0,0.0,0.0,0.0,0.0,0.0,0.0,0.0,0.0,0.0,0.0,0.0,0.0,160.90507231804085,1.0,159.63107111438518,1.0,1.0,160.90507231804085,1.6897025548445659,0.1320080120972317,0.10809267397033955,3.175832508815322,0.24811191475119698,0.0822085917866253,0.7839510312179201,0.0,0.13261249469744196,0.19005996342421436,4.8655350636598875,1.0,2026-04-09-07-17-57-808963,microagi,microagi,9,False,False,False,False,False,False,False
562.0,18.733333333333334,0.0,0.0,0.0,0.0,0.0,0.0,0.0,0.0,0.0,0.0,0.0,0.0,0.0,0.0,153.7602746912106,1.0,154.14211267190788,1.0,1.0,154.14211267190788,6.4451173959991115,0.34465868427802737,0.17047693585827,6.1260603134572875,0.32759680820627207,0.2144751518806777,1.3469791164137621,0.0,0.5117198745869771,0.3361277462421497,12.5711777094564,1.0,2026-04-09-07-39-32-422366,microagi,microagi,9,False,False,False,False,False,False,False
216.0,7.2,0.0,0.0,0.0,0.0,0.0,0.0,0.0,0.0,0.0,0.0,0.0,0.0,0.0,0.0,160.5804704427896,1.0,159.839540959612,1.0,1.0,160.5804704427896,3.339200231671905,0.4659349160472425,0.5500060909061264,3.396355281336544,0.473910039256262,0.3379821053142497,2.029766270146276,0.0,0.5989070661064869,0.4699224776517523,6.73555551300845,1.0,2026-04-09-11-59-11-828310,microagi,microagi,9,False,False,False,False,False,False,False
201.0,6.7,0.0,0.0,0.0,0.0,0.0,0.0,0.0,0.0,0.0,0.0,0.0,0.0,0.0,0.0,159.5137046569623,1.0,158.18422137957893,1.0,1.0,159.5137046569623,3.7980342366035718,0.5697051354905358,0.5958619594930765,4.0059739813870925,0.6008960972080639,0.4600817077294313,1.7488831607696422,0.0,0.6030185206963777,0.5853006163493,7.804008217990664,1.0,2026-04-09-12-40-14-488910,microagi,microagi,9,False,False,False,False,False,False,False
295.0,9.833333333333334,0.0,0.0,0.0,0.0,0.0,0.0,0.0,0.0,0.0,0.0,0.0,0.0,0.0,0.0,157.28115663642282,1.0,158.6610078052001,1.0,1.0,158.6610078052001,4.38078149176212,0.44701851956756333,0.5488161138673248,4.989784649594112,0.5091616989381746,0.17810879275336014,1.8274407709281442,0.0,0.7372875204507626,0.478090109252869,9.370566141356232,1.0,2026-04-09-12-44-35-311211,microagi,microagi,9,False,False,False,False,False,False,False
207.0,6.9,0.0,0.0,0.0,0.0,0.0,0.0,0.0,0.0,0.0,0.0,0.0,0.0,0.0,0.0,157.0295541525657,1.0,155.7730114764518,1.0,1.0,157.0295541525657,3.125857459469146,0.45522196011686594,0.21345931162155707,3.8195025701362297,0.5562382383693539,0.46111704625160527,1.3450820240312311,0.0,0.4197910831119418,0.50573009924311,6.945360029605376,1.0,2026-04-09-12-46-37-806019,microagi,microagi,9,False,False,False,False,False,False,False
1151.0,38.36666666666667,0.0,0.0,0.0,0.0,0.0,0.0,0.0,0.0,0.0,0.0,0.0,0.0,0.0,0.0,174.1262600257558,1.0,172.68317702071408,1.0,1.0,174.1262600257558,3.9602141590003925,0.10330993458261893,0.0646435264242504,3.9154886513297367,0.10214318220860183,0.0640927832611631,2.2297335299371697,0.0,0.14436773505805042,0.10272655839561037,7.875702810330129,1.0,2026-04-09-15-08-08-211197,microagi,microagi,9,False,False,False,False,True,False,True
235.0,7.833333333333333,0.0,0.0,0.0,0.0,0.0,0.0,0.0,0.0,0.0,0.0,0.0,0.0,0.0,0.0,167.74978514065583,1.0,167.05728597215898,1.0,1.0,167.74978514065583,1.277023865683986,0.1637210084210239,0.07757002455607921,1.2756331059712573,0.16354270589375092,0.11413522806237107,0.9287624539209984,0.0,0.2168907085350099,0.1636318571573874,2.552656971655243,1.0,2026-04-10-13-21-14-173295,microagi,microagi,9,False,False,False,False,False,False,False
487.0,16.233333333333334,0.0,0.0,0.0,0.0,0.0,0.0,0.0,0.0,0.0,0.0,0.0,0.0,0.0,0.0,171.58461662256695,1.0,171.54518173713592,1.0,1.0,171.58461662256695,1.4757709273444823,0.09109697082373348,0.0657123071338155,1.5107407532927752,0.09325560205510958,0.10201323806776087,0.5872309313378568,0.0,0.3896232687754917,0.09217628643942152,2.986511680637258,1.0,2026-04-10-14-17-00-179203,microagi,microagi,9,False,False,False,False,False,False,False
348.0,11.6,0.0,0.0,0.0,0.0,0.0,0.0,0.0,0.0,0.0,0.0,0.0,0.0,0.0,0.0,156.8445299635997,1.0,156.75011381456454,1.0,1.0,156.8445299635997,2.573385558271087,0.2224829012914485,0.10447849359919865,2.139042673277904,0.18493164322287356,0.19817846720501672,1.3587263355920218,0.0,0.0622126955544732,0.203707272257161,4.712428231548991,1.0,2026-04-10-14-37-16-209828,microagi,microagi,9,False,False,False,False,False,False,False
266.0,8.866666666666667,0.0,0.0,0.0,0.0,0.0,0.0,0.0,0.0,0.0,0.0,0.0,0.0,0.0,0.0,145.32147095974102,1.0,148.84719079597332,1.0,1.0,148.84719079597332,2.7900612418383823,0.31585598964208106,0.24327060406077822,2.904699524546981,0.32883390843928084,0.1568907888032777,1.0590964576297928,0.0,0.12966304249939875,0.3223449490406809,5.694760766385363,1.0,2026-04-11-20-33-24-668775,microagi,microagi,9,False,False,False,False,False,False,False
152.0,5.066666666666666,0.0,0.0,0.0,0.0,0.0,0.0,0.0,0.0,0.0,0.0,0.0,0.0,0.0,0.0,151.2366224834503,1.0,155.2673733369445,1.0,1.0,155.2673733369445,3.2161686341794558,0.6389739008303554,0.22702299350212446,2.728754957901411,0.5421367466029293,0.1697385073652842,1.6019391315724325,0.0,0.18394705401739092,0.5905553237166424,5.944923592080867,1.0,2026-04-12-22-54-05-992154,microagi,microagi,9,False,False,False,False,False,False,False
204.0,6.8,0.0,0.0,0.0,0.0,0.0,0.0,0.0,0.0,0.0,0.0,0.0,0.0,0.0,0.0,153.75391438520313,1.0,154.32754774297683,1.0,1.0,154.32754774297683,2.6128322731385945,0.38613284824708277,0.33007886980362633,2.9184833919217392,0.43130296432340975,0.2148714337037359,1.6327576749497457,0.0,0.21553727151335603,0.4087179062852463,5.531315665060333,1.0,2026-04-12-22-57-31-767492,microagi,microagi,9,False,False,False,False,False,False,False
225.0,7.5,0.0,0.0,0.0,0.0,0.0,0.0,0.0,0.0,0.0,0.0,0.0,0.0,0.0,0.0,154.18665912321967,1.0,155.08349737443,1.0,1.0,155.08349737443,3.9625816042712967,0.5307028934291915,0.3522414743877016,3.4969086477010958,0.4683359796028253,0.244255750833583,2.392126050254854,0.0,0.24785264050427208,0.4995194365160084,7.459490251972392,1.0,2026-04-13-00-21-30-982125,microagi,microagi,9,False,False,False,False,False,False,False
660.0,22.0,0.0,0.0,0.0,0.0,0.0,0.0,0.0,0.0,0.0,0.0,0.0,0.0,0.0,0.0,151.74363611126165,1.0,153.72801725009236,1.0,1.0,153.72801725009236,11.977661266996403,0.5452653080574994,0.29834762992036756,9.024598020124511,0.4108314728433009,0.16401295923022227,3.528259239529161,0.0,0.2747508972091448,0.4780483904504001,21.002259287120914,1.0,2026-04-13-00-21-47-320458,microagi,microagi,9,False,False,False,False,False,False,False
160.0,5.333333333333333,0.0,0.0,0.0,0.0,0.0,0.0,0.0,0.0,0.0,0.0,0.0,0.0,0.0,0.0,154.32227041803264,1.0,153.1965514433429,1.0,1.0,154.32227041803264,3.0762051696911517,0.5804160697530476,0.38649141954707,3.4561881997770376,0.6521109810900072,0.1614474878993767,1.7641421267312916,0.0,0.6924056420314346,0.6162635254215273,6.532393369468189,1.0,2026-04-13-04-37-20-238020,microagi,microagi,9,False,False,False,False,False,False,False
297.0,9.9,0.0,0.0,0.0,0.0,0.0,0.0,0.0,0.0,0.0,0.0,0.0,0.0,0.0,0.0,159.88674635006788,1.0,161.45100564551234,1.0,1.0,161.45100564551234,4.202870927729787,0.4259666480807216,0.7896013397591953,4.822949492855284,0.4888124486001978,0.7383120936208472,1.8681992400675438,0.0,1.116851052811529,0.45738954834045964,9.02582042058507,1.0,2026-04-13-21-20-38-083232,microagi,microagi,9,False,False,False,False,False,False,False
170.0,5.666666666666667,0.0,0.0,0.0,0.0,0.0,0.0,0.0,0.0,0.0,0.0,0.0,0.0,0.0,0.0,155.96129025846875,1.0,159.4295026157174,1.0,1.0,159.4295026157174,2.6049008267314004,0.462408430780722,0.117009913051676,3.083157914491755,0.5473061386671755,0.166056658976252,1.5700728503504406,0.0,0.26561244264912925,0.5048572847239488,5.688058741223156,1.0,2026-04-15-12-54-15-415723,microagi,microagi,9,False,False,False,False,False,False,False
673.0,22.433333333333334,0.0,0.0,0.0,0.0,0.0,0.0,0.0,0.0,0.0,0.0,0.0,0.0,0.0,0.0,156.83331780355596,1.0,150.8173274556144,1.0,1.0,156.83331780355596,9.587862223064201,0.4280295635296518,0.42653598756401867,10.440042240906022,0.4660733143261617,0.15189629534574806,3.094101710593287,0.0,0.3914699102258837,0.4470514389279068,20.027904463970224,1.0,2026-04-15-15-06-39-624734,microagi,microagi,9,False,False,False,False,False,False,False
152.0,5.066666666666666,0.0,0.0,0.0,0.0,0.0,0.0,0.0,0.0,0.0,0.0,0.0,0.0,0.0,0.0,146.78065011228523,1.0,143.89730969315968,1.0,1.0,146.78065011228523,1.9049066606423097,0.37845827694880324,0.1297839649019027,1.5196958274146848,0.30192632332742086,0.2481184334966475,0.9337242541331193,0.0,0.17608784671795044,0.340192300138112,3.4246024880569945,1.0,2026-04-15-15-07-30-274932,microagi,microagi,9,False,False,False,False,False,False,False
241.0,8.033333333333333,0.0,0.0,0.0,0.0,0.0,0.0,0.0,0.0,0.0,0.0,0.0,0.0,0.0,0.0,154.84704335219146,1.0,154.722047060361,1.0,1.0,154.84704335219146,4.042291848572389,0.5052864810715486,0.5885097102459473,3.9005404465133853,0.48756755581417327,0.7475771221318311,1.5524728084062664,0.0,0.6467415401014192,0.4964270184428609,7.942832295085774,1.0,2026-04-15-15-52-02-292676,microagi,microagi,9,False,False,False,False,False,False,False
224.0,7.466666666666667,0.0,0.0,0.0,0.0,0.0,0.0,0.0,0.0,0.0,0.0,0.0,0.0,0.0,0.0,156.94630105660914,1.0,159.2573171383699,1.0,1.0,159.2573171383699,4.286969158661431,0.5767223083401027,0.40037261336984936,3.990410313110346,0.5368264995215712,0.4719408469469524,3.5384047578225664,0.0,0.9592278920826833,0.556774403930837,8.277379471771777,1.0,2026-04-15-15-52-43-546009,microagi,microagi,9,False,False,False,False,False,False,False
1128.0,37.6,0.0,0.0,0.0,0.0,0.0,0.0,0.0,0.0,0.0,0.0,0.0,0.0,0.0,0.0,152.4238740973475,1.0,152.3545844721184,1.0,1.0,152.4238740973475,19.514982630685463,0.5194760238869245,0.38733250917718315,19.82019100075736,0.527600470295227,0.23902670629056938,2.701341245350928,0.0,0.8194279242751246,0.5235382470910759,39.33517363144283,1.0,2026-04-15-15-53-14-061009,microagi,microagi,9,False,False,False,False,True,False,True
331.0,11.033333333333333,0.0,0.0,0.0,0.0,0.0,0.0,0.0,0.0,0.0,0.0,0.0,0.0,0.0,0.0,139.7232776271649,1.0,144.8500111323257,1.0,1.0,144.8500111323257,6.036737471916469,0.5487943156287699,0.27838820103091905,6.431005649704131,0.5846368772458301,0.48000244962082794,3.3682289050614793,0.0,0.8729646595019146,0.5667155964373,12.4677431216206,1.0,2026-04-15-15-55-03-881807,microagi,microagi,9,False,False,False,False,False,False,False
158.0,5.266666666666667,0.0,0.0,0.0,0.0,0.0,0.0,0.0,0.0,0.0,0.0,0.0,0.0,0.0,0.0,154.86055888279117,1.0,154.59460996547784,1.0,1.0,154.86055888279117,3.09950368311197,0.5922618502761727,0.15193516880008084,3.2150177806969475,0.6143346077764869,0.20296438325582775,1.500091056087807,0.0,0.8361598414416797,0.6032982290263297,6.3145214638089175,1.0,2026-04-15-15-55-26-591807,microagi,microagi,9,False,False,False,False,False,False,False
480.0,16.0,0.0,0.0,0.0,0.0,0.0,0.0,0.0,0.0,0.0,0.0,0.0,0.0,0.0,0.0,168.87413631791736,1.0,170.10635507251203,1.0,1.0,170.10635507251203,3.1129008960732674,0.1949624778333988,0.13782476304156985,2.0626832871881593,0.12918684470907052,0.04110180908007387,1.6274789617557894,0.0,0.192067494861775,0.16207466127123465,5.175584183261426,1.0,2026-04-16-13-13-31-781853,microagi,microagi,9,False,False,False,False,False,False,False
477.0,15.9,0.0,0.0,0.0,0.0,0.0,0.0,0.0,0.0,0.0,0.0,0.0,0.0,0.0,0.0,166.84270286707857,1.0,168.85163534181328,1.0,1.0,168.85163534181328,3.4306486919276162,0.21621735453325314,0.10331178642689508,3.6165094057428346,0.2279312650678257,0.1938559212150956,0.9147337874246444,0.0,0.1791885906373254,0.22207430980053944,7.047158097670451,1.0,2026-04-16-13-13-59-652569,microagi,microagi,9,False,False,False,False,False,False,False
170.0,5.666666666666667,0.0,0.0,0.0,0.0,0.0,0.0,0.0,0.0,0.0,0.0,0.0,0.0,0.0,0.0,163.64873588788737,1.0,162.00584478495566,1.0,1.0,163.64873588788737,1.9998336878735383,0.35500006293613107,0.05410955315224089,1.8269444683278315,0.3243096689339346,0.20949595710485558,1.023797475893268,0.0,0.2225730990419186,0.3396548659350328,3.82677815620137,1.0,2026-04-16-15-42-03-794830,microagi,microagi,9,False,False,False,False,False,False,False
219.0,7.3,0.0,0.0,0.0,0.0,0.0,0.0,0.0,0.0,0.0,0.0,0.0,0.0,0.0,0.0,160.43299471646912,1.0,159.16853856263168,1.0,1.0,160.43299471646912,3.074648116076813,0.42311671322157973,0.2969726778974498,2.875264086257997,0.39567854398045826,0.19993434441743307,1.1271291925911726,0.0,0.34852554441667843,0.40939762860101897,5.94991220233481,1.0,2026-04-17-08-48-16-683227,microagi,microagi,9,False,False,False,False,False,False,False
531.0,17.7,0.0,0.0,0.0,0.0,0.0,0.0,0.0,0.0,0.0,0.0,0.0,0.0,0.0,0.0,160.89909139023035,1.0,159.4915810584762,1.0,1.0,160.89909139023035,8.799851057298469,0.4981047768282153,0.16657062645123918,7.472512163323274,0.4229723866032042,0.19593607974216234,1.5124868262276279,0.0,0.4127588930334603,0.4605385817157097,16.27236322062174,1.0,2026-04-17-08-48-24-854894,microagi,microagi,9,False,False,False,False,False,False,False
417.0,13.9,0.0,0.0,0.0,0.0,0.0,0.0,0.0,0.0,0.0,0.0,0.0,0.0,0.0,0.0,162.26177914025712,1.0,164.0542719531336,1.0,1.0,164.0542719531336,5.602290149560563,0.40401130886254055,0.16314817379385244,5.435086426968359,0.39195334809867977,0.2305240058047882,1.4383271332529277,0.0,0.2058884719205961,0.39798232848061016,11.037376576528922,1.0,2026-04-17-11-00-00-745617,microagi,microagi,9,False,False,False,False,False,False,False
181.0,6.033333333333333,0.0,0.0,0.0,0.0,0.0,0.0,0.0,0.0,0.0,0.0,0.0,0.0,0.0,0.0,161.0344557817051,1.0,162.44424067122608,1.0,1.0,162.44424067122608,2.384447129375844,0.397407854895974,0.13997784309967412,2.128341218360669,0.35472353639344484,0.13636121648857985,1.3333326243928327,0.0,0.16343707599800789,0.3760656956447095,4.512788347736513,1.0,2026-04-17-11-00-29-028950,microagi,microagi,9,False,False,False,False,False,False,False
176.0,5.866666666666666,0.0,0.0,0.0,0.0,0.0,0.0,0.0,0.0,0.0,0.0,0.0,0.0,0.0,0.0,161.73240349037252,1.0,163.02097316193093,1.0,1.0,163.02097316193093,2.112115644307493,0.3620769675955702,0.27959258162280753,2.3398647709095615,0.40111967501306767,0.2031067676300071,1.3302722685635957,0.0,0.18174834814279442,0.381598321304319,4.451980415217054,1.0,2026-04-17-11-01-55-375957,microagi,microagi,9,False,False,False,False,False,False,False
150.0,5.0,0.0,0.0,0.0,0.0,0.0,0.0,0.0,0.0,0.0,0.0,0.0,0.0,0.0,0.0,162.2662945086023,1.0,161.36414908562574,1.0,1.0,162.2662945086023,2.336720774974684,0.47048069294792283,0.32250701195081705,2.280304730419254,0.4591217578025344,0.20262860967892998,1.6479083397610261,0.0,0.21232629914774498,0.46480122537522855,4.617025505393938,1.0,2026-04-17-11-07-50-933983,microagi,microagi,9,False,False,False,False,False,False,False
159.0,5.3,0.0,0.0,0.0,0.0,0.0,0.0,0.0,0.0,0.0,0.0,0.0,0.0,0.0,0.0,162.3171274654024,1.0,161.91046688541977,1.0,1.0,162.3171274654024,2.850462553368678,0.5412270670953188,0.2299163064417989,2.9757315181732613,0.5650123135772015,0.21987415708144026,1.4569946681011914,0.0,0.40067834553328885,0.5531196903362601,5.82619407154194,1.0,2026-04-17-11-07-56-637317,microagi,microagi,9,False,False,False,False,False,False,False
563.0,18.766666666666666,0.0,0.0,0.0,0.0,0.0,0.0,0.0,0.0,0.0,0.0,0.0,0.0,0.0,0.0,131.94500501629133,1.0,129.48064528688596,1.0,1.0,131.94500501629133,8.123031563078538,0.43361378450597177,0.11517792330161089,8.490664003485879,0.4532382920010255,0.3104715685204985,1.616363278385661,0.0,0.6687396769686796,0.4434260382534987,16.613695566564417,1.0,2026-04-17-15-00-13-476110,microagi,microagi,9,False,False,False,False,False,False,False
179.0,5.966666666666667,0.0,0.0,0.0,0.0,0.0,0.0,0.0,0.0,0.0,0.0,0.0,0.0,0.0,0.0,156.84648019168756,1.0,160.23761248554516,1.0,1.0,160.23761248554516,2.045973565803313,0.3448270054724685,0.1557213893580248,2.378873264947835,0.40093369633952264,0.1501450858055938,1.2621929168820651,0.0,0.12498073983001243,0.3728803509059956,4.424846830751148,1.0,2026-04-18-00-32-50-964904,microagi,microagi,9,False,False,False,False,False,False,False
197.0,6.566666666666666,0.0,0.0,0.0,0.0,0.0,0.0,0.0,0.0,0.0,0.0,0.0,0.0,0.0,0.0,148.88816041244567,1.0,155.58899744713574,1.0,1.0,155.58899744713574,3.49761629326815,0.5353494326430842,0.7269750846472134,3.839318649845353,0.5876508137518398,0.6035420592120699,1.7677942480012114,0.0,0.5585867808735416,0.561500123197462,7.336934943113503,1.0,2026-04-18-10-10-19-299610,microagi,microagi,9,False,False,False,False,False,False,False
360.0,12.0,0.0,0.0,0.0,0.0,0.0,0.0,0.0,0.0,0.0,0.0,0.0,0.0,0.0,0.0,153.22971367394467,1.0,154.33797376078405,1.0,1.0,154.33797376078405,4.9972993342880265,0.4176016156786652,0.47762121982891814,5.947432645675068,0.49699994253552104,0.45023936874145976,2.66497961357332,0.0,0.24535241006142347,0.45730077910709316,10.944731979963095,1.0,2026-04-18-10-11-49-422921,microagi,microagi,9,False,False,False,False,False,False,False
235.0,7.833333333333333,0.0,0.0,0.0,0.0,0.0,0.0,0.0,0.0,0.0,0.0,0.0,0.0,0.0,0.0,153.9397753964069,1.0,153.64812690435213,1.0,1.0,153.9397753964069,3.6722123302856704,0.470796452600727,0.5821834486253311,3.9637536821904744,0.5081735489987789,0.6502142430317057,1.5089572935715783,0.0,0.4967723213718144,0.4894850007997529,7.635966012476144,1.0,2026-04-18-10-13-44-629657,microagi,microagi,9,False,False,False,False,False,False,False
160.0,5.333333333333333,0.0,0.0,0.0,0.0,0.0,0.0,0.0,0.0,0.0,0.0,0.0,0.0,0.0,0.0,162.64033335665272,1.0,164.84250866241342,1.0,1.0,164.84250866241342,2.1304140586801097,0.40196491673209617,0.32803047431055576,2.4633407716791,0.46478127767530186,0.3341952162861795,1.177468914597578,0.0,0.6223267504869558,0.433373097203699,4.5937548303592095,1.0,2026-04-18-10-14-36-194657,microagi,microagi,9,False,False,False,False,False,False,False
209.0,6.966666666666667,0.0,0.0,0.0,0.0,0.0,0.0,0.0,0.0,0.0,0.0,0.0,0.0,0.0,0.0,160.8225487179129,1.0,159.54357024617616,1.0,1.0,160.8225487179129,2.275706357699845,0.32822687851440063,0.474223295714159,3.0751688530972556,0.4435339691967195,0.3552129762232246,1.5360308674198457,0.0,0.3391980752345498,0.3858804238555601,5.350875210797101,1.0,2026-04-18-12-42-07-576076,microagi,microagi,9,False,False,False,False,False,False,False
373.0,12.433333333333334,0.0,0.0,0.0,0.0,0.0,0.0,0.0,0.0,0.0,0.0,0.0,0.0,0.0,0.0,159.93147620697056,1.0,160.0979985326856,1.0,1.0,160.0979985326856,3.9291430850373024,0.3168663778255889,0.24148339960040163,4.58278496423751,0.3695794325997991,0.5007590341898194,2.0807340351724144,0.0,0.4499276472271325,0.343222905212694,8.511928049274811,1.0,2026-04-18-12-42-19-316076,microagi,microagi,9,False,False,False,False,False,False,False
203.0,6.766666666666667,0.0,0.0,0.0,0.0,0.0,0.0,0.0,0.0,0.0,0.0,0.0,0.0,0.0,0.0,143.0004348392488,1.0,145.2911981769998,1.0,1.0,145.2911981769998,2.8684670239383525,0.4260099540502504,0.4241890076138733,3.0110566062864175,0.4471866246960026,0.3906283826273979,1.2087680091861759,0.0,0.2450618489509517,0.4365982893731265,5.87952363022477,1.0,2026-04-18-15-24-42-784760,microagi,microagi,9,False,False,False,False,False,False,False
291.0,9.7,0.0,0.0,0.0,0.0,0.0,0.0,0.0,0.0,0.0,0.0,0.0,0.0,0.0,0.0,154.437828936494,1.0,155.92577021054223,1.0,1.0,155.92577021054223,3.516642745294156,0.3637906288235334,0.42136050717156853,3.3198580349646916,0.3434335898239336,0.3980610129128869,1.4406152511579648,0.0,0.48909909870550367,0.3536121093237335,6.836500780258848,1.0,2026-04-18-17-19-55-699547,microagi,microagi,9,False,False,False,False,False,False,False
773.0,25.766666666666666,0.0,0.0,0.0,0.0,0.0,0.0,0.0,0.0,0.0,0.0,0.0,0.0,0.0,0.0,153.1290064027828,1.0,153.15401142269286,1.0,1.0,153.15401142269286,10.076517572589793,0.39157451706955154,0.5494116141625227,10.744341433237288,0.41752622149885843,0.31596714181729757,2.964429421174292,0.0,0.3818251766849055,0.40455036928420496,20.82085900582708,1.0,2026-04-18-17-20-23-232531,microagi,microagi,9,False,False,False,False,False,False,False
442.0,14.733333333333333,0.0,0.0,0.0,0.0,0.0,0.0,0.0,0.0,0.0,0.0,0.0,0.0,0.0,0.0,146.72797575747467,1.0,138.47189065968286,1.0,1.0,146.72797575747467,5.697457477550211,0.38758214132994634,0.4183928012854168,4.707449797445876,0.3202346800983589,0.3219030718358509,1.4642865687892626,0.0,0.6896724326927113,0.35390841071415263,10.404907274996088,1.0,2026-04-19-07-42-54-471986,microagi,microagi,9,False,False,False,False,False,False,False
200.0,6.666666666666667,0.0,0.0,0.0,0.0,0.0,0.0,0.0,0.0,0.0,0.0,0.0,0.0,0.0,0.0,170.16553810204448,1.0,172.90253238806127,1.0,1.0,172.90253238806127,3.684875105310521,0.5555088098458073,0.5362206854457099,4.225330030659397,0.6369844267325725,0.6089970001464005,1.5194162295799893,0.0,0.481257927156022,0.5962466182891899,7.910205135969918,1.0,2026-04-19-10-56-31-727388,microagi,microagi,9,False,False,False,False,False,False,False
260.0,8.666666666666666,0.0,0.0,0.0,0.0,0.0,0.0,0.0,0.0,0.0,0.0,0.0,0.0,0.0,0.0,159.60727966862703,1.0,159.1964371145177,1.0,1.0,159.60727966862703,4.565556264497365,0.5288289109456408,0.2496486789640787,5.09958971502823,0.5906860673777872,0.215355918046194,1.605794360699054,0.0,0.7438801969860678,0.5597574891617141,9.665145979525596,1.0,2026-04-19-11-00-14-250942,microagi,microagi,9,False,False,False,False,False,False,False
181.0,6.033333333333333,0.0,0.0,0.0,0.0,0.0,0.0,0.0,0.0,0.0,0.0,0.0,0.0,0.0,0.0,170.27124792351566,1.0,163.75015645596505,1.0,1.0,170.27124792351566,2.7028902912711583,0.45048171521185987,0.09512840470720202,2.962121840229714,0.49368697337161904,0.33048545478295593,1.9107735557879595,0.0,0.4106285272148361,0.47208434429173946,5.665012131500872,1.0,2026-04-19-11-01-29-948099,microagi,microagi,9,False,False,False,False,False,False,False
248.0,8.266666666666667,0.0,0.0,0.0,0.0,0.0,0.0,0.0,0.0,0.0,0.0,0.0,0.0,0.0,0.0,162.83819883350878,1.0,164.04993029625047,1.0,1.0,164.04993029625047,2.9339624217772555,0.3563517111470351,0.22804393362645906,2.3362830260788034,0.28375907199337697,0.14290330187259173,1.2192178880788125,0.0,0.1692628880364876,0.32005539157020596,5.270245447856059,1.0,2026-04-19-13-54-17-337209,microagi,microagi,9,False,False,False,False,False,False,False
190.0,6.333333333333333,0.0,0.0,0.0,0.0,0.0,0.0,0.0,0.0,0.0,0.0,0.0,0.0,0.0,0.0,165.68978021552306,1.0,168.61971452114597,1.0,1.0,168.61971452114597,2.926722419904503,0.46455911427055596,0.22927553903808237,2.145373184524632,0.34053542611502097,0.41362014013595694,3.5224346149762304,0.0,0.26384758767597305,0.4025472701927885,5.072095604429135,1.0,2026-04-19-13-54-49-853628,microagi,microagi,9,False,False,False,False,False,False,False
1007.0,33.56666666666667,0.0,0.0,0.0,0.0,0.0,0.0,0.0,0.0,0.0,0.0,0.0,0.0,0.0,0.0,163.93869726749014,1.0,163.9973859328634,1.0,1.0,163.9973859328634,13.640890420919147,0.40678599664768833,0.15504949144544955,12.50791252302043,0.37299937941412814,0.25494453909398934,2.2319381564176375,0.0,0.38642501589202427,0.3898926880309082,26.14880294393958,1.0,2026-04-19-14-22-39-199461,microagi,microagi,9,False,False,False,False,True,False,True
486.0,16.2,0.0,0.0,0.0,0.0,0.0,0.0,0.0,0.0,0.0,0.0,0.0,0.0,0.0,0.0,164.9989787485127,1.0,164.22372358207537,1.0,1.0,164.9989787485127,5.695757907488167,0.35231492211267007,0.14772753951157291,6.922491896925907,0.4281953750675819,0.19769510017360856,2.226659210957588,0.0,0.5875057940106561,0.390255148590126,12.618249804414074,1.0,2026-04-19-14-23-45-828757,microagi,microagi,9,False,False,False,False,False,False,False
229.0,7.633333333333334,0.0,0.0,0.0,0.0,0.0,0.0,0.0,0.0,0.0,0.0,0.0,0.0,0.0,0.0,154.37101995933236,1.0,155.94069901494208,1.0,1.0,155.94069901494208,1.8244181796920826,0.24005502364369516,0.33068945614774076,2.2695494728887464,0.298624930643256,0.3713837711132304,1.0485270474071287,0.0,0.7950588817300482,0.26933997714347563,4.0939676525808295,1.0,2026-04-20-11-24-08-922520,microagi,microagi,9,False,False,False,False,False,False,False
281.0,9.366666666666667,0.0,0.0,0.0,0.0,0.0,0.0,0.0,0.0,0.0,0.0,0.0,0.0,0.0,0.0,157.1578607906415,1.0,160.39718786159344,1.0,1.0,160.39718786159344,5.385174304879084,0.5769829612370447,0.5222785488249894,5.736465730830055,0.6146213283032202,1.3327178793607584,1.7594655631665486,0.0,1.3316770578408574,0.5958021447701325,11.121640035709138,1.0,2026-04-20-11-25-04-107520,microagi,microagi,9,False,False,False,False,False,False,False
262.0,8.733333333333333,0.0,0.0,0.0,0.0,0.0,0.0,0.0,0.0,0.0,0.0,0.0,0.0,0.0,0.0,147.84937105276404,1.0,149.03420424970375,1.0,1.0,149.03420424970375,4.778860176108297,0.5492942731158962,1.0479873523108507,5.980279017622521,0.6873883928301749,1.2247704488928681,1.7542089044226958,0.0,0.9473796308941617,0.6183413329730356,10.759139193730817,1.0,2026-04-20-11-29-10-160965,microagi,microagi,9,False,False,False,False,False,False,False
162.0,5.4,0.0,0.0,0.0,0.0,0.0,0.0,0.0,0.0,0.0,0.0,0.0,0.0,0.0,0.0,156.59922099825363,1.0,162.36912762420857,1.0,1.0,162.36912762420857,2.861031526781258,0.5331114646176257,0.4410930216024509,2.5586730083958624,0.4767713680240738,0.6726247065976348,1.5495730816825743,0.0,0.7531204526669366,0.5049414163208498,5.41970453517712,1.0,2026-04-20-11-35-51-467669,microagi,microagi,9,False,False,False,False,False,False,False
421.0,14.033333333333333,0.0,0.0,0.0,0.0,0.0,0.0,0.0,0.0,0.0,0.0,0.0,0.0,0.0,0.0,160.82173501696573,1.0,154.49250515310266,1.0,1.0,160.82173501696573,5.743472411953692,0.41024802942526367,0.13551722995939042,6.343006055765415,0.4530718611261011,0.5707448925134796,2.3497956452367905,0.0,0.6712310195488155,0.43165994527568236,12.086478467719107,1.0,2026-04-20-11-47-19-518075,microagi,microagi,9,False,False,False,False,False,False,False
289.0,9.633333333333333,0.0,0.0,0.0,0.0,0.0,0.0,0.0,0.0,0.0,0.0,0.0,0.0,0.0,0.0,158.7406653830201,1.0,156.96945057522976,1.0,1.0,158.7406653830201,4.282910659007686,0.4461365269799672,0.3834496242410008,3.5284268505020018,0.3675444635939585,0.32638870758637506,1.4924883434674538,0.0,0.5251484450063673,0.4068404952869628,7.811337509509688,1.0,2026-04-20-19-48-08-013987,microagi,microagi,9,False,False,False,False,False,False,False
255.0,8.5,0.0,0.0,0.0,0.0,0.0,0.0,0.0,0.0,0.0,0.0,0.0,0.0,0.0,0.0,143.7252246922825,1.0,141.7896137328405,1.0,1.0,143.7252246922825,5.153993857789212,0.6087394320223478,0.5058731287834224,5.612928264955052,0.6629442832624077,0.7729909445251988,1.851041142635821,0.0,0.9245879907425122,0.6358418576423778,10.766922122744264,1.0,2026-04-20-19-49-54-879243,microagi,microagi,9,False,False,False,False,False,False,False
974.0,32.46666666666667,0.0,0.0,0.0,0.0,0.0,0.0,0.0,0.0,0.0,0.0,0.0,0.0,0.0,0.0,162.02882128478336,1.0,161.79845355602032,1.0,1.0,162.02882128478336,14.484163652204648,0.44658264086961913,0.5004079333055893,13.696679967969768,0.42230256838550156,0.44854711173116985,7.7889454168577235,0.0,0.7223307336825417,0.43444260462756035,28.180843620174414,1.0,2026-04-21-05-34-16-920046,microagi,microagi,9,False,False,False,False,True,False,True
163.0,5.433333333333334,0.0,0.0,0.0,0.0,0.0,0.0,0.0,0.0,0.0,0.0,0.0,0.0,0.0,0.0,154.25879045864153,1.0,149.76192686661264,1.0,1.0,154.25879045864153,2.043410002982181,0.37840925981151496,0.5259660909604894,2.453549557493667,0.454361029165494,0.6512162673259675,1.185795058615017,0.0,0.377081351728129,0.4163851444885045,4.496959560475847,1.0,2026-04-21-09-22-47-890565,microagi,microagi,9,False,False,False,False,False,False,False
275.0,9.166666666666666,0.0,0.0,0.0,0.0,0.0,0.0,0.0,0.0,0.0,0.0,0.0,0.0,0.0,0.0,159.28442364621634,1.0,153.75766495201054,1.0,1.0,159.28442364621634,3.779117869222624,0.4137720294769297,0.6174681025967174,3.8109772373936908,0.41726028146646255,0.47352243717462733,1.6170891537221905,0.0,0.3668892796244167,0.41551615547169607,7.590095106616315,1.0,2026-04-21-09-23-01-932232,microagi,microagi,9,False,False,False,False,False,False,False
182.0,6.066666666666666,0.0,0.0,0.0,0.0,0.0,0.0,0.0,0.0,0.0,0.0,0.0,0.0,0.0,0.0,156.5018702390862,1.0,147.7078930729214,1.0,1.0,156.5018702390862,2.643609920146214,0.4381673900794831,0.7488258371455196,3.367696178631836,0.5581816870660501,0.5837729534617573,1.2270193329704433,0.0,0.408699447937413,0.49817453857276656,6.01130609877805,1.0,2026-04-21-09-23-45-789672,microagi,microagi,9,False,False,False,False,False,False,False
158.0,5.266666666666667,0.0,0.0,0.0,0.0,0.0,0.0,0.0,0.0,0.0,0.0,0.0,0.0,0.0,0.0,168.42621346239525,1.0,163.3494834404603,1.0,1.0,168.42621346239525,1.512937605794143,0.2890963577950592,0.17708782956455227,2.4152493637648664,0.4615126172799107,0.36920158593223346,1.102138215165144,0.0,0.20258542064684248,0.375304487537485,3.9281869695590093,1.0,2026-04-21-15-12-23-234675,microagi,microagi,9,False,False,False,False,False,False,False
371.0,12.366666666666667,0.0,0.0,0.0,0.0,0.0,0.0,0.0,0.0,0.0,0.0,0.0,0.0,0.0,0.0,165.47958707915245,1.0,165.05770202102553,1.0,1.0,165.47958707915245,5.7583210247580405,0.46689089389930055,0.3881251434150406,6.353614144176564,0.5151579035818836,0.3936961789604627,1.5563432331924363,0.0,0.5939207447868818,0.491024398740592,12.111935168934604,1.0,2026-04-21-15-12-36-976342,microagi,microagi,9,False,False,False,False,False,False,False
1024.0,34.13333333333333,0.0,0.0,0.0,0.0,0.0,0.0,0.0,0.0,0.0,0.0,0.0,0.0,0.0,0.0,148.871231242176,1.0,145.44656404565478,1.0,1.0,148.871231242176,7.502783693700793,0.22002298221996464,0.2632460313721326,6.214755773731562,0.18225090245547104,0.3254070183749075,4.677387318471606,0.0,0.4567074993436571,0.20113694233771784,13.717539467432355,1.0,2026-04-21-20-36-58-015539,microagi,microagi,9,False,False,False,False,True,False,True
272.0,9.066666666666666,0.0,0.0,0.0,0.0,0.0,0.0,0.0,0.0,0.0,0.0,0.0,0.0,0.0,0.0,154.36865355619202,1.0,160.29239953718138,1.0,1.0,160.29239953718138,2.970111731857135,0.32879465666315144,0.12165107475764032,3.3023145332487243,0.365569874529379,0.4302688653091884,1.9990186044790195,0.0,0.3861177863776565,0.34718226559626525,6.272426265105859,1.0,2026-04-22-11-11-47-860379,microagi,microagi,9,False,False,False,False,False,False,False
162.0,5.4,0.0,0.0,0.0,0.0,0.0,0.0,0.0,0.0,0.0,0.0,0.0,0.0,0.0,0.0,139.53820077284837,1.0,140.62433988775382,1.0,1.0,140.62433988775382,1.865183554985332,0.34754973074260836,0.230325699946083,1.9359454631657456,0.36073517947187805,0.45523574537555045,1.5975123342632376,0.0,0.2691993246546593,0.3541424551072433,3.8011290181510775,1.0,2026-04-22-11-12-22-808713,microagi,microagi,9,False,False,False,False,False,False,False
290.0,9.666666666666666,0.0,0.0,0.0,0.0,0.0,0.0,0.0,0.0,0.0,0.0,0.0,0.0,0.0,0.0,162.6036328216805,1.0,163.53309097370953,1.0,1.0,163.53309097370953,6.08019795399448,0.6311624173696693,0.46828187520123116,5.183968221760693,0.5381281891101066,0.22365927335054217,2.282255313771692,0.0,0.2509211683798415,0.5846453032398878,11.264166175755172,1.0,2026-04-22-15-44-34-566171,microagi,microagi,9,False,False,False,False,False,False,False
576.0,19.2,0.0,0.0,0.0,0.0,0.0,0.0,0.0,0.0,0.0,0.0,0.0,0.0,0.0,0.0,160.63952775408103,1.0,158.89238717228608,1.0,1.0,160.63952775408103,2.6570698108917057,0.1386297292639151,0.23534218052053293,3.0082287616264445,0.15695106582398843,0.09532659276028593,1.2339566683453547,0.0,0.2931339085087372,0.14779039754395173,5.66529857251815,1.0,2026-04-22-21-00-48-165903,microagi,microagi,9,False,False,False,False,False,False,False
232.0,7.733333333333333,0.0,0.0,0.0,0.0,0.0,0.0,0.0,0.0,0.0,0.0,0.0,0.0,0.0,0.0,154.48649735301836,1.0,152.47530251710157,1.0,1.0,154.48649735301836,4.03118415780952,0.5235304101051325,0.8389897587793405,4.928234067144055,0.6400303983303968,0.805769625770663,2.1281402984852855,0.0,0.739129447071495,0.5817804042177647,8.959418224953575,1.0,2026-04-23-09-30-22-449747,microagi,microagi,9,False,False,False,False,False,False,False
931.0,31.033333333333335,0.0,0.0,0.0,0.0,0.0,0.0,0.0,0.0,0.0,0.0,0.0,0.0,0.0,0.0,153.53231252441063,1.0,156.23379192191712,1.0,1.0,156.23379192191712,12.78210827246832,0.4123260733054297,0.3219251104693176,13.469223647388626,0.43449108539963316,0.2760085037609408,2.0703937728698594,0.0,0.7061940060923432,0.4234085793525314,26.251331919856945,1.0,2026-04-23-09-32-07-433688,microagi,microagi,9,False,False,False,False,False,False,False
571.0,19.033333333333335,0.0,0.0,0.0,0.0,0.0,0.0,0.0,0.0,0.0,0.0,0.0,0.0,0.0,0.0,158.70970037903885,1.0,153.24913910647967,1.0,1.0,158.70970037903885,8.988261989593326,0.4730664205049119,0.8524835703005681,10.297509312429874,0.5419741743384143,0.8859268993627231,2.4739043778168326,0.0,1.222600174081567,0.507520297421663,19.2857713020232,1.0,2026-04-23-09-34-12-194228,microagi,microagi,9,False,False,False,False,False,False,False
860.0,28.666666666666668,0.0,0.0,0.0,0.0,0.0,0.0,0.0,0.0,0.0,0.0,0.0,0.0,0.0,0.0,157.01328574729638,1.0,154.62437641218375,1.0,1.0,157.01328574729638,12.153173405912671,0.42444144607378365,0.08921743563019587,12.319047225644415,0.43023447819479915,0.1936419405860416,1.3856306508714167,0.0,0.49641263770499106,0.4273379621342914,24.472220631557086,1.0,2026-04-23-09-36-43-835690,microagi,microagi,9,False,False,False,False,False,False,False
267.0,8.9,0.0,0.0,0.0,0.0,0.0,0.0,0.0,0.0,0.0,0.0,0.0,0.0,0.0,0.0,151.931857759574,1.0,145.43187262123968,1.0,1.0,151.931857759574,3.012294251533378,0.3397324343834637,0.11346627120071885,5.076654247972349,0.5725549903728212,0.20564693799028633,1.5511278528668246,0.0,0.2629259242812742,0.4561437123781424,8.088948499505726,1.0,2026-04-23-10-40-49-937151,microagi,microagi,9,False,False,False,False,False,False,False
285.0,9.5,0.0,0.0,0.0,0.0,0.0,0.0,0.0,0.0,0.0,0.0,0.0,0.0,0.0,0.0,154.84329569763372,1.0,150.17050624103422,1.0,1.0,154.84329569763372,5.335129475208183,0.5635700149867799,0.6793354019285975,4.8985740424980495,0.5174550044892307,0.28984637329302937,2.1660128492928568,0.0,0.3233033840659745,0.5405125097380054,10.233703517706232,1.0,2026-04-23-10-42-29-280484,microagi,microagi,9,False,False,False,False,False,False,False
452.0,15.066666666666666,0.0,0.0,0.0,0.0,0.0,0.0,0.0,0.0,0.0,0.0,0.0,0.0,0.0,0.0,145.071523966287,1.0,137.29237346409684,1.0,1.0,145.071523966287,7.825757081441244,0.5205603380116126,0.6545052392924047,8.027810978104363,0.5340007302508445,0.5718163912380251,3.13286362873451,0.0,0.7186242843492829,0.5272805341312286,15.853568059545607,1.0,2026-04-23-15-46-15-737042,microagi,microagi,9,False,False,False,False,False,False,False
231.0,7.7,0.0,0.0,0.0,0.0,0.0,0.0,0.0,0.0,0.0,0.0,0.0,0.0,0.0,0.0,143.37750143368797,1.0,137.8008404476524,1.0,1.0,143.37750143368797,4.120772838317061,0.5374921093457036,0.24100897734814203,5.0096630351292335,0.6534343089299,0.4945069851990917,1.5335647921130462,0.0,0.3788852207038661,0.5954632091378019,9.130435873446295,1.0,2026-04-23-15-47-02-190375,microagi,microagi,9,False,False,False,False,False,False,False
234.0,7.8,0.0,0.0,0.0,0.0,0.0,0.0,0.0,0.0,0.0,0.0,0.0,0.0,0.0,0.0,144.920752489669,1.0,140.9117963001483,1.0,1.0,144.920752489669,2.7208824760695456,0.3503282158029458,0.13259910346773457,3.8396215390013033,0.49437187197441673,0.2192541662157822,1.6142459936422393,0.0,0.2774426168918742,0.42235004388868125,6.560504015070849,1.0,2026-04-23-15-47-11-927042,microagi,microagi,9,False,False,False,False,False,False,False
209.0,6.966666666666667,0.0,0.0,0.0,0.0,0.0,0.0,0.0,0.0,0.0,0.0,0.0,0.0,0.0,0.0,144.04630266819757,1.0,141.08898036589977,1.0,1.0,144.04630266819757,3.3439795349868513,0.4823047406231036,0.21952046694074598,3.0283720032842067,0.43678442355060676,0.5329952949173788,1.8917848400348936,0.0,0.4613990577044454,0.4595445820868551,6.372351538271058,1.0,2026-04-23-15-47-23-733709,microagi,microagi,9,False,False,False,False,False,False,False
149.0,4.966666666666667,0.0,0.0,0.0,0.0,0.0,0.0,0.0,0.0,0.0,0.0,0.0,0.0,0.0,0.0,142.96735667438762,1.0,142.6058435720414,1.0,1.0,142.96735667438762,1.8195304636596266,0.3688237426337081,0.20854086263277116,1.7242431666819673,0.34950875000310144,0.12103652062053052,1.2951026257881129,0.0,0.3285202150067598,0.3591662463184048,3.543773630341594,1.0,2026-04-23-15-51-38-303009,microagi,microagi,9,False,False,False,False,False,False,False
185.0,6.166666666666667,0.0,0.0,0.0,0.0,0.0,0.0,0.0,0.0,0.0,0.0,0.0,0.0,0.0,0.0,161.7528052021786,1.0,156.88208898545807,1.0,1.0,161.7528052021786,2.1780121339868437,0.35511067401959406,0.17829795914119378,2.3951159886038234,0.39050804162018854,0.32228445094541286,1.6346555767971522,0.0,0.5956339758336965,0.3728093578198913,4.573128122590667,1.0,2026-04-23-21-43-55-539827,microagi,microagi,9,False,False,False,False,False,False,False
654.0,21.8,0.0,0.0,0.0,0.0,0.0,0.0,0.0,0.0,0.0,0.0,0.0,0.0,0.0,0.0,155.3555156244851,1.0,155.15687200184323,1.0,1.0,155.3555156244851,8.873462568475007,0.4076629051366772,0.2569314170284781,10.299380718391724,0.47317216164127357,0.16882444698726176,1.42336358094446,0.0,0.6554262303105964,0.4404175333889754,19.17284328686673,1.0,2026-04-23-22-50-41-320313,microagi,microagi,9,False,False,False,False,False,False,False
209.0,6.966666666666667,0.0,0.0,0.0,0.0,0.0,0.0,0.0,0.0,0.0,0.0,0.0,0.0,0.0,0.0,154.450097191392,1.0,152.9030686164551,1.0,1.0,154.450097191392,3.4215198727579006,0.49348844318623575,0.3543290659948144,3.8136977826973495,0.5500525648121177,0.47737007533329034,1.9536133288181798,0.0,0.8794039428783534,0.5217705039991767,7.23521765545525,1.0,2026-04-23-22-51-03-561980,microagi,microagi,9,False,False,False,False,False,False,False
300.0,10.0,0.0,0.0,0.0,0.0,0.0,0.0,0.0,0.0,0.0,0.0,0.0,0.0,0.0,0.0,156.74338508739316,1.0,154.47889758788307,1.0,1.0,156.74338508739316,3.259648419270805,0.32705502534489683,0.6851527174867229,4.912170435902606,0.4928599099567834,0.4868730382739848,1.3668646977459105,0.0,0.4974527129061914,0.4099574676508401,8.171818855173411,1.0,2026-04-23-22-52-22-560099,microagi,microagi,9,False,False,False,False,False,False,False
173.0,5.766666666666667,0.0,0.0,0.0,0.0,0.0,0.0,0.0,0.0,0.0,0.0,0.0,0.0,0.0,0.0,163.99002252609634,1.0,166.17919028403983,1.0,1.0,166.17919028403983,3.6731348315498336,0.640663052014506,0.372634362538729,3.332305135554553,0.5812160120153289,0.4547868982731007,2.373852126338534,0.0,0.8393834977250291,0.6109395320149175,7.005439967104387,1.0,2026-04-23-22-57-26-677703,microagi,microagi,9,False,False,False,False,False,False,False
238.0,7.933333333333334,0.0,0.0,0.0,0.0,0.0,0.0,0.0,0.0,0.0,0.0,0.0,0.0,0.0,0.0,142.49023822656633,1.0,140.99983471283298,1.0,1.0,142.49023822656633,5.923081256263329,0.749757121045991,0.48069229830205384,6.299219846519031,0.7973696008251938,0.9149913515516908,2.1153911886627133,0.0,1.0915885220273136,0.7735633609355924,12.22230110278236,1.0,2026-04-24-05-41-57-756538,microagi,microagi,9,False,False,False,False,False,False,False
315.0,10.5,0.0,0.0,0.0,0.0,0.0,0.0,0.0,0.0,0.0,0.0,0.0,0.0,0.0,0.0,152.33622956234922,1.0,157.50299054685348,1.0,1.0,157.50299054685348,4.909473591675388,0.46905798646580144,0.20395371060407763,3.072644553430433,0.2935647662513153,0.3630339945105804,1.510384642732786,0.0,0.16921845304712071,0.38131137635855833,7.9821181451058205,1.0,2026-04-24-05-47-04-977339,microagi,microagi,9,False,False,False,False,False,False,False
247.0,8.233333333333333,0.0,0.0,0.0,0.0,0.0,0.0,0.0,0.0,0.0,0.0,0.0,0.0,0.0,0.0,156.5380650437216,1.0,158.57381575992292,1.0,1.0,158.57381575992292,2.663704926653481,0.3248420642260343,0.12768606021064466,3.146721092507925,0.3837464746960885,0.255685818194809,2.0940727247655957,0.0,0.10138843997703315,0.35429426946106135,5.810426019161406,1.0,2026-04-24-05-48-11-305369,microagi,microagi,9,False,False,False,False,False,False,False
283.0,9.433333333333334,0.0,0.0,0.0,0.0,0.0,0.0,0.0,0.0,0.0,0.0,0.0,0.0,0.0,0.0,154.85569674175352,1.0,156.48968207640397,1.0,1.0,156.48968207640397,2.5242405164372412,0.26853622515289804,0.21166511409423083,4.806661535492831,0.5113469718609395,0.13912615632352743,1.5805807882215788,0.0,0.1634685928711143,0.38994159850691873,7.330902051930072,1.0,2026-04-24-05-58-28-704416,microagi,microagi,9,False,False,False,False,False,False,False
468.0,15.6,0.0,0.0,0.0,0.0,0.0,0.0,0.0,0.0,0.0,0.0,0.0,0.0,0.0,0.0,156.49205561191053,1.0,158.31323402429877,1.0,1.0,158.31323402429877,4.366671576361256,0.28051423402748965,0.23155481979666936,5.201332258338855,0.3341326932551727,0.21488542867356167,1.7378642251996643,0.0,0.7899256237684065,0.3073234636413312,9.56800383470011,1.0,2026-04-24-09-36-21-419132,microagi,microagi,9,False,False,False,False,False,False,False
209.0,6.966666666666667,0.0,0.0,0.0,0.0,0.0,0.0,0.0,0.0,0.0,0.0,0.0,0.0,0.0,0.0,151.42131980829595,1.0,156.35571358858328,1.0,1.0,156.35571358858328,2.445679686292171,0.35274226244598617,0.2815370915605904,2.5445349286830483,0.3670002300985166,0.6918078225464398,1.2214304135308711,0.0,0.5046229375709997,0.3598712462722514,4.990214614975219,1.0,2026-04-24-09-38-58-447661,microagi,microagi,9,False,False,False,False,False,False,False
173.0,5.766666666666667,0.0,0.0,0.0,0.0,0.0,0.0,0.0,0.0,0.0,0.0,0.0,0.0,0.0,0.0,155.12015604086486,1.0,162.22496457202735,1.0,1.0,162.22496457202735,1.53349955181691,0.26747085206108895,0.3204121074359451,2.0080738669256633,0.35024544190563894,0.30689719840645335,1.261588469043895,0.0,0.2407098814354831,0.30885814698336395,3.541573418742573,1.0,2026-04-24-09-40-31-639530,microagi,microagi,9,False,False,False,False,False,False,False
197.0,6.566666666666666,0.0,0.0,0.0,0.0,0.0,0.0,0.0,0.0,0.0,0.0,0.0,0.0,0.0,0.0,163.79818796330855,1.0,170.37306184867103,1.0,1.0,170.37306184867103,2.560282301731625,0.39187994414259564,0.43544781337238964,2.5946127948600193,0.3971346114581662,0.1530423700920762,1.2106869313262885,0.0,0.4065790311635603,0.394507277800381,5.154895096591645,1.0,2026-04-24-09-42-08-497863,microagi,microagi,9,False,False,False,False,False,False,False
503.0,16.766666666666666,0.0,0.0,0.0,0.0,0.0,0.0,0.0,0.0,0.0,0.0,0.0,0.0,0.0,0.0,164.8461601502376,1.0,164.9908751973685,1.0,1.0,164.9908751973685,4.748042320436114,0.2837475490300467,0.10013397936530662,3.8124166036812754,0.22783366157457818,0.1117161510201639,3.1069643081312126,0.0,0.20270854577031228,0.2557906053023124,8.56045892411739,1.0,2026-04-24-09-55-11-889588,microagi,microagi,9,False,False,False,False,False,False,False
256.0,8.533333333333333,0.0,0.0,0.0,0.0,0.0,0.0,0.0,0.0,0.0,0.0,0.0,0.0,0.0,0.0,137.0595784444958,1.0,135.00442799813925,1.0,1.0,137.0595784444958,6.634599718857588,0.7805411433950105,2.2067543686433844,6.719046393416884,0.7904760462843393,2.183172201785568,2.002060941743245,0.0,0.8871263793932851,0.7855085948396748,13.353646112274472,1.0,2026-04-24-10-25-30-475487,microagi,microagi,9,False,False,False,False,False,False,False
446.0,14.866666666666667,0.0,0.0,0.0,0.0,0.0,0.0,0.0,0.0,0.0,0.0,0.0,0.0,0.0,0.0,129.2129886804836,1.0,127.80825274457459,1.0,1.0,129.2129886804836,4.947007257466028,0.33350610724490076,0.6752686633134055,5.008169163786613,0.337629381828311,0.9773571779422304,1.8760382743442097,0.0,1.118915973267986,0.33556774453660587,9.955176421252641,1.0,2026-04-24-10-25-39-480487,microagi,microagi,9,False,False,False,False,False,False,False
554.0,18.466666666666665,0.0,0.0,0.0,0.0,0.0,0.0,0.0,0.0,0.0,0.0,0.0,0.0,0.0,0.0,155.64530719714372,1.0,152.1399204242154,1.0,1.0,155.64530719714372,5.414201865312325,0.29371800354316413,0.27409819064155416,4.93465851970521,0.26770299383572566,0.44069124301362045,2.3224334416768104,0.0,0.5327244599947437,0.28071049868944487,10.348860385017534,1.0,2026-04-24-16-19-47-876569,microagi,microagi,9,False,False,False,False,False,False,False
668.0,22.266666666666666,0.0,0.0,0.0,0.0,0.0,0.0,0.0,0.0,0.0,0.0,0.0,0.0,0.0,0.0,156.47365447903348,1.0,152.3760623754995,1.0,1.0,156.47365447903348,9.777545951893233,0.43976968299369856,0.5910336348179518,14.289518902921463,0.6427069971328994,0.300786012978039,3.2982519295817356,0.0,0.4210392095085407,0.5412383400632991,24.067064854814696,1.0,2026-04-24-16-24-58-545668,microagi,microagi,9,False,False,False,False,False,False,False
357.0,11.9,0.0,0.0,0.0,0.0,0.0,0.0,0.0,0.0,0.0,0.0,0.0,0.0,0.0,0.0,148.05963921004107,1.0,136.64014659709557,1.0,1.0,148.05963921004107,6.1751624347787475,0.5203788568633776,0.37051789120201656,7.717226719184158,0.6503280943132717,0.29750287887087595,3.362470587839672,0.0,0.407378857415252,0.5853534755883246,13.892389153962906,1.0,2026-04-24-16-29-02-292782,microagi,microagi,9,False,False,False,False,False,False,False
153.0,5.1,0.0,0.0,0.0,0.0,0.0,0.0,0.0,0.0,0.0,0.0,0.0,0.0,0.0,0.0,159.25832861275134,1.0,155.8545337333638,1.0,1.0,159.25832861275134,2.8468379257127614,0.5618759063906766,0.7461357637621833,2.5854288923232147,0.5102820182216871,0.8385778074785892,1.9315382058403086,0.0,0.9762357852610022,0.5360789623061819,5.432266818035976,1.0,2026-04-24-20-18-23-780047,microagi,microagi,9,False,False,False,False,False,False,False
158.0,5.266666666666667,0.0,0.0,0.0,0.0,0.0,0.0,0.0,0.0,0.0,0.0,0.0,0.0,0.0,0.0,155.36776402532382,1.0,151.4375347562002,1.0,1.0,155.36776402532382,2.1118533632928767,0.4035388592279382,0.13932535672655535,1.5045149049801636,0.2874869245185026,0.24946757521348595,1.4075584050528414,0.0,0.28456467776806865,0.3455128918732204,3.6163682682730403,1.0,2026-04-25-12-12-39-011936,microagi,microagi,9,False,False,False,False,False,False,False
234.0,7.8,0.0,0.0,0.0,0.0,0.0,0.0,0.0,0.0,0.0,0.0,0.0,0.0,0.0,0.0,155.31141931719313,1.0,152.18358833050408,1.0,1.0,155.31141931719313,2.9386552401089796,0.3783676274818429,0.2850644626774767,4.2274096875236316,0.5443016765051887,0.29518689878919563,1.5357904514787821,0.0,0.2989968568774327,0.4613346519935158,7.166064927632611,1.0,2026-04-25-14-15-37-029559,microagi,microagi,9,False,False,False,False,False,False,False
934.0,31.133333333333333,0.0,0.0,0.0,0.0,0.0,0.0,0.0,0.0,0.0,0.0,0.0,0.0,0.0,0.0,154.02718769665958,1.0,149.78525815443723,1.0,1.0,154.02718769665958,13.03860409742458,0.41924772017442374,0.6061931060613904,14.72961990486286,0.47362121880587976,0.8468544412213777,1.8349254417772571,0.0,0.7062016545753707,0.4464344694901518,27.76822400228744,1.0,2026-04-25-14-24-44-151149,microagi,microagi,9,False,False,False,False,False,False,False
194.0,6.466666666666667,0.0,0.0,0.0,0.0,0.0,0.0,0.0,0.0,0.0,0.0,0.0,0.0,0.0,0.0,166.409650378976,1.0,166.02852131391,1.0,1.0,166.409650378976,2.5259540378474417,0.3926353426705867,0.24884375419863997,2.168142075098375,0.33701690286503244,0.19097286782257986,1.745633898935615,0.0,0.414379286095322,0.36482612276780957,4.694096112945816,1.0,2026-04-25-16-19-27-084071,microagi,microagi,9,False,False,False,False,False,False,False
182.0,6.066666666666666,0.0,0.0,0.0,0.0,0.0,0.0,0.0,0.0,0.0,0.0,0.0,0.0,0.0,0.0,165.94287035193395,1.0,161.80163090968216,1.0,1.0,165.94287035193395,2.4074186200065766,0.39901966077457063,0.8876255703011375,2.8165780091563075,0.4668361341143052,0.8858137880945174,1.4285523372488924,0.0,1.086283466653756,0.43292789744443794,5.223996629162884,1.0,2026-04-25-16-19-52-834071,microagi,microagi,9,False,False,False,False,False,False,False
390.0,13.0,0.0,0.0,0.0,0.0,0.0,0.0,0.0,0.0,0.0,0.0,0.0,0.0,0.0,0.0,159.7538795978219,1.0,159.81879182427744,1.0,1.0,159.81879182427744,2.5640886715250377,0.1977446276240389,0.30397643422723486,2.553809360852476,0.19695187872898276,0.15247944029501354,1.2685108606094941,0.0,0.28684939202875837,0.1973482531765108,5.117898032377514,1.0,2026-04-26-20-40-58-889438,microagi,microagi,9,False,False,False,False,False,False,False
173.0,5.766666666666667,0.0,0.0,0.0,0.0,0.0,0.0,0.0,0.0,0.0,0.0,0.0,0.0,0.0,0.0,128.205086386064,1.0,122.80398038697766,1.0,1.0,128.205086386064,2.2711959179500423,0.39613882289826313,0.27645287389174406,2.7979017981983336,0.48800612759273265,0.2493341000163092,1.3513954874441514,0.0,0.31491932270922746,0.4420724752454979,5.0690977161483755,1.0,2026-04-27-08-04-09-784403,microagi,microagi,9,False,False,False,False,False,False,False
250.0,8.333333333333334,0.0,0.0,0.0,0.0,0.0,0.0,0.0,0.0,0.0,0.0,0.0,0.0,0.0,0.0,122.59002782029793,1.0,120.80541914180317,1.0,1.0,122.59002782029793,4.580511163717844,0.5518688149057644,0.7623195398323176,5.060872387667141,0.6097436611647157,0.7746179134125938,2.8216334123260407,0.0,0.9028501288086683,0.5808062380352401,9.641383551384985,1.0,2026-04-27-08-05-50-466434,microagi,microagi,9,False,False,False,False,False,False,False
208.0,6.933333333333334,0.0,0.0,0.0,0.0,0.0,0.0,0.0,0.0,0.0,0.0,0.0,0.0,0.0,0.0,124.01995074476454,1.0,123.77469994454054,1.0,1.0,124.01995074476454,3.0445133423541746,0.44123381773248915,0.8275199768000374,4.085694766665898,0.592129676328391,0.9183336175048734,1.3395584976697903,0.0,0.6797908056696903,0.5166817470304401,7.130208109020073,1.0,2026-04-27-08-07-18-040066,microagi,microagi,9,False,False,False,False,False,False,False
682.0,22.733333333333334,0.0,0.0,0.0,0.0,0.0,0.0,0.0,0.0,0.0,0.0,0.0,0.0,0.0,0.0,139.00723604458236,1.0,135.81890007001815,1.0,1.0,139.00723604458236,11.211892866798085,0.49391598532150155,0.2738054142656954,12.606205809607726,0.5553394629783139,0.42328792991925046,2.9720795787887946,0.0,0.9245356036464686,0.5246277241499078,23.81809867640581,1.0,2026-04-27-12-04-13-587644,microagi,microagi,9,False,False,False,False,False,False,False
406.0,13.533333333333333,0.0,0.0,0.0,0.0,0.0,0.0,0.0,0.0,0.0,0.0,0.0,0.0,0.0,0.0,156.0899634897009,1.0,155.9465734091453,1.0,1.0,156.0899634897009,6.4965709156990545,0.481227475236967,0.29624511619234645,6.679147835373704,0.4947516915091632,0.3543974927088225,4.160571468002831,0.0,0.8012631663800938,0.4879895833730651,13.175718751072758,1.0,2026-04-27-12-05-05-170978,microagi,microagi,9,False,False,False,False,False,False,False
252.0,8.4,0.0,0.0,0.0,0.0,0.0,0.0,0.0,0.0,0.0,0.0,0.0,0.0,0.0,0.0,150.1215325486314,1.0,148.35190780478922,1.0,1.0,150.1215325486314,3.8495536216955166,0.46010601056121714,0.2975669958750012,4.469241518651588,0.5341722930659268,0.2055947464881973,2.000601549562982,0.0,0.7300791744371457,0.497139151813572,8.318795140347104,1.0,2026-04-27-13-28-44-056156,microagi,microagi,9,False,False,False,False,False,False,False
352.0,11.733333333333333,0.0,0.0,0.0,0.0,0.0,0.0,0.0,0.0,0.0,0.0,0.0,0.0,0.0,0.0,156.66504421015924,1.0,157.4321282428577,1.0,1.0,157.4321282428577,5.2177351653960775,0.44596027054667337,0.2853146231545187,4.773231022626954,0.4079684634723892,0.31699238993509604,1.4881550042981633,0.0,0.3753469978921218,0.4269643670095313,9.99096618802303,1.0,2026-04-27-13-30-57-895976,microagi,microagi,9,False,False,False,False,False,False,False
416.0,13.866666666666667,0.0,0.0,0.0,0.0,0.0,0.0,0.0,0.0,0.0,0.0,0.0,0.0,0.0,0.0,160.1372045302537,1.0,157.04206305600533,1.0,1.0,160.1372045302537,4.819903516543959,0.3484267602320934,0.5525032991885228,5.407804876087557,0.39092565369307636,0.5725720307402316,1.4544491891601217,0.0,0.5051421547338388,0.36967620696258485,10.227708392631516,1.0,2026-04-27-14-36-09-778913,microagi,microagi,9,False,False,False,False,False,False,False
272.0,9.066666666666666,0.0,0.0,0.0,0.0,0.0,0.0,0.0,0.0,0.0,0.0,0.0,0.0,0.0,0.0,151.38543028606244,1.0,152.08434500185584,1.0,1.0,152.08434500185584,5.763459321320074,0.6380213270834029,1.7056864675954886,5.854141615666224,0.6480599574538256,1.5746332786598052,3.0074817992239837,0.0,0.47491056813654264,0.6430406422686142,11.617600936986298,1.0,2026-04-27-14-56-41-276743,microagi,microagi,9,False,False,False,False,False,False,False
945.0,31.5,0.0,0.0,0.0,0.0,0.0,0.0,0.0,0.0,0.0,0.0,0.0,0.0,0.0,0.0,159.99804124503953,1.0,154.54785797315196,1.0,1.0,159.99804124503953,13.973569983511789,0.4440753172726204,0.36783594113715823,14.166425974587868,0.450204215294106,0.32308908813473847,2.092436056372158,0.0,0.8064393973136925,0.4471397662833632,28.139995958099657,1.0,2026-04-27-17-55-19-946531,microagi,microagi,9,False,False,False,False,False,False,False
362.0,12.066666666666666,0.0,0.0,0.0,0.0,0.0,0.0,0.0,0.0,0.0,0.0,0.0,0.0,0.0,0.0,156.74022643217364,1.0,155.59195382371956,1.0,1.0,156.74022643217364,4.6267023236755564,0.38449049781237316,0.20612838843826858,4.975731840923778,0.4134957208523916,0.20664416670988003,2.203595723146883,0.0,0.4839885775999337,0.3989931093323824,9.602434164599334,1.0,2026-04-27-19-41-02-668886,microagi,microagi,9,False,False,False,False,False,False,False
580.0,19.333333333333332,0.0,0.0,0.0,0.0,0.0,0.0,0.0,0.0,0.0,0.0,0.0,0.0,0.0,0.0,154.77960800273053,1.0,149.2689017768019,1.0,1.0,154.77960800273053,4.479851557990567,0.23211666103578069,0.2590559756653649,5.006461309923845,0.2594021404105619,0.7985897962562235,1.3092035785892089,0.0,0.30400445930611186,0.24575940072317135,9.48631286791441,1.0,2026-04-27-19-41-43-866252,microagi,microagi,9,False,False,False,False,False,False,False
244.0,8.133333333333333,0.0,0.0,0.0,0.0,0.0,0.0,0.0,0.0,0.0,0.0,0.0,0.0,0.0,0.0,161.6742886383255,1.0,160.62562432214446,1.0,1.0,161.6742886383255,2.055041517791805,0.253708829357013,0.040792035347988746,1.6287101580266787,0.2010753281514418,0.04348372161487514,0.8619047325943149,0.0,0.24634617017058033,0.2273920787542274,3.683751675818484,1.0,2026-04-28-07-13-42-489990,microagi,microagi,9,False,False,False,False,False,False,False
1289.0,42.96666666666667,0.0,0.0,0.0,0.0,0.0,0.0,0.0,0.0,0.0,0.0,0.0,0.0,0.0,0.0,167.71405266013647,1.0,166.9787564103388,1.0,1.0,167.71405266013647,7.371341647872043,0.17169274024546685,0.1499199599674869,7.059558211848496,0.16443070369212334,0.031442892793245705,1.46071485589963,0.0,0.17700338998627008,0.1680617219687951,14.43089985972054,1.0,2026-04-28-07-56-06-984972,microagi,microagi,9,False,False,False,False,True,False,True
843.0,28.1,0.0,0.0,0.0,0.0,0.0,0.0,0.0,0.0,0.0,0.0,0.0,0.0,0.0,0.0,167.5609339774753,1.0,167.45755127669176,1.0,1.0,167.5609339774753,5.0915322846874185,0.18140851370620256,0.13920590521869775,4.29180034204493,0.15291450149803792,0.13058225793013417,0.8143812046209011,0.0,0.10824021864059859,0.16716150760212023,9.383332626732349,1.0,2026-04-28-07-56-59-640700,microagi,microagi,9,False,False,False,False,False,False,False
457.0,15.233333333333333,0.0,0.0,0.0,0.0,0.0,0.0,0.0,0.0,0.0,0.0,0.0,0.0,0.0,0.0,166.61282375257554,1.0,167.1417953540481,1.0,1.0,167.1417953540481,2.533740313120962,0.16669344165269484,0.11779790316406592,2.6509273318006175,0.17440311393425115,0.0986229196352226,1.6098727918739122,0.0,0.3032662644348584,0.17054827779347298,5.184667644921579,1.0,2026-04-28-08-04-03-460757,microagi,microagi,9,False,False,False,False,False,False,False
160.0,5.333333333333333,0.0,0.0,0.0,0.0,0.0,0.0,0.0,0.0,0.0,0.0,0.0,0.0,0.0,0.0,156.96066100581703,1.0,145.53645077887603,1.0,1.0,156.96066100581703,2.280383592408823,0.430261055171476,0.0353273138031332,1.8190895732748773,0.34322444778771266,0.3278608084161692,1.45561670762397,0.0,0.372301745511664,0.38674275147959436,4.0994731656837,1.0,2026-04-28-14-24-17-734529,microagi,microagi,9,False,False,False,False,False,False,False
152.0,5.066666666666666,0.0,0.0,0.0,0.0,0.0,0.0,0.0,0.0,0.0,0.0,0.0,0.0,0.0,0.0,158.0179323872016,1.0,149.4698365876531,1.0,1.0,158.0179323872016,2.008517820119775,0.39904327552048513,0.2991533693499362,2.308638358405431,0.4586698725308803,0.44665592077015603,1.2955200446165989,0.0,0.3425650103030632,0.42885657402568267,4.317156178525206,1.0,2026-04-28-14-27-12-415318,microagi,microagi,9,False,False,False,False,False,False,False
688.0,22.933333333333334,0.0,0.0,0.0,0.0,0.0,0.0,0.0,0.0,0.0,0.0,0.0,0.0,0.0,0.0,153.0313714929262,1.0,152.8986443758064,1.0,1.0,153.0313714929262,9.811706955744786,0.42845881902815663,0.3608053074237542,10.927243122143107,0.4771721887398737,0.12702181788681882,1.5658036404236824,0.0,0.25867851553337584,0.45281550388401515,20.738950077887893,1.0,2026-04-29-01-21-30-598053,microagi,microagi,9,False,False,False,False,False,False,False
300.0,10.0,0.0,0.0,0.0,0.0,0.0,0.0,0.0,0.0,0.0,0.0,0.0,0.0,0.0,0.0,155.65866480824343,1.0,156.0616391705909,1.0,1.0,156.0616391705909,3.403048063391831,0.3414429495041971,0.24139725494948863,4.216235015200043,0.4230336135652218,0.2733886146736121,1.615067395262223,0.0,0.11448033195251478,0.38223828153470946,7.619283078591874,1.0,2026-04-29-01-22-10-818304,microagi,microagi,9,False,False,False,False,False,False,False
164.0,5.466666666666667,0.0,0.0,0.0,0.0,0.0,0.0,0.0,0.0,0.0,0.0,0.0,0.0,0.0,0.0,153.39468029653986,1.0,154.59635119611744,1.0,1.0,154.59635119611744,2.0681368087487684,0.38063867645682853,0.13782730375585092,2.7446552158963646,0.5051512667293921,0.4886824274191143,1.5765202084786705,0.0,0.19629904922632083,0.4428949715931104,4.812792024645133,1.0,2026-04-29-01-45-24-631280,microagi,microagi,9,False,False,False,False,False,False,False
472.0,15.733333333333333,0.0,0.0,0.0,0.0,0.0,0.0,0.0,0.0,0.0,0.0,0.0,0.0,0.0,0.0,160.41322905273114,1.0,161.98475737660226,1.0,1.0,161.98475737660226,5.015743468218377,0.3194741062559475,0.4307617726629183,5.098806220721038,0.3247647274344611,0.7761151963337782,3.2471317704687768,0.0,0.613705759779726,0.32211941684520423,10.114549688939414,1.0,2026-04-29-14-37-56-099259,microagi,microagi,9,False,False,False,False,False,False,False
339.0,11.3,0.0,0.0,0.0,0.0,0.0,0.0,0.0,0.0,0.0,0.0,0.0,0.0,0.0,0.0,155.78578220644977,1.0,155.43797023854924,1.0,1.0,155.78578220644977,5.297822019710711,0.4702208893234359,0.21623023196082664,5.753990027442573,0.5107091740333645,0.2687567485334766,1.4301253937885567,0.0,0.3846358197031641,0.4904650316784002,11.051812047153284,1.0,2026-04-29-19-08-21-870000,microagi,microagi,9,False,False,False,False,False,False,False
163.0,5.433333333333334,0.0,0.0,0.0,0.0,0.0,0.0,0.0,0.0,0.0,0.0,0.0,0.0,0.0,0.0,168.85272582052073,1.0,162.47899299062775,1.0,1.0,168.85272582052073,2.419356061057032,0.4480289001957467,0.2719842281630006,2.4658697207150446,0.4566425408731565,0.25357208692996214,1.5338873455708235,0.0,0.5244394036755077,0.4523357205344516,4.885225781772077,1.0,2026-04-30-11-42-52-769826,microagi,microagi,9,False,False,False,False,False,False,False
275.0,9.166666666666666,0.0,0.0,0.0,0.0,0.0,0.0,0.0,0.0,0.0,0.0,0.0,0.0,0.0,0.0,150.94134625052664,1.0,151.20688831197762,1.0,1.0,151.20688831197762,1.894545703612311,0.2074320113444136,0.34779751725538227,2.0001663693012395,0.21899631780670503,0.33671145784160517,1.6086757800558567,0.0,0.304426837732124,0.21321416457555933,3.8947120729135505,1.0,2026-04-30-14-35-54-260676,microagi,microagi,9,False,False,False,False,False,False,False
261.0,8.7,0.0,0.0,0.0,0.0,0.0,0.0,0.0,0.0,0.0,0.0,0.0,0.0,0.0,0.0,149.78161058278533,1.0,145.71171370302997,1.0,1.0,149.78161058278533,4.129768986751831,0.4765118061636727,0.5201815243594596,5.695298616374218,0.6571498403508714,0.4538772765316858,2.090424612729471,0.0,0.25576679960317755,0.5668308232572721,9.825067603126048,1.0,2026-04-30-14-36-42-687343,microagi,microagi,9,False,False,False,False,False,False,False
387.0,12.9,0.0,0.0,0.0,0.0,0.0,0.0,0.0,0.0,0.0,0.0,0.0,0.0,0.0,0.0,160.3134739611745,1.0,165.31167628219967,1.0,1.0,165.31167628219967,4.471125770351829,0.3474968215299349,0.09900937161607498,4.501491744432405,0.34985687132894344,0.08916162519010383,1.5974209094847651,0.0,0.2376181773383621,0.34867684642943914,8.972617514784234,1.0,2026-04-30-18-28-56-365958,microagi,microagi,9,False,False,False,False,False,False,False
180.0,6.0,0.0,0.0,0.0,0.0,0.0,0.0,0.0,0.0,0.0,0.0,0.0,0.0,0.0,0.0,162.82535624527958,1.0,169.39044922034657,1.0,1.0,169.39044922034657,1.7979293221303907,0.3013289366698979,0.23455589112559297,2.391730990568878,0.40084876936908564,0.26842221810480116,2.0743690893650757,0.0,0.17892453603646977,0.3510888530194918,4.189660312699269,1.0,2026-04-30-18-29-19-172625,microagi,microagi,9,False,False,False,False,False,False,False
311.0,10.366666666666667,0.0,0.0,0.0,0.0,0.0,0.0,0.0,0.0,0.0,0.0,0.0,0.0,0.0,0.0,158.231286698882,1.0,162.44161250561564,1.0,1.0,162.44161250561564,3.6163708469128157,0.34997137228188535,0.10381683964210844,4.647572893404783,0.449765118716592,0.6371971633841439,2.0849043322801872,0.0,0.22387530327180113,0.39986824549923866,8.263943740317599,1.0,2026-04-30-18-29-57-085958,microagi,microagi,9,False,False,False,False,False,False,False
339.0,11.3,0.0,0.0,0.0,0.0,0.0,0.0,0.0,0.0,0.0,0.0,0.0,0.0,0.0,0.0,158.86488473145366,1.0,161.38352815584642,1.0,1.0,161.38352815584642,3.342555701117109,0.2966765415192701,0.26158341329020557,4.161535495549538,0.36936705581800633,0.32941630273363787,2.123429827295151,0.0,0.10665714281852465,0.3330217986686381,7.504091196666647,1.0,2026-04-30-18-52-48-305715,microagi,microagi,9,False,False,False,False,False,False,False
444.0,14.8,0.0,0.0,0.0,0.0,0.0,0.0,0.0,0.0,0.0,0.0,0.0,0.0,0.0,0.0,160.58994103089745,1.0,167.5630334899592,1.0,1.0,167.5630334899592,4.921800990306471,0.33330480746996427,0.26433546731774255,5.112105177881695,0.34619222423578067,0.15101360322886087,1.833536327704799,0.0,0.11657355089903525,0.3397485158528724,10.033906168188166,1.0,2026-04-30-18-54-32-307543,microagi,microagi,9,False,False,False,False,False,False,False
158.0,5.266666666666667,0.0,0.0,0.0,0.0,0.0,0.0,0.0,0.0,0.0,0.0,0.0,0.0,0.0,0.0,154.65026822641255,1.0,156.65960087757696,1.0,1.0,156.65960087757696,1.3483128694120854,0.25763940179848765,0.17836014574225106,1.3650125194641483,0.26083041773200283,0.22697703629599456,0.8312633833242982,0.0,0.15680433651476244,0.25923490976524527,2.7133253888762336,1.0,2026-04-30-19-10-53-216745,microagi,microagi,9,False,False,False,False,False,False,False
152.0,5.066666666666666,0.0,0.0,0.0,0.0,0.0,0.0,0.0,0.0,0.0,0.0,0.0,0.0,0.0,0.0,156.2754041461238,1.0,160.09617579640462,1.0,1.0,160.09617579640462,1.5603596408292564,0.3100052266548191,0.5563968290995929,0.7068320657739389,0.14043021174316664,0.08135547863090702,3.2851362709410665,0.0,0.10526812390766407,0.2252177191989929,2.267191706603195,1.0,2026-04-30-19-12-12-076817,microagi,microagi,9,False,False,False,False,False,False,False
309.0,10.3,0.0,0.0,0.0,0.0,0.0,0.0,0.0,0.0,0.0,0.0,0.0,0.0,0.0,0.0,156.09856581136125,1.0,161.12725519637587,1.0,1.0,161.12725519637587,3.6239785648094616,0.35298492514377877,0.19752699093272272,3.6069914418607025,0.35133033524617235,0.16669405353193278,2.595015534477095,0.0,0.27512636062785023,0.35215763019497553,7.230970006670164,1.0,2026-04-30-19-29-40-481831,microagi,microagi,9,False,False,False,False,False,False,False
213.0,7.1,0.0,0.0,0.0,0.0,0.0,0.0,0.0,0.0,0.0,0.0,0.0,0.0,0.0,0.0,151.34986588869387,1.0,157.5806325234785,1.0,1.0,157.5806325234785,3.1014473329258365,0.438884056546109,0.31435841203729936,2.9039755553459434,0.410939937077256,0.1911125665581674,2.955720589420332,0.0,0.11194734232206358,0.42491199681168246,6.00542288827178,1.0,2026-04-30-19-36-43-124985,microagi,microagi,9,False,False,False,False,False,False,False
153.0,5.1,0.0,0.0,0.0,0.0,0.0,0.0,0.0,0.0,0.0,0.0,0.0,0.0,0.0,0.0,158.5983072663107,1.0,160.84229107927996,1.0,1.0,160.84229107927996,0.9772758728450236,0.19288339595625467,0.26071611770235964,1.1700316583233632,0.23092730098487427,0.25952741447978045,0.5076811940397129,0.0,0.12130521287904981,0.21190534847056447,2.1473075311683867,1.0,2026-04-30-19-55-18-610954,microagi,microagi,9,False,False,False,False,False,False,False
178.0,5.933333333333334,0.0,0.0,0.0,0.0,0.0,0.0,0.0,0.0,0.0,0.0,0.0,0.0,0.0,0.0,162.32139386261224,1.0,164.10331324966026,1.0,1.0,164.10331324966026,2.619175864810628,0.4439281126797675,0.6545997387717135,1.6248591071483,0.2753998486692034,0.16978750108162005,2.356491573264564,0.0,0.09079905217823879,0.35966398067448546,4.244034971958928,1.0,2026-04-30-19-56-09-027621,microagi,microagi,9,False,False,False,False,False,False,False
155.0,5.166666666666667,0.0,0.0,0.0,0.0,0.0,0.0,0.0,0.0,0.0,0.0,0.0,0.0,0.0,0.0,161.647546493192,1.0,160.57303455575587,1.0,1.0,161.647546493192,0.959629441427102,0.18694080027800689,0.03730423409302126,0.8000870701623566,0.15586111756409543,0.04105842420904943,0.6850222477677704,0.0,0.29533334168368564,0.17140095892105117,1.7597165115894586,1.0,2026-04-30-23-04-19-499912,microagi,microagi,9,False,False,False,False,False,False,False
246.0,8.2,0.0,0.0,0.0,0.0,0.0,0.0,0.0,0.0,0.0,0.0,0.0,0.0,0.0,0.0,134.55867297271732,1.0,129.322708924687,1.0,1.0,134.55867297271732,3.8227480517352292,0.46809159817166074,0.10719123532103135,4.254045300281509,0.5209035061569194,0.05790784138409321,1.3072890765636709,0.0,0.21399418668910933,0.4944975521642901,8.076793352016738,1.0,2026-05-01-16-53-58-519850,microagi,microagi,9,False,False,False,False,False,False,False
952.0,31.733333333333334,0.0,0.0,0.0,0.0,0.0,0.0,0.0,0.0,0.0,0.0,0.0,0.0,0.0,0.0,136.03629846169716,1.0,135.87129444990222,1.0,1.0,136.03629846169716,18.593919466105575,0.5865589736941822,0.8410547050840601,21.181350866256103,0.6681814153393092,0.5281900897988463,4.993402551341473,0.0,1.0744476847244322,0.6273701945167458,39.77527033236168,1.0,2026-05-01-16-54-15-294850,microagi,microagi,9,False,False,False,False,False,False,False
338.0,11.266666666666667,0.0,0.0,0.0,0.0,0.0,0.0,0.0,0.0,0.0,0.0,0.0,0.0,0.0,0.0,163.4779925992444,1.0,161.6668823245169,1.0,1.0,163.4779925992444,3.914742569939822,0.34849340385220967,0.20611209946119508,3.847396643567125,0.34249821752823073,0.16771995339251342,1.125209417452741,0.0,0.16197244724175902,0.3454958106902202,7.762139213506947,1.0,2026-05-01-17-39-24-949427,microagi,microagi,9,False,False,False,False,False,False,False
386.0,12.866666666666667,0.0,0.0,0.0,0.0,0.0,0.0,0.0,0.0,0.0,0.0,0.0,0.0,0.0,0.0,165.6005202240376,1.0,164.75035093333315,1.0,1.0,165.6005202240376,3.426841519143364,0.2670266118813011,0.21698672586198675,3.93066996781708,0.306285971518214,0.2489242768047414,1.620838787819887,0.0,0.12501828185788022,0.28665629169975754,7.357511486960444,1.0,2026-05-01-17-45-51-001374,microagi,microagi,9,False,False,False,False,False,False,False
187.0,6.233333333333333,0.0,0.0,0.0,0.0,0.0,0.0,0.0,0.0,0.0,0.0,0.0,0.0,0.0,0.0,163.56304894537757,1.0,163.72761369437072,1.0,1.0,163.72761369437072,1.990529290347761,0.321053111346413,0.15083573115310517,1.7859651740475813,0.28805889903993254,0.11152149586769589,0.9680296710754014,0.0,0.14221080776783632,0.3045560051931728,3.776494464395342,1.0,2026-05-01-17-50-49-099407,microagi,microagi,9,False,False,False,False,False,False,False
272.0,9.066666666666666,0.0,0.0,0.0,0.0,0.0,0.0,0.0,0.0,0.0,0.0,0.0,0.0,0.0,0.0,161.97972602220247,1.0,164.57393432685018,1.0,1.0,164.57393432685018,1.9655815366270495,0.2175920520251346,0.08981282392827147,2.559117051864045,0.2832970906122559,0.23662963748485333,1.2833569901283215,0.0,0.12262716167669407,0.25044457131869524,4.524698588491095,1.0,2026-05-02-09-33-08-487843,microagi,microagi,9,False,False,False,False,False,False,False
289.0,9.633333333333333,0.0,0.0,0.0,0.0,0.0,0.0,0.0,0.0,0.0,0.0,0.0,0.0,0.0,0.0,156.84574183430965,1.0,155.62089398564453,1.0,1.0,156.84574183430965,3.2785059930870433,0.341511040946567,0.35273329147220295,3.631765612393993,0.3783089179577076,0.42446962563011836,1.351594367426579,0.0,0.34244750806956253,0.3599099794521373,6.910271605481036,1.0,2026-05-02-11-41-44-483168,microagi,microagi,9,False,False,False,False,False,False,False
158.0,5.266666666666667,0.0,0.0,0.0,0.0,0.0,0.0,0.0,0.0,0.0,0.0,0.0,0.0,0.0,0.0,155.9609933304522,1.0,155.25745551475907,1.0,1.0,155.9609933304522,1.7164094287752178,0.3279763239697868,0.24397482047835783,2.140994040045688,0.4091071414100041,0.2623959711492423,1.1436716458437406,0.0,0.7114466511949072,0.3685417326898955,3.8574034688209062,1.0,2026-05-02-11-42-01-293168,microagi,microagi,9,False,False,False,False,False,False,False
185.0,6.166666666666667,0.0,0.0,0.0,0.0,0.0,0.0,0.0,0.0,0.0,0.0,0.0,0.0,0.0,0.0,115.39475074028543,1.0,101.17041482744676,1.0,1.0,115.39475074028543,2.229857662683677,0.3635637493505995,0.4963872131089753,3.034003007018264,0.49467440331819523,0.5517819273046897,1.3181056799202744,0.0,0.31216025212545123,0.42911907633439733,5.263860669701941,1.0,2026-05-02-17-07-55-412876,microagi,microagi,9,False,False,False,False,False,False,False
211.0,7.033333333333333,0.0,0.0,0.0,0.0,0.0,0.0,0.0,0.0,0.0,0.0,0.0,0.0,0.0,0.0,121.73767895570435,1.0,109.15931357529067,1.0,1.0,121.73767895570435,3.1548338454045206,0.45069054934350306,0.22993219209420374,3.400223233197506,0.4857461761710723,0.4006012316708832,1.2651721588443703,0.0,0.38601229850452407,0.4682183627572877,6.555057078602027,1.0,2026-05-02-17-08-54-586297,microagi,microagi,9,False,False,False,False,False,False,False
245.0,8.166666666666666,0.0,0.0,0.0,0.0,0.0,0.0,0.0,0.0,0.0,0.0,0.0,0.0,0.0,0.0,122.85582777184474,1.0,106.82064266029553,1.0,1.0,122.85582777184474,3.092177756553119,0.38018578974013756,0.4045299785665293,3.2192096065001383,0.39580445981559076,0.27210908393647204,1.3388957910408195,0.0,0.5903171292631468,0.38799512477786413,6.3113873630532575,1.0,2026-05-02-18-14-01-024403,microagi,microagi,9,False,False,False,False,False,False,False
180.0,6.0,0.0,0.0,0.0,0.0,0.0,0.0,0.0,0.0,0.0,0.0,0.0,0.0,0.0,0.0,153.5949145327089,1.0,158.48839480892173,1.0,1.0,158.48839480892173,2.832528905000906,0.47472551480462116,0.41254433377202077,3.221574519780339,0.5399286904659787,0.44410779865192734,1.3079123326110298,0.0,0.1634359096448115,0.5073271026352999,6.054103424781245,1.0,2026-05-02-22-18-51-842903,microagi,microagi,9,False,False,False,False,False,False,False
1520.0,50.666666666666664,0.0,0.0,0.0,0.0,0.0,0.0,0.0,0.0,0.0,0.0,0.0,0.0,0.0,0.0,155.04447548040832,1.0,156.22765989221278,1.0,1.0,156.22765989221278,20.69651065255704,0.4087526791156756,0.20306981926591905,20.73374414717824,0.4094880345064827,0.29823140302827056,3.201415172210507,0.0,0.6409338515613694,0.4091203568110791,41.43025479973528,1.0,2026-05-03-02-33-51-590487,microagi,microagi,9,False,False,False,False,True,False,True
252.0,8.4,0.0,0.0,0.0,0.0,0.0,0.0,0.0,0.0,0.0,0.0,0.0,0.0,0.0,0.0,153.0835180552093,1.0,149.95301621261655,1.0,1.0,153.0835180552093,3.448304405487081,0.4121479369108065,0.517879085063247,3.97512165475427,0.47511414200250235,0.8746785928500833,1.5106652646038672,0.0,0.5222605471894358,0.4436310394566544,7.423426060241351,1.0,2026-05-03-02-36-07-979235,microagi,microagi,9,False,False,False,False,False,False,False
2044.0,68.13333333333334,0.0,0.0,0.0,0.0,0.0,0.0,0.0,0.0,0.0,0.0,0.0,0.0,0.0,0.0,156.4280843783746,1.0,158.64280084379703,1.0,1.0,158.64280084379703,25.264063163791683,0.3709847747987031,1.0646134813249162,22.75440645693879,0.3341322534058559,0.8883531717637098,2.7599693631943776,0.0,0.9360955181649767,0.3525585141022795,48.01846962073047,1.0,2026-05-03-02-38-11-062918,microagi,microagi,9,False,False,False,False,True,False,True
615.0,20.5,0.0,0.0,0.0,0.0,0.0,0.0,0.0,0.0,0.0,0.0,0.0,0.0,0.0,0.0,154.43500093825372,1.0,152.08975024210338,1.0,1.0,154.43500093825372,9.071396135709232,0.4432278242203208,0.5135002553328998,9.787798496858425,0.4782311969149068,0.28871524861010506,2.186126219207032,0.0,0.527614054526637,0.46072951056761374,18.859194632567657,1.0,2026-05-03-02-49-16-263974,microagi,microagi,9,False,False,False,False,False,False,False
2064.0,68.8,0.0,0.0,0.0,0.0,0.0,0.0,0.0,0.0,0.0,0.0,0.0,0.0,0.0,0.0,153.98360133378583,1.0,156.77744344317665,1.0,1.0,156.77744344317665,26.58400571340814,0.38658272971509655,0.4853545162848747,24.522120597529604,0.3565989422810897,0.40473383197194285,2.054731406898632,0.0,0.7075395159703888,0.37159083599809317,51.10612631093774,1.0,2026-05-03-02-56-12-299153,microagi,microagi,9,False,False,False,False,True,False,True
1442.0,48.06666666666667,0.0,0.0,0.0,0.0,0.0,0.0,0.0,0.0,0.0,0.0,0.0,0.0,0.0,0.0,155.34517960496828,1.0,154.9471047196036,1.0,1.0,155.34517960496828,18.049673050781152,0.37577390112660275,1.0741097889702196,20.159883350868085,0.41970610723528284,0.9838101974460839,1.6848965095364077,0.0,0.788815189694835,0.3977400041809428,38.20955640164924,1.0,2026-05-03-02-59-19-007520,microagi,microagi,9,False,False,False,False,True,False,True
152.0,5.066666666666666,0.0,0.0,0.0,0.0,0.0,0.0,0.0,0.0,0.0,0.0,0.0,0.0,0.0,0.0,150.9158405159679,1.0,150.9366778726032,1.0,1.0,150.9366778726032,1.632500729218122,0.32433789322214346,0.28283998158518536,1.8579153064851626,0.3691222463215555,0.5670837244954544,1.592360920877257,0.0,0.4320736306131617,0.3467300697718495,3.4904160357032845,1.0,2026-05-03-03-03-16-836607,microagi,microagi,9,False,False,False,False,False,False,False
206.0,6.866666666666666,0.0,0.0,0.0,0.0,0.0,0.0,0.0,0.0,0.0,0.0,0.0,0.0,0.0,0.0,151.5774824325268,1.0,154.47621934551356,1.0,1.0,154.47621934551356,3.1655628769356903,0.46325310394180835,0.7869750864536948,3.514182650898194,0.5142706318387601,0.8546497004575081,1.6074252334798513,0.0,0.4723315781129477,0.48876186789028414,6.679745527833884,1.0,2026-05-03-03-03-39-278274,microagi,microagi,9,False,False,False,False,False,False,False
165.0,5.5,0.0,0.0,0.0,0.0,0.0,0.0,0.0,0.0,0.0,0.0,0.0,0.0,0.0,0.0,152.28189180354505,1.0,156.56003096803607,1.0,1.0,156.56003096803607,2.401542339125739,0.4393065254498303,0.42185706409229695,2.8321283641281805,0.5180722617307646,0.42640929969916813,1.3650689997764403,0.0,0.6024818203303771,0.4786893935902975,5.233670703253919,1.0,2026-05-03-03-04-18-428274,microagi,microagi,9,False,False,False,False,False,False,False
200.0,6.666666666666667,0.0,0.0,0.0,0.0,0.0,0.0,0.0,0.0,0.0,0.0,0.0,0.0,0.0,0.0,155.22229503137385,1.0,155.89698107009832,1.0,1.0,155.89698107009832,2.773414253223838,0.41810265123977464,0.1853884536455494,2.8770309618479173,0.433723260580088,0.32778137119952744,1.332777598835395,0.0,0.7720083253320982,0.42591295590993133,5.6504452150717555,1.0,2026-05-03-03-08-02-451485,microagi,microagi,9,False,False,False,False,False,False,False
165.0,5.5,0.0,0.0,0.0,0.0,0.0,0.0,0.0,0.0,0.0,0.0,0.0,0.0,0.0,0.0,153.50251956587547,1.0,157.1146418244029,1.0,1.0,157.1146418244029,2.69895697161184,0.49371164114850735,0.7178451611107821,2.9677631948523375,0.5428835112534763,0.9580512379015381,1.5198683355081593,0.0,0.5167510018790241,0.5182975762009918,5.666720166464177,1.0,2026-05-03-03-09-49-161442,microagi,microagi,9,False,False,False,False,False,False,False
320.0,10.666666666666666,0.0,0.0,0.0,0.0,0.0,0.0,0.0,0.0,0.0,0.0,0.0,0.0,0.0,0.0,157.40036452670506,1.0,147.10377110659275,1.0,1.0,157.40036452670506,3.9909570918668207,0.37532511835738125,0.12066527507026355,4.417087683879379,0.4154000956626376,0.243298349391954,1.3091589961883285,0.0,0.2961486498894804,0.3953626070100094,8.4080447757462,1.0,2026-05-03-09-41-25-960279,microagi,microagi,9,False,False,False,False,False,False,False
349.0,11.633333333333333,0.0,0.0,0.0,0.0,0.0,0.0,0.0,0.0,0.0,0.0,0.0,0.0,0.0,0.0,155.5155762147685,1.0,152.9089297075243,1.0,1.0,155.5155762147685,6.6445203371556465,0.572803477341004,0.40240841532242466,6.684309272386859,0.5762335579643844,0.4018016903825735,2.577397177788246,0.0,0.849948125327143,0.5745185176526942,13.328829609542506,1.0,2026-05-03-09-42-11-940279,microagi,microagi,9,False,False,False,False,False,False,False
368.0,12.266666666666667,0.0,0.0,0.0,0.0,0.0,0.0,0.0,0.0,0.0,0.0,0.0,0.0,0.0,0.0,151.23042796218374,1.0,146.5644845470541,1.0,1.0,151.23042796218374,3.712740347124144,0.3034937613452978,0.29494206772531056,3.5754038029872106,0.2922673408436412,0.19129257024729163,0.8411243477160265,0.0,0.4581786844215305,0.29788055109446954,7.288144150111354,1.0,2026-05-03-15-05-44-046962,microagi,microagi,9,False,False,False,False,False,False,False
634.0,21.133333333333333,0.0,0.0,0.0,0.0,0.0,0.0,0.0,0.0,0.0,0.0,0.0,0.0,0.0,0.0,155.15684865526416,1.0,155.34828574126686,1.0,1.0,155.34828574126686,5.765930838237941,0.2732668643714664,0.2906402683879778,5.276369169651963,0.250064889556965,0.2915952933354823,1.2660391751584825,0.0,0.4458655011145177,0.2616658769642157,11.042300007889903,1.0,2026-05-03-15-15-42-413766,microagi,microagi,9,False,False,False,False,False,False,False
1396.0,46.53333333333333,0.0,0.0,0.0,0.0,0.0,0.0,0.0,0.0,0.0,0.0,0.0,0.0,0.0,0.0,155.4254841296946,1.0,152.86064226497547,1.0,1.0,155.4254841296946,11.289936791223683,0.2427943395962082,0.12351461281034565,12.426400419740737,0.2672344176288331,0.11429030000669033,1.967365533940676,0.0,0.7572765627507652,0.25501437861252063,23.71633721096442,1.0,2026-05-03-15-18-53-191862,microagi,microagi,9,False,False,False,False,True,False,True
558.0,18.6,0.0,0.0,0.0,0.0,0.0,0.0,0.0,0.0,0.0,0.0,0.0,0.0,0.0,0.0,157.05487496749598,1.0,156.52344038838964,1.0,1.0,157.05487496749598,4.579182198871554,0.24663458880816272,0.29320384849190234,5.0644305512987176,0.2727700476462505,0.2658242329209195,1.086897292189956,0.0,0.27077537241124716,0.25970231822720663,9.643612750170272,1.0,2026-05-03-15-20-38-403329,microagi,microagi,9,False,False,False,False,False,False,False
1515.0,50.5,0.0,0.0,0.0,0.0,0.0,0.0,0.0,0.0,0.0,0.0,0.0,0.0,0.0,0.0,159.0430590455864,1.0,158.117242098652,1.0,1.0,159.0430590455864,13.444335255531303,0.26640030228925965,0.29152689569147827,12.807439683141006,0.253780178661975,0.24664745232761687,2.0360462960942876,0.0,0.6720734760521655,0.2600902404756173,26.25177493867231,1.0,2026-05-03-15-22-39-486375,microagi,microagi,9,False,False,False,False,True,False,True
563.0,18.766666666666666,0.0,0.0,0.0,0.0,0.0,0.0,0.0,0.0,0.0,0.0,0.0,0.0,0.0,0.0,156.98361946465133,1.0,156.98778968950938,1.0,1.0,156.98778968950938,3.767590056497862,0.20111690693049086,0.23577914620130236,4.344672222568849,0.2319220047634617,0.37451143136505344,2.069582162830526,0.0,0.5610159137104429,0.2165194558469763,8.11226227906671,1.0,2026-05-03-15-26-57-994002,microagi,microagi,9,False,False,False,False,False,False,False
233.0,7.766666666666667,0.0,0.0,0.0,0.0,0.0,0.0,0.0,0.0,0.0,0.0,0.0,0.0,0.0,0.0,154.0300106239541,1.0,153.49595152152716,1.0,1.0,154.0300106239541,1.9161561538355358,0.24777881299597446,0.14208316783462246,2.4422961448037226,0.31581415665565377,0.13432588364319278,1.2540679845331857,0.0,0.29031008006156217,0.28179648482581415,4.358452298639259,1.0,2026-05-03-15-37-02-321410,microagi,microagi,9,False,False,False,False,False,False,False
376.0,12.533333333333333,0.0,0.0,0.0,0.0,0.0,0.0,0.0,0.0,0.0,0.0,0.0,0.0,0.0,0.0,154.04255268799318,1.0,153.88807235611574,1.0,1.0,154.04255268799318,3.3627162479195025,0.26901729983356026,0.2525550640967898,3.0680670300856243,0.24544536240684997,0.290910018962036,1.6519223401176797,0.0,0.8403494009195612,0.2572313311202051,6.430783278005126,1.0,2026-05-03-15-39-27-714217,microagi,microagi,9,False,False,False,False,False,False,False
508.0,16.933333333333334,0.0,0.0,0.0,0.0,0.0,0.0,0.0,0.0,0.0,0.0,0.0,0.0,0.0,0.0,149.94446082456545,1.0,149.96598723257566,1.0,1.0,149.96598723257566,6.032945683681574,0.35697903453737123,0.06384356473538168,5.591849005887429,0.33087863940162304,0.5214584229382977,1.3115975397791912,0.0,0.38620271888843166,0.34392883696949716,11.624794689569004,1.0,2026-05-03-15-40-04-995884,microagi,microagi,9,False,False,False,False,False,False,False
872.0,29.066666666666666,0.0,0.0,0.0,0.0,0.0,0.0,0.0,0.0,0.0,0.0,0.0,0.0,0.0,0.0,153.98107945463585,1.0,154.3544389054701,1.0,1.0,154.3544389054701,7.053374978411097,0.24294058479027889,0.23663338481717427,6.78824768143354,0.23380876055454214,0.20166797925877492,1.4061972593891627,0.0,0.6728661449049533,0.23837467267241047,13.841622659844637,1.0,2026-05-03-15-41-41-601982,microagi,microagi,9,False,False,False,False,False,False,False
673.0,22.433333333333334,0.0,0.0,0.0,0.0,0.0,0.0,0.0,0.0,0.0,0.0,0.0,0.0,0.0,0.0,154.36268511985807,1.0,154.8885131897449,1.0,1.0,154.8885131897449,5.859988779902674,0.2616066419599408,0.14421178617008334,5.323165979805277,0.23764133838416418,0.2557462996272921,1.4156805840429958,0.0,0.44718314381467866,0.2496239901720525,11.183154759707952,1.0,2026-05-03-15-43-04-769738,microagi,microagi,9,False,False,False,False,False,False,False
279.0,9.3,0.0,0.0,0.0,0.0,0.0,0.0,0.0,0.0,0.0,0.0,0.0,0.0,0.0,0.0,159.1238191600946,1.0,159.32385753640423,1.0,1.0,159.32385753640423,2.28875006333372,0.24698741690651652,0.32152015293457,2.1662778359963077,0.23377098949600442,0.21590775045249863,1.4226424848239219,0.0,0.3638298836641473,0.24037920320126052,4.455027899330028,1.0,2026-05-03-15-43-51-089738,microagi,microagi,9,False,False,False,False,False,False,False
206.0,6.866666666666666,0.0,0.0,0.0,0.0,0.0,0.0,0.0,0.0,0.0,0.0,0.0,0.0,0.0,0.0,144.48645036695982,1.0,146.12207932879608,1.0,1.0,146.12207932879608,4.138110269027109,0.6055771125405526,0.6992963680144139,4.5313026385013835,0.6631174592928855,0.3370331084255947,3.0076403942109646,0.0,0.5829097140233427,0.6343472859167191,8.669412907528493,1.0,2026-05-03-18-00-19-569686,microagi,microagi,9,False,False,False,False,False,False,False
292.0,9.733333333333333,0.0,0.0,0.0,0.0,0.0,0.0,0.0,0.0,0.0,0.0,0.0,0.0,0.0,0.0,144.92671140737775,1.0,150.9795371787044,1.0,1.0,150.9795371787044,4.478128851446285,0.46166276819033863,0.280801092204833,4.60347256544539,0.47458480056138036,0.7169287241656481,1.5850219282709739,0.0,0.3295534543166119,0.46812378437585944,9.081601416891676,1.0,2026-05-03-18-01-56-004994,microagi,microagi,9,False,False,False,False,False,False,False
200.0,6.666666666666667,0.0,0.0,0.0,0.0,0.0,0.0,0.0,0.0,0.0,0.0,0.0,0.0,0.0,0.0,143.6765209628307,1.0,150.2818974659378,1.0,1.0,150.2818974659378,3.7285122133901307,0.5620872683502709,0.14468468950852928,4.038037235087763,0.6087493319227784,0.39358268395704704,1.6993189853085142,0.0,0.43394366641557214,0.5854183001365247,7.766549448477893,1.0,2026-05-03-18-02-24-219142,microagi,microagi,9,False,False,False,False,False,False,False
291.0,9.7,0.0,0.0,0.0,0.0,0.0,0.0,0.0,0.0,0.0,0.0,0.0,0.0,0.0,0.0,143.4202045912886,1.0,153.79473808361251,1.0,1.0,153.79473808361251,5.446792972809876,0.5634613420148147,0.36405235754480125,4.936762243733866,0.5106995424552276,0.20638286169720188,1.7143728984176545,0.0,0.4441717128224745,0.5370804422350212,10.38355521654374,1.0,2026-05-03-18-10-04-112974,microagi,microagi,9,False,False,False,False,False,False,False
284.0,9.466666666666667,0.0,0.0,0.0,0.0,0.0,0.0,0.0,0.0,0.0,0.0,0.0,0.0,0.0,0.0,162.32880267246077,1.0,154.5655569555318,1.0,1.0,162.32880267246077,4.557385856742501,0.48311510848860445,0.6577141021025976,4.974057710405548,0.5272852696542983,0.45726644851669734,1.333613552502579,0.0,0.3382213278077245,0.5052001890714515,9.531443567148049,1.0,2026-05-03-18-57-18-556976,microagi,microagi,9,False,False,False,False,False,False,False
735.0,24.5,0.0,0.0,0.0,0.0,0.0,0.0,0.0,0.0,0.0,0.0,0.0,0.0,0.0,0.0,146.0065081172154,1.0,145.24264040822064,1.0,1.0,146.0065081172154,11.754964580533859,0.4804481436185501,0.6294441541968677,11.991098839633349,0.490099407614442,0.5681798808351102,2.0954876554980024,0.0,0.8833770526161546,0.48527377561649604,23.746063420167207,1.0,2026-05-03-18-57-47-168064,microagi,microagi,9,False,False,False,False,False,False,False
216.0,7.2,0.0,0.0,0.0,0.0,0.0,0.0,0.0,0.0,0.0,0.0,0.0,0.0,0.0,0.0,160.76045532700272,1.0,161.42296040325067,1.0,1.0,161.42296040325067,1.7492559337875901,0.24408222331919863,0.0826563709149782,2.0624299637588956,0.28778092517565995,0.3320634479865237,1.4627440061063464,0.0,0.24511326016208929,0.26593157424742925,3.811685897546486,1.0,2026-05-03-19-20-55-623100,microagi,microagi,9,False,False,False,False,False,False,False
183.0,6.1,0.0,0.0,0.0,0.0,0.0,0.0,0.0,0.0,0.0,0.0,0.0,0.0,0.0,0.0,158.0667213753898,1.0,155.4768475606573,1.0,1.0,158.0667213753898,2.5422608261927113,0.41905398233945795,0.3538521390476075,2.4224462917933636,0.39930433381209274,0.20705543193772175,1.3449334504112296,0.0,0.1637974793705532,0.4091791580757754,4.964707117986075,1.0,2026-05-03-19-27-38-275208,microagi,microagi,9,False,False,False,False,False,False,False
262.0,8.733333333333333,0.0,0.0,0.0,0.0,0.0,0.0,0.0,0.0,0.0,0.0,0.0,0.0,0.0,0.0,158.81862570047014,1.0,156.6597024018454,1.0,1.0,158.81862570047014,2.556006080091275,0.29379380230934193,0.09508750199144408,3.0264285926474024,0.3478653554767129,0.1048426707212579,1.5972652708444952,0.0,0.3520202589443594,0.3208295788930274,5.582434672738677,1.0,2026-05-04-10-35-01-613699,microagi,microagi,9,False,False,False,False,False,False,False
293.0,9.766666666666667,0.0,0.0,0.0,0.0,0.0,0.0,0.0,0.0,0.0,0.0,0.0,0.0,0.0,0.0,159.21008059822404,1.0,156.47513822679076,1.0,1.0,159.21008059822404,3.3858319222232462,0.3478594440640322,0.30655046325286733,3.124559294200666,0.3210163658425342,0.2221048347683486,1.5510087250426061,0.0,0.5985264414203183,0.3344379049532832,6.510391216423912,1.0,2026-05-04-10-35-54-967033,microagi,microagi,9,False,False,False,False,False,False,False
242.0,8.066666666666666,0.0,0.0,0.0,0.0,0.0,0.0,0.0,0.0,0.0,0.0,0.0,0.0,0.0,0.0,157.1152155416384,1.0,153.88456305394644,1.0,1.0,157.1152155416384,3.98250813407389,0.4957479005071233,0.4020447078037991,4.895070885713014,0.6093449235327403,0.3330339053892291,6.102443694868354,0.0,0.4695328657227461,0.5525464120199317,8.877579019786904,1.0,2026-05-04-19-41-53-334893,microagi,microagi,9,False,False,False,False,False,False,False
396.0,13.2,0.0,0.0,0.0,0.0,0.0,0.0,0.0,0.0,0.0,0.0,0.0,0.0,0.0,0.0,156.54109407502318,1.0,156.2439635067072,1.0,1.0,156.54109407502318,5.99067447355829,0.45498793470062954,0.093070354998532,5.915297600909336,0.44926310892982296,0.3623011645798423,2.012377341068282,0.0,0.6075351566979774,0.45212552181522625,11.905972074467627,1.0,2026-05-04-19-42-20-583226,microagi,microagi,9,False,False,False,False,False,False,False
1568.0,52.266666666666666,0.0,0.0,0.0,0.0,0.0,0.0,0.0,0.0,0.0,0.0,0.0,0.0,0.0,0.0,148.84275774473105,1.0,149.82800121311442,1.0,1.0,149.82800121311442,15.840944527974056,0.303272709533645,0.8009985095707487,18.33916726349215,0.3511008410368632,0.8226086935871716,1.5549896752099688,0.0,0.5353620922636473,0.3271867752852541,34.1801117914662,1.0,2026-05-04-20-45-39-285811,microagi,microagi,9,False,False,False,False,True,False,True
194.0,6.466666666666667,0.0,0.0,0.0,0.0,0.0,0.0,0.0,0.0,0.0,0.0,0.0,0.0,0.0,0.0,148.0005707648985,1.0,154.18645323953564,1.0,1.0,154.18645323953564,2.6968016644852115,0.41919196857283086,0.17504702728439078,2.43016316184383,0.37774556919852276,0.17110695362180492,1.5108073518857537,0.0,0.468603609331484,0.3984687688856768,5.126964826329042,1.0,2026-05-04-20-46-49-982820,microagi,microagi,9,False,False,False,False,False,False,False
183.0,6.1,0.0,0.0,0.0,0.0,0.0,0.0,0.0,0.0,0.0,0.0,0.0,0.0,0.0,0.0,153.03799280042375,1.0,155.98581711839267,1.0,1.0,155.98581711839267,2.7527184933440414,0.45374480659517175,0.1651804065501535,3.573137264828901,0.588978670026742,0.06432501687902471,1.4354114204866226,0.0,0.2442780145991053,0.5213617383109568,6.325855758172942,1.0,2026-05-04-20-48-25-912091,microagi,microagi,9,False,False,False,False,False,False,False
178.0,5.933333333333334,0.0,0.0,0.0,0.0,0.0,0.0,0.0,0.0,0.0,0.0,0.0,0.0,0.0,0.0,152.57173802126317,1.0,156.67672288401113,1.0,1.0,156.67672288401113,3.094240648378304,0.5244475675217465,0.44330649803292965,2.5426949661812825,0.4309652485053021,0.346791055141247,1.5305969055133581,0.0,0.11382122698199598,0.47770640801352426,5.636935614559587,1.0,2026-05-04-20-48-50-511056,microagi,microagi,9,False,False,False,False,False,False,False
407.0,13.566666666666666,0.0,0.0,0.0,0.0,0.0,0.0,0.0,0.0,0.0,0.0,0.0,0.0,0.0,0.0,152.34086573173974,1.0,153.34523590333137,1.0,1.0,153.34523590333137,5.0627113691484364,0.3740919730897859,0.4146662545239288,5.592235786323245,0.4132193930780723,0.6806666997321624,1.5828355576958693,0.0,0.37069852043791024,0.3936556830839291,10.654947155471682,1.0,2026-05-04-20-49-42-675520,microagi,microagi,9,False,False,False,False,False,False,False
424.0,14.133333333333333,0.0,0.0,0.0,0.0,0.0,0.0,0.0,0.0,0.0,0.0,0.0,0.0,0.0,0.0,152.49513623372718,1.0,154.38356277323555,1.0,1.0,154.38356277323555,6.554302330853784,0.46484413693998466,0.40426548041628413,7.566648751295292,0.5366417554110136,0.2010130778660776,1.8872031124998683,0.0,0.5796880456978805,0.5007429461754992,14.120951082149077,1.0,2026-05-04-20-50-00-541432,microagi,microagi,9,False,False,False,False,False,False,False
242.0,8.066666666666666,0.0,0.0,0.0,0.0,0.0,0.0,0.0,0.0,0.0,0.0,0.0,0.0,0.0,0.0,147.51041410363663,1.0,146.48482008780033,1.0,1.0,147.51041410363663,2.270586455828508,0.282645616908113,0.15012563778952961,2.7208710267205074,0.3386976381809761,0.2077765845768629,1.038322325225973,0.0,0.2825174110482807,0.3106716275445446,4.9914574825490154,1.0,2026-05-04-20-54-43-996113,microagi,microagi,9,False,False,False,False,False,False,False
223.0,7.433333333333334,0.0,0.0,0.0,0.0,0.0,0.0,0.0,0.0,0.0,0.0,0.0,0.0,0.0,0.0,152.7130397053608,1.0,155.18870722126098,1.0,1.0,155.18870722126098,3.309868292080022,0.44727949892973284,0.2322705240446366,3.2936170420584157,0.4450833840619481,0.4958549513163338,1.7844445741337585,0.0,0.14880050381761045,0.44618144149584044,6.603485334138438,1.0,2026-05-04-21-02-44-375805,microagi,microagi,9,False,False,False,False,False,False,False
276.0,9.2,0.0,0.0,0.0,0.0,0.0,0.0,0.0,0.0,0.0,0.0,0.0,0.0,0.0,0.0,169.96203135988645,1.0,168.09919265801187,1.0,1.0,169.96203135988645,2.8057274453012724,0.3060793576692298,0.5941905041700664,4.020107225862524,0.43855715191227523,0.8819554967624689,1.8976807329797216,0.0,1.0766905875321988,0.3723182547907525,6.825834671163796,1.0,2026-05-05-06-39-06-053202,microagi,microagi,9,False,False,False,False,False,False,False
405.0,13.5,0.0,0.0,0.0,0.0,0.0,0.0,0.0,0.0,0.0,0.0,0.0,0.0,0.0,0.0,156.3828907129129,1.0,154.68127845114503,1.0,1.0,156.3828907129129,5.422749174313979,0.40267939413222614,0.29813544799663444,5.687382471058387,0.4223303815142367,0.4830406958511138,1.4055113570757043,0.0,0.6237585470268642,0.4125048878232314,11.110131645372366,1.0,2026-05-05-12-15-49-712251,microagi,microagi,9,False,False,False,False,False,False,False
534.0,17.8,0.0,0.0,0.0,0.0,0.0,0.0,0.0,0.0,0.0,0.0,0.0,0.0,0.0,0.0,125.05575991346866,1.0,124.55526798968353,1.0,1.0,125.05575991346866,5.513988329192454,0.3103558159020143,0.6706952001621485,7.201569576952275,0.4053416272205783,0.9211335833221019,1.9168175103137954,0.0,0.7511766106087044,0.3578487215612963,12.71555790614473,1.0,2026-05-05-12-26-08-605266,microagi,microagi,9,False,False,False,False,False,False,False
156.0,5.2,0.0,0.0,0.0,0.0,0.0,0.0,0.0,0.0,0.0,0.0,0.0,0.0,0.0,0.0,157.8478914241262,1.0,154.3763866054557,1.0,1.0,157.8478914241262,2.0786731019697005,0.4023238261876839,0.24515709424808899,1.7889476221197604,0.34624792686188904,0.2468266555976388,1.3043582661878326,0.0,0.07932197322545823,0.3742858765247865,3.867620724089461,1.0,2026-05-05-12-30-40-876766,microagi,microagi,9,False,False,False,False,False,False,False
665.0,22.166666666666668,0.0,0.0,0.0,0.0,0.0,0.0,0.0,0.0,0.0,0.0,0.0,0.0,0.0,0.0,152.40099850534008,1.0,150.1067997103436,1.0,1.0,152.40099850534008,8.452117115645022,0.3818727612490221,0.43495437958189115,8.284717013465315,0.3743095036204208,0.18222346595091488,1.7963526371566654,0.0,0.3358105523385296,0.3780911324347214,16.736834129110335,1.0,2026-05-05-12-31-27-558433,microagi,microagi,9,False,False,False,False,False,False,False
267.0,8.9,0.0,0.0,0.0,0.0,0.0,0.0,0.0,0.0,0.0,0.0,0.0,0.0,0.0,0.0,160.4170128620294,1.0,160.48082436913322,1.0,1.0,160.48082436913322,3.996939674131116,0.45078267001478745,0.4288153731159479,4.797246564469751,0.5410428456168892,0.7763033031183356,2.225351876331946,0.0,0.5282237037274131,0.4959127578158383,8.794186238600867,1.0,2026-05-05-13-13-03-574706,microagi,microagi,9,False,False,False,False,False,False,False
530.0,17.666666666666668,0.0,0.0,0.0,0.0,0.0,0.0,0.0,0.0,0.0,0.0,0.0,0.0,0.0,0.0,171.15743158569097,1.0,174.62225542155045,1.0,1.0,174.62225542155045,8.460859359047623,0.47982189181744545,0.06755419717144472,10.299355115711048,0.5840844110989251,0.27051180271285347,2.9451744232282207,0.0,0.7580958880553593,0.5319531514581853,18.76021447475867,1.0,2026-05-05-13-16-48-261447,microagi,microagi,9,False,False,False,False,False,False,False
764.0,25.466666666666665,0.0,0.0,0.0,0.0,0.0,0.0,0.0,0.0,0.0,0.0,0.0,0.0,0.0,0.0,171.6843310707324,1.0,174.04733633435794,1.0,1.0,174.04733633435794,13.970589181713132,0.5493023269349855,0.34543508944999657,13.786482010968111,0.5420635128821014,0.34731363529093945,2.2665859522047653,0.0,0.6495403700432424,0.5456829199085436,27.757071192681245,1.0,2026-05-05-13-17-46-592182,microagi,microagi,9,False,False,False,False,False,False,False
1147.0,38.233333333333334,0.0,0.0,0.0,0.0,0.0,0.0,0.0,0.0,0.0,0.0,0.0,0.0,0.0,0.0,171.42773611650247,1.0,176.06096113331603,1.0,1.0,176.06096113331603,20.014920055573253,0.5239507867951114,0.34156184921466615,19.97935136104919,0.5230196691374133,0.7126805367879089,1.9942895311110844,0.0,0.7527643141110536,0.5234852279662623,39.99427141662244,1.0,2026-05-05-13-18-13-273849,microagi,microagi,9,False,False,False,False,True,False,True
300.0,10.0,0.0,0.0,0.0,0.0,0.0,0.0,0.0,0.0,0.0,0.0,0.0,0.0,0.0,0.0,170.49655042422896,1.0,173.8237880321707,1.0,1.0,173.8237880321707,4.931599583445005,0.4948093227536794,0.24664594763372324,4.966969903540598,0.4983581843017323,0.7491952815639169,1.683996046416818,0.0,0.6204096251573925,0.49658375352770573,9.898569486985602,1.0,2026-05-05-13-23-45-650851,microagi,microagi,9,False,False,False,False,False,False,False
187.0,6.233333333333333,0.0,0.0,0.0,0.0,0.0,0.0,0.0,0.0,0.0,0.0,0.0,0.0,0.0,0.0,157.48712818681653,1.0,162.17544807373935,1.0,1.0,162.17544807373935,2.893810186093819,0.4667435784022288,0.34290979354307105,2.7921008378186793,0.45033884480946446,0.5332483899473252,1.3378555178123341,0.0,0.6953675480776713,0.45854121160584665,5.685911023912498,1.0,2026-05-05-14-26-47-885361,microagi,microagi,9,False,False,False,False,False,False,False
299.0,9.966666666666667,0.0,0.0,0.0,0.0,0.0,0.0,0.0,0.0,0.0,0.0,0.0,0.0,0.0,0.0,157.50869459640307,1.0,155.57438598042322,1.0,1.0,157.50869459640307,5.791942929290034,0.583081502948661,0.8762979939437945,5.971092813291438,0.601116726170279,0.5860249843649353,1.9030545900636446,0.0,0.8628342044444333,0.5920991145594701,11.763035742581472,1.0,2026-05-05-14-29-57-118974,microagi,microagi,9,False,False,False,False,False,False,False
168.0,5.6,0.0,0.0,0.0,0.0,0.0,0.0,0.0,0.0,0.0,0.0,0.0,0.0,0.0,0.0,150.70411883856536,1.0,149.28186471802232,1.0,1.0,150.70411883856536,3.198207082235183,0.5745282183656018,0.35760162658858097,3.8705169673753,0.6953024492290959,0.2921529772887037,1.8611925616270588,0.0,0.8243595646772087,0.6349153337973488,7.068724049610483,1.0,2026-05-05-15-41-40-375853,microagi,microagi,9,False,False,False,False,False,False,False
1304.0,43.46666666666667,0.0,0.0,0.0,0.0,0.0,0.0,0.0,0.0,0.0,0.0,0.0,0.0,0.0,0.0,158.18978767950136,1.0,158.0510160158977,1.0,1.0,158.18978767950136,20.33234490494287,0.468127664733911,0.12785628059320656,21.780635357156225,0.5014728017764287,0.1219829505519034,3.8395060425155147,0.0,1.0706304884475037,0.4848002332551699,42.1129802620991,1.0,2026-05-05-15-53-12-654640,microagi,microagi,9,False,False,False,False,True,False,True
471.0,15.7,0.0,0.0,0.0,0.0,0.0,0.0,0.0,0.0,0.0,0.0,0.0,0.0,0.0,0.0,172.85401949638336,1.0,169.58984074399567,1.0,1.0,172.85401949638336,9.415131770774552,0.600965857709014,0.5613245107802599,10.06507570747111,0.6424516409024111,0.5324731816243105,2.373750989035511,0.0,1.0659319570188126,0.6217087493057126,19.48020747824566,1.0,2026-05-05-15-58-49-133666,microagi,microagi,9,False,False,False,False,False,False,False
204.0,6.8,0.0,0.0,0.0,0.0,0.0,0.0,0.0,0.0,0.0,0.0,0.0,0.0,0.0,0.0,155.56084221283274,1.0,150.55412423190643,1.0,1.0,155.56084221283274,4.3237656025277555,0.6389801383045942,0.590158446155561,4.372265407000288,0.6461475970936386,0.8269460570635868,1.7671120566862228,0.0,0.7288241590673366,0.6425638676991164,8.696031009528044,1.0,2026-05-06-06-05-43-242715,microagi,microagi,9,False,False,False,False,False,False,False
990.0,33.0,0.0,0.0,0.0,0.0,0.0,0.0,0.0,0.0,0.0,0.0,0.0,0.0,0.0,0.0,160.43863483545906,1.0,156.02873645513466,1.0,1.0,160.43863483545906,19.309049555461606,0.5857143444528293,0.8050823028315065,20.131783975637145,0.6106708991598729,0.5669442916784969,2.588920402936889,0.0,0.9797380736618816,0.598192621806351,39.44083353109875,1.0,2026-05-06-06-15-38-192951,microagi,microagi,9,False,False,False,False,True,False,True
386.0,12.866666666666667,0.0,0.0,0.0,0.0,0.0,0.0,0.0,0.0,0.0,0.0,0.0,0.0,0.0,0.0,159.7226144768602,1.0,155.7701430492387,1.0,1.0,159.7226144768602,8.205363966607422,0.639379010384994,0.10653451040725895,8.043923653425093,0.6267992457214359,0.2694530169346399,2.1613555251392165,0.0,0.6974159068659097,0.6330891280532149,16.249287620032515,1.0,2026-05-06-06-17-43-193683,microagi,microagi,9,False,False,False,False,False,False,False
1650.0,55.0,0.0,0.0,0.0,0.0,0.0,0.0,0.0,0.0,0.0,0.0,0.0,0.0,0.0,0.0,164.65569910896178,1.0,162.38788100602818,1.0,1.0,164.65569910896178,29.2470292300679,0.5320866445737035,0.07816589445694216,31.242074088063852,0.5683821847434296,0.4166801028395709,3.3418397283769385,0.0,0.8139097403466112,0.5502344146585666,60.489103318131754,1.0,2026-05-06-06-19-28-716079,microagi,microagi,9,False,False,False,False,True,False,True
216.0,7.2,0.0,0.0,0.0,0.0,0.0,0.0,0.0,0.0,0.0,0.0,0.0,0.0,0.0,0.0,161.6068596907879,1.0,160.48801320313459,1.0,1.0,161.6068596907879,2.6141789312960073,0.36476915320409403,0.0912751934974422,2.9374584443600695,0.4098779224688469,0.08485303457405803,1.4977673075421478,0.0,0.08220519122812076,0.38732353783647044,5.551637375656076,1.0,2026-05-06-09-39-48-610067,microagi,microagi,9,False,False,False,False,False,False,False
162.0,5.4,0.0,0.0,0.0,0.0,0.0,0.0,0.0,0.0,0.0,0.0,0.0,0.0,0.0,0.0,131.8469591729538,1.0,132.33305445872685,1.0,1.0,132.33305445872685,2.0194009050527284,0.37628588292907983,0.4236929794317928,2.4201527245210683,0.4509601350039257,0.21996193546634912,1.7113319664828612,0.0,0.1108213759226502,0.4136230089665027,4.439553629573797,1.0,2026-05-06-09-42-56-772103,microagi,microagi,9,False,False,False,False,False,False,False
223.0,7.433333333333334,0.0,0.0,0.0,0.0,0.0,0.0,0.0,0.0,0.0,0.0,0.0,0.0,0.0,0.0,162.55887168677043,1.0,163.7838071727297,1.0,1.0,163.7838071727297,3.6290033690441597,0.4904058606816432,0.8455704203748963,3.785500864108732,0.5115541708255044,0.7603226366460898,1.2384465956929556,0.0,0.7542377104879558,0.5009800157535738,7.414504233152892,1.0,2026-05-06-09-44-05-781996,microagi,microagi,9,False,False,False,False,False,False,False
164.0,5.466666666666667,0.0,0.0,0.0,0.0,0.0,0.0,0.0,0.0,0.0,0.0,0.0,0.0,0.0,0.0,144.5463044689835,1.0,139.9098351037361,1.0,1.0,144.5463044689835,3.085285407029275,0.5678439399440384,0.6511486835749787,3.169273759581979,0.5833019189414685,0.507129859761009,2.266513818102384,0.0,0.28991497924651016,0.5755729294427534,6.254559166611254,1.0,2026-05-06-14-48-19-072615,microagi,microagi,9,False,False,False,False,False,False,False
209.0,6.966666666666667,0.0,0.0,0.0,0.0,0.0,0.0,0.0,0.0,0.0,0.0,0.0,0.0,0.0,0.0,144.16425549775272,1.0,139.23315827068382,1.0,1.0,144.16425549775272,3.299945338059323,0.47595365452778693,0.6007978625148462,2.402019715780232,0.3464451513144566,0.6693074347811824,1.6788193272631358,0.0,0.33604682062683666,0.4111994029211218,5.7019650538395545,1.0,2026-05-06-16-34-26-591041,microagi,microagi,9,False,False,False,False,False,False,False
195.0,6.5,0.0,0.0,0.0,0.0,0.0,0.0,0.0,0.0,0.0,0.0,0.0,0.0,0.0,0.0,132.01995666502947,1.0,129.26545782058975,1.0,1.0,132.01995666502947,4.576130690204971,0.7076490758048924,1.4375306604857558,4.878226853992312,0.7543649774214916,1.3950056741972825,1.9711468958792167,0.0,1.1586649533366273,0.731007026613192,9.454357544197283,1.0,2026-05-06-16-38-56-361472,microagi,microagi,9,False,False,False,False,False,False,False
156.0,5.2,0.0,0.0,0.0,0.0,0.0,0.0,0.0,0.0,0.0,0.0,0.0,0.0,0.0,0.0,158.81965226483348,1.0,156.31149610322421,1.0,1.0,158.81965226483348,1.7845593169348983,0.3453985774712706,0.30017370970655,1.7118220165060083,0.3313203902914855,0.5008824667862022,1.3213335226335896,0.0,0.3190888396593316,0.33835948388137804,3.4963813334409064,1.0,2026-05-06-16-43-58-109421,microagi,microagi,9,False,False,False,False,False,False,False
164.0,5.466666666666667,0.0,0.0,0.0,0.0,0.0,0.0,0.0,0.0,0.0,0.0,0.0,0.0,0.0,0.0,164.02139139836447,1.0,159.33690746320852,1.0,1.0,164.02139139836447,1.9722481272416794,0.36299045286656684,0.3691186244540044,1.851053811696116,0.34068475061891706,0.33467096616992464,1.2783036841913027,0.0,0.41224805102366985,0.3518376017427419,3.8233019389377954,1.0,2026-05-06-16-44-29-622754,microagi,microagi,9,False,False,False,False,False,False,False
201.0,6.7,0.0,0.0,0.0,0.0,0.0,0.0,0.0,0.0,0.0,0.0,0.0,0.0,0.0,0.0,158.10411930943528,1.0,153.51584746743222,1.0,1.0,158.10411930943528,2.4892154516013267,0.37338231774019903,0.11947302310533583,2.521028354659972,0.37815425319899587,0.17586454127089246,1.3777683777860736,0.0,0.3550987911466014,0.37576828546959745,5.010243806261299,1.0,2026-05-06-16-46-43-307036,microagi,microagi,9,False,False,False,False,False,False,False
189.0,6.3,0.0,0.0,0.0,0.0,0.0,0.0,0.0,0.0,0.0,0.0,0.0,0.0,0.0,0.0,154.71211074383845,1.0,153.64487072237475,1.0,1.0,154.71211074383845,3.705915279677063,0.5913694595229355,0.3107283977287535,3.623590527366713,0.5782325309627734,0.3417912997746794,1.7236800825427905,0.0,0.30334718363085095,0.5848009952428544,7.329505807043776,1.0,2026-05-06-19-19-00-284601,microagi,microagi,9,False,False,False,False,False,False,False
167.0,5.566666666666666,0.0,0.0,0.0,0.0,0.0,0.0,0.0,0.0,0.0,0.0,0.0,0.0,0.0,0.0,152.46813335938666,1.0,152.52779594041874,1.0,1.0,152.52779594041874,1.1692159962442576,0.2113040957067936,0.10590214668354433,1.2759883888159005,0.23060031123178926,0.14506176490557407,0.7413594029166816,0.0,0.15406524802098734,0.22095220346929142,2.4452043850601584,1.0,2026-05-07-00-26-06-766863,microagi,microagi,9,False,False,False,False,False,False,False
306.0,10.2,0.0,0.0,0.0,0.0,0.0,0.0,0.0,0.0,0.0,0.0,0.0,0.0,0.0,0.0,159.12311973165754,1.0,159.83870162946454,1.0,1.0,159.83870162946454,5.1631111190923304,0.5078469953205571,0.18209512970755823,4.902901654367975,0.4822526217411123,0.09328830382952231,1.7658450047182939,0.0,0.4103117148031947,0.49504980853083463,10.066012773460304,1.0,2026-05-07-04-43-51-454955,microagi,microagi,9,False,False,False,False,False,False,False
1064.0,35.46666666666667,0.0,0.0,0.0,0.0,0.0,0.0,0.0,0.0,0.0,0.0,0.0,0.0,0.0,0.0,156.63114678141062,1.0,145.97630911589326,1.0,1.0,156.63114678141062,16.400366587368996,0.46285136182603004,0.4029035061100854,16.776485697164254,0.473466200296263,0.3599905432556487,3.8548621119532087,0.0,0.7088935550308223,0.4681587810611465,33.176852284533254,1.0,2026-05-07-14-13-54-326359,microagi,microagi,9,False,False,False,False,True,False,True
1118.0,37.266666666666666,0.0,0.0,0.0,0.0,0.0,0.0,0.0,0.0,0.0,0.0,0.0,0.0,0.0,0.0,144.59979001081877,1.0,138.56752685139958,1.0,1.0,144.59979001081877,19.72825920255501,0.5298547681975383,1.6563947879079195,22.329211288347672,0.5997102405106806,1.9825244436778886,3.431273147624284,0.0,1.2420465717518039,0.5647825043541095,42.05747049090268,1.0,2026-05-07-15-17-14-469377,microagi,microagi,9,False,False,False,False,True,False,True
407.0,13.566666666666666,0.0,0.0,0.0,0.0,0.0,0.0,0.0,0.0,0.0,0.0,0.0,0.0,0.0,0.0,140.96979538049413,1.0,130.89512999057945,1.0,1.0,140.96979538049413,5.165434552142119,0.3816823560696147,0.4563830386289813,6.43696068036008,0.4756374886965577,0.6170223247000255,1.673974096531631,0.0,0.5360882980715224,0.4286599223830862,11.6023952325022,1.0,2026-05-07-15-24-21-713948,microagi,microagi,9,False,False,False,False,False,False,False
889.0,29.633333333333333,0.0,0.0,0.0,0.0,0.0,0.0,0.0,0.0,0.0,0.0,0.0,0.0,0.0,0.0,146.28670591433405,1.0,143.94114380558074,1.0,1.0,146.28670591433405,13.878523775572475,0.468869046472043,0.7581607885158644,13.49915893839657,0.456052666837722,1.1597164568058436,2.1339974779826725,0.0,1.6054392835562263,0.4624608566548825,27.377682713969044,1.0,2026-05-07-15-26-24-980558,microagi,microagi,9,False,False,False,False,False,False,False
326.0,10.866666666666667,0.0,0.0,0.0,0.0,0.0,0.0,0.0,0.0,0.0,0.0,0.0,0.0,0.0,0.0,150.95517649912736,1.0,146.41238334686787,1.0,1.0,150.95517649912736,4.799691459741984,0.44304844243772157,0.506208630105798,4.657337652009897,0.4299080909547598,0.3616044437254552,1.2654733823113622,0.0,0.203898353300491,0.4364782666962406,9.457029111751881,1.0,2026-05-07-18-33-46-019433,microagi,microagi,9,False,False,False,False,False,False,False
432.0,14.4,0.0,0.0,0.0,0.0,0.0,0.0,0.0,0.0,0.0,0.0,0.0,0.0,0.0,0.0,156.8000102829315,1.0,152.54157016881956,1.0,1.0,156.8000102829315,4.412211776437175,0.30711450880073143,0.1357332661971499,4.183855706787085,0.29121965476476225,0.19404782693934597,1.6579677996177093,0.0,0.16076949964022585,0.29916708178274687,8.59606748322426,1.0,2026-05-07-18-34-30-479433,microagi,microagi,9,False,False,False,False,False,False,False
459.0,15.3,0.0,0.0,0.0,0.0,0.0,0.0,0.0,0.0,0.0,0.0,0.0,0.0,0.0,0.0,149.8708913576889,1.0,140.50553729286815,1.0,1.0,149.8708913576889,5.451832620233215,0.35710694018994854,0.7316630991458511,5.590920893411518,0.3662175257693134,0.556339755235327,1.5824444640645179,0.0,0.2995205688700374,0.36166223297963096,11.042753513644733,1.0,2026-05-07-18-34-46-356635,microagi,microagi,9,False,False,False,False,False,False,False
197.0,6.566666666666666,0.0,0.0,0.0,0.0,0.0,0.0,0.0,0.0,0.0,0.0,0.0,0.0,0.0,0.0,153.4698542671723,1.0,149.49546253768384,1.0,1.0,153.4698542671723,2.793166203949993,0.42752543938010096,0.3247575094868891,2.5526951764174175,0.39071864945164547,0.1275245068082586,3.1240030944631583,0.0,0.2402761160215247,0.4091220444158732,5.345861380367411,1.0,2026-05-07-18-35-07-569968,microagi,microagi,9,False,False,False,False,False,False,False
275.0,9.166666666666666,0.0,0.0,0.0,0.0,0.0,0.0,0.0,0.0,0.0,0.0,0.0,0.0,0.0,0.0,153.8720031992618,1.0,141.69883600519515,1.0,1.0,153.8720031992618,4.105669817440956,0.4495258924205426,0.44418981900718757,4.5120526241969285,0.49402036031353225,0.7940866167349777,4.364167558821045,0.0,0.26898475766580277,0.4717731263670374,8.617722441637884,1.0,2026-05-07-18-35-42-191635,microagi,microagi,9,False,False,False,False,False,False,False
316.0,10.533333333333333,0.0,0.0,0.0,0.0,0.0,0.0,0.0,0.0,0.0,0.0,0.0,0.0,0.0,0.0,156.62665447877973,1.0,152.31340878127855,1.0,1.0,156.62665447877973,2.6248861831590125,0.24998916030085827,0.14338868240678562,3.22857903803535,0.30748371790812856,0.25597322792298516,2.1262246270006826,0.0,0.1534465262633909,0.2787364391044935,5.853465221194362,1.0,2026-05-07-18-36-54-103590,microagi,microagi,9,False,False,False,False,False,False,False
251.0,8.366666666666667,0.0,0.0,0.0,0.0,0.0,0.0,0.0,0.0,0.0,0.0,0.0,0.0,0.0,0.0,161.070155745775,1.0,156.45930422572536,1.0,1.0,161.070155745775,3.616615803510043,0.4339938964212051,0.2899117432128268,4.375943760566053,0.5251132512679264,0.46390457090168497,4.357229393819852,0.0,0.41150137359830363,0.47955357384456565,7.992559564076096,1.0,2026-05-07-19-10-01-214129,microagi,microagi,9,False,False,False,False,False,False,False
245.0,8.166666666666666,0.0,0.0,0.0,0.0,0.0,0.0,0.0,0.0,0.0,0.0,0.0,0.0,0.0,0.0,153.3608926821085,1.0,145.6089892820923,1.0,1.0,153.3608926821085,2.991438264662585,0.36779978663884244,0.5395692764135881,4.220623517864718,0.5189291210489407,0.7717752237582477,1.7228638514686418,0.0,0.5135404827297263,0.44336445384389156,7.212061782527303,1.0,2026-05-07-19-10-49-911299,microagi,microagi,9,False,False,False,False,False,False,False
174.0,5.8,0.0,0.0,0.0,0.0,0.0,0.0,0.0,0.0,0.0,0.0,0.0,0.0,0.0,0.0,160.0780702022102,1.0,152.92245255339515,1.0,1.0,160.0780702022102,2.512100523175447,0.4356243681807133,0.4076829201444329,2.3499756969163457,0.4075102364594819,0.6685985695208495,1.4872354444803424,0.0,0.363734211243381,0.42156730232009765,4.862076220091793,1.0,2026-05-07-19-11-14-426299,microagi,microagi,9,False,False,False,False,False,False,False
509.0,16.966666666666665,0.0,0.0,0.0,0.0,0.0,0.0,0.0,0.0,0.0,0.0,0.0,0.0,0.0,0.0,159.1080150328021,1.0,149.55111113675437,1.0,1.0,159.1080150328021,7.376958391972678,0.43564714913224484,0.18940376878430248,7.596815746420382,0.44863085116655793,0.4407430077398141,3.0857595871371455,0.0,0.6601383780830099,0.4421390001494014,14.973774138393061,1.0,2026-05-07-19-12-06-992966,microagi,microagi,9,False,False,False,False,False,False,False
1577.0,52.56666666666667,0.0,0.0,0.0,0.0,0.0,0.0,0.0,0.0,0.0,0.0,0.0,0.0,0.0,0.0,162.58996666962304,1.0,163.87221246956614,1.0,1.0,163.87221246956614,19.179562571253076,0.36509319615329466,0.2758759607326859,23.685643068396068,0.4508688401344429,0.399648080428425,3.98894946326116,0.0,0.5332141983380746,0.4079810181438688,42.86520563964915,1.0,2026-05-07-19-22-04-801275,microagi,microagi,9,False,False,False,False,True,False,True
228.0,7.6,0.0,0.0,0.0,0.0,0.0,0.0,0.0,0.0,0.0,0.0,0.0,0.0,0.0,0.0,152.29977721957277,1.0,152.6077695186744,1.0,1.0,152.6077695186744,4.023189339712553,0.531699031680073,0.44830779456916636,3.600395617526644,0.4758232093647547,0.48306393936529385,2.643812349215776,0.0,0.16421225205218218,0.5037611205224138,7.6235849572391965,1.0,2026-05-08-17-52-07-224658,microagi,microagi,9,False,False,False,False,False,False,False
154.0,5.133333333333334,0.0,0.0,0.0,0.0,0.0,0.0,0.0,0.0,0.0,0.0,0.0,0.0,0.0,0.0,160.9217343359207,1.0,162.97700079125994,1.0,1.0,162.97700079125994,2.212197018756328,0.43376412132477016,0.2326229034330087,1.808353366157421,0.35457909140341587,0.17553437882749,1.870969658555239,0.0,0.18440262673029784,0.39417160636409304,4.020550384913749,1.0,2026-05-08-17-56-06-943456,microagi,microagi,9,False,False,False,False,False,False,False
196.0,6.533333333333333,0.0,0.0,0.0,0.0,0.0,0.0,0.0,0.0,0.0,0.0,0.0,0.0,0.0,0.0,154.1572849611008,1.0,153.55284993031364,1.0,1.0,154.1572849611008,3.179656469388534,0.48917791836746666,0.14946773097916907,3.1497665683477534,0.4845794720535005,0.3824506169695503,1.1320375435810683,0.0,0.7100413930538209,0.4868786952104836,6.329423037736287,1.0,2026-05-08-18-06-03-915868,microagi,microagi,9,False,False,False,False,False,False,False
191.0,6.366666666666666,0.0,0.0,0.0,0.0,0.0,0.0,0.0,0.0,0.0,0.0,0.0,0.0,0.0,0.0,142.12641224180578,1.0,141.32368699485255,1.0,1.0,142.12641224180578,3.2095057826247873,0.5067640709407558,0.7936243714820197,3.522864179248992,0.5562417125129987,1.1992542095755754,1.5578267550193572,0.0,0.5777763735902148,0.5315028917268773,6.732369961873779,1.0,2026-05-08-22-03-28-381671,microagi,microagi,9,False,False,False,False,False,False,False
351.0,11.7,0.0,0.0,0.0,0.0,0.0,0.0,0.0,0.0,0.0,0.0,0.0,0.0,0.0,0.0,139.99370721514754,1.0,138.0912348634949,1.0,1.0,139.99370721514754,4.2735030629151876,0.36630026253558756,0.4315475239402736,4.3435862276623585,0.3723073909424879,0.42015051629107075,1.813685784939167,0.0,0.47069054153900547,0.3693038267390377,8.617089290577546,1.0,2026-05-08-22-04-57-482299,microagi,microagi,9,False,False,False,False,False,False,False
182.0,6.066666666666666,0.0,0.0,0.0,0.0,0.0,0.0,0.0,0.0,0.0,0.0,0.0,0.0,0.0,0.0,157.8031295137612,1.0,158.9736820686424,1.0,1.0,158.9736820686424,2.4860219593446824,0.41204783856541705,0.4138574114229442,3.053505846635485,0.5061059414312961,0.4874483884375247,1.4603282300319038,0.0,0.8642206089981163,0.4590768899983565,5.539527805980168,1.0,2026-05-09-09-19-07-857384,microagi,microagi,9,False,False,False,False,False,False,False
295.0,9.833333333333334,0.0,0.0,0.0,0.0,0.0,0.0,0.0,0.0,0.0,0.0,0.0,0.0,0.0,0.0,156.8255570028389,1.0,153.14100742270992,1.0,1.0,156.8255570028389,3.891567887535559,0.3970987640342408,0.5419004551571267,5.465179522736319,0.557671379871053,0.743655951219595,1.831221269050191,0.0,0.5400405169082175,0.4773850719526468,9.356747410271879,1.0,2026-05-09-09-20-34-778975,microagi,microagi,9,False,False,False,False,False,False,False
220.0,7.333333333333333,0.0,0.0,0.0,0.0,0.0,0.0,0.0,0.0,0.0,0.0,0.0,0.0,0.0,0.0,141.8419013056032,1.0,140.74830096885194,1.0,1.0,141.8419013056032,2.604399088830561,0.35676699846993987,0.3335623657349579,5.080348349660044,0.6959381300904172,0.5598768650106755,1.7855173647171538,0.0,0.26079862445944124,0.5263525642801785,7.684747438490605,1.0,2026-05-09-09-27-34-710561,microagi,microagi,9,False,False,False,False,False,False,False
333.0,11.1,0.0,0.0,0.0,0.0,0.0,0.0,0.0,0.0,0.0,0.0,0.0,0.0,0.0,0.0,141.44272512571106,1.0,139.74049741443656,1.0,1.0,141.44272512571106,5.764779152806408,0.520913778868049,0.23667094444681339,6.411305312196143,0.5793348173671214,0.19080764812456025,2.1368521775538576,0.0,0.27356482806875976,0.5501242981175852,12.176084465002551,1.0,2026-05-09-09-27-51-544450,microagi,microagi,9,False,False,False,False,False,False,False
875.0,29.166666666666668,0.0,0.0,0.0,0.0,0.0,0.0,0.0,0.0,0.0,0.0,0.0,0.0,0.0,0.0,149.87615545104205,1.0,144.87160074950845,1.0,1.0,149.87615545104205,13.58012445762327,0.46613699511292694,0.5198294604802993,13.63265870042112,0.46794022999157153,0.6014795475916325,1.6035292772816439,0.0,0.7316647709932886,0.4670386125522493,27.212783158044388,1.0,2026-05-09-09-55-34-936356,microagi,microagi,9,False,False,False,False,False,False,False
459.0,15.3,0.0,0.0,0.0,0.0,0.0,0.0,0.0,0.0,0.0,0.0,0.0,0.0,0.0,0.0,150.188521606756,1.0,145.3849603384038,1.0,1.0,150.188521606756,6.866941284355432,0.44979964744686235,0.2607585290618614,7.27149915908813,0.476299071555991,0.41260841825427186,1.7957577031433536,0.0,0.36567257039929835,0.4630493595014267,14.138440443443562,1.0,2026-05-09-09-56-26-498634,microagi,microagi,9,False,False,False,False,False,False,False
219.0,7.3,0.0,0.0,0.0,0.0,0.0,0.0,0.0,0.0,0.0,0.0,0.0,0.0,0.0,0.0,160.46047658864265,1.0,153.72013041034504,1.0,1.0,160.46047658864265,3.0335211790664802,0.4174570429908001,0.4195222264101363,3.171102642718592,0.43639027193375124,0.28214542834305206,1.4481383160426125,0.0,0.27109862783230326,0.4269236574622757,6.204623821785072,1.0,2026-05-09-15-26-55-694079,microagi,microagi,9,False,False,False,False,False,False,False
482.0,16.066666666666666,0.0,0.0,0.0,0.0,0.0,0.0,0.0,0.0,0.0,0.0,0.0,0.0,0.0,0.0,162.1591922537736,1.0,160.46342435338747,1.0,1.0,162.1591922537736,5.461518621275639,0.3406352570442186,0.29265334664188464,5.543964307136395,0.3457773996134967,0.18720812724237149,3.0525545117919273,0.0,0.21297096634745225,0.3432063283288576,11.005482928412034,1.0,2026-05-09-15-27-19-204079,microagi,microagi,9,False,False,False,False,False,False,False
368.0,12.266666666666667,0.0,0.0,0.0,0.0,0.0,0.0,0.0,0.0,0.0,0.0,0.0,0.0,0.0,0.0,158.66161642799767,1.0,156.74422330986624,1.0,1.0,158.66161642799767,6.039522622226831,0.4936939473209943,0.30235957551607295,5.57119053184025,0.45541067017767706,0.320649833643412,2.531933625923933,0.0,0.31030145137825615,0.4745523087493356,11.610713154067081,1.0,2026-05-09-15-29-06-655357,microagi,microagi,9,False,False,False,False,False,False,False
217.0,7.233333333333333,0.0,0.0,0.0,0.0,0.0,0.0,0.0,0.0,0.0,0.0,0.0,0.0,0.0,0.0,164.1050806970769,1.0,162.2561959192998,1.0,1.0,164.1050806970769,3.0417823518713853,0.42246977109324796,0.3689753842595011,3.6644427695129345,0.5089503846545743,0.3893706820500093,1.4166042812163184,0.0,0.3783482661904571,0.4657100778739111,6.706225121384319,1.0,2026-05-09-16-23-49-023772,microagi,microagi,9,False,False,False,False,False,False,False
973.0,32.43333333333333,0.0,0.0,0.0,0.0,0.0,0.0,0.0,0.0,0.0,0.0,0.0,0.0,0.0,0.0,159.93844358208304,1.0,158.84577333879867,1.0,1.0,159.93844358208304,11.859149633254583,0.36602313682884513,0.2850126359486793,11.186430776534063,0.3452602091522859,0.1404365512984051,2.076158838897995,0.0,0.5926345583923734,0.3556416729905655,23.04558040978865,1.0,2026-05-09-16-33-09-599071,microagi,microagi,9,False,False,False,False,True,False,True
334.0,11.133333333333333,0.0,0.0,0.0,0.0,0.0,0.0,0.0,0.0,0.0,0.0,0.0,0.0,0.0,0.0,157.42459805556933,1.0,156.82686439218668,1.0,1.0,157.42459805556933,2.46242071942343,0.22183970445256124,0.17453452097469585,2.8795059793388393,0.25941495309358914,0.40183619680507476,1.6581526715185828,0.0,0.17555790477757344,0.24062732877307522,5.341926698762269,1.0,2026-05-09-16-33-58-225737,microagi,microagi,9,False,False,False,False,False,False,False
182.0,6.066666666666666,0.0,0.0,0.0,0.0,0.0,0.0,0.0,0.0,0.0,0.0,0.0,0.0,0.0,0.0,158.25256265358604,1.0,155.026148969139,1.0,1.0,158.25256265358604,4.224429909760568,0.7001817529989892,0.37687391225082467,4.389017868416312,0.7274615251518749,0.1873124639180194,2.583788938911205,0.0,0.5045030901086133,0.713821639075432,8.61344777817688,1.0,2026-05-09-16-34-56-457765,microagi,microagi,9,False,False,False,False,False,False,False
486.0,16.2,0.0,0.0,0.0,0.0,0.0,0.0,0.0,0.0,0.0,0.0,0.0,0.0,0.0,0.0,156.28453447213064,1.0,155.05387702910886,1.0,1.0,156.28453447213064,7.752079659356723,0.4795100820220653,0.5576010245614066,7.994396695127372,0.49449876464705395,0.7268277074979035,2.0592060649314994,0.0,0.5434645291178,0.4870044233345597,15.746476354484095,1.0,2026-05-09-16-36-02-226098,microagi,microagi,9,False,False,False,False,False,False,False
665.0,22.166666666666668,0.0,0.0,0.0,0.0,0.0,0.0,0.0,0.0,0.0,0.0,0.0,0.0,0.0,0.0,130.05229021162302,1.0,131.8606954760737,1.0,1.0,131.8606954760737,6.196016868355483,0.2799405211606393,0.6900881514522332,8.758054938665639,0.39569525325296556,0.19314048799337846,3.62221946337849,0.0,0.49804083616760525,0.33781788720680245,14.954071807021123,1.0,2026-05-09-16-41-26-878254,microagi,microagi,9,False,False,False,False,False,False,False
193.0,6.433333333333334,0.0,0.0,0.0,0.0,0.0,0.0,0.0,0.0,0.0,0.0,0.0,0.0,0.0,0.0,162.49884580828754,1.0,164.1280719092642,1.0,1.0,164.1280719092642,2.740850218737216,0.4282578466776899,0.36042694985680274,2.413710264455781,0.3771422288212158,0.3812996983381674,1.6782444817447821,0.0,0.1384632206239418,0.4027000377494529,5.154560483192997,1.0,2026-05-09-17-18-35-286158,microagi,microagi,9,False,False,False,False,False,False,False
418.0,13.933333333333334,0.0,0.0,0.0,0.0,0.0,0.0,0.0,0.0,0.0,0.0,0.0,0.0,0.0,0.0,158.7951330044865,1.0,158.59679163113788,1.0,1.0,158.7951330044865,4.912741961990319,0.3534346735244833,0.4148106111415271,6.398058111193826,0.46029195044559906,0.44380497929610946,1.453080241857157,0.0,0.1926029564877675,0.40686331198504117,11.310800073184145,1.0,2026-05-09-17-21-49-252443,microagi,microagi,9,False,False,False,False,False,False,False
263.0,8.766666666666667,0.0,0.0,0.0,0.0,0.0,0.0,0.0,0.0,0.0,0.0,0.0,0.0,0.0,0.0,151.5132461504055,1.0,154.19308253370696,1.0,1.0,154.19308253370696,3.887241207020205,0.44510395500231353,0.4225852381546801,4.150805381259705,0.4752830589228669,0.1330160608633421,1.718632125823485,0.0,0.3078264591265843,0.46019350696259026,8.03804658827991,1.0,2026-05-09-17-43-47-955685,microagi,microagi,9,False,False,False,False,False,False,False
793.0,26.433333333333334,0.0,0.0,0.0,0.0,0.0,0.0,0.0,0.0,0.0,0.0,0.0,0.0,0.0,0.0,146.96596398499634,1.0,142.9182756703211,1.0,1.0,146.96596398499634,13.65408647297182,0.5172002451883265,0.8469713562278006,14.180858198996255,0.5371537196589491,0.7830062933000711,2.8873533391861455,0.0,0.9147075503675807,0.5271769824236378,27.834944671968074,1.0,2026-05-09-17-56-23-254286,microagi,microagi,9,False,False,False,False,False,False,False
248.0,8.266666666666667,0.0,0.0,0.0,0.0,0.0,0.0,0.0,0.0,0.0,0.0,0.0,0.0,0.0,0.0,138.09951816298548,1.0,128.95052737530392,1.0,1.0,138.09951816298548,3.391309653257924,0.4118999578855778,0.6871480231972233,3.65575059383107,0.4440182907487129,0.6569633134444806,1.6727215133145372,0.0,0.48923685589675026,0.4279591243171454,7.047060247088994,1.0,2026-05-09-17-56-50-370952,microagi,microagi,9,False,False,False,False,False,False,False
390.0,13.0,0.0,0.0,0.0,0.0,0.0,0.0,0.0,0.0,0.0,0.0,0.0,0.0,0.0,0.0,156.79948538392284,1.0,158.40703477263594,1.0,1.0,158.40703477263594,3.737330075021993,0.2882259697960406,0.2603274664255443,4.179225301969882,0.32230529321104484,0.32505918346513324,1.1034726788765412,0.0,0.391757954395632,0.30526563150354274,7.916555376991875,1.0,2026-05-10-11-01-26-919686,microagi,microagi,9,False,False,False,False,False,False,False
491.0,16.366666666666667,0.0,0.0,0.0,0.0,0.0,0.0,0.0,0.0,0.0,0.0,0.0,0.0,0.0,0.0,165.9819971054884,1.0,164.93112654844327,1.0,1.0,165.9819971054884,4.832288022884018,0.29585436874800114,0.24915446183340847,4.546134774340696,0.27833478210249163,0.19600430680354503,1.2266819373929534,0.0,0.19044125551259455,0.2870945754252463,9.378422797224715,1.0,2026-05-10-11-25-18-539858,microagi,microagi,9,False,False,False,False,False,False,False
1978.0,65.93333333333334,0.0,0.0,0.0,0.0,0.0,0.0,0.0,0.0,0.0,0.0,0.0,0.0,0.0,0.0,163.57567585050623,1.0,162.61521859066,1.0,1.0,163.57567585050623,22.923551244247335,0.34785358488994433,0.23373140650089586,16.574594881995687,0.25151130321693,0.08379572747024415,3.9943313537438123,0.0,0.6827521633101583,0.29968244405343714,39.49814612624302,1.0,2026-05-10-11-28-41-385564,microagi,microagi,9,False,False,False,False,True,False,True
285.0,9.5,0.0,0.0,0.0,0.0,0.0,0.0,0.0,0.0,0.0,0.0,0.0,0.0,0.0,0.0,160.56223571892963,1.0,161.0804789523102,1.0,1.0,161.0804789523102,4.029459364239067,0.4256471159407465,0.2709259548117706,3.518713263048749,0.37169506299810734,0.25983408703458366,1.7706997384450625,0.0,0.32337930712851287,0.39867108946942686,7.548172627287816,1.0,2026-05-10-11-49-24-149358,microagi,microagi,9,False,False,False,False,False,False,False
858.0,28.6,0.0,0.0,0.0,0.0,0.0,0.0,0.0,0.0,0.0,0.0,0.0,0.0,0.0,0.0,157.13406847229777,1.0,162.08876905958465,1.0,1.0,162.08876905958465,12.502486096824699,0.43765995671498364,0.4836227472571411,14.01814613391903,0.4907169008373056,0.6353075413628794,3.03130238267409,0.0,1.2515145800281373,0.4641884287761447,26.52063223074373,1.0,2026-05-10-12-55-43-868601,microagi,microagi,9,False,False,False,False,False,False,False
623.0,20.766666666666666,0.0,0.0,0.0,0.0,0.0,0.0,0.0,0.0,0.0,0.0,0.0,0.0,0.0,0.0,161.3219624786423,1.0,165.21987693963786,1.0,1.0,165.21987693963786,5.39609568501903,0.2602618497597603,0.23199606573522624,4.113453047519652,0.19839805695432405,0.23939976789696224,1.1813398818741756,0.0,0.3063831151031635,0.22932995335704218,9.509548732538683,1.0,2026-05-10-14-45-31-341962,microagi,microagi,9,False,False,False,False,False,False,False
293.0,9.766666666666667,0.0,0.0,0.0,0.0,0.0,0.0,0.0,0.0,0.0,0.0,0.0,0.0,0.0,0.0,158.20508647761488,1.0,160.93820057513696,1.0,1.0,160.93820057513696,1.9234394483542898,0.19761364195420786,0.22620935589398378,2.278906789687388,0.23413425921445766,0.27422795014988033,0.910760062506247,0.0,0.24245820150175984,0.21587395058433273,4.202346238041677,1.0,2026-05-10-14-52-44-302714,microagi,microagi,9,False,False,False,False,False,False,False
266.0,8.866666666666667,0.0,0.0,0.0,0.0,0.0,0.0,0.0,0.0,0.0,0.0,0.0,0.0,0.0,0.0,153.46929579483663,1.0,153.5336026269995,1.0,1.0,153.5336026269995,1.9712559292362473,0.22316104859278266,0.06547913234736262,1.8054642946473218,0.2043921842996968,0.0599132689305598,0.9063249082656128,0.0,0.12927278029350267,0.21377661644623971,3.776720223883569,1.0,2026-05-10-14-53-23-648980,microagi,microagi,9,False,False,False,False,False,False,False
383.0,12.766666666666667,0.0,0.0,0.0,0.0,0.0,0.0,0.0,0.0,0.0,0.0,0.0,0.0,0.0,0.0,149.10389629827932,1.0,147.7492092960448,1.0,1.0,149.10389629827932,5.353233420423767,0.4204110016039608,0.2613569813540665,5.780609051323913,0.4539745328264853,0.08165010190689465,1.3517768030712156,0.0,0.3888100044269823,0.437192767215223,11.13384247174768,1.0,2026-05-11-09-37-20-387221,microagi,microagi,9,False,False,False,False,False,False,False
354.0,11.8,0.0,0.0,0.0,0.0,0.0,0.0,0.0,0.0,0.0,0.0,0.0,0.0,0.0,0.0,148.88091655574024,1.0,147.87128709425195,1.0,1.0,148.88091655574024,6.23348438936373,0.5297578801158978,0.2399021243277387,6.124264401507322,0.5204757281734268,0.27367558273275105,1.8288001201322224,0.0,0.33959799424457743,0.5251168041446622,12.357748790871053,1.0,2026-05-11-09-38-19-285620,microagi,microagi,9,False,False,False,False,False,False,False
159.0,5.3,0.0,0.0,0.0,0.0,0.0,0.0,0.0,0.0,0.0,0.0,0.0,0.0,0.0,0.0,147.89138586274925,1.0,151.94947980144343,1.0,1.0,151.94947980144343,2.3828836845552477,0.45244626921935077,0.4014063683398968,2.109896782193646,0.4006133130747429,0.26578456207974843,1.7049525639955234,0.0,0.35889150528007474,0.4265297911470468,4.4927804667488935,1.0,2026-05-11-09-39-48-345202,microagi,microagi,9,False,False,False,False,False,False,False
161.0,5.366666666666666,0.0,0.0,0.0,0.0,0.0,0.0,0.0,0.0,0.0,0.0,0.0,0.0,0.0,0.0,156.96816029238636,1.0,156.86101907091137,1.0,1.0,156.96816029238636,2.9805059461683943,0.5588448649065739,0.2701374769916054,3.1265638424149795,0.5862307204528087,0.2639127602225368,1.4474233337701043,0.0,0.35952164017901866,0.5725377926796913,6.107069788583374,1.0,2026-05-11-09-41-33-082423,microagi,microagi,9,False,False,False,False,False,False,False
154.0,5.133333333333334,0.0,0.0,0.0,0.0,0.0,0.0,0.0,0.0,0.0,0.0,0.0,0.0,0.0,0.0,165.13278320401957,1.0,164.47446807405657,1.0,1.0,165.13278320401957,1.939629280680676,0.38031946680013257,0.24942640215280948,1.8086422403992137,0.35463573341161053,0.2719856189624946,1.499389039876177,0.0,0.24632641205788075,0.36747760010587155,3.74827152107989,1.0,2026-05-11-13-40-40-375812,microagi,microagi,9,False,False,False,False,False,False,False
252.0,8.4,0.0,0.0,0.0,0.0,0.0,0.0,0.0,0.0,0.0,0.0,0.0,0.0,0.0,0.0,163.18145494808587,1.0,162.02340615075622,1.0,1.0,163.18145494808587,3.65201020585455,0.43649524372763543,0.1710793393697476,3.88081351964309,0.46384225334379564,0.30103177992995933,1.3483353706616552,0.0,0.4095289280010654,0.4501687485357156,7.53282372549764,1.0,2026-05-11-13-41-33-161567,microagi,microagi,9,False,False,False,False,False,False,False
176.0,5.866666666666666,0.0,0.0,0.0,0.0,0.0,0.0,0.0,0.0,0.0,0.0,0.0,0.0,0.0,0.0,167.0673226637051,1.0,167.6170554637671,1.0,1.0,167.6170554637671,2.293955482782941,0.3932495113342184,0.22048477502389077,2.289217324823551,0.3924372556840373,0.19595040359253724,1.1032992769745114,0.0,0.37093957223230256,0.3928433835091279,4.583172807606492,1.0,2026-05-11-13-46-53-335709,microagi,microagi,9,False,False,False,False,False,False,False
258.0,8.6,0.0,0.0,0.0,0.0,0.0,0.0,0.0,0.0,0.0,0.0,0.0,0.0,0.0,0.0,155.0122329388155,1.0,159.0136048516232,1.0,1.0,159.0136048516232,4.920054934115157,0.5743254786904852,0.7419660465178166,4.987432128260429,0.5821905208086103,0.553909487281639,2.3663722454809086,0.0,0.4673887244183398,0.5782579997495478,9.907487062375587,1.0,2026-05-11-17-02-56-729177,microagi,microagi,9,False,False,False,False,False,False,False
948.0,31.6,0.0,0.0,0.0,0.0,0.0,0.0,0.0,0.0,0.0,0.0,0.0,0.0,0.0,0.0,160.61199830940308,1.0,160.91586790501168,1.0,1.0,160.91586790501168,16.008022542760187,0.5071179263809984,0.42800235671907644,17.5462857076847,0.5558485440660411,0.30351307874442784,2.11040825568404,0.0,0.585933125559218,0.5314832352235198,33.55430825044489,1.0,2026-05-11-17-03-52-923834,microagi,microagi,9,False,False,False,False,False,False,False
657.0,21.9,0.0,0.0,0.0,0.0,0.0,0.0,0.0,0.0,0.0,0.0,0.0,0.0,0.0,0.0,159.65754450581625,1.0,161.1248429646882,1.0,1.0,161.1248429646882,12.106110356785319,0.5536330955846944,0.3393197049403502,12.012941755726054,0.5493723363899109,0.38414008310637965,2.5351925800310395,0.0,0.6113846260416897,0.5515027159873027,24.119052112511373,1.0,2026-05-11-17-04-54-518834,microagi,microagi,9,False,False,False,False,False,False,False
796.0,26.533333333333335,0.0,0.0,0.0,0.0,0.0,0.0,0.0,0.0,0.0,0.0,0.0,0.0,0.0,0.0,161.6578953834196,1.0,159.65372447925262,1.0,1.0,161.6578953834196,10.77896641739958,0.40675344971319166,0.12781597577417547,10.568466584975898,0.39881005981041123,0.11270062122584702,1.438944734207685,0.0,0.4834052040117691,0.4027817547618015,21.347433002375478,1.0,2026-05-11-17-17-06-672188,microagi,microagi,9,False,False,False,False,False,False,False
474.0,15.8,0.0,0.0,0.0,0.0,0.0,0.0,0.0,0.0,0.0,0.0,0.0,0.0,0.0,0.0,163.62019884524165,1.0,164.38220391584554,1.0,1.0,164.38220391584554,5.126680428816783,0.3251594352315084,0.017046143044932332,4.05518527620255,0.25719991180988694,0.09697231989768047,1.6102860653703388,0.0,0.23386734760601652,0.2911796735206977,9.181865705019334,1.0,2026-05-11-18-57-21-994702,microagi,microagi,9,False,False,False,False,False,False,False
527.0,17.566666666666666,0.0,0.0,0.0,0.0,0.0,0.0,0.0,0.0,0.0,0.0,0.0,0.0,0.0,0.0,164.96829438217367,1.0,166.88806817110927,1.0,1.0,166.88806817110927,5.1372315447127255,0.2929979968467334,0.1725590895387225,4.732869319466844,0.2699355125171204,0.30453003772442416,1.5017763632684393,0.0,0.08789983927321583,0.2814667546819269,9.87010086417957,1.0,2026-05-11-18-59-17-145650,microagi,microagi,9,False,False,False,False,False,False,False
291.0,9.7,0.0,0.0,0.0,0.0,0.0,0.0,0.0,0.0,0.0,0.0,0.0,0.0,0.0,0.0,151.68616075121602,1.0,148.37792957685687,1.0,1.0,151.68616075121602,3.569250132742937,0.3692327723527176,0.1600475712113857,5.574209254624742,0.5766423366853182,0.21424709052895607,1.5766892258179295,0.0,0.37343411218948314,0.4729375545190179,9.14345938736768,1.0,2026-05-11-22-42-07-629760,microagi,microagi,9,False,False,False,False,False,False,False
319.0,10.633333333333333,0.0,0.0,0.0,0.0,0.0,0.0,0.0,0.0,0.0,0.0,0.0,0.0,0.0,0.0,145.91273613082183,1.0,145.98015722074533,1.0,1.0,145.98015722074533,4.30060047293645,0.4057170257487217,0.5521031491650236,5.202865166171858,0.4908363364313073,0.20798506291819507,1.634374479335981,0.0,0.32704850470591645,0.44827668109001445,9.503465639108308,1.0,2026-05-11-22-42-18-869760,microagi,microagi,9,False,False,False,False,False,False,False
346.0,11.533333333333333,0.0,0.0,0.0,0.0,0.0,0.0,0.0,0.0,0.0,0.0,0.0,0.0,0.0,0.0,162.80034888569423,1.0,162.8651917633188,1.0,1.0,162.8651917633188,3.084184115299145,0.2681899230694909,0.2308907561346087,3.4189863881596216,0.2973031641877931,0.34122690602888034,1.0863074482700998,0.0,0.37424584915981945,0.28274654362864204,6.503170503458767,1.0,2026-05-12-10-18-06-159919,microagi,microagi,9,False,False,False,False,False,False,False
153.0,5.1,0.0,0.0,0.0,0.0,0.0,0.0,0.0,0.0,0.0,0.0,0.0,0.0,0.0,0.0,161.65443290633974,1.0,163.88882216003853,1.0,1.0,163.88882216003853,2.0209983111032868,0.3988812456124908,0.3168725766262719,2.3137902930011855,0.4566691367765498,0.12587779745643787,1.3410143048989063,0.0,0.14388565885491117,0.42777519119452023,4.334788604104473,1.0,2026-05-12-11-41-05-180545,microagi,microagi,9,False,False,False,False,False,False,False
623.0,20.766666666666666,0.0,0.0,0.0,0.0,0.0,0.0,0.0,0.0,0.0,0.0,0.0,0.0,0.0,0.0,163.1195299755681,1.0,162.9675642688473,1.0,1.0,163.1195299755681,7.881183532674214,0.38012139225116787,0.21103177849742463,8.585323629350581,0.41408313324842033,0.09750992454993909,1.9322954466893951,0.0,0.14906914073754554,0.3971022627497941,16.466507162024797,1.0,2026-05-12-12-11-16-692797,microagi,microagi,9,False,False,False,False,False,False,False
220.0,7.333333333333333,0.0,0.0,0.0,0.0,0.0,0.0,0.0,0.0,0.0,0.0,0.0,0.0,0.0,0.0,143.17954832875085,1.0,148.58523318355122,1.0,1.0,148.58523318355122,2.726945351297665,0.3735541577120089,0.1311591295362707,2.8917542168242307,0.39613071463345634,0.3195656368953895,1.338010175986786,0.0,0.11716420208457608,0.3848424361727326,5.618699568121896,1.0,2026-05-12-12-30-09-936224,microagi,microagi,9,False,False,False,False,False,False,False
221.0,7.366666666666666,0.0,0.0,0.0,0.0,0.0,0.0,0.0,0.0,0.0,0.0,0.0,0.0,0.0,0.0,141.76904920026158,1.0,145.98314910519503,1.0,1.0,145.98314910519503,3.0347305073709405,0.41382688736876466,0.31895788487998894,3.232693733986352,0.44082187281632074,0.19892189413782987,1.2267162103855744,0.0,0.1833786470444527,0.4273243800925427,6.2674242413572925,1.0,2026-05-12-12-30-26-842891,microagi,microagi,9,False,False,False,False,False,False,False
4095.0,136.5,0.0,0.0,0.0,0.0,0.0,0.0,0.0,0.0,0.0,0.0,0.0,0.0,0.0,0.0,143.44725669891073,1.0,147.54005022880517,1.0,1.0,147.54005022880517,43.280485421182874,0.31715060152307917,0.2612370905400185,48.81265934564766,0.35768924776976785,0.12595263012641708,3.5414999611341784,0.0,0.19461244603324707,0.33741992464642345,92.09314476683053,1.0,2026-05-12-12-31-08-659557,microagi,microagi,9,False,False,False,False,True,False,True
457.0,15.233333333333333,0.0,0.0,0.0,0.0,0.0,0.0,0.0,0.0,0.0,0.0,0.0,0.0,0.0,0.0,143.76174504145987,1.0,147.56590085465112,1.0,1.0,147.56590085465112,3.8821348567343783,0.2554036089956828,0.25645634906064974,5.887609589949524,0.38734273618088977,0.4776490121866328,2.098667298904536,0.0,0.09732098090145508,0.3213731725882863,9.769744446683902,1.0,2026-05-12-12-33-31-451417,microagi,microagi,9,False,False,False,False,False,False,False
591.0,19.7,0.0,0.0,0.0,0.0,0.0,0.0,0.0,0.0,0.0,0.0,0.0,0.0,0.0,0.0,143.26676657418622,1.0,148.515951433617,1.0,1.0,148.515951433617,5.656241444336089,0.2876054971696317,0.19646556932695422,7.367792555333077,0.3746335197626989,0.23060106869961058,1.32914277137813,0.0,0.22396775813535044,0.3311195084661652,13.024033999669166,1.0,2026-05-12-12-34-36-511417,microagi,microagi,9,False,False,False,False,False,False,False
152.0,5.066666666666666,0.0,0.0,0.0,0.0,0.0,0.0,0.0,0.0,0.0,0.0,0.0,0.0,0.0,0.0,141.85012435701347,1.0,148.33876961745764,1.0,1.0,148.33876961745764,2.1344941398677073,0.42407168341742535,0.34030375412944947,1.981527378466939,0.39368093611925936,0.2041708272732748,1.2149630326904628,0.0,0.5021562973778794,0.4088763097683423,4.116021518334646,1.0,2026-05-12-12-40-06-313131,microagi,microagi,9,False,False,False,False,False,False,False
301.0,10.033333333333333,0.0,0.0,0.0,0.0,0.0,0.0,0.0,0.0,0.0,0.0,0.0,0.0,0.0,0.0,160.34382309914992,1.0,161.90519018079618,1.0,1.0,161.90519018079618,2.584971009416653,0.2584971009416653,0.16652088552997305,3.537014381916055,0.3537014381916055,0.2080316914850473,1.2403258514494904,0.0,0.2308299301582022,0.3060992695666354,6.121985391332708,1.0,2026-05-12-12-44-49-860336,microagi,microagi,9,False,False,False,False,False,False,False
449.0,14.966666666666667,0.0,0.0,0.0,0.0,0.0,0.0,0.0,0.0,0.0,0.0,0.0,0.0,0.0,0.0,160.0242123447894,1.0,161.80561842569398,1.0,1.0,161.80561842569398,4.915934222805209,0.3291920238485631,0.20833503491540095,5.5963487412039346,0.37475549606276354,0.15485059832737932,3.016000130743417,0.0,0.11021376613449152,0.3519737599556633,10.512282964009144,1.0,2026-05-12-12-46-13-760585,microagi,microagi,9,False,False,False,False,False,False,False
572.0,19.066666666666666,0.0,0.0,0.0,0.0,0.0,0.0,0.0,0.0,0.0,0.0,0.0,0.0,0.0,0.0,159.82787195280255,1.0,160.26662406537216,1.0,1.0,160.26662406537216,6.704096919990831,0.35222926024470214,0.11232238243665177,7.404472637192869,0.38902658339016827,0.1912799426496652,2.7206326386310957,0.0,0.1280009738682416,0.37062792181743526,14.1085695571837,1.0,2026-05-12-13-28-08-028052,microagi,microagi,9,False,False,False,False,False,False,False
460.0,15.333333333333334,0.0,0.0,0.0,0.0,0.0,0.0,0.0,0.0,0.0,0.0,0.0,0.0,0.0,0.0,160.51008038147933,1.0,160.6011002366829,1.0,1.0,160.6011002366829,4.522389198022123,0.29558099333477933,0.2760419310348335,5.9300095312676495,0.38758232230507517,0.35679366533827206,3.1967543718653544,0.0,0.0785671996320563,0.3415816578199272,10.452398729289772,1.0,2026-05-12-13-28-27-236386,microagi,microagi,9,False,False,False,False,False,False,False
680.0,22.666666666666668,0.0,0.0,0.0,0.0,0.0,0.0,0.0,0.0,0.0,0.0,0.0,0.0,0.0,0.0,159.87151861555333,1.0,160.27588095911744,1.0,1.0,160.27588095911744,6.24175580716452,0.27577713433716583,0.2367051452262309,6.255103805116526,0.27636688387849156,0.08012148187202443,1.3299106077822658,0.0,0.13858277272709713,0.2760720091078287,12.496859612281046,1.0,2026-05-12-16-20-40-604066,microagi,microagi,9,False,False,False,False,False,False,False
1081.0,36.03333333333333,0.0,0.0,0.0,0.0,0.0,0.0,0.0,0.0,0.0,0.0,0.0,0.0,0.0,0.0,159.9166018051154,1.0,160.42668754529464,1.0,1.0,160.42668754529464,12.00161972743055,0.3333783257619597,0.1776895056356592,9.253952171860117,0.2570542269961144,0.23075634266162431,6.095076628229666,0.0,0.124568795857815,0.295216276379037,21.255571899290665,1.0,2026-05-12-16-21-04-703042,microagi,microagi,9,False,False,False,False,True,False,True
1459.0,48.63333333333333,0.0,0.0,0.0,0.0,0.0,0.0,0.0,0.0,0.0,0.0,0.0,0.0,0.0,0.0,162.1666549292391,1.0,162.77525225850974,1.0,1.0,162.77525225850974,14.58634311541751,0.300130516778138,0.2933611679948171,13.33816970477773,0.2744479363122991,0.03935218529454098,2.23919046059364,0.0,0.16971149252323076,0.28728922654521855,27.92451282019524,1.0,2026-05-12-16-25-03-063377,microagi,microagi,9,False,False,False,False,True,False,True
242.0,8.066666666666666,0.0,0.0,0.0,0.0,0.0,0.0,0.0,0.0,0.0,0.0,0.0,0.0,0.0,0.0,158.60125650362772,1.0,159.49340729964322,1.0,1.0,159.49340729964322,2.16899965466459,0.2699999570121896,0.2447558889481315,2.380225565257275,0.2962936388287064,0.08394847185321118,1.3694145770261612,0.0,0.10481201056918538,0.283146797920448,4.5492252199218655,1.0,2026-05-12-16-32-45-843816,microagi,microagi,9,False,False,False,False,False,False,False
702.0,23.4,0.0,0.0,0.0,0.0,0.0,0.0,0.0,0.0,0.0,0.0,0.0,0.0,0.0,0.0,158.00358875984028,1.0,159.74418898544334,1.0,1.0,159.74418898544334,6.949752342074845,0.2974216408876538,0.39156415114551535,5.970834440548523,0.2555278647880965,0.08484717325499698,2.246834802629163,0.0,0.13073488948732095,0.27647475283787526,12.920586782623367,1.0,2026-05-12-16-34-16-706643,microagi,microagi,9,False,False,False,False,False,False,False
451.0,15.033333333333333,0.0,0.0,0.0,0.0,0.0,0.0,0.0,0.0,0.0,0.0,0.0,0.0,0.0,0.0,161.28403701779024,1.0,162.6817725688725,1.0,1.0,162.6817725688725,5.495716149635792,0.3663810766423862,0.151773361148034,5.062535117441448,0.33750234116276323,0.2435415834291572,1.1130627590021402,0.0,0.09697221675033153,0.35194170890257465,10.558251267077239,1.0,2026-05-12-16-42-20-986169,microagi,microagi,9,False,False,False,False,False,False,False
1102.0,36.733333333333334,0.0,0.0,0.0,0.0,0.0,0.0,0.0,0.0,0.0,0.0,0.0,0.0,0.0,0.0,161.494267804247,1.0,162.1595289563566,1.0,1.0,162.1595289563566,11.13241786618195,0.30333563668070707,0.23601830050066736,9.028199697674282,0.24599999176224205,0.09590484874483997,1.4708065613970511,0.0,0.10315557909202852,0.27466781422147457,20.16061756385623,1.0,2026-05-12-16-43-14-950554,microagi,microagi,9,False,False,False,False,True,False,True
494.0,16.466666666666665,0.0,0.0,0.0,0.0,0.0,0.0,0.0,0.0,0.0,0.0,0.0,0.0,0.0,0.0,164.20204030989368,1.0,163.91609291936516,1.0,1.0,164.20204030989368,3.951766453112202,0.24047260363765938,0.09744429208535821,4.679252825907428,0.2847415512722572,0.21655888867048334,1.241201058238507,0.0,0.12224381914450506,0.2626070774549583,8.631019279019629,1.0,2026-05-12-16-50-35-031951,microagi,microagi,9,False,False,False,False,False,False,False
349.0,11.633333333333333,0.0,0.0,0.0,0.0,0.0,0.0,0.0,0.0,0.0,0.0,0.0,0.0,0.0,0.0,158.8347568285365,1.0,160.04767279213985,1.0,1.0,160.04767279213985,3.8216855720574947,0.32945565276357713,0.2795235584030417,3.135267312215225,0.27028166484614013,0.2464967870053063,2.3534073218779694,0.0,0.2717646751056029,0.29986865880485863,6.95695288427272,1.0,2026-05-12-16-52-24-227332,microagi,microagi,9,False,False,False,False,False,False,False
568.0,18.933333333333334,0.0,0.0,0.0,0.0,0.0,0.0,0.0,0.0,0.0,0.0,0.0,0.0,0.0,0.0,157.60316806529045,1.0,158.79265768246813,1.0,1.0,158.79265768246813,5.474901180896977,0.2896773111585702,0.09628201352312879,5.323353409257033,0.28165891054270015,0.19760245363467135,0.9854400379130466,0.0,0.13004183705877484,0.2856681108506352,10.79825459015401,1.0,2026-05-12-16-57-15-181693,microagi,microagi,9,False,False,False,False,False,False,False
572.0,19.066666666666666,0.0,0.0,0.0,0.0,0.0,0.0,0.0,0.0,0.0,0.0,0.0,0.0,0.0,0.0,161.55398632728833,1.0,162.75537975046916,1.0,1.0,162.75537975046916,5.70202770543717,0.29958114039074446,0.16417259767764117,5.36069851762827,0.28164790810656415,0.37282400937552224,2.745887340362281,0.0,0.2765203253931456,0.2906145242486543,11.06272622306544,1.0,2026-05-12-17-07-23-989288,microagi,microagi,9,False,False,False,False,False,False,False
443.0,14.766666666666667,0.0,0.0,0.0,0.0,0.0,0.0,0.0,0.0,0.0,0.0,0.0,0.0,0.0,0.0,159.79498797696922,1.0,161.49154265171833,1.0,1.0,161.49154265171833,5.288523242954099,0.358949541376975,0.12369779441793383,4.986697646950476,0.33846364119573363,0.1765632518645313,1.7689979770852435,0.0,0.2799151242461228,0.34870659128635434,10.275220889904574,1.0,2026-05-12-17-07-50-721500,microagi,microagi,9,False,False,False,False,False,False,False
301.0,10.033333333333333,0.0,0.0,0.0,0.0,0.0,0.0,0.0,0.0,0.0,0.0,0.0,0.0,0.0,0.0,158.2174271397606,1.0,157.526283151393,1.0,1.0,158.2174271397606,3.2233319531487212,0.3223331953148721,0.17562912097407704,3.255427337556309,0.3255427337556309,0.27976382477061856,1.0960876735948213,0.0,0.25366700488118576,0.32393796453525153,6.47875929070503,1.0,2026-05-12-18-17-57-610206,microagi,microagi,9,False,False,False,False,False,False,False
178.0,5.933333333333334,0.0,0.0,0.0,0.0,0.0,0.0,0.0,0.0,0.0,0.0,0.0,0.0,0.0,0.0,161.82284823279326,1.0,164.07789571249293,1.0,1.0,164.07789571249293,2.067088458842225,0.3503539760749534,0.17046870689930074,2.0825691824276427,0.35297782753010887,0.23455974805298727,1.080214951958855,0.0,0.14185058569540182,0.3516659018025311,4.149657641269868,1.0,2026-05-12-20-28-18-567378,microagi,microagi,9,False,False,False,False,False,False,False
194.0,6.466666666666667,0.0,0.0,0.0,0.0,0.0,0.0,0.0,0.0,0.0,0.0,0.0,0.0,0.0,0.0,161.4760467534098,1.0,162.49660469565958,1.0,1.0,162.49660469565958,1.6223954982698714,0.25218582874661216,0.32523631615755344,1.8104687804367803,0.2814200176844736,0.14860200210716273,0.9955957955457514,0.0,0.2284152101245685,0.26680292321554283,3.432864278706652,1.0,2026-05-12-20-34-01-193874,microagi,microagi,9,False,False,False,False,False,False,False
428.0,14.266666666666667,0.0,0.0,0.0,0.0,0.0,0.0,0.0,0.0,0.0,0.0,0.0,0.0,0.0,0.0,149.51983990088524,1.0,151.88886935578415,1.0,1.0,151.88886935578415,6.423199645718491,0.45127866363361757,0.2968145724163014,7.430485691375212,0.5220481750380711,0.350724998917865,1.9499647435510385,0.0,0.38884231007502235,0.48666341933584434,13.853685337093703,1.0,2026-05-13-13-23-32-317572,microagi,microagi,9,False,False,False,False,False,False,False
181.0,6.033333333333333,0.0,0.0,0.0,0.0,0.0,0.0,0.0,0.0,0.0,0.0,0.0,0.0,0.0,0.0,152.3153992066388,1.0,153.93929937318572,1.0,1.0,153.93929937318572,2.346289904631057,0.3910483174385094,0.2397884510583082,2.9553357302790593,0.49255595504650984,0.37239144099592714,1.593778031198232,0.0,0.36880441134319364,0.44180213624250964,5.301625634910116,1.0,2026-05-13-13-23-59-032572,microagi,microagi,9,False,False,False,False,False,False,False
362.0,12.066666666666666,0.0,0.0,0.0,0.0,0.0,0.0,0.0,0.0,0.0,0.0,0.0,0.0,0.0,0.0,150.12271875390948,1.0,150.44416649948408,1.0,1.0,150.44416649948408,5.340401916792988,0.44380071330689647,0.212228863037133,6.252477060288738,0.5195964316029422,0.565462991057459,1.7407942894183963,0.0,0.6405618883202567,0.48169857245491926,11.592878977081726,1.0,2026-05-13-13-25-16-474239,microagi,microagi,9,False,False,False,False,False,False,False
203.0,6.766666666666667,0.0,0.0,0.0,0.0,0.0,0.0,0.0,0.0,0.0,0.0,0.0,0.0,0.0,0.0,161.570986405402,1.0,161.2477079854056,1.0,1.0,161.570986405402,2.4257111738698907,0.36025413473315215,0.11065424017260474,2.187997590266508,0.3249501371682933,0.11523584925330684,1.1551701666590541,0.0,0.07431267632242339,0.34260213595072264,4.6137087641363985,1.0,2026-05-13-18-57-45-456384,microagi,microagi,9,False,False,False,False,False,False,False
866.0,28.866666666666667,0.0,0.0,0.0,0.0,0.0,0.0,0.0,0.0,0.0,0.0,0.0,0.0,0.0,0.0,151.63241549974737,1.0,152.2314754762433,1.0,1.0,152.2314754762433,11.268676114880165,0.3908211369322601,1.0216493976145102,13.107372160318052,0.4545909419763487,0.7524308426117035,2.1506181786556993,0.0,0.7369937324937524,0.42270603945430435,24.376048275198215,1.0,2026-05-13-20-58-15-740502,microagi,microagi,9,False,False,False,False,False,False,False
1670.0,55.666666666666664,0.0,0.0,0.0,0.0,0.0,0.0,0.0,0.0,0.0,0.0,0.0,0.0,0.0,0.0,157.97235061712178,1.0,154.60932394389255,1.0,1.0,157.97235061712178,20.958482828987457,0.3767252755360238,0.3502434160800022,22.782515280514673,0.4095119583076335,0.4643604929157625,2.308015868841205,0.0,0.5139097814385524,0.39311861692182865,43.74099810950213,1.0,2026-05-13-21-01-07-830947,microagi,microagi,9,False,False,False,False,True,False,True
225.0,7.5,0.0,0.0,0.0,0.0,0.0,0.0,0.0,0.0,0.0,0.0,0.0,0.0,0.0,0.0,120.87833476240091,1.0,123.22377432432205,1.0,1.0,123.22377432432205,3.7699663443447173,0.5049062068318818,0.8252551980771812,3.8071757621333138,0.5098896109999974,1.1918847834637731,1.8420660472875563,0.0,0.6998598146173737,0.5073979089159396,7.577142106478031,1.0,2026-05-13-21-17-00-197000,microagi,microagi,9,False,False,False,False,False,False,False
227.0,7.566666666666666,0.0,0.0,0.0,0.0,0.0,0.0,0.0,0.0,0.0,0.0,0.0,0.0,0.0,0.0,152.1390914376353,1.0,147.45150811189157,1.0,1.0,152.1390914376353,3.2175725808571194,0.4271114045385556,0.4051118824864907,4.2374846165742746,0.5624979579523374,0.9984739974350294,1.5515780867517366,0.0,0.4315946894851852,0.49480468124544646,7.455057197431394,1.0,2026-05-13-21-18-50-546582,microagi,microagi,9,False,False,False,False,False,False,False
1057.0,35.233333333333334,0.0,0.0,0.0,0.0,0.0,0.0,0.0,0.0,0.0,0.0,0.0,0.0,0.0,0.0,155.67114650770407,1.0,149.99780338469728,1.0,1.0,155.67114650770407,15.946936669696795,0.4530379735709317,1.0690922071394284,16.89228953022594,0.47989458892687326,0.8361894519013292,2.1215747236143425,0.0,0.6341351006035845,0.4664662812489025,32.839226199922734,1.0,2026-05-13-21-19-33-833248,microagi,microagi,9,False,False,False,False,True,False,True
992.0,33.06666666666667,0.0,0.0,0.0,0.0,0.0,0.0,0.0,0.0,0.0,0.0,0.0,0.0,0.0,0.0,154.78360594155862,1.0,151.63411528687112,1.0,1.0,154.78360594155862,15.89386246968252,0.4811461897986636,0.41892250798325253,16.426661942969233,0.49727533631592025,0.14349695889180697,2.2294143575326366,0.0,0.9180444877002648,0.4892107630572919,32.32052441265175,1.0,2026-05-13-21-21-24-154024,microagi,microagi,9,False,False,False,False,True,False,True
193.0,6.433333333333334,0.0,0.0,0.0,0.0,0.0,0.0,0.0,0.0,0.0,0.0,0.0,0.0,0.0,0.0,148.1753011270155,1.0,152.12590258484,1.0,1.0,152.12590258484,2.844527163363118,0.4444573692754872,0.5465240633824965,2.910927224819371,0.4548323788780267,0.30959970534456294,2.481108036004288,0.0,0.2994748719035993,0.4496448740767569,5.755454388182489,1.0,2026-05-14-00-41-04-352650,microagi,microagi,9,False,False,False,False,False,False,False
323.0,10.766666666666667,0.0,0.0,0.0,0.0,0.0,0.0,0.0,0.0,0.0,0.0,0.0,0.0,0.0,0.0,153.97252424311404,1.0,157.23421321465642,1.0,1.0,157.23421321465642,3.7888141655505017,0.3529951085916616,0.4358150437419778,5.448775160075293,0.5076498596343441,0.7218260280802932,1.7571162178389694,0.0,0.6271385234892219,0.43032248411300283,9.237589325625795,1.0,2026-05-14-01-47-01-774666,microagi,microagi,9,False,False,False,False,False,False,False
238.0,7.933333333333334,0.0,0.0,0.0,0.0,0.0,0.0,0.0,0.0,0.0,0.0,0.0,0.0,0.0,0.0,148.40231934520003,1.0,147.1206766037622,1.0,1.0,148.40231934520003,4.1979630208585625,0.5313877241593118,0.17395954080773426,4.070323884706463,0.5152308714818308,0.19636246754441392,1.3178937958117303,0.0,0.4921953533638221,0.5233092978205712,8.268286905565025,1.0,2026-05-14-08-36-53-076323,microagi,microagi,9,False,False,False,False,False,False,False
187.0,6.233333333333333,0.0,0.0,0.0,0.0,0.0,0.0,0.0,0.0,0.0,0.0,0.0,0.0,0.0,0.0,143.9139597327678,1.0,143.4821157270767,1.0,1.0,143.9139597327678,2.903161080028619,0.46825178710139015,0.3988639481750918,3.997690211312059,0.6447887437600095,0.4037313328159802,2.0207237213004356,0.0,0.28529297964337097,0.5565202654306999,6.900851291340678,1.0,2026-05-14-08-38-04-281323,microagi,microagi,9,False,False,False,False,False,False,False
153.0,5.1,0.0,0.0,0.0,0.0,0.0,0.0,0.0,0.0,0.0,0.0,0.0,0.0,0.0,0.0,141.19682565628636,1.0,140.209958543356,1.0,1.0,141.19682565628636,3.0087905231065033,0.5938402348236519,0.2988621543894709,2.8461690350530953,0.5617438884973215,0.17035123564115934,1.382252169820696,0.0,0.5434281596007494,0.5777920616604867,5.854959558159599,1.0,2026-05-14-08-39-18-287665,microagi,microagi,9,False,False,False,False,False,False,False
379.0,12.633333333333333,0.0,0.0,0.0,0.0,0.0,0.0,0.0,0.0,0.0,0.0,0.0,0.0,0.0,0.0,155.8101196820337,1.0,157.71778536475648,1.0,1.0,157.71778536475648,4.515971436211535,0.3584104314453599,0.20873081200611773,4.789595695612962,0.3801266425089653,0.2224238743945835,1.2241935193499636,0.0,0.38873843401641467,0.36926853697716255,9.305567131824496,1.0,2026-05-14-08-42-31-424832,microagi,microagi,9,False,False,False,False,False,False,False
178.0,5.933333333333334,0.0,0.0,0.0,0.0,0.0,0.0,0.0,0.0,0.0,0.0,0.0,0.0,0.0,0.0,154.1234357043071,1.0,158.22772453110738,1.0,1.0,158.22772453110738,2.229798292811104,0.37793191403578025,0.514456748576512,2.466421807263222,0.41803759445139343,0.7636463375962195,1.1517117895026916,0.0,0.34426747134971364,0.3979847542435869,4.696220100074326,1.0,2026-05-14-08-42-45-164832,microagi,microagi,9,False,False,False,False,False,False,False
165.0,5.5,0.0,0.0,0.0,0.0,0.0,0.0,0.0,0.0,0.0,0.0,0.0,0.0,0.0,0.0,153.58282537076465,1.0,160.52642857524745,1.0,1.0,160.52642857524745,2.549856885498078,0.4664372351520874,0.3246430434927934,3.093718960740942,0.5659242001355381,0.37970497611254833,1.470859684331065,0.0,0.5418034311798849,0.5161807176438128,5.64357584623902,1.0,2026-05-14-08-43-12-746498,microagi,microagi,9,False,False,False,False,False,False,False
248.0,8.266666666666667,0.0,0.0,0.0,0.0,0.0,0.0,0.0,0.0,0.0,0.0,0.0,0.0,0.0,0.0,131.73830248409723,1.0,134.68480396885087,1.0,1.0,134.68480396885087,3.5556157766504306,0.43185616720450576,0.4522517473130706,3.9079382519151995,0.47464837067795945,0.3056295841792142,1.786121096627285,0.0,0.3362966079702934,0.4532522689412326,7.46355402856563,1.0,2026-05-14-08-44-37-659080,microagi,microagi,9,False,False,False,False,False,False,False
352.0,11.733333333333333,0.0,0.0,0.0,0.0,0.0,0.0,0.0,0.0,0.0,0.0,0.0,0.0,0.0,0.0,134.63055035639212,1.0,138.21555288400128,1.0,1.0,138.21555288400128,5.523710889329897,0.47211204182306815,0.20686439662481595,6.873672353030957,0.5874933635069195,0.4616187892321636,2.988755528221006,0.0,0.48022284408454863,0.5298027026649939,12.397383242360855,1.0,2026-05-14-08-45-28-085746,microagi,microagi,9,False,False,False,False,False,False,False
254.0,8.466666666666667,0.0,0.0,0.0,0.0,0.0,0.0,0.0,0.0,0.0,0.0,0.0,0.0,0.0,0.0,132.7391552400024,1.0,137.20485148624905,1.0,1.0,137.20485148624905,4.515778737321676,0.5354678344650209,0.12302690412874781,4.104141880313392,0.4866571399581098,0.21971552163676172,2.1528049456191405,0.0,0.32979579213263366,0.5110624872115653,8.619920617635067,1.0,2026-05-14-08-46-18-213199,microagi,microagi,9,False,False,False,False,False,False,False
412.0,13.733333333333333,0.0,0.0,0.0,0.0,0.0,0.0,0.0,0.0,0.0,0.0,0.0,0.0,0.0,0.0,132.48242750579882,1.0,137.90557283191848,1.0,1.0,137.90557283191848,6.1029548104186055,0.4454711540451536,0.36424457639516067,6.576224044729457,0.48001635362988737,0.4952054200875352,2.0083438235816646,0.0,0.38773776356367107,0.4627437538375205,12.679178855148063,1.0,2026-05-14-08-47-16-709866,microagi,microagi,9,False,False,False,False,False,False,False
333.0,11.1,0.0,0.0,0.0,0.0,0.0,0.0,0.0,0.0,0.0,0.0,0.0,0.0,0.0,0.0,155.55957074430614,1.0,156.39580199675248,1.0,1.0,156.39580199675248,5.531275497388503,0.4998140509688405,1.515251515714012,5.581726990344323,0.504372920814246,1.6144919019564932,1.240329827731252,0.0,0.7141998292594594,0.5020934858915432,11.113002487732825,1.0,2026-05-14-09-30-28-006474,microagi,microagi,9,False,False,False,False,False,False,False
329.0,10.966666666666667,0.0,0.0,0.0,0.0,0.0,0.0,0.0,0.0,0.0,0.0,0.0,0.0,0.0,0.0,161.28531368242207,1.0,158.34205430941185,1.0,1.0,161.28531368242207,4.265273397079422,0.39011646924506915,0.39668393254913153,4.6624167532033605,0.42644055669542924,0.2726153551278974,1.2015369523370967,0.0,0.55566162042835,0.40827851297024914,8.927690150282782,1.0,2026-05-14-13-56-43-616709,microagi,microagi,9,False,False,False,False,False,False,False
375.0,12.5,0.0,0.0,0.0,0.0,0.0,0.0,0.0,0.0,0.0,0.0,0.0,0.0,0.0,0.0,161.52334811006776,1.0,158.95686260707802,1.0,1.0,161.52334811006776,3.6915383725794775,0.2961127036828458,0.19323276244856968,3.859770248183457,0.3096072391591009,0.15621205589230852,0.9840750115546255,0.0,0.5598998525148178,0.3028599714209733,7.551308620762935,1.0,2026-05-14-16-43-49-081865,microagi,microagi,9,False,False,False,False,False,False,False
168.0,5.6,0.0,0.0,0.0,0.0,0.0,0.0,0.0,0.0,0.0,0.0,0.0,0.0,0.0,0.0,159.6105889017627,1.0,160.6528362139162,1.0,1.0,160.6528362139162,2.531692006385286,0.45479497120693757,0.264937701198296,2.070280928918424,0.3719067536979204,0.24685176330695585,1.338523136191299,0.0,0.46504732256982345,0.41335086245242897,4.60197293530371,1.0,2026-05-15-03-30-37-226295,microagi,microagi,9,False,False,False,False,False,False,False
303.0,10.1,0.0,0.0,0.0,0.0,0.0,0.0,0.0,0.0,0.0,0.0,0.0,0.0,0.0,0.0,159.2284804754318,1.0,161.1917660592842,1.0,1.0,161.1917660592842,6.1104636344956305,0.6069996987909567,0.1653393974968866,6.449138487613128,0.6406428961205093,0.21948910035313965,1.9287366280594447,0.0,0.5531542259569519,0.623821297455733,12.559602122108759,1.0,2026-05-15-03-31-56-338979,microagi,microagi,9,False,False,False,False,False,False,False
170.0,5.666666666666667,0.0,0.0,0.0,0.0,0.0,0.0,0.0,0.0,0.0,0.0,0.0,0.0,0.0,0.0,140.55488446754444,1.0,142.74689507763293,1.0,1.0,142.74689507763293,2.6346569927229586,0.4676905904241939,0.4988570538474003,2.689829009980243,0.4774844396414632,0.20629560335932207,1.403687241316761,0.0,0.363227128476639,0.4725875150328286,5.3244860027032015,1.0,2026-05-15-03-34-00-476223,microagi,microagi,9,False,False,False,False,False,False,False
191.0,6.366666666666666,0.0,0.0,0.0,0.0,0.0,0.0,0.0,0.0,0.0,0.0,0.0,0.0,0.0,0.0,150.24158154192298,1.0,145.69060268046178,1.0,1.0,150.24158154192298,3.5242941035477706,0.5564674900338585,0.4011059559825613,3.4334237437241653,0.542119538482763,0.43271102128207756,1.7006602197323168,0.0,0.3176986381520129,0.5492935142583107,6.957717847271936,1.0,2026-05-15-03-36-28-962074,microagi,microagi,9,False,False,False,False,False,False,False
1088.0,36.266666666666666,0.0,0.0,0.0,0.0,0.0,0.0,0.0,0.0,0.0,0.0,0.0,0.0,0.0,0.0,162.30669467685806,1.0,163.25895204776788,1.0,1.0,163.25895204776788,8.428142892396167,0.2326074395325529,0.5465913153380023,6.8716600841443976,0.18965023231309286,0.13378553198725762,1.4320632690148418,0.0,0.17808118606106144,0.21112883592282286,15.299802976540565,1.0,2026-05-15-11-01-17-104823,microagi,microagi,9,False,False,False,False,True,False,True
1766.0,58.86666666666667,0.0,0.0,0.0,0.0,0.0,0.0,0.0,0.0,0.0,0.0,0.0,0.0,0.0,0.0,162.32281345271315,1.0,161.68098385617554,1.0,1.0,162.32281345271315,17.183074180356165,0.29206358380208775,0.07801177407066197,17.802007549182484,0.30258369771981564,0.10313217509746925,1.5745368105470954,0.0,0.4010208305871692,0.29732364076095164,34.98508172953865,1.0,2026-05-15-11-01-56-093823,microagi,microagi,9,False,False,False,False,True,False,True
1541.0,51.36666666666667,0.0,0.0,0.0,0.0,0.0,0.0,0.0,0.0,0.0,0.0,0.0,0.0,0.0,0.0,162.35100459914347,1.0,163.5634141817854,1.0,1.0,163.5634141817854,13.746927620994857,0.2677972913180816,0.29023764265994284,16.47493687159851,0.3209403286675034,0.28379889996855984,1.9619117029742907,0.0,0.2130441468453456,0.2943688099927925,30.221864492593365,1.0,2026-05-15-11-05-04-709605,microagi,microagi,9,False,False,False,False,True,False,True
1281.0,42.7,0.0,0.0,0.0,0.0,0.0,0.0,0.0,0.0,0.0,0.0,0.0,0.0,0.0,0.0,161.26472600990374,1.0,161.1707372128914,1.0,1.0,161.26472600990374,11.351925639837438,0.26606075718368993,0.2633452708470757,11.345261714830418,0.26590457144133794,0.21252375076070756,1.1884305879788983,0.0,0.34586781687994245,0.26598266431251394,22.697187354667854,1.0,2026-05-15-11-13-27-090629,microagi,microagi,9,False,False,False,False,True,False,True
1269.0,42.3,0.0,0.0,0.0,0.0,0.0,0.0,0.0,0.0,0.0,0.0,0.0,0.0,0.0,0.0,159.29332689722804,1.0,160.30334315893037,1.0,1.0,160.30334315893037,10.15821489373468,0.2403363145205366,0.18278657457967554,10.874567344339901,0.25728471634873584,0.2873725457643361,2.194549924760514,0.0,0.22733065559180937,0.24881051543463623,21.03278223807458,1.0,2026-05-15-11-17-01-134247,microagi,microagi,9,False,False,False,False,True,False,True
245.0,8.166666666666666,0.0,0.0,0.0,0.0,0.0,0.0,0.0,0.0,0.0,0.0,0.0,0.0,0.0,0.0,146.11709721858728,1.0,144.0476023033172,1.0,1.0,146.11709721858728,4.202628415316234,0.5167166084405206,0.4371603723396948,3.7292435778961694,0.4585135546593651,0.6344242712888344,1.8660946736689799,0.0,0.8903898799178763,0.4876150815499428,7.931871993212403,1.0,2026-05-15-14-43-40-384175,microagi,microagi,9,False,False,False,False,False,False,False
231.0,7.7,0.0,0.0,0.0,0.0,0.0,0.0,0.0,0.0,0.0,0.0,0.0,0.0,0.0,0.0,152.87110721818752,1.0,153.83140817048414,1.0,1.0,153.83140817048414,2.955262625337006,0.3854690380874356,0.30676480950218105,2.8394102636860854,0.3703578604807938,0.552301411774742,1.438708054989117,0.0,0.322170867640532,0.37791344928411463,5.794672889023092,1.0,2026-05-15-14-46-26-750310,microagi,microagi,9,False,False,False,False,False,False,False
362.0,12.066666666666666,0.0,0.0,0.0,0.0,0.0,0.0,0.0,0.0,0.0,0.0,0.0,0.0,0.0,0.0,161.5454502649331,1.0,158.7935321609257,1.0,1.0,161.5454502649331,3.5371745232231486,0.29394802132048325,0.0746591293214231,2.8541088951901035,0.23718356469723847,0.05098067316268727,1.4279838225565062,0.0,0.037462430959916554,0.2655657930088609,6.391283418413252,1.0,2026-05-15-15-20-58-312491,microagi,microagi,9,False,False,False,False,False,False,False
219.0,7.3,0.0,0.0,0.0,0.0,0.0,0.0,0.0,0.0,0.0,0.0,0.0,0.0,0.0,0.0,162.58232028362258,1.0,158.55936275173852,1.0,1.0,162.58232028362258,2.506397367725353,0.3449170689530302,0.1441419601303095,1.9658248698849108,0.27052635824104276,0.1431654421061804,1.1630395564639722,0.0,0.02923921024876892,0.30772171359703643,4.472222237610264,1.0,2026-05-15-15-21-43-312374,microagi,microagi,9,False,False,False,False,False,False,False
160.0,5.333333333333333,0.0,0.0,0.0,0.0,0.0,0.0,0.0,0.0,0.0,0.0,0.0,0.0,0.0,0.0,161.65983993183656,1.0,158.1993209381789,1.0,1.0,161.65983993183656,1.7329799217131203,0.32697734371945664,0.13996619439101746,1.197024369036865,0.2258536545352576,0.11923109596337117,0.9221960070377416,0.0,0.0524786373160756,0.27641549912735713,2.9300042907499853,1.0,2026-05-15-15-22-14-345708,microagi,microagi,9,False,False,False,False,False,False,False
1084.0,36.13333333333333,0.0,0.0,0.0,0.0,0.0,0.0,0.0,0.0,0.0,0.0,0.0,0.0,0.0,0.0,157.02699528274124,1.0,155.90985033724803,1.0,1.0,157.02699528274124,16.239026990801435,0.44983454268148027,0.23760438010228013,15.872481108281416,0.43968091712690904,0.1937265210574079,2.04939615593465,0.0,0.3235800859351176,0.44475772990419465,32.111508099082855,1.0,2026-05-15-15-23-34-585501,microagi,microagi,9,False,False,False,False,True,False,True
196.0,6.533333333333333,0.0,0.0,0.0,0.0,0.0,0.0,0.0,0.0,0.0,0.0,0.0,0.0,0.0,0.0,164.74222035181202,1.0,159.99085633888075,1.0,1.0,164.74222035181202,2.413666494248249,0.3713333068074229,0.20805243225060852,2.077577682428411,0.31962733575821706,0.08940775828738179,1.3288267145822918,0.0,0.36054198989850406,0.34548032128282,4.49124417667666,1.0,2026-05-15-15-24-48-512208,microagi,microagi,9,False,False,False,False,False,False,False
153.0,5.1,0.0,0.0,0.0,0.0,0.0,0.0,0.0,0.0,0.0,0.0,0.0,0.0,0.0,0.0,160.18641574407943,1.0,155.39553567078605,1.0,1.0,160.18641574407943,0.8535008824740233,0.16845412154092565,0.24363451211952789,0.5845809718745888,0.11537782339630043,0.06847136480282898,1.0129635830765602,0.0,0.04118054841224012,0.14191597246861304,1.4380818543486122,1.0,2026-05-15-15-27-45-578700,microagi,microagi,9,False,False,False,False,False,False,False
159.0,5.3,0.0,0.0,0.0,0.0,0.0,0.0,0.0,0.0,0.0,0.0,0.0,0.0,0.0,0.0,138.6310118897022,1.0,136.55887517511673,1.0,1.0,138.6310118897022,2.724882160232103,0.5173826886516653,0.1913063632836355,2.8204599381608833,0.5355303680052309,0.3192500017929691,1.9298699530111048,0.0,0.05654790754953657,0.526456528328448,5.545342098392986,1.0,2026-05-15-21-33-45-025383,microagi,microagi,9,False,False,False,False,False,False,False
284.0,9.466666666666667,0.0,0.0,0.0,0.0,0.0,0.0,0.0,0.0,0.0,0.0,0.0,0.0,0.0,0.0,140.1543324950411,1.0,138.3747891693821,1.0,1.0,140.1543324950411,5.173363079210858,0.5484130472661686,0.1921820574582621,4.872126922682189,0.5164798857966986,0.35220300331489673,2.1213891784465284,0.0,0.0489451885663478,0.5324464665314336,10.045490001893047,1.0,2026-05-15-21-33-50-854127,microagi,microagi,9,False,False,False,False,False,False,False
318.0,10.6,0.0,0.0,0.0,0.0,0.0,0.0,0.0,0.0,0.0,0.0,0.0,0.0,0.0,0.0,138.40104202016698,1.0,136.2275390972849,1.0,1.0,138.40104202016698,5.468945360716324,0.5175658070078539,0.166506659060074,4.64432442121367,0.4395259704618615,0.4067349022122758,1.9874960371668031,0.0,0.05421184202035962,0.4785458887348577,10.113269781929993,1.0,2026-05-15-21-34-06-441750,microagi,microagi,9,False,False,False,False,False,False,False
176.0,5.866666666666666,0.0,0.0,0.0,0.0,0.0,0.0,0.0,0.0,0.0,0.0,0.0,0.0,0.0,0.0,150.68537229454182,1.0,137.0467578358075,1.0,1.0,150.68537229454182,1.5083295363529587,0.2585707776605072,0.2872028642555048,3.286264821420525,0.56335968367209,0.7322722174581152,1.6427142237134338,0.0,0.6675085116954355,0.4109652306662986,4.794594357773484,1.0,2026-05-15-23-08-35-354806,microagi,microagi,9,False,False,False,False,False,False,False
358.0,11.933333333333334,0.0,0.0,0.0,0.0,0.0,0.0,0.0,0.0,0.0,0.0,0.0,0.0,0.0,0.0,153.70991836926635,1.0,151.13938866883421,1.0,1.0,153.70991836926635,6.406833362979372,0.5383893582335606,0.3871553095123695,8.31891781221118,0.6990687237152253,0.3792648120097176,2.6297535919146715,0.0,0.8377075094631344,0.618729040974393,14.725751175190553,1.0,2026-05-16-06-58-16-855750,microagi,microagi,9,False,False,False,False,False,False,False
172.0,5.733333333333333,0.0,0.0,0.0,0.0,0.0,0.0,0.0,0.0,0.0,0.0,0.0,0.0,0.0,0.0,158.63870891809557,1.0,155.73628218507844,1.0,1.0,158.63870891809557,2.8577323640702694,0.5013565551000472,0.5839167281309419,3.012607401897193,0.5285276143679286,0.5536501931183374,1.7098013818280051,0.0,0.3612586272397409,0.5149420847339878,5.870339765967462,1.0,2026-05-16-06-59-39-070299,microagi,microagi,9,False,False,False,False,False,False,False
434.0,14.466666666666667,0.0,0.0,0.0,0.0,0.0,0.0,0.0,0.0,0.0,0.0,0.0,0.0,0.0,0.0,150.7134930291143,1.0,150.98864040428367,1.0,1.0,150.98864040428367,5.617819612789964,0.3892253773295587,0.1239836710018531,4.5197771854852045,0.3131485347911227,0.4894416422752481,2.4467790327685552,0.0,0.1737763516550563,0.35118695606034067,10.137596798275169,1.0,2026-05-16-11-25-15-959124,microagi,microagi,9,False,False,False,False,False,False,False
219.0,7.3,0.0,0.0,0.0,0.0,0.0,0.0,0.0,0.0,0.0,0.0,0.0,0.0,0.0,0.0,149.31335954261044,1.0,150.43945071749653,1.0,1.0,150.43945071749653,4.016527953046512,0.5527332045476852,0.38337177402114875,2.3660311353784693,0.3256006149603399,0.5221818424930833,3.3783483087067063,0.0,0.06469919527449537,0.4391669097540125,6.382559088424982,1.0,2026-05-16-11-46-32-723018,microagi,microagi,9,False,False,False,False,False,False,False
252.0,8.4,0.0,0.0,0.0,0.0,0.0,0.0,0.0,0.0,0.0,0.0,0.0,0.0,0.0,0.0,156.76260038831754,1.0,157.710902883546,1.0,1.0,157.710902883546,3.1984466086100554,0.38228445521235715,0.07122038620832705,2.464944140799942,0.2946148375458098,0.1779428067346395,1.1760990606796446,0.0,0.07329447774634416,0.3384496463790835,5.663390749409997,1.0,2026-05-16-12-17-18-932321,microagi,microagi,9,False,False,False,False,False,False,False
253.0,8.433333333333334,0.0,0.0,0.0,0.0,0.0,0.0,0.0,0.0,0.0,0.0,0.0,0.0,0.0,0.0,158.61132154932213,1.0,158.683381353604,1.0,1.0,158.683381353604,3.0665288993797857,0.36506296421187934,0.3345838419624543,3.182039853640856,0.3788142682905781,0.2801764140102259,1.0280721778729058,0.0,0.45721859675513205,0.37193861625122865,6.248568753020642,1.0,2026-05-16-12-25-25-878403,microagi,microagi,9,False,False,False,False,False,False,False
638.0,21.266666666666666,0.0,0.0,0.0,0.0,0.0,0.0,0.0,0.0,0.0,0.0,0.0,0.0,0.0,0.0,154.13227155416624,1.0,155.1043274687023,1.0,1.0,155.1043274687023,6.617913965888735,0.31167569698063113,0.154819175848951,7.18232678100218,0.33825714824186087,0.29311575157624337,1.4490621115214821,0.0,0.206937883699255,0.324966422611246,13.800240746890914,1.0,2026-05-16-12-26-26-942489,microagi,microagi,9,False,False,False,False,False,False,False
274.0,9.133333333333333,0.0,0.0,0.0,0.0,0.0,0.0,0.0,0.0,0.0,0.0,0.0,0.0,0.0,0.0,153.4118333391756,1.0,154.36500942995667,1.0,1.0,154.36500942995667,3.4991225602035594,0.3845189626597318,0.1771141950464023,3.4404363505620736,0.3780699286331949,0.22214128724220594,1.2805192075709675,0.0,0.10186597979958732,0.38129444564646336,6.9395589107656335,1.0,2026-05-16-12-27-02-307662,microagi,microagi,9,False,False,False,False,False,False,False
379.0,12.633333333333333,0.0,0.0,0.0,0.0,0.0,0.0,0.0,0.0,0.0,0.0,0.0,0.0,0.0,0.0,157.39468132528884,1.0,157.28371414512742,1.0,1.0,157.39468132528884,3.818809337416983,0.30308010614420505,0.23537675003700506,4.760633519108254,0.37782805707208367,0.2676216121108749,1.1791103291222944,0.0,0.08705642620152446,0.3404540816081444,8.579442856525237,1.0,2026-05-16-12-30-12-766274,microagi,microagi,9,False,False,False,False,False,False,False
157.0,5.233333333333333,0.0,0.0,0.0,0.0,0.0,0.0,0.0,0.0,0.0,0.0,0.0,0.0,0.0,0.0,161.08272925014236,1.0,159.17954930300633,1.0,1.0,161.08272925014236,1.9952952092261191,0.38371061715886906,0.09555305956277921,1.8332843183515575,0.35255467660606876,0.12947709961344306,1.3945008662176615,0.0,0.08606177471579807,0.3681326468824689,3.8285795275776766,1.0,2026-05-16-12-34-00-389981,microagi,microagi,9,False,False,False,False,False,False,False
383.0,12.766666666666667,0.0,0.0,0.0,0.0,0.0,0.0,0.0,0.0,0.0,0.0,0.0,0.0,0.0,0.0,159.0948704133433,1.0,157.72140627245045,1.0,1.0,159.0948704133433,3.755076914568394,0.29490132836924565,0.23759228688663783,4.645996406200547,0.3648688277120849,0.2015509074011453,1.2077789757579034,0.0,0.14777905889012066,0.32988507804066525,8.40107332076894,1.0,2026-05-16-12-34-18-222558,microagi,microagi,9,False,False,False,False,False,False,False
1562.0,52.06666666666667,0.0,0.0,0.0,0.0,0.0,0.0,0.0,0.0,0.0,0.0,0.0,0.0,0.0,0.0,165.8659401511701,1.0,165.21012806500315,1.0,1.0,165.8659401511701,12.465226456736968,0.23956232780404163,0.20569489518615808,13.781959462827235,0.2648678948653536,0.0665022277491822,1.0869848890877072,0.0,0.40776543114968233,0.25221511133469765,26.247185919564203,1.0,2026-05-16-12-35-30-652831,microagi,microagi,9,False,False,False,False,True,False,True
523.0,17.433333333333334,0.0,0.0,0.0,0.0,0.0,0.0,0.0,0.0,0.0,0.0,0.0,0.0,0.0,0.0,156.84991272920314,1.0,155.90529576077603,1.0,1.0,156.84991272920314,5.5894941232292155,0.32123529443846066,0.4854111133621055,5.801886286977599,0.3334417406308965,0.42660628232684483,1.281109486843253,0.0,0.43287558685960037,0.3273385175346786,11.391380410206814,1.0,2026-05-16-12-37-36-480846,microagi,microagi,9,False,False,False,False,False,False,False
476.0,15.866666666666667,0.0,0.0,0.0,0.0,0.0,0.0,0.0,0.0,0.0,0.0,0.0,0.0,0.0,0.0,157.53548797121454,1.0,159.05792956452126,1.0,1.0,159.05792956452126,3.681323972266797,0.2325046719326398,0.135859096763127,4.428998142458514,0.279726198471064,0.17547133450075436,1.2031340491638567,0.0,0.2967298713255647,0.2561154352018519,8.110322114725312,1.0,2026-05-16-14-48-16-422166,microagi,microagi,9,False,False,False,False,False,False,False
724.0,24.133333333333333,0.0,0.0,0.0,0.0,0.0,0.0,0.0,0.0,0.0,0.0,0.0,0.0,0.0,0.0,158.15791967342207,1.0,159.40253660225395,1.0,1.0,159.40253660225395,5.422417693904972,0.22499658480933493,0.16254218652084815,5.405004306950678,0.2242740376328082,0.03782940384507082,1.3652223603318692,0.0,0.323905838536405,0.22463531122107155,10.82742200085565,1.0,2026-05-16-15-09-08-112541,microagi,microagi,9,False,False,False,False,False,False,False
591.0,19.7,0.0,0.0,0.0,0.0,0.0,0.0,0.0,0.0,0.0,0.0,0.0,0.0,0.0,0.0,155.1074400314613,1.0,156.0736070225819,1.0,1.0,156.0736070225819,4.562391578878886,0.23198601248536707,0.24982160318173052,5.667292191666455,0.2881673995762604,0.13452111480772988,1.4769099401928305,0.0,0.33455019728052415,0.2600767060308138,10.229683770545341,1.0,2026-05-16-15-12-24-111863,microagi,microagi,9,False,False,False,False,False,False,False
268.0,8.933333333333334,0.0,0.0,0.0,0.0,0.0,0.0,0.0,0.0,0.0,0.0,0.0,0.0,0.0,0.0,161.67160361498546,1.0,162.97815720277984,1.0,1.0,162.97815720277984,2.0147228889528073,0.22637335830930425,0.062123787009568124,1.7958560370294556,0.20178157719432088,0.09453694584120197,1.5915780520067044,0.0,0.19873282417482865,0.21407746775181255,3.810578925982263,1.0,2026-05-16-15-40-51-243101,microagi,microagi,9,False,False,False,False,False,False,False
240.0,8.0,0.0,0.0,0.0,0.0,0.0,0.0,0.0,0.0,0.0,0.0,0.0,0.0,0.0,0.0,161.09503037985564,1.0,163.98507602991174,1.0,1.0,163.98507602991174,2.552954060322199,0.32045448455927183,0.246132403364007,3.215916002011433,0.4036714646876276,0.25345884376450073,1.0499092217288293,0.0,0.17228851909392087,0.3620629746234497,5.768870062333631,1.0,2026-05-16-16-25-49-534777,microagi,microagi,9,False,False,False,False,False,False,False
433.0,14.433333333333334,0.0,0.0,0.0,0.0,0.0,0.0,0.0,0.0,0.0,0.0,0.0,0.0,0.0,0.0,144.21264643522898,1.0,149.32695519383267,1.0,1.0,149.32695519383267,4.1813322968083355,0.2903702983894678,0.39994220262009894,5.027662021497271,0.3491431959373105,0.19432052751581846,1.5210496750371862,0.0,0.6845748616093792,0.31975674716338914,9.208994318305606,1.0,2026-05-16-18-57-50-733711,microagi,microagi,9,False,False,False,False,False,False,False
240.0,8.0,0.0,0.0,0.0,0.0,0.0,0.0,0.0,0.0,0.0,0.0,0.0,0.0,0.0,0.0,165.61928601049541,1.0,163.05689632900007,1.0,1.0,165.61928601049541,3.948096658807761,0.4955769864612252,0.34895365845194587,4.197654116902201,0.526902190406134,0.3831859740016102,1.211255838961805,0.0,0.8481726209074278,0.5112395884336797,8.145750775709962,1.0,2026-05-16-20-47-50-970729,microagi,microagi,9,False,False,False,False,False,False,False
165.0,5.5,0.0,0.0,0.0,0.0,0.0,0.0,0.0,0.0,0.0,0.0,0.0,0.0,0.0,0.0,150.33053823745232,1.0,146.179481627663,1.0,1.0,150.33053823745232,3.0244450267222796,0.5532521390345632,0.6442229999783172,3.534101695552904,0.6464820174791898,0.8804688205810759,1.7717428048714454,0.0,0.5788229970813911,0.5998670782568765,6.558546722275183,1.0,2026-05-16-20-50-21-252282,microagi,microagi,9,False,False,False,False,False,False,False
781.0,26.033333333333335,0.0,0.0,0.0,0.0,0.0,0.0,0.0,0.0,0.0,0.0,0.0,0.0,0.0,0.0,153.35937219957094,1.0,145.18751056088516,1.0,1.0,153.35937219957094,11.485521406173934,0.44175082331438204,0.6959373938564049,11.17301071674226,0.42973118141316385,1.1268109708230463,1.7805048258189744,0.0,0.9310154441403242,0.4357410023637729,22.658532122916192,1.0,2026-05-16-20-50-29-055615,microagi,microagi,9,False,False,False,False,False,False,False
216.0,7.2,0.0,0.0,0.0,0.0,0.0,0.0,0.0,0.0,0.0,0.0,0.0,0.0,0.0,0.0,134.18695224926688,1.0,132.46769713430643,1.0,1.0,134.18695224926688,3.433552896227427,0.47910040412475724,0.566185205582522,3.131692215757681,0.4369803091754902,0.6921239487330128,2.050213098883438,0.0,0.6498221399880786,0.45804035665012377,6.565245111985108,1.0,2026-05-16-20-52-39-225378,microagi,microagi,9,False,False,False,False,False,False,False
200.0,6.666666666666667,0.0,0.0,0.0,0.0,0.0,0.0,0.0,0.0,0.0,0.0,0.0,0.0,0.0,0.0,168.02368896728666,1.0,172.2280699532689,1.0,1.0,172.2280699532689,2.9184810392123053,0.43997201596165403,0.20334351657908586,2.3008002596072155,0.3468543104935501,0.2987720514471098,1.1601255542263134,0.0,0.4497487424075112,0.39341316322760206,5.219281298819521,1.0,2026-05-16-21-44-06-725859,microagi,microagi,9,False,False,False,False,False,False,False
206.0,6.866666666666666,0.0,0.0,0.0,0.0,0.0,0.0,0.0,0.0,0.0,0.0,0.0,0.0,0.0,0.0,152.73920134363135,1.0,153.02155591736062,1.0,1.0,153.02155591736062,3.173605303080766,0.4644300443532829,0.08731504485577363,3.826635493772984,0.5599954381131196,0.2093969371867535,1.8637202231160628,0.0,0.31935900677476026,0.5122127412332013,7.00024079685375,1.0,2026-05-17-08-37-10-629199,microagi,microagi,9,False,False,False,False,False,False,False
364.0,12.133333333333333,0.0,0.0,0.0,0.0,0.0,0.0,0.0,0.0,0.0,0.0,0.0,0.0,0.0,0.0,152.1380514420594,1.0,148.88599656228484,1.0,1.0,152.1380514420594,4.7436627419399615,0.39203824313553404,0.1949515071057901,5.421332007727031,0.44804396758074644,0.16829298048262745,1.2979967616259884,0.0,0.21512020313543048,0.42004110535814015,10.164994749666992,1.0,2026-05-17-09-04-34-950513,microagi,microagi,9,False,False,False,False,False,False,False
351.0,11.7,0.0,0.0,0.0,0.0,0.0,0.0,0.0,0.0,0.0,0.0,0.0,0.0,0.0,0.0,161.30857265320714,1.0,162.2321438074519,1.0,1.0,162.2321438074519,3.1599144345726056,0.27084980867765196,0.21734820138161262,3.1582964543854937,0.27071112466161373,0.1774163505923809,1.2361095599212653,0.0,0.19608146144185887,0.27078046666963285,6.318210888958099,1.0,2026-05-17-09-49-23-379875,microagi,microagi,9,False,False,False,False,False,False,False
203.0,6.766666666666667,0.0,0.0,0.0,0.0,0.0,0.0,0.0,0.0,0.0,0.0,0.0,0.0,0.0,0.0,148.92277414430382,1.0,143.55748463199996,1.0,1.0,148.92277414430382,2.631491968696085,0.3908156389152603,0.07795352763990386,2.901485084239553,0.43091362637221087,0.09082755132310377,1.5146171625264655,0.0,0.16498537737038876,0.4108646326437355,5.532977052935639,1.0,2026-05-17-09-51-45-680109,microagi,microagi,9,False,False,False,False,False,False,False
264.0,8.8,0.0,0.0,0.0,0.0,0.0,0.0,0.0,0.0,0.0,0.0,0.0,0.0,0.0,0.0,135.86584912641717,1.0,129.4839959800609,1.0,1.0,135.86584912641717,4.472541305370406,0.5101758143008068,0.6088291553356167,4.320035582971853,0.49277972429336725,0.7191392696015464,1.3392892970108785,0.0,0.4506109697813432,0.501477769297087,8.792576888342259,1.0,2026-05-17-09-55-37-688428,microagi,microagi,9,False,False,False,False,False,False,False
163.0,5.433333333333334,0.0,0.0,0.0,0.0,0.0,0.0,0.0,0.0,0.0,0.0,0.0,0.0,0.0,0.0,157.1579360915072,1.0,156.62814342684217,1.0,1.0,157.1579360915072,2.5639225072684195,0.47480046430896655,0.46921220314540374,2.3704962529381977,0.4389807875811477,0.4017151177404663,1.473103055026882,0.0,0.34357332954465086,0.45689062594505714,4.934418760206617,1.0,2026-05-17-13-08-44-542845,microagi,microagi,9,False,False,False,False,False,False,False
291.0,9.7,0.0,0.0,0.0,0.0,0.0,0.0,0.0,0.0,0.0,0.0,0.0,0.0,0.0,0.0,156.3532440796293,1.0,155.6084755632978,1.0,1.0,156.3532440796293,5.066537998060516,0.524124620489019,0.5026021783995288,5.128637778990367,0.5305487357576242,0.4379204736422509,1.6729330732648087,0.0,0.8401158914329157,0.5273366781233215,10.195175777050883,1.0,2026-05-17-13-09-35-602845,microagi,microagi,9,False,False,False,False,False,False,False
177.0,5.9,0.0,0.0,0.0,0.0,0.0,0.0,0.0,0.0,0.0,0.0,0.0,0.0,0.0,0.0,150.32586705515877,1.0,143.94094919419953,1.0,1.0,150.32586705515877,2.7524814058619125,0.4691729669082806,0.6231511843598532,2.3125749785460994,0.3941889167976305,0.62146122031893,2.5888593745650645,0.0,0.5346083858937699,0.43168094185295564,5.065056384408011,1.0,2026-05-17-17-08-44-310901,microagi,microagi,9,False,False,False,False,False,False,False
521.0,17.366666666666667,0.0,0.0,0.0,0.0,0.0,0.0,0.0,0.0,0.0,0.0,0.0,0.0,0.0,0.0,145.8658028457449,1.0,142.44322425307317,1.0,1.0,145.8658028457449,7.203760293858691,0.4156015554149245,0.24330791855785758,8.233017666678203,0.474981788462204,0.5753415390458292,1.5570968537740013,0.0,0.700658900833255,0.4452916719385643,15.436777960536894,1.0,2026-05-17-17-09-30-704234,microagi,microagi,9,False,False,False,False,False,False,False
186.0,6.2,0.0,0.0,0.0,0.0,0.0,0.0,0.0,0.0,0.0,0.0,0.0,0.0,0.0,0.0,141.19942312216858,1.0,143.29910329444493,1.0,1.0,143.29910329444493,3.0930295942607278,0.5015723666368749,0.3739903660270871,3.020512364751247,0.4898128159056077,0.4264697239365768,1.341618666517497,0.0,0.2772649997668673,0.49569259127124127,6.113541959011975,1.0,2026-05-17-17-12-33-746850,microagi,microagi,9,False,False,False,False,False,False,False
543.0,18.1,0.0,0.0,0.0,0.0,0.0,0.0,0.0,0.0,0.0,0.0,0.0,0.0,0.0,0.0,163.3334899875561,1.0,160.26204869352665,1.0,1.0,163.3334899875561,8.435052953201488,0.4668848498082005,0.19446487067125964,8.36975902406285,0.4632707946898256,0.13438224556390382,1.7153673463723729,0.0,0.14135200766081363,0.4650778222490131,16.804811977264336,1.0,2026-05-18-06-23-13-468681,microagi,microagi,9,False,False,False,False,False,False,False
229.0,7.633333333333334,0.0,0.0,0.0,0.0,0.0,0.0,0.0,0.0,0.0,0.0,0.0,0.0,0.0,0.0,163.35746981645124,1.0,163.08149840140598,1.0,1.0,163.35746981645124,3.2486201076054027,0.4274500141586055,0.2576833505638723,2.6578642239025063,0.34971897682927716,0.21882162180433976,1.5244186051917454,0.0,0.23984011388816162,0.38858449549394136,5.906484331507909,1.0,2026-05-18-14-20-48-522570,microagi,microagi,9,False,False,False,False,False,False,False
283.0,9.433333333333334,0.0,0.0,0.0,0.0,0.0,0.0,0.0,0.0,0.0,0.0,0.0,0.0,0.0,0.0,160.89061019610708,1.0,160.0875610702611,1.0,1.0,160.89061019610708,4.048252159089717,0.4306651233074167,0.3085228151173244,3.4379093383780703,0.36573503599766705,0.38981149832205436,1.3847887059389503,0.0,0.3483195865283369,0.39820007965254184,7.486161497467787,1.0,2026-05-18-14-24-18-626479,microagi,microagi,9,False,False,False,False,False,False,False
317.0,10.566666666666666,0.0,0.0,0.0,0.0,0.0,0.0,0.0,0.0,0.0,0.0,0.0,0.0,0.0,0.0,158.54736871383395,1.0,158.13615801308165,1.0,1.0,158.54736871383395,3.3220809509561677,0.3153874320528008,0.04150001296378945,3.191706489006667,0.3030101097158229,0.1395188997419093,1.0043657465235707,0.0,0.508370706436984,0.3091987708843118,6.513787439962835,1.0,2026-05-18-14-33-22-792738,microagi,microagi,9,False,False,False,False,False,False,False
397.0,13.233333333333333,0.0,0.0,0.0,0.0,0.0,0.0,0.0,0.0,0.0,0.0,0.0,0.0,0.0,0.0,159.30052858289935,1.0,159.5255238584488,1.0,1.0,159.5255238584488,4.700233992863317,0.35607833279267553,0.21866356956617988,4.393181458192703,0.3328167771358108,0.135895862211754,1.31831547046341,0.0,0.13319569115358837,0.3444475549642432,9.09341545105602,1.0,2026-05-18-14-41-46-407218,microagi,microagi,9,False,False,False,False,False,False,False
282.0,9.4,0.0,0.0,0.0,0.0,0.0,0.0,0.0,0.0,0.0,0.0,0.0,0.0,0.0,0.0,164.0114179456061,1.0,167.55164558535807,1.0,1.0,167.55164558535807,3.398147764960142,0.3627915763302643,0.39675020246571474,2.792504067706745,0.2981321068726063,0.1513113135686414,1.3477655389674978,0.0,0.30709430791974,0.3304618416014353,6.190651832666887,1.0,2026-05-18-14-44-58-979176,microagi,microagi,9,False,False,False,False,False,False,False
327.0,10.9,0.0,0.0,0.0,0.0,0.0,0.0,0.0,0.0,0.0,0.0,0.0,0.0,0.0,0.0,164.87947827615793,1.0,165.46358698002228,1.0,1.0,165.46358698002228,4.168505709268347,0.3836048198713202,0.3112899726679995,3.0879655027039927,0.2841686045433122,0.10065806079751023,1.6745661539101437,0.0,0.18598379766818382,0.3338867122073162,7.25647121197234,1.0,2026-05-18-14-45-54-298162,microagi,microagi,9,False,False,False,False,False,False,False
320.0,10.666666666666666,0.0,0.0,0.0,0.0,0.0,0.0,0.0,0.0,0.0,0.0,0.0,0.0,0.0,0.0,157.6135668222698,1.0,158.8552412673246,1.0,1.0,158.8552412673246,3.893928688811605,0.3662001901703703,0.04850756343364563,3.6486869786751033,0.34313670645847366,0.06510289863329671,1.2528056773388534,0.0,0.17616353377523808,0.354668448314422,7.542615667486708,1.0,2026-05-18-16-12-50-060238,microagi,microagi,9,False,False,False,False,False,False,False
157.0,5.233333333333333,0.0,0.0,0.0,0.0,0.0,0.0,0.0,0.0,0.0,0.0,0.0,0.0,0.0,0.0,162.07312312758845,1.0,161.91187721738387,1.0,1.0,162.07312312758845,1.4890904947997439,0.2863635566922584,0.18145011738773165,1.3665385848755354,0.2627958817068337,0.16874345585573217,1.1346835712649945,0.0,0.2155941702967541,0.27457971919954605,2.8556290796752792,1.0,2026-05-18-16-21-11-868409,microagi,microagi,9,False,False,False,False,False,False,False
351.0,11.7,0.0,0.0,0.0,0.0,0.0,0.0,0.0,0.0,0.0,0.0,0.0,0.0,0.0,0.0,162.13649431047176,1.0,162.62686042857504,1.0,1.0,162.62686042857504,3.2896461885965147,0.2819696733082727,0.09407508186365977,3.4693248495315903,0.297370701388422,0.10042759704120234,1.2526883485644709,0.0,0.22861093355702247,0.2896701873483473,6.758971038128105,1.0,2026-05-18-16-34-26-183438,microagi,microagi,9,False,False,False,False,False,False,False
620.0,20.666666666666668,0.0,0.0,0.0,0.0,0.0,0.0,0.0,0.0,0.0,0.0,0.0,0.0,0.0,0.0,165.3721404597083,1.0,166.03323156675026,1.0,1.0,166.03323156675026,4.567809238226042,0.22138009232113293,0.28166348998132124,4.643078345615676,0.22502802967442692,0.22842678964106813,1.072608499445394,0.0,0.3935779518476437,0.2232040609977799,9.210887583841718,1.0,2026-05-18-16-51-09-744635,microagi,microagi,9,False,False,False,False,False,False,False
405.0,13.5,0.0,0.0,0.0,0.0,0.0,0.0,0.0,0.0,0.0,0.0,0.0,0.0,0.0,0.0,157.56064181511036,1.0,157.81549954769,1.0,1.0,157.81549954769,4.127425745380493,0.3064920107955811,0.14289609555356136,4.40642437612771,0.32720973090057254,0.1346826006055378,1.0963371757348812,0.0,0.260625890944748,0.31685087084807684,8.533850121508202,1.0,2026-05-18-16-52-42-859139,microagi,microagi,9,False,False,False,False,False,False,False
187.0,6.233333333333333,0.0,0.0,0.0,0.0,0.0,0.0,0.0,0.0,0.0,0.0,0.0,0.0,0.0,0.0,168.07486639713503,1.0,164.85432727733868,1.0,1.0,168.07486639713503,1.9500514822865167,0.31452443262685753,0.20660730144678954,2.2801318043532937,0.3677631942505312,0.1459278727655016,1.2059722754121707,0.0,0.17722360192583198,0.3411438134386944,4.230183286639811,1.0,2026-05-18-16-55-50-895946,microagi,microagi,9,False,False,False,False,False,False,False
599.0,19.966666666666665,0.0,0.0,0.0,0.0,0.0,0.0,0.0,0.0,0.0,0.0,0.0,0.0,0.0,0.0,164.00715109350185,1.0,163.6397961903575,1.0,1.0,164.00715109350185,5.709963170478131,0.28645300186345135,0.18538467776269726,7.711198759298837,0.38684943608522593,0.20619324681336124,1.2779228646538192,0.0,0.29400593739205483,0.33665121897433864,13.421161929776968,1.0,2026-05-18-17-02-26-531665,microagi,microagi,9,False,False,False,False,False,False,False
195.0,6.5,0.0,0.0,0.0,0.0,0.0,0.0,0.0,0.0,0.0,0.0,0.0,0.0,0.0,0.0,164.18182739019935,1.0,162.86513063899184,1.0,1.0,164.18182739019935,1.9018956808076772,0.2941075795063418,0.15759150533794064,2.5098326999532983,0.3881184587556646,0.08674361700553464,1.0312674940195763,0.0,0.2508443742446082,0.3411130191310032,4.411728380760976,1.0,2026-05-18-17-03-16-562945,microagi,microagi,9,False,False,False,False,False,False,False
914.0,30.466666666666665,0.0,0.0,0.0,0.0,0.0,0.0,0.0,0.0,0.0,0.0,0.0,0.0,0.0,0.0,153.95102698650118,1.0,152.4552799884075,1.0,1.0,153.95102698650118,12.715344862857071,0.41780979834141524,0.1732798549879178,15.435633718677568,0.5071949743267546,0.27605773690640106,1.6052469631116708,0.0,0.43848055524611407,0.46250238633408497,28.150978581534638,1.0,2026-05-18-17-32-12-397145,microagi,microagi,9,False,False,False,False,False,False,False
460.0,15.333333333333334,0.0,0.0,0.0,0.0,0.0,0.0,0.0,0.0,0.0,0.0,0.0,0.0,0.0,0.0,158.73097559684214,1.0,157.989637033679,1.0,1.0,158.73097559684214,6.7358675016023195,0.44025277788250455,0.4830032233856944,7.734372394849531,0.5055145356110805,0.3520734533714019,1.3612152061057767,0.0,0.4836995260420782,0.4728836567467925,14.47023989645185,1.0,2026-05-18-17-32-56-353811,microagi,microagi,9,False,False,False,False,False,False,False
249.0,8.3,0.0,0.0,0.0,0.0,0.0,0.0,0.0,0.0,0.0,0.0,0.0,0.0,0.0,0.0,157.00824780622204,1.0,156.5641156041805,1.0,1.0,157.00824780622204,4.132447199169053,0.4998928063510951,0.26126960657753573,4.784635242499227,0.5787865212700676,0.3750570661173416,1.4101734600516926,0.0,0.4937374514179996,0.5393396638105813,8.91708244166828,1.0,2026-05-18-17-35-01-023379,microagi,microagi,9,False,False,False,False,False,False,False
1088.0,36.266666666666666,0.0,0.0,0.0,0.0,0.0,0.0,0.0,0.0,0.0,0.0,0.0,0.0,0.0,0.0,158.30111675835465,1.0,159.0554344251151,1.0,1.0,159.0554344251151,12.415250674031721,0.34264721271476695,0.18226049064485186,13.890807943093101,0.38337096439079393,0.07982359937391796,4.047398010477876,0.0,0.3166265492475723,0.3630090885527804,26.306058617124823,1.0,2026-05-18-17-38-51-911895,microagi,microagi,9,False,False,False,False,True,False,True
583.0,19.433333333333334,0.0,0.0,0.0,0.0,0.0,0.0,0.0,0.0,0.0,0.0,0.0,0.0,0.0,0.0,157.3603064257607,1.0,156.8835711772065,1.0,1.0,157.3603064257607,9.709230980534073,0.5004758237388697,0.1676602958265772,10.655245202561737,0.5492394434310174,0.4617264291896618,1.739369172852437,0.0,0.6918355774053214,0.5248576335849435,20.36447618309581,1.0,2026-05-18-17-38-53-682117,microagi,microagi,9,False,False,False,False,False,False,False
157.0,5.233333333333333,0.0,0.0,0.0,0.0,0.0,0.0,0.0,0.0,0.0,0.0,0.0,0.0,0.0,0.0,154.87156941180712,1.0,153.87377793744,1.0,1.0,154.87156941180712,2.9414054125377653,0.5656548870264934,0.23344676952471005,3.565044004875399,0.6855853855529613,0.40794259373214764,1.7415901424464437,0.0,0.6832885550198327,0.6256201362897273,6.506449417413164,1.0,2026-05-18-17-43-15-587052,microagi,microagi,9,False,False,False,False,False,False,False
200.0,6.666666666666667,0.0,0.0,0.0,0.0,0.0,0.0,0.0,0.0,0.0,0.0,0.0,0.0,0.0,0.0,162.55408442571252,1.0,160.75887649632517,1.0,1.0,162.55408442571252,3.2004403169661426,0.4824784397436396,0.6510654127903455,2.7759684237782567,0.4184877020771241,0.7218268568847231,2.105527148835975,0.0,0.4435674466451465,0.45048307091038176,5.976408740744399,1.0,2026-05-18-17-46-16-015819,microagi,microagi,9,False,False,False,False,False,False,False
234.0,7.8,0.0,0.0,0.0,0.0,0.0,0.0,0.0,0.0,0.0,0.0,0.0,0.0,0.0,0.0,156.9577730812606,1.0,155.27539114589936,1.0,1.0,156.9577730812606,3.757274141762056,0.4837692028019815,0.5479772500928702,4.4963177594323325,0.5789250334033046,0.6877406064823263,1.4452988527753543,0.0,0.3998844487150786,0.5313471181026431,8.253591901194389,1.0,2026-05-18-17-48-28-452747,microagi,microagi,9,False,False,False,False,False,False,False
400.0,13.333333333333334,0.0,0.0,0.0,0.0,0.0,0.0,0.0,0.0,0.0,0.0,0.0,0.0,0.0,0.0,162.15287934521865,1.0,162.2020117850423,1.0,1.0,162.2020117850423,4.183413775307419,0.31454238912085863,0.17871227298129147,5.165571517284981,0.38838883588608875,0.12732995979949988,1.3732858900459335,0.0,0.40849170680747615,0.3514656125034737,9.348985292592399,1.0,2026-05-18-17-57-05-943305,microagi,microagi,9,False,False,False,False,False,False,False
161.0,5.366666666666666,0.0,0.0,0.0,0.0,0.0,0.0,0.0,0.0,0.0,0.0,0.0,0.0,0.0,0.0,165.11066687016364,1.0,161.4196355691583,1.0,1.0,165.11066687016364,1.5386494664801993,0.2884967749650374,0.40875686460429994,2.4647715438672773,0.46214466447511454,0.10881444569137479,1.2973247996966255,0.0,0.2923372535978696,0.37532071972007597,4.003421010347477,1.0,2026-05-18-18-01-11-721933,microagi,microagi,9,False,False,False,False,False,False,False
294.0,9.8,0.0,0.0,0.0,0.0,0.0,0.0,0.0,0.0,0.0,0.0,0.0,0.0,0.0,0.0,156.35695184167628,1.0,157.5957750467469,1.0,1.0,157.5957750467469,2.4683087137367683,0.25272785464881586,0.4837805623147229,2.7922288337420955,0.28589373724321804,0.2822748571866273,1.2194303931437576,0.0,0.29238303055490367,0.269310795946017,5.260537547478863,1.0,2026-05-19-17-48-30-864700,microagi,microagi,9,False,False,False,False,False,False,False
603.0,20.1,0.0,0.0,0.0,0.0,0.0,0.0,0.0,0.0,0.0,0.0,0.0,0.0,0.0,0.0,168.8050804437325,1.0,170.4484474305354,1.0,1.0,170.4484474305354,6.579681489271458,0.32789110411651784,0.3738246821009094,7.036699261402461,0.35066607614962436,0.41280677541620014,1.7532727067487206,0.0,0.4696642283776399,0.3392785901330711,13.616380750673919,1.0,2026-05-19-18-32-10-902839,microagi,microagi,9,False,False,False,False,False,False,False
151.0,5.033333333333333,0.0,0.0,0.0,0.0,0.0,0.0,0.0,0.0,0.0,0.0,0.0,0.0,0.0,0.0,152.93324992830938,1.0,148.6211252705673,1.0,1.0,152.93324992830938,2.8326129548019123,0.5665225909603824,0.263944386070541,3.2560031611670777,0.6512006322334154,0.4154188090008235,1.5053394911017408,0.0,0.775002566595385,0.6088616115968989,6.08861611596899,1.0,2026-05-19-18-33-48-407839,microagi,microagi,9,False,False,False,False,False,False,False
235.0,7.833333333333333,0.0,0.0,0.0,0.0,0.0,0.0,0.0,0.0,0.0,0.0,0.0,0.0,0.0,0.0,159.37682396371935,1.0,159.9142079679088,1.0,1.0,159.9142079679088,2.751949813000482,0.35281407858980535,0.23455109528195398,2.974302547566119,0.3813208394315537,0.3072285148881993,1.2464238268021672,0.0,0.35115672101677087,0.36706745901067955,5.726252360566601,1.0,2026-05-19-21-30-21-305639,microagi,microagi,9,False,False,False,False,False,False,False
1123.0,37.43333333333333,0.0,0.0,0.0,0.0,0.0,0.0,0.0,0.0,0.0,0.0,0.0,0.0,0.0,0.0,152.03310788262837,1.0,155.6796321754866,1.0,1.0,155.6796321754866,8.967997318820434,0.2397860245673912,0.23884091401691981,10.936558059283673,0.2924213384835207,0.17638189110453362,1.2271374184553283,0.0,0.45597921597096885,0.26610368152545594,19.904555378104106,1.0,2026-05-20-07-20-51-640438,microagi,microagi,9,False,False,False,False,True,False,True
1495.0,49.833333333333336,0.0,0.0,0.0,0.0,0.0,0.0,0.0,0.0,0.0,0.0,0.0,0.0,0.0,0.0,150.45650572526523,1.0,152.67680585892145,1.0,1.0,152.67680585892145,10.078301308914561,0.20237552829145708,0.39988091961790584,11.590698299136612,0.23274494576579546,0.6396433257390347,1.4569755202629386,0.0,0.27260318784338383,0.21756023702862626,21.668999608051173,1.0,2026-05-20-07-22-33-417109,microagi,microagi,9,False,False,False,False,True,False,True
318.0,10.6,0.0,0.0,0.0,0.0,0.0,0.0,0.0,0.0,0.0,0.0,0.0,0.0,0.0,0.0,137.82464527616494,1.0,158.33489547584017,1.0,1.0,158.33489547584017,3.246545631821522,0.3072440661029831,0.24478932506898243,3.915004646863208,0.3705051716274329,0.15712014970170796,1.47542004824367,0.0,0.46200553040152936,0.3388746188652081,7.1615502786847305,1.0,2026-05-20-07-25-35-590752,microagi,microagi,9,False,False,False,False,False,False,False
680.0,22.666666666666668,0.0,0.0,0.0,0.0,0.0,0.0,0.0,0.0,0.0,0.0,0.0,0.0,0.0,0.0,160.53056043571837,1.0,156.61438884627356,1.0,1.0,160.53056043571837,7.896550890961525,0.34889031918828534,0.17883813822783326,8.885867631592049,0.39260092628536297,0.1481277090377262,2.2938012790579094,0.0,0.7714784666114782,0.37074562273682415,16.782418522553574,1.0,2026-05-20-11-37-29-383825,microagi,microagi,9,False,False,False,False,False,False,False
168.0,5.6,0.0,0.0,0.0,0.0,0.0,0.0,0.0,0.0,0.0,0.0,0.0,0.0,0.0,0.0,155.04424831310496,1.0,148.78825584094068,1.0,1.0,155.04424831310496,2.2274854703877085,0.40014709048880986,0.31131218320379483,2.365995471742192,0.4250291266602739,0.48135902338039155,1.5370821757402948,0.0,0.6480413550836156,0.4125881085745419,4.593480942129901,1.0,2026-05-20-11-38-05-673825,microagi,microagi,9,False,False,False,False,False,False,False
265.0,8.833333333333334,0.0,0.0,0.0,0.0,0.0,0.0,0.0,0.0,0.0,0.0,0.0,0.0,0.0,0.0,157.25017980291605,1.0,154.29938548184086,1.0,1.0,157.25017980291605,4.186711629337738,0.4757626851520157,0.4281513931709446,4.8047931242905495,0.5459992186693805,0.41140526601299354,2.1569036791117964,0.0,0.9128435012963259,0.510880951910698,8.991504753628288,1.0,2026-05-20-11-38-52-804896,microagi,microagi,9,False,False,False,False,False,False,False
307.0,10.233333333333333,0.0,0.0,0.0,0.0,0.0,0.0,0.0,0.0,0.0,0.0,0.0,0.0,0.0,0.0,154.857366954811,1.0,157.03238475916592,1.0,1.0,157.03238475916592,5.484427124512404,0.5376889337757258,0.4529898056261142,5.986933767942532,0.5869542909747582,0.7395645972255873,2.034497279119293,0.0,0.7980349802151083,0.5623216123752419,11.471360892454936,1.0,2026-05-20-11-43-02-028596,microagi,microagi,9,False,False,False,False,False,False,False
356.0,11.866666666666667,0.0,0.0,0.0,0.0,0.0,0.0,0.0,0.0,0.0,0.0,0.0,0.0,0.0,0.0,157.55076484065268,1.0,157.88689822495775,1.0,1.0,157.88689822495775,3.659483987874345,0.30925216798938127,0.6476663854440059,3.609574860930657,0.3050344952899147,0.49735904112171697,1.2894580904189052,0.0,0.494863922240393,0.307143331639648,7.269058848805002,1.0,2026-05-20-12-07-42-347800,microagi,microagi,9,False,False,False,False,False,False,False
3544.0,118.13333333333334,0.0,0.0,0.0,0.0,0.0,0.0,0.0,0.0,0.0,0.0,0.0,0.0,0.0,0.0,160.45104319251814,1.0,159.4619729501237,1.0,1.0,160.45104319251814,31.441857907289297,0.2662308036180296,0.19338904804099988,30.058557847266776,0.2545178479870176,0.13602614968465038,2.1866524252698256,0.0,0.17716122178357363,0.26037432580252357,61.50041575455607,1.0,2026-05-20-13-15-01-855291,microagi,microagi,9,False,False,False,False,True,False,True
196.0,6.533333333333333,0.0,0.0,0.0,0.0,0.0,0.0,0.0,0.0,0.0,0.0,0.0,0.0,0.0,0.0,160.2371949024413,1.0,160.97888088026286,1.0,1.0,160.97888088026286,2.0809433770054073,0.3201451349239088,0.21222928054572443,1.94311341844611,0.29894052591478615,0.17727370372639378,1.0290313031814853,0.0,0.2911655386528625,0.3095428304193475,4.024056795451518,1.0,2026-05-20-13-25-34-036239,microagi,microagi,9,False,False,False,False,False,False,False
442.0,14.733333333333333,0.0,0.0,0.0,0.0,0.0,0.0,0.0,0.0,0.0,0.0,0.0,0.0,0.0,0.0,162.55182063499217,1.0,159.74657206417106,1.0,1.0,162.55182063499217,4.0917770803151,0.2783521823343606,0.41110943089544694,4.5972969720904695,0.3127412906183993,0.25668108786078525,1.0618160821498086,0.0,0.4495205240468414,0.2955467364763799,8.68907405240557,1.0,2026-05-21-07-30-23-814834,microagi,microagi,9,False,False,False,False,False,False,False
343.0,11.433333333333334,0.0,0.0,0.0,0.0,0.0,0.0,0.0,0.0,0.0,0.0,0.0,0.0,0.0,0.0,159.3591250103813,1.0,159.65685149544163,1.0,1.0,159.65685149544163,2.5549655320234144,0.22411978351082582,0.10766696579208569,2.8765470371620916,0.25232868747035897,0.16266250008658464,0.8746925854300772,0.0,0.3304814577315046,0.23822423549059235,5.4315125691855055,1.0,2026-05-21-08-26-34-896794,microagi,microagi,9,False,False,False,False,False,False,False
245.0,8.166666666666666,0.0,0.0,0.0,0.0,0.0,0.0,0.0,0.0,0.0,0.0,0.0,0.0,0.0,0.0,154.61802831258206,1.0,160.97014464779443,1.0,1.0,160.97014464779443,3.47830760046235,0.42766077054864954,0.4227459006215624,3.110019420625714,0.38237943696217797,0.31494361126505865,1.901873474151765,0.0,0.1542681004007247,0.40502010375541375,6.588327021088064,1.0,2026-05-21-10-43-07-333935,microagi,microagi,9,False,False,False,False,False,False,False
548.0,18.266666666666666,0.0,0.0,0.0,0.0,0.0,0.0,0.0,0.0,0.0,0.0,0.0,0.0,0.0,0.0,152.09958583586294,1.0,151.89619432228915,1.0,1.0,152.09958583586294,7.409420643879392,0.40636676291843105,0.19540559277861563,7.60327558564107,0.41699866100408056,0.35343764738816286,1.4092479597188465,0.0,0.3654773987767093,0.4116827119612558,15.012696229520461,1.0,2026-05-21-10-52-53-966195,microagi,microagi,9,False,False,False,False,False,False,False
181.0,6.033333333333333,0.0,0.0,0.0,0.0,0.0,0.0,0.0,0.0,0.0,0.0,0.0,0.0,0.0,0.0,151.2497390914122,1.0,155.64236112599167,1.0,1.0,155.64236112599167,2.346857627333839,0.39114293788897325,0.2374400469103719,2.1893171401636877,0.36488619002728123,0.26497777481932283,1.2902736236338572,0.0,0.2518315888427928,0.3780145639581272,4.536174767497527,1.0,2026-05-21-10-56-45-858230,microagi,microagi,9,False,False,False,False,False,False,False
343.0,11.433333333333334,0.0,0.0,0.0,0.0,0.0,0.0,0.0,0.0,0.0,0.0,0.0,0.0,0.0,0.0,156.89952544267152,1.0,159.25576689680773,1.0,1.0,159.25576689680773,4.91322321419242,0.4309844924730193,0.3658888695267587,4.7704801349134005,0.4184631697292456,0.26496443905037664,1.3981663568148663,0.0,0.25566487069833466,0.42472383110113243,9.68370334910582,1.0,2026-05-21-10-57-19-871564,microagi,microagi,9,False,False,False,False,False,False,False
548.0,18.266666666666666,0.0,0.0,0.0,0.0,0.0,0.0,0.0,0.0,0.0,0.0,0.0,0.0,0.0,0.0,155.33474313618666,1.0,157.35337007575066,1.0,1.0,157.35337007575066,6.242872421695303,0.3423878841880422,0.08932984338356517,6.708071602571381,0.3679015504152494,0.2151332009510553,1.135211107870384,0.0,0.2015347021332618,0.35514471730164576,12.950944024266683,1.0,2026-05-21-16-47-29-480268,microagi,microagi,9,False,False,False,False,False,False,False
228.0,7.6,0.0,0.0,0.0,0.0,0.0,0.0,0.0,0.0,0.0,0.0,0.0,0.0,0.0,0.0,171.22848690554,1.0,166.26024534142815,1.0,1.0,171.22848690554,3.140989488026711,0.4151087429110191,0.7100311852490031,4.784338365076021,0.6322914138866987,1.1517317364983541,3.1284643933863885,0.0,0.8113032291880153,0.5237000783988589,7.925327853102732,1.0,2026-05-21-19-48-13-986409,microagi,microagi,9,False,False,False,False,False,False,False
339.0,11.3,0.0,0.0,0.0,0.0,0.0,0.0,0.0,0.0,0.0,0.0,0.0,0.0,0.0,0.0,159.83892875362855,1.0,154.2366970460486,1.0,1.0,159.83892875362855,5.046556947783989,0.4479192557204724,0.6614090455945202,4.9379315459744095,0.43827794786755114,0.6076393887899841,1.4349417366130213,0.0,0.5406656671399596,0.4430986017940118,9.984488493758398,1.0,2026-05-21-19-50-10-606145,microagi,microagi,9,False,False,False,False,False,False,False
230.0,7.666666666666667,0.0,0.0,0.0,0.0,0.0,0.0,0.0,0.0,0.0,0.0,0.0,0.0,0.0,0.0,160.63566929875367,1.0,158.35032578570556,1.0,1.0,160.63566929875367,3.654142568857073,0.47870863347472575,0.5156093683119698,4.455411904297559,0.5836784154101605,0.9573304666711498,2.350162916947178,0.0,0.6391240314210392,0.5311935244424432,8.109554473154631,1.0,2026-05-21-19-51-18-150899,microagi,microagi,9,False,False,False,False,False,False,False
208.0,6.933333333333334,0.0,0.0,0.0,0.0,0.0,0.0,0.0,0.0,0.0,0.0,0.0,0.0,0.0,0.0,168.9972758688305,1.0,170.74657246465347,1.0,1.0,170.74657246465347,3.0911751349484455,0.4479963963693399,0.6614372895609975,4.222988465215675,0.6120273137993731,0.9093992230104976,2.0641746035977953,0.0,0.7764940204276867,0.5300118550843564,7.31416360016412,1.0,2026-05-21-19-56-23-669249,microagi,microagi,9,False,False,False,False,False,False,False
224.0,7.466666666666667,0.0,0.0,0.0,0.0,0.0,0.0,0.0,0.0,0.0,0.0,0.0,0.0,0.0,0.0,162.03636833913387,1.0,162.21436796857876,1.0,1.0,162.21436796857876,0.7138787082145999,0.09603749437864574,0.10008200034618915,1.0189526263072777,0.13707882865120327,0.14689140942046922,0.6167876907342412,0.0,0.06235922130227418,0.1165581615149245,1.7328313345218775,1.0,2026-05-21-21-09-44-052564,microagi,microagi,9,False,False,False,False,False,False,False
201.0,6.7,0.0,0.0,0.0,0.0,0.0,0.0,0.0,0.0,0.0,0.0,0.0,0.0,0.0,0.0,151.24490969057499,1.0,151.6753028893472,1.0,1.0,151.6753028893472,4.5456695493653605,0.6818504324048039,0.34300199702180395,4.842309763250819,0.7263464644876229,0.30792820189569214,2.495715434449681,0.0,0.8881874484418699,0.7040984484462135,9.38797931261618,1.0,2026-05-22-03-23-49-309395,microagi,microagi,9,False,False,False,False,False,False,False
494.0,16.466666666666665,0.0,0.0,0.0,0.0,0.0,0.0,0.0,0.0,0.0,0.0,0.0,0.0,0.0,0.0,156.06770950867912,1.0,156.76517862863074,1.0,1.0,156.76517862863074,3.8160227222628227,0.23221233604033403,0.21703782693215665,4.236405451185841,0.2577934351634386,0.24472569349538545,2.8672077846298856,0.0,0.5372768238452189,0.24500288560188635,8.052428173448664,1.0,2026-05-22-11-10-28-067528,microagi,microagi,9,False,False,False,False,False,False,False
338.0,11.266666666666667,0.0,0.0,0.0,0.0,0.0,0.0,0.0,0.0,0.0,0.0,0.0,0.0,0.0,0.0,157.9760285256412,1.0,160.06991810899268,1.0,1.0,160.06991810899268,4.0107399234170655,0.35703916232199395,0.09846938249340252,3.4404968245617225,0.30627568171172603,0.17852066155439436,1.207061786542226,0.0,0.6405918490160298,0.33165742201686,7.451236747978788,1.0,2026-05-22-11-12-23-202528,microagi,microagi,9,False,False,False,False,False,False,False
153.0,5.1,0.0,0.0,0.0,0.0,0.0,0.0,0.0,0.0,0.0,0.0,0.0,0.0,0.0,0.0,159.32218892511978,1.0,154.84963274070867,1.0,1.0,159.32218892511978,1.996500509425085,0.3940461531760036,0.15653997024062796,2.5663993240325205,0.5065261823748396,0.26980127278250393,1.2408899821303652,0.0,0.21364507568861207,0.45028616777542163,4.562899833457605,1.0,2026-05-22-13-22-07-381103,microagi,microagi,9,False,False,False,False,False,False,False
325.0,10.833333333333334,0.0,0.0,0.0,0.0,0.0,0.0,0.0,0.0,0.0,0.0,0.0,0.0,0.0,0.0,158.79475410052405,1.0,159.25718415239496,1.0,1.0,159.25718415239496,4.698364525797981,0.4350337523887019,0.9281823723313659,4.924732006190287,0.45599370427687835,1.0667400648813254,1.2738414643785205,0.0,0.446534155794179,0.4455137283327901,9.623096531988267,1.0,2026-05-22-14-27-56-812825,microagi,microagi,9,False,False,False,False,False,False,False
600.0,20.0,0.0,0.0,0.0,0.0,0.0,0.0,0.0,0.0,0.0,0.0,0.0,0.0,0.0,0.0,152.6498418577472,1.0,147.1293558630333,1.0,1.0,152.6498418577472,5.6669644583826955,0.28382125834971766,1.040864777077378,6.3386340243887185,0.31746080255703096,1.2368385714785897,1.4911986919818399,0.0,0.742829962258696,0.30064103045337437,12.005598482771415,1.0,2026-05-22-16-41-10-841898,microagi,microagi,9,False,False,False,False,False,False,False
233.0,7.766666666666667,0.0,0.0,0.0,0.0,0.0,0.0,0.0,0.0,0.0,0.0,0.0,0.0,0.0,0.0,158.21705173530444,1.0,134.79930394128078,1.0,1.0,158.21705173530444,2.7005986894948744,0.34921534777950963,0.06769826585040162,3.0626492135660164,0.39603222589215725,0.15335359303801244,1.620674038768477,0.0,0.4974960094103104,0.3726237868358334,5.763247903060891,1.0,2026-05-22-16-43-10-775159,microagi,microagi,9,False,False,False,False,False,False,False
159.0,5.3,0.0,0.0,0.0,0.0,0.0,0.0,0.0,0.0,0.0,0.0,0.0,0.0,0.0,0.0,169.2376024565185,1.0,174.11751142216403,1.0,1.0,174.11751142216403,2.9731062010736826,0.5645138356469016,1.5969769395494542,2.965978244640506,0.5631604261975646,1.5742874089518006,1.4261798075037972,0.0,0.8895852144962562,0.5638371309222331,5.9390844457141885,1.0,2026-05-22-16-43-35-597403,microagi,microagi,9,False,False,False,False,False,False,False
692.0,23.066666666666666,0.0,0.0,0.0,0.0,0.0,0.0,0.0,0.0,0.0,0.0,0.0,0.0,0.0,0.0,149.79237558159923,1.0,133.8688655100101,1.0,1.0,149.79237558159923,8.777719905185359,0.3810876948705655,0.8540637182468246,9.277874997391276,0.40280209829484553,1.0507494616689714,1.6738234873409512,0.0,1.1665014983750568,0.39194489658270554,18.055594902576637,1.0,2026-05-22-16-44-29-590312,microagi,microagi,9,False,False,False,False,False,False,False
324.0,10.8,0.0,0.0,0.0,0.0,0.0,0.0,0.0,0.0,0.0,0.0,0.0,0.0,0.0,0.0,161.63516718827032,1.0,158.62089048869308,1.0,1.0,161.63516718827032,4.999078590036566,0.46431070495695653,0.7047254852277851,6.380081683917196,0.5925772461842598,0.6890878815906887,4.1097321661037745,0.0,0.5373066562628546,0.5284439755706082,11.379160273953762,1.0,2026-05-22-16-54-13-485424,microagi,microagi,9,False,False,False,False,False,False,False
449.0,14.966666666666667,0.0,0.0,0.0,0.0,0.0,0.0,0.0,0.0,0.0,0.0,0.0,0.0,0.0,0.0,165.30007779935636,1.0,160.78619363261134,1.0,1.0,165.30007779935636,6.542389806364277,0.43810646024760785,0.33607241278066735,9.433238235465105,0.6316900604106097,0.3429323060350844,1.8277154167013467,0.0,0.42623521665078296,0.5348982603291088,15.975628041829381,1.0,2026-05-22-16-54-40-867091,microagi,microagi,9,False,False,False,False,False,False,False
152.0,5.066666666666666,0.0,0.0,0.0,0.0,0.0,0.0,0.0,0.0,0.0,0.0,0.0,0.0,0.0,0.0,165.39015492525874,1.0,161.58319718051456,1.0,1.0,165.39015492525874,2.843532897072112,0.5649403106765785,0.5166917099829009,3.2695984873115664,0.649589103439384,0.38393607146953684,1.7345712802565818,0.0,0.6571869958165801,0.6072647070579812,6.113131384383678,1.0,2026-05-22-17-04-06-637929,microagi,microagi,9,False,False,False,False,False,False,False
222.0,7.4,0.0,0.0,0.0,0.0,0.0,0.0,0.0,0.0,0.0,0.0,0.0,0.0,0.0,0.0,136.60305818756973,1.0,134.0021177315214,1.0,1.0,136.60305818756973,3.8159845466754874,0.5180069520373966,0.3791361304332379,3.9212620008276504,0.5322980091621244,0.23566699445571182,1.6655119228947592,0.0,0.2595511294265447,0.5251524805997604,7.737246547503138,1.0,2026-05-22-17-11-06-054590,microagi,microagi,9,False,False,False,False,False,False,False
154.0,5.133333333333334,0.0,0.0,0.0,0.0,0.0,0.0,0.0,0.0,0.0,0.0,0.0,0.0,0.0,0.0,158.95169852222125,1.0,161.49460961957067,1.0,1.0,161.49460961957067,1.7508492845917583,0.3433037812925016,0.08901181892060772,1.7091136287417041,0.3351203193611185,0.11020249117094702,1.033428047429668,0.0,0.375049140589136,0.33921205032681007,3.459962913333462,1.0,2026-05-22-17-49-19-435068,microagi,microagi,9,False,False,False,False,False,False,False
237.0,7.9,0.0,0.0,0.0,0.0,0.0,0.0,0.0,0.0,0.0,0.0,0.0,0.0,0.0,0.0,154.5827151119053,1.0,159.686933947194,1.0,1.0,159.686933947194,3.711574406079774,0.47181030585759837,0.18652350562735426,2.16486855234821,0.2751951549595182,0.07900976751201562,1.3492658892277793,0.0,0.1573873473724619,0.3735027304085583,5.876442958427984,1.0,2026-05-22-17-49-44-583402,microagi,microagi,9,False,False,False,False,False,False,False
780.0,26.0,0.0,0.0,0.0,0.0,0.0,0.0,0.0,0.0,0.0,0.0,0.0,0.0,0.0,0.0,155.3981889973152,1.0,154.49886990022185,1.0,1.0,155.3981889973152,9.548679210974203,0.36772833931864707,0.2228568164236209,13.467127459999055,0.5186313527599125,0.3269701760042801,1.674666547176937,0.0,0.3947746291369388,0.4431798460392797,23.01580667097326,1.0,2026-05-22-17-54-14-812293,microagi,microagi,9,False,False,False,False,False,False,False
219.0,7.3,0.0,0.0,0.0,0.0,0.0,0.0,0.0,0.0,0.0,0.0,0.0,0.0,0.0,0.0,169.31796586272944,1.0,169.45315276016765,1.0,1.0,169.45315276016765,2.100507091744518,0.28906060895566754,0.5333009061761307,1.9062823591323763,0.26233243474298756,0.4278508220480411,2.135736501271288,0.0,0.5243629852323116,0.2756965218493276,4.006789450876894,1.0,2026-05-22-18-27-53-949083,microagi,microagi,9,False,False,False,False,False,False,False
168.0,5.6,0.0,0.0,0.0,0.0,0.0,0.0,0.0,0.0,0.0,0.0,0.0,0.0,0.0,0.0,158.68808754806236,1.0,155.79514174135412,1.0,1.0,158.68808754806236,3.162075732283265,0.5680375566975925,0.13286727357166794,2.8618504285934376,0.5141048674119948,0.3080008396955152,1.3101131840553202,0.0,0.159745895008303,0.5410712120547937,6.0239261608767025,1.0,2026-05-22-18-41-36-896925,microagi,microagi,9,False,False,False,False,False,False,False
253.0,8.433333333333334,0.0,0.0,0.0,0.0,0.0,0.0,0.0,0.0,0.0,0.0,0.0,0.0,0.0,0.0,148.75280045126297,1.0,149.32971826489418,1.0,1.0,149.32971826489418,4.118235836031948,0.49026617095618424,0.274034014504728,3.855860567252666,0.4590310199110317,0.5855760772648197,2.5167352750053853,0.0,0.4893680785430845,0.47464859543360793,7.974096403284614,1.0,2026-05-23-10-43-43-269939,microagi,microagi,9,False,False,False,False,False,False,False
165.0,5.5,0.0,0.0,0.0,0.0,0.0,0.0,0.0,0.0,0.0,0.0,0.0,0.0,0.0,0.0,158.13448706712566,1.0,160.0966315412868,1.0,1.0,160.0966315412868,2.755929735451197,0.5041334881922922,0.6971918813831435,3.0339306933374437,0.5549873219519714,0.5534765711564857,2.5010629868607,0.0,0.2950463020726513,0.5295604050721318,5.789860428788641,1.0,2026-05-23-10-45-31-647825,microagi,microagi,9,False,False,False,False,False,False,False
415.0,13.833333333333334,0.0,0.0,0.0,0.0,0.0,0.0,0.0,0.0,0.0,0.0,0.0,0.0,0.0,0.0,104.48200605304882,1.0,104.63602127203207,1.0,1.0,104.63602127203207,4.533620366876535,0.3285232149910533,0.3359906986428238,6.553855192635293,0.4749170429445865,0.12128386013060288,1.4101355440417318,0.0,0.2815567733149947,0.4017201289678199,11.087475559511828,1.0,2026-05-23-11-27-06-759474,microagi,microagi,9,False,False,False,False,False,False,False
290.0,9.666666666666666,0.0,0.0,0.0,0.0,0.0,0.0,0.0,0.0,0.0,0.0,0.0,0.0,0.0,0.0,151.46763234656638,1.0,150.2828262267236,1.0,1.0,151.46763234656638,4.082105164154042,0.42374794091564444,0.3186253612211444,3.6136522814593866,0.37511961399232385,0.29098433593873685,2.053216733848978,0.0,0.3061250637439729,0.3994337774539841,7.695757445613428,1.0,2026-05-23-12-20-48-609642,microagi,microagi,9,False,False,False,False,False,False,False
178.0,5.933333333333334,0.0,0.0,0.0,0.0,0.0,0.0,0.0,0.0,0.0,0.0,0.0,0.0,0.0,0.0,156.07672272484467,1.0,151.41318285777024,1.0,1.0,156.07672272484467,1.5577921043237917,0.26403256005487996,0.24564295516290585,1.7834637616645699,0.3022819935024695,0.35998376574394936,1.1236058947326304,0.0,0.24260151608607744,0.2831572767786747,3.3412558659883613,1.0,2026-05-23-12-23-15-991366,microagi,microagi,9,False,False,False,False,False,False,False
173.0,5.766666666666667,0.0,0.0,0.0,0.0,0.0,0.0,0.0,0.0,0.0,0.0,0.0,0.0,0.0,0.0,156.0120959797609,1.0,155.38620331409766,1.0,1.0,156.0120959797609,2.8183811309552214,0.49157810423637593,0.4404517636797194,2.621355540088095,0.4572131755967607,0.21601464207806498,1.2973249444149189,0.0,0.355897707673524,0.47439563991656825,5.439736671043317,1.0,2026-05-23-16-48-30-885747,microagi,microagi,9,False,False,False,False,False,False,False
301.0,10.033333333333333,0.0,0.0,0.0,0.0,0.0,0.0,0.0,0.0,0.0,0.0,0.0,0.0,0.0,0.0,163.10799045106253,1.0,163.65624210002554,1.0,1.0,163.65624210002554,4.348720291022858,0.43487202910228584,0.5486559292327762,4.753507845554756,0.4753507845554755,0.38990511097609537,4.340667144075268,0.0,0.7188745648003755,0.4551114068288806,9.102228136577615,1.0,2026-05-23-17-04-36-121229,microagi,microagi,9,False,False,False,False,False,False,False
440.0,14.666666666666666,0.0,0.0,0.0,0.0,0.0,0.0,0.0,0.0,0.0,0.0,0.0,0.0,0.0,0.0,162.88400856784983,1.0,163.12891604966427,1.0,1.0,163.12891604966427,5.184712535357397,0.35430837371462853,0.24368856706386882,5.434397786769605,0.3713711471596541,0.2495725768664923,1.8181961861129272,0.0,0.31803536091308265,0.3628397604371413,10.619110322127002,1.0,2026-05-23-17-06-43-455028,microagi,microagi,9,False,False,False,False,False,False,False
757.0,25.233333333333334,0.0,0.0,0.0,0.0,0.0,0.0,0.0,0.0,0.0,0.0,0.0,0.0,0.0,0.0,159.15652750162752,1.0,148.29929419294007,1.0,1.0,159.15652750162752,14.190713624493553,0.5631235565275219,0.6406188064672965,14.656538958514858,0.5816086888299546,0.3616520611383055,2.7991094803199714,0.0,0.4779712460283411,0.5723661226787383,28.847252583008412,1.0,2026-05-23-17-09-25-509269,microagi,microagi,9,False,False,False,False,False,False,False
158.0,5.266666666666667,0.0,0.0,0.0,0.0,0.0,0.0,0.0,0.0,0.0,0.0,0.0,0.0,0.0,0.0,159.5893202913698,1.0,143.93003592001546,1.0,1.0,159.5893202913698,3.0483415613900116,0.5824856486732507,0.12510583050022137,3.065655690676162,0.5857940810209227,0.16587472153820687,1.4929792538591216,0.0,0.23112704052669872,0.5841398648470867,6.113997252066174,1.0,2026-05-23-18-43-34-683543,microagi,microagi,9,False,False,False,False,False,False,False
254.0,8.466666666666667,0.0,0.0,0.0,0.0,0.0,0.0,0.0,0.0,0.0,0.0,0.0,0.0,0.0,0.0,159.5887181057665,1.0,146.61801136878194,1.0,1.0,159.5887181057665,3.8463481373576407,0.45608871193964123,0.16743035148661864,4.118229840489699,0.4883276490699247,0.2655501725989686,1.6223956314073744,0.0,0.3884767942709034,0.47220818050478297,7.964577977847339,1.0,2026-05-23-18-45-33-154442,microagi,microagi,9,False,False,False,False,False,False,False
190.0,6.333333333333333,0.0,0.0,0.0,0.0,0.0,0.0,0.0,0.0,0.0,0.0,0.0,0.0,0.0,0.0,171.08053110873186,1.0,164.68759951374727,1.0,1.0,171.08053110873186,1.2446511573650973,0.19756367577223766,0.26163154742984696,1.4890575374779302,0.23635833928221114,0.06377573816181771,1.0374561384119163,0.0,0.12137442197657196,0.21696100752722444,2.7337086948430276,1.0,2026-05-23-22-24-47-967929,microagi,microagi,9,False,False,False,False,False,False,False
2189.0,72.96666666666667,0.0,0.0,0.0,0.0,0.0,0.0,0.0,0.0,0.0,0.0,0.0,0.0,0.0,0.0,148.45482708306423,1.0,149.07459757728458,1.0,1.0,149.07459757728458,15.377772495206418,0.21084697205493264,0.2072179124957607,16.811638867767194,0.23050693145933074,0.10878954431873794,3.5591610204430113,0.0,0.1848740332481676,0.2206769517571317,32.189411362973615,1.0,2026-05-23-22-29-22-048649,microagi,microagi,9,False,False,False,False,True,False,True
150.0,5.0,0.0,0.0,0.0,0.0,0.0,0.0,0.0,0.0,0.0,0.0,0.0,0.0,0.0,0.0,155.0158821279519,1.0,160.39764962237257,1.0,1.0,160.39764962237257,1.1495605104215887,0.23145513632649434,0.1321767402027906,0.8038244563752448,0.1618438502768949,0.3243216403771398,0.8324354357344769,0.0,0.3953454051482524,0.19664949330169465,1.9533849667968335,1.0,2026-05-24-12-09-40-633741,microagi,microagi,9,False,False,False,False,False,False,False
156.0,5.2,0.0,0.0,0.0,0.0,0.0,0.0,0.0,0.0,0.0,0.0,0.0,0.0,0.0,0.0,157.09336556481912,1.0,157.7229784161243,1.0,1.0,157.7229784161243,1.565455367184626,0.3029913613905728,0.4914671803404598,2.723481494758005,0.5271254505983235,0.28483619413780886,1.349070445785905,0.0,0.341159746145029,0.41505840599444815,4.288936861942631,1.0,2026-05-24-12-11-17-150264,microagi,microagi,9,False,False,False,False,False,False,False
425.0,14.166666666666666,0.0,0.0,0.0,0.0,0.0,0.0,0.0,0.0,0.0,0.0,0.0,0.0,0.0,0.0,155.33097468721203,1.0,158.42849457950527,1.0,1.0,158.42849457950527,4.85173873006707,0.34328340071229263,0.6400523713068462,4.572347661837429,0.32351516475264824,0.7057316696653481,1.7225087393176226,0.0,0.4129130669699747,0.33339928273247044,9.424086391904499,1.0,2026-05-24-12-11-30-956931,microagi,microagi,9,False,False,False,False,False,False,False
151.0,5.033333333333333,0.0,0.0,0.0,0.0,0.0,0.0,0.0,0.0,0.0,0.0,0.0,0.0,0.0,0.0,152.10776653584503,1.0,154.18711423524795,1.0,1.0,154.18711423524795,1.2446240612704613,0.24892481225409227,0.09156242770373235,1.028991331651556,0.20579826633031112,0.10413898256897332,0.6626166727293805,0.0,0.08714004775348376,0.2273615392922017,2.273615392922017,1.0,2026-05-24-13-06-38-829268,microagi,microagi,9,False,False,False,False,False,False,False
700.0,23.333333333333332,0.0,0.0,0.0,0.0,0.0,0.0,0.0,0.0,0.0,0.0,0.0,0.0,0.0,0.0,147.3414076276605,1.0,148.68623866804793,1.0,1.0,148.68623866804793,6.367730370775845,0.2732931489603367,0.18091637991820955,6.832802886547014,0.2932533427702581,0.23200459901058268,1.3648981249090704,0.0,0.6297855234857028,0.2832732458652974,13.200533257322858,1.0,2026-05-24-13-08-19-531014,microagi,microagi,9,False,False,False,False,False,False,False
164.0,5.466666666666667,0.0,0.0,0.0,0.0,0.0,0.0,0.0,0.0,0.0,0.0,0.0,0.0,0.0,0.0,163.16953484985368,1.0,162.42168447433056,1.0,1.0,163.16953484985368,1.1202639972667057,0.2061835577791483,0.20936007844342033,2.4123721862126235,0.4439948808980289,0.34209218181227097,1.21715582535891,0.0,0.27722464968491417,0.3250892193385886,3.532636183479329,1.0,2026-05-25-06-00-34-628019,microagi,microagi,9,False,False,False,False,False,False,False
859.0,28.633333333333333,0.0,0.0,0.0,0.0,0.0,0.0,0.0,0.0,0.0,0.0,0.0,0.0,0.0,0.0,158.81582608882252,1.0,154.98419914298293,1.0,1.0,158.81582608882252,17.921152148565774,0.6266137114883137,0.4602081993496928,13.268115994485544,0.4639201396673267,0.6100368022422653,8.684583354774126,0.0,0.5898334125962175,0.5452669255778203,31.18926814305132,1.0,2026-05-25-06-32-51-625954,microagi,microagi,9,False,False,False,False,False,False,False
728.0,24.266666666666666,0.0,0.0,0.0,0.0,0.0,0.0,0.0,0.0,0.0,0.0,0.0,0.0,0.0,0.0,144.376359439934,1.0,142.34161398425584,1.0,1.0,144.376359439934,9.23650457788309,0.38114874461690884,0.3653733443159974,11.49313935476465,0.47426984957763346,0.42072856804550035,1.7208932900606868,0.0,0.49721068284792247,0.4277092970972711,20.72964393264774,1.0,2026-05-25-06-44-27-436932,microagi,microagi,9,False,False,False,False,False,False,False
466.0,15.533333333333333,0.0,0.0,0.0,0.0,0.0,0.0,0.0,0.0,0.0,0.0,0.0,0.0,0.0,0.0,167.79059622306485,1.0,168.3698433035358,1.0,1.0,168.3698433035358,7.3884433804763425,0.47667376648234466,0.4247891430241084,7.462734737538112,0.48146675726052335,0.3682951025064808,1.8238361647910013,0.0,0.4279051234563268,0.47907026187143403,14.851178118014454,1.0,2026-05-25-06-53-41-754061,microagi,microagi,9,False,False,False,False,False,False,False
561.0,18.7,0.0,0.0,0.0,0.0,0.0,0.0,0.0,0.0,0.0,0.0,0.0,0.0,0.0,0.0,160.95555000768167,1.0,163.51687468989365,1.0,1.0,163.51687468989365,5.010056885663704,0.268395904589127,0.3791373885244022,7.114494597570205,0.3811336391555467,0.13391348659504407,1.3087062405459184,0.0,0.3719774442143158,0.3247647718723368,12.124551483233908,1.0,2026-05-25-07-30-22-008949,microagi,microagi,9,False,False,False,False,False,False,False
649.0,21.633333333333333,0.0,0.0,0.0,0.0,0.0,0.0,0.0,0.0,0.0,0.0,0.0,0.0,0.0,0.0,164.18515718178716,1.0,155.01255913926707,1.0,1.0,164.18515718178716,6.839699224878518,0.316652741892524,0.9358226735443216,7.126857474067169,0.3299471052808874,0.9899495179912432,1.482528059494872,0.0,0.8433647611152437,0.32329992358670573,13.966556698945688,1.0,2026-05-25-07-37-05-234358,microagi,microagi,9,False,False,False,False,False,False,False
798.0,26.6,0.0,0.0,0.0,0.0,0.0,0.0,0.0,0.0,0.0,0.0,0.0,0.0,0.0,0.0,161.60027238979774,1.0,163.54808639336636,1.0,1.0,163.54808639336636,6.688826371502865,0.2517751457278368,0.3053743535207896,7.129959076169778,0.2683798899436554,0.3497199462758234,1.0357773379742496,0.0,0.38339224463311133,0.2600775178357461,13.818785447672642,1.0,2026-05-25-07-47-12-939769,microagi,microagi,9,False,False,False,False,False,False,False
179.0,5.966666666666667,0.0,0.0,0.0,0.0,0.0,0.0,0.0,0.0,0.0,0.0,0.0,0.0,0.0,0.0,160.5512871481158,1.0,160.15094717452158,1.0,1.0,160.5512871481158,2.6430958477192847,0.445465592312239,0.13076685998298035,2.8182049209747677,0.47497835746765754,0.14514328023066775,1.3931178835311144,0.0,0.27809308624780826,0.46022197488994826,5.461300768694052,1.0,2026-05-25-08-26-08-639444,microagi,microagi,9,False,False,False,False,False,False,False
205.0,6.833333333333333,0.0,0.0,0.0,0.0,0.0,0.0,0.0,0.0,0.0,0.0,0.0,0.0,0.0,0.0,156.98252750839964,1.0,157.02088226780165,1.0,1.0,157.02088226780165,2.949455838593666,0.43374350567553915,0.18215060236727668,3.052318314583291,0.4488703403798958,0.19524797517181552,1.4838560976886603,0.0,0.19412832216134143,0.4413069230277175,6.001774153176957,1.0,2026-05-25-08-26-22-779561,microagi,microagi,9,False,False,False,False,False,False,False
177.0,5.9,0.0,0.0,0.0,0.0,0.0,0.0,0.0,0.0,0.0,0.0,0.0,0.0,0.0,0.0,161.00117479792482,1.0,160.04472048673367,1.0,1.0,161.00117479792482,2.4815104328437334,0.4229847328710909,0.3888186476864916,2.134573991748419,0.3638478395025713,0.26161925190947277,1.9617725539824287,0.0,0.2556056065400864,0.3934162861868311,4.616084424592152,1.0,2026-05-25-08-29-24-566887,microagi,microagi,9,False,False,False,False,False,False,False
178.0,5.933333333333334,0.0,0.0,0.0,0.0,0.0,0.0,0.0,0.0,0.0,0.0,0.0,0.0,0.0,0.0,159.4312813812635,1.0,156.23641804653906,1.0,1.0,159.4312813812635,3.148244845090539,0.5336008212017863,0.39536626064051505,2.2320479216949725,0.37831320706694443,0.39097982045066487,1.6436526819199284,0.0,0.27278195906703395,0.4559570141343654,5.380292766785511,1.0,2026-05-25-08-31-02-951777,microagi,microagi,9,False,False,False,False,False,False,False
230.0,7.666666666666667,0.0,0.0,0.0,0.0,0.0,0.0,0.0,0.0,0.0,0.0,0.0,0.0,0.0,0.0,164.57525258076706,1.0,161.4473819778286,1.0,1.0,164.57525258076706,2.9995840042714947,0.3929586031796718,0.16439303919349949,3.7087244299265567,0.48585909562356633,0.21167569269408545,1.5473467775159155,0.0,0.23104161625970632,0.43940884940161906,6.7083084341980515,1.0,2026-05-25-08-31-15-070935,microagi,microagi,9,False,False,False,False,False,False,False
236.0,7.866666666666666,0.0,0.0,0.0,0.0,0.0,0.0,0.0,0.0,0.0,0.0,0.0,0.0,0.0,0.0,162.97950816497342,1.0,162.02678497043365,1.0,1.0,162.97950816497342,3.4640592123937557,0.4422203249864369,0.22791197318659662,3.3009591608898825,0.4213990418157296,0.29042456095007674,1.7062213830107187,0.0,0.4440138300644011,0.4318096834010833,6.765018373283638,1.0,2026-05-25-08-31-34-115312,microagi,microagi,9,False,False,False,False,False,False,False
378.0,12.6,0.0,0.0,0.0,0.0,0.0,0.0,0.0,0.0,0.0,0.0,0.0,0.0,0.0,0.0,160.9241443910367,1.0,160.10004275300412,1.0,1.0,160.9241443910367,4.332501360953077,0.34476138150820235,0.3697537317047154,4.819812437377559,0.38353945125020367,0.48809379727449487,1.3194780264066475,0.0,0.3209355347366497,0.364150416379203,9.152313798330635,1.0,2026-05-25-08-36-30-102373,microagi,microagi,9,False,False,False,False,False,False,False
166.0,5.533333333333333,0.0,0.0,0.0,0.0,0.0,0.0,0.0,0.0,0.0,0.0,0.0,0.0,0.0,0.0,160.07789309390805,1.0,161.6741772112349,1.0,1.0,161.6741772112349,1.784435864711178,0.32444288449294145,0.27342984295825296,2.8924946423678417,0.5259081167941531,0.42235164002208275,2.2290161859707904,0.0,0.19056874050037229,0.42517550064354726,4.676930507079019,1.0,2026-05-25-08-37-14-450480,microagi,microagi,9,False,False,False,False,False,False,False
612.0,20.4,0.0,0.0,0.0,0.0,0.0,0.0,0.0,0.0,0.0,0.0,0.0,0.0,0.0,0.0,165.79924674099243,1.0,160.19261146355512,1.0,1.0,165.79924674099243,2.6160228794449147,0.12844629522642786,0.2945840789461954,3.31542261836443,0.16278670793933372,0.3637501703471216,1.021955830544,0.0,0.41985422680402207,0.1456165015828808,5.931445497809345,1.0,2026-05-25-09-46-11-012905,microagi,microagi,9,False,False,False,False,False,False,False
301.0,10.033333333333333,0.0,0.0,0.0,0.0,0.0,0.0,0.0,0.0,0.0,0.0,0.0,0.0,0.0,0.0,152.85181276538626,1.0,148.46927960299254,1.0,1.0,152.85181276538626,5.192570474476412,0.5192570474476412,0.08583923281783408,6.068150945763863,0.6068150945763862,0.33943678888835743,1.781527934459387,0.0,0.7974686573200072,0.5630360710120137,11.260721420240275,1.0,2026-05-25-13-46-56-227043,microagi,microagi,9,False,False,False,False,False,False,False
231.0,7.7,0.0,0.0,0.0,0.0,0.0,0.0,0.0,0.0,0.0,0.0,0.0,0.0,0.0,0.0,151.57081251341805,1.0,145.45151057016972,1.0,1.0,151.57081251341805,4.368501818743201,0.5698045850534611,0.22847416929793346,4.4001679884300255,0.5739349550126119,0.17793531632325252,1.5741139375656383,0.0,0.7360877009678783,0.5718697700330365,8.768669807173227,1.0,2026-05-25-13-47-26-538710,microagi,microagi,9,False,False,False,False,False,False,False
243.0,8.1,0.0,0.0,0.0,0.0,0.0,0.0,0.0,0.0,0.0,0.0,0.0,0.0,0.0,0.0,150.38090301355095,1.0,146.86881889538742,1.0,1.0,150.38090301355095,3.9641447997241603,0.49142290905671404,0.48587575879678985,4.205355324506604,0.5213250402280916,0.5273235266134564,2.568259919573181,0.0,0.9323333591780334,0.5063739746424027,8.169500124230764,1.0,2026-05-25-13-48-30-264173,microagi,microagi,9,False,False,False,False,False,False,False
502.0,16.733333333333334,0.0,0.0,0.0,0.0,0.0,0.0,0.0,0.0,0.0,0.0,0.0,0.0,0.0,0.0,157.66506858703977,1.0,157.58004626941016,1.0,1.0,157.66506858703977,4.619596518685357,0.27662254602906333,0.41908100455386804,6.082823535508665,0.36424093026997995,0.4190724148437214,1.2670353973189898,0.0,0.4050582701683652,0.3204317381495216,10.702420054194022,1.0,2026-05-25-15-07-31-488136,microagi,microagi,9,False,False,False,False,False,False,False
223.0,7.433333333333334,0.0,0.0,0.0,0.0,0.0,0.0,0.0,0.0,0.0,0.0,0.0,0.0,0.0,0.0,166.93892707273102,1.0,167.04748305442695,1.0,1.0,167.04748305442695,1.9221923747462888,0.2597557263170661,0.27707450710175346,2.462281355048584,0.33274072365521407,0.3916041738108554,3.0239989455024996,0.0,0.18244846614310195,0.29624822498614006,4.384473729794872,1.0,2026-05-25-15-09-05-730604,microagi,microagi,9,False,False,False,False,False,False,False
512.0,17.066666666666666,0.0,0.0,0.0,0.0,0.0,0.0,0.0,0.0,0.0,0.0,0.0,0.0,0.0,0.0,160.0675906561993,1.0,161.35364596558304,1.0,1.0,161.35364596558304,7.602042695429727,0.44630387644401526,0.5466176881607882,8.138552679793598,0.477801527189448,0.2641354208792679,1.6762977921571158,0.0,0.23473305296525265,0.46205270181673164,15.740595375223325,1.0,2026-05-25-19-44-40-183634,microagi,microagi,9,False,False,False,False,False,False,False
385.0,12.833333333333334,0.0,0.0,0.0,0.0,0.0,0.0,0.0,0.0,0.0,0.0,0.0,0.0,0.0,0.0,161.23982137102465,1.0,163.7533188512113,1.0,1.0,163.7533188512113,6.568257367485611,0.5131451068348133,0.1101424223099815,5.348593181493286,0.417858842304163,0.39222773952711143,1.6348201348463796,0.0,0.20708853979521324,0.46550197456948816,11.916850548978896,1.0,2026-05-25-19-44-59-591967,microagi,microagi,9,False,False,False,False,False,False,False
160.0,5.333333333333333,0.0,0.0,0.0,0.0,0.0,0.0,0.0,0.0,0.0,0.0,0.0,0.0,0.0,0.0,161.53015001013023,1.0,162.52794312406527,1.0,1.0,162.52794312406527,2.5140636093985416,0.4743516244148191,0.2914713134860715,2.3315951795116967,0.4399236187757918,0.23733302191016548,1.3893894322941833,0.0,0.1311532699857949,0.4571376215953054,4.845658788910239,1.0,2026-05-25-19-45-12-896967,microagi,microagi,9,False,False,False,False,False,False,False
242.0,8.066666666666666,0.0,0.0,0.0,0.0,0.0,0.0,0.0,0.0,0.0,0.0,0.0,0.0,0.0,0.0,160.76285517753166,1.0,162.52740950705845,1.0,1.0,162.52740950705845,3.7587978479367194,0.46790014704606464,0.21238632646886196,3.228139706844744,0.4018431170346154,0.18545785553993,1.4292251269783693,0.0,0.3697923754447356,0.4348716320403401,6.986937554781464,1.0,2026-05-25-19-45-32-805218,microagi,microagi,9,False,False,False,False,False,False,False
301.0,10.033333333333333,0.0,0.0,0.0,0.0,0.0,0.0,0.0,0.0,0.0,0.0,0.0,0.0,0.0,0.0,156.79949410727727,1.0,159.32135052641095,1.0,1.0,159.32135052641095,5.14660158867325,0.514660158867325,0.17782152450488328,5.311481504230917,0.5311481504230916,0.3873649814781653,1.498759233388517,0.0,0.23656428639133598,0.5229041546452085,10.458083092904168,1.0,2026-05-25-19-46-19-191885,microagi,microagi,9,False,False,False,False,False,False,False
1749.0,58.3,0.0,0.0,0.0,0.0,0.0,0.0,0.0,0.0,0.0,0.0,0.0,0.0,0.0,0.0,150.6342130430606,1.0,150.4305646559881,1.0,1.0,150.6342130430606,25.28312595718292,0.4339209260386085,0.44171759460081833,26.77777884445356,0.45957286346316173,0.41662772517678265,3.012475192072809,0.0,0.9885808015791011,0.44674689475088514,52.06090480163648,1.0,2026-05-26-13-36-11-545933,microagi,microagi,9,False,False,False,False,True,False,True
666.0,22.2,0.0,0.0,0.0,0.0,0.0,0.0,0.0,0.0,0.0,0.0,0.0,0.0,0.0,0.0,171.54766258481584,1.0,172.20536456593905,1.0,1.0,172.20536456593905,9.661442695884439,0.43585455770907244,0.5609045791750947,11.855045428106543,0.5348140794634529,0.38157274890883514,1.9913060997030805,0.0,0.6025387115300002,0.48533431858626275,21.51648812399098,1.0,2026-05-26-13-41-23-021939,microagi,microagi,9,False,False,False,False,False,False,False
233.0,7.766666666666667,0.0,0.0,0.0,0.0,0.0,0.0,0.0,0.0,0.0,0.0,0.0,0.0,0.0,0.0,151.16342484221371,1.0,154.59453089777065,1.0,1.0,154.59453089777065,2.7902530656924087,0.360808586080915,0.45283998195314745,2.8447097392021354,0.367850397310621,0.46832711218272244,1.6703516946391983,0.0,0.06646755897859412,0.364329491695768,5.634962804894544,1.0,2026-05-26-13-57-48-034012,microagi,microagi,9,False,False,False,False,False,False,False
401.0,13.366666666666667,0.0,0.0,0.0,0.0,0.0,0.0,0.0,0.0,0.0,0.0,0.0,0.0,0.0,0.0,155.62412377165907,1.0,156.04220733196803,1.0,1.0,156.04220733196803,6.574768408419964,0.4931076306314974,0.4002960889716367,7.14271176144009,0.5357033821080067,0.3069005560250518,1.6559487856335946,0.0,0.39559231365682973,0.514405506369752,13.717480169860053,1.0,2026-05-26-17-30-04-755420,microagi,microagi,9,False,False,False,False,False,False,False
241.0,8.033333333333333,0.0,0.0,0.0,0.0,0.0,0.0,0.0,0.0,0.0,0.0,0.0,0.0,0.0,0.0,153.7503321538026,1.0,153.97947862534974,1.0,1.0,153.97947862534974,4.461313464656069,0.5576641830820085,0.2474851624538956,3.827956672186472,0.478494584023309,0.41840360100510127,1.6735240335983257,0.0,0.33447732593652635,0.5180793835526587,8.289270136842541,1.0,2026-05-26-17-42-31-393513,microagi,microagi,9,False,False,False,False,False,False,False
404.0,13.466666666666667,0.0,0.0,0.0,0.0,0.0,0.0,0.0,0.0,0.0,0.0,0.0,0.0,0.0,0.0,151.6768455915145,1.0,149.13080017101387,1.0,1.0,151.6768455915145,5.649497251318355,0.4205581080385872,0.6981446508907682,6.210642050036646,0.4623306736999985,0.2919009685682121,1.8969823799422514,0.0,0.33301957212292727,0.4414443908692929,11.860139301355002,1.0,2026-05-26-17-43-29-183513,microagi,microagi,9,False,False,False,False,False,False,False
221.0,7.366666666666666,0.0,0.0,0.0,0.0,0.0,0.0,0.0,0.0,0.0,0.0,0.0,0.0,0.0,0.0,160.8064080925812,1.0,160.25164213818823,1.0,1.0,160.8064080925812,1.2133077372198156,0.1654510550754294,0.11317349863636599,1.7003859242351695,0.23187080785025044,0.10464435322352887,1.1330007070728574,0.0,0.08389307206766641,0.19866093146283995,2.9136936614549853,1.0,2026-05-26-19-30-27-931654,microagi,microagi,9,False,False,False,False,False,False,False
201.0,6.7,0.0,0.0,0.0,0.0,0.0,0.0,0.0,0.0,0.0,0.0,0.0,0.0,0.0,0.0,160.51858936480235,1.0,158.69035133250523,1.0,1.0,160.51858936480235,2.857622906614105,0.42864343599211574,0.40240184516065064,2.7845462396703327,0.4176819359505498,0.4500390668186907,1.1173898453990359,0.0,0.16498761911976728,0.4231626859713327,5.642169146284438,1.0,2026-05-26-19-31-50-065452,microagi,microagi,9,False,False,False,False,False,False,False
898.0,29.933333333333334,0.0,0.0,0.0,0.0,0.0,0.0,0.0,0.0,0.0,0.0,0.0,0.0,0.0,0.0,160.30561569939852,1.0,159.7735281937837,1.0,1.0,160.30561569939852,9.463049395151327,0.3164899463261313,0.09165779505532452,10.71093250342431,0.35822516733860565,0.18064609654961622,1.4690082186983056,0.0,0.21391366705773973,0.3373575568323685,20.173981898575637,1.0,2026-05-26-19-32-00-740452,microagi,microagi,9,False,False,False,False,False,False,False
463.0,15.433333333333334,0.0,0.0,0.0,0.0,0.0,0.0,0.0,0.0,0.0,0.0,0.0,0.0,0.0,0.0,159.3898975450061,1.0,159.50189163968471,1.0,1.0,159.50189163968471,4.948905318627299,0.3213574882225518,0.13914017577034085,6.247419861079977,0.40567661435584274,0.07381189040693184,1.3538281961111385,0.0,0.11468559126167642,0.36351705128919726,11.196325179707276,1.0,2026-05-26-19-35-13-495854,microagi,microagi,9,False,False,False,False,False,False,False
201.0,6.7,0.0,0.0,0.0,0.0,0.0,0.0,0.0,0.0,0.0,0.0,0.0,0.0,0.0,0.0,145.21375728309755,1.0,139.38567234013752,1.0,1.0,145.21375728309755,2.4548137584587253,0.36822206376880884,0.6322270404398844,2.8808555250295034,0.4321283287544254,0.8301198830479347,1.5173435955234214,0.0,1.051893768759918,0.4001751962616171,5.335669283488229,1.0,2026-05-27-08-42-32-218699,microagi,microagi,9,False,False,False,False,False,False,False
179.0,5.966666666666667,0.0,0.0,0.0,0.0,0.0,0.0,0.0,0.0,0.0,0.0,0.0,0.0,0.0,0.0,150.87014957744447,1.0,152.32575328634394,1.0,1.0,152.32575328634394,3.164708072255472,0.5333777649868773,0.36394652008248696,3.236480609283177,0.5454742599915466,0.2456533191471906,1.7441169724115504,0.0,0.6365040227004457,0.539426012489212,6.401188681538649,1.0,2026-05-27-09-20-06-722047,microagi,microagi,9,False,False,False,False,False,False,False
419.0,13.966666666666667,0.0,0.0,0.0,0.0,0.0,0.0,0.0,0.0,0.0,0.0,0.0,0.0,0.0,0.0,161.51276559783784,1.0,165.5847968751943,1.0,1.0,165.5847968751943,5.706648109009416,0.4095680461011542,0.5485125179118536,5.517914267237061,0.3960225550648609,0.6976151076896815,1.8098243638232743,0.0,0.9350790566867543,0.4027953005830076,11.224562376246478,1.0,2026-05-27-09-20-48-945380,microagi,microagi,9,False,False,False,False,False,False,False
1493.0,49.766666666666666,0.0,0.0,0.0,0.0,0.0,0.0,0.0,0.0,0.0,0.0,0.0,0.0,0.0,0.0,120.44740987327403,1.0,120.26903290246722,1.0,1.0,120.44740987327403,22.43519850735146,0.4511098895580053,0.12908956268869504,24.74177943181407,0.497488862569988,0.174709004897798,2.749936055928975,0.0,0.4694474674507395,0.47429937606399664,47.176977939165525,1.0,2026-05-28-09-38-21-312808,microagi,microagi,9,False,False,False,False,True,False,True
362.0,12.066666666666666,0.0,0.0,0.0,0.0,0.0,0.0,0.0,0.0,0.0,0.0,0.0,0.0,0.0,0.0,120.62196781744342,1.0,120.67633855420621,1.0,1.0,120.67633855420621,5.31665094605088,0.4418269484252809,0.6659131375327594,6.110195975249114,0.5077725187187629,0.4757755508911768,2.092144423981569,0.0,0.33245592648042144,0.4747997335720219,11.426846921299994,1.0,2026-05-28-09-39-20-767808,microagi,microagi,9,False,False,False,False,False,False,False
177.0,5.9,0.0,0.0,0.0,0.0,0.0,0.0,0.0,0.0,0.0,0.0,0.0,0.0,0.0,0.0,148.7496119137512,1.0,143.02912027410017,1.0,1.0,148.7496119137512,5.126910376961067,0.873905177891091,0.7343157019075359,4.406434851234107,0.7510968496421774,0.32262563896482416,2.930529009562708,0.0,0.3850922477066248,0.8125010137666341,9.533345228195174,1.0,2026-05-28-09-39-24-576583,microagi,microagi,9,False,False,False,False,False,False,False
181.0,6.033333333333333,0.0,0.0,0.0,0.0,0.0,0.0,0.0,0.0,0.0,0.0,0.0,0.0,0.0,0.0,163.8931127935894,1.0,156.45292451980006,1.0,1.0,163.8931127935894,2.6664904176489506,0.44441506960815835,0.21028606395081484,2.5153739109884343,0.4192289851647391,0.20283644251869382,1.6846014692013989,0.0,0.31949355337444985,0.4318220273864487,5.181864328637385,1.0,2026-05-28-09-39-53-349236,microagi,microagi,9,False,False,False,False,False,False,False
194.0,6.466666666666667,0.0,0.0,0.0,0.0,0.0,0.0,0.0,0.0,0.0,0.0,0.0,0.0,0.0,0.0,161.1633601716415,1.0,151.72656831949155,1.0,1.0,161.1633601716415,2.954682515825249,0.45927707499874343,0.14833598998262326,4.104013544517738,0.6379295665053478,0.9875536656377177,4.533823939041259,0.0,0.4050054731602866,0.5486033207520457,7.058696060342987,1.0,2026-05-28-09-40-02-588712,microagi,microagi,9,False,False,False,False,False,False,False
318.0,10.6,0.0,0.0,0.0,0.0,0.0,0.0,0.0,0.0,0.0,0.0,0.0,0.0,0.0,0.0,160.7278799768177,1.0,161.26092916940163,1.0,1.0,161.26092916940163,4.389718120684718,0.4154307369733171,0.37558305843913004,4.240503190973113,0.4013094502498215,0.28475645244098874,1.7548772513717539,0.0,0.21865672623799934,0.4083700936115693,8.63022131165783,1.0,2026-05-28-12-27-25-753171,microagi,microagi,9,False,False,False,False,False,False,False
402.0,13.4,0.0,0.0,0.0,0.0,0.0,0.0,0.0,0.0,0.0,0.0,0.0,0.0,0.0,0.0,156.21638277114027,1.0,155.06969484309553,1.0,1.0,156.21638277114027,4.265242362278791,0.31909543857447314,0.2040128870965883,4.838059251589983,0.3619495699443878,0.1363225802318108,1.2306865051015548,0.0,0.3977506944688411,0.3405225042594305,9.103301613868773,1.0,2026-05-28-15-07-04-330063,microagi,microagi,9,False,False,False,False,False,False,False
803.0,26.766666666666666,0.0,0.0,0.0,0.0,0.0,0.0,0.0,0.0,0.0,0.0,0.0,0.0,0.0,0.0,156.34017961459148,1.0,154.17366925330472,1.0,1.0,156.34017961459148,9.90567367987569,0.37053642194048714,0.5480173837549794,11.017683634485596,0.4121328042825036,0.659120891404899,1.708166862714629,0.0,0.691910485620875,0.39133461311149537,20.923357314361287,1.0,2026-05-28-15-14-53-174886,microagi,microagi,9,False,False,False,False,False,False,False
331.0,11.033333333333333,0.0,0.0,0.0,0.0,0.0,0.0,0.0,0.0,0.0,0.0,0.0,0.0,0.0,0.0,111.74287335721317,1.0,111.56938927543258,1.0,1.0,111.74287335721317,4.182924167006863,0.38026583336426034,0.5324855563810271,6.9246802727841485,0.6295163884349226,0.21208252528494434,4.476994146630209,0.0,0.22288470173086117,0.5048911108995914,11.107604439791011,1.0,2026-05-28-15-33-08-079446,microagi,microagi,9,False,False,False,False,False,False,False
548.0,18.266666666666666,0.0,0.0,0.0,0.0,0.0,0.0,0.0,0.0,0.0,0.0,0.0,0.0,0.0,0.0,110.18716883697634,1.0,110.46257522577194,1.0,1.0,110.46257522577194,9.772070201451855,0.5359453492569572,0.48418319999031556,7.722942649243313,0.4235617540718453,0.7231120348052108,2.4593274716996048,0.0,0.49231989812291843,0.47975355166440137,17.49501285069517,1.0,2026-05-28-15-33-37-362779,microagi,microagi,9,False,False,False,False,False,False,False
194.0,6.466666666666667,0.0,0.0,0.0,0.0,0.0,0.0,0.0,0.0,0.0,0.0,0.0,0.0,0.0,0.0,158.5066542399651,1.0,156.46087043329987,1.0,1.0,158.5066542399651,2.891607430461384,0.4494726575846711,0.6606248343926907,3.253161084420322,0.5056727074228481,0.5819697716107965,2.467734797498701,0.0,0.7232426681229991,0.47757268250375956,6.144768514881706,1.0,2026-05-28-16-15-55-307195,microagi,microagi,9,False,False,False,False,False,False,False
286.0,9.533333333333333,0.0,0.0,0.0,0.0,0.0,0.0,0.0,0.0,0.0,0.0,0.0,0.0,0.0,0.0,161.8710986125439,1.0,154.39084849420226,1.0,1.0,161.8710986125439,3.730976776328358,0.3927343975082482,0.24524577484047375,4.052654671015444,0.42659522852794146,0.2513350007086665,1.3824703525165754,0.0,0.16011554940578482,0.4096648130180948,7.783631447343802,1.0,2026-05-28-16-16-19-017195,microagi,microagi,9,False,False,False,False,False,False,False
276.0,9.2,0.0,0.0,0.0,0.0,0.0,0.0,0.0,0.0,0.0,0.0,0.0,0.0,0.0,0.0,153.8867073333227,1.0,156.6558414348419,1.0,1.0,156.6558414348419,5.29519198732905,0.5776573077086236,0.40026674698502157,5.789370824573262,0.6315677263170831,0.7622356618736094,2.272932173900349,0.0,0.8345801984567256,0.6046125170128533,11.084562811902313,1.0,2026-05-28-18-26-03-781366,microagi,microagi,9,False,False,False,False,False,False,False
152.0,5.066666666666666,0.0,0.0,0.0,0.0,0.0,0.0,0.0,0.0,0.0,0.0,0.0,0.0,0.0,0.0,156.06320057569883,1.0,153.35158153937357,1.0,1.0,156.06320057569883,3.036008667323415,0.6031805299318045,0.16849025788812147,2.6965001952455916,0.535728515611707,0.1484053019982888,1.7665392164377962,0.0,0.31686064158296384,0.5694545227717557,5.732508862569007,1.0,2026-05-28-18-28-18-536748,microagi,microagi,9,False,False,False,False,False,False,False
244.0,8.133333333333333,0.0,0.0,0.0,0.0,0.0,0.0,0.0,0.0,0.0,0.0,0.0,0.0,0.0,0.0,167.40581294001208,1.0,167.17289213749706,1.0,1.0,167.40581294001208,2.2601116032946926,0.2790261238635423,0.1450167449853642,2.666098014840237,0.3291479030666959,0.21387497825754628,1.300079419225056,0.0,0.13111268657342073,0.3040870134651191,4.92620961813493,1.0,2026-05-28-19-47-50-257549,microagi,microagi,9,False,False,False,False,False,False,False
1125.0,37.5,0.0,0.0,0.0,0.0,0.0,0.0,0.0,0.0,0.0,0.0,0.0,0.0,0.0,0.0,165.74495109137462,1.0,162.41367884959521,1.0,1.0,165.74495109137462,12.903890315261439,0.34440988385929105,0.3193976989888212,15.40982081490219,0.41129414986393753,0.4472589308194816,1.7203970200701093,0.0,0.4894885401814969,0.37785201686161424,28.31371113016363,1.0,2026-05-29-09-37-56-012457,microagi,microagi,9,False,False,False,False,True,False,True
176.0,5.866666666666666,0.0,0.0,0.0,0.0,0.0,0.0,0.0,0.0,0.0,0.0,0.0,0.0,0.0,0.0,149.3947594788654,1.0,152.71011959517114,1.0,1.0,152.71011959517114,2.7886372664587764,0.47805210282150457,0.33803414392627074,3.931895838346568,0.6740392865736973,0.41464290746067756,2.2530518932153774,0.0,0.6111464964041362,0.5760456946976009,6.7205331048053445,1.0,2026-05-29-10-38-56-378378,microagi,microagi,9,False,False,False,False,False,False,False
183.0,6.1,0.0,0.0,0.0,0.0,0.0,0.0,0.0,0.0,0.0,0.0,0.0,0.0,0.0,0.0,151.23539547627732,1.0,150.9550924946802,1.0,1.0,151.23539547627732,3.3648228913354608,0.5546411359344166,0.6723181453593375,4.319364250564286,0.7119831182248822,0.6758560718558763,3.4420709721814755,0.0,0.9435103755524232,0.6333121270796495,7.684187141899747,1.0,2026-05-29-12-14-18-221857,microagi,microagi,9,False,False,False,False,False,False,False
292.0,9.733333333333333,0.0,0.0,0.0,0.0,0.0,0.0,0.0,0.0,0.0,0.0,0.0,0.0,0.0,0.0,146.97326709543415,1.0,149.82233865423308,1.0,1.0,149.82233865423308,4.569144588740994,0.4710458338908241,1.3944482874546635,5.050573474998661,0.5206776778349135,1.5647881579202396,2.468321176156572,0.0,0.8289551214785831,0.49586175586286885,9.619718063739654,1.0,2026-05-29-12-16-57-584108,microagi,microagi,9,False,False,False,False,False,False,False
265.0,8.833333333333334,0.0,0.0,0.0,0.0,0.0,0.0,0.0,0.0,0.0,0.0,0.0,0.0,0.0,0.0,150.17973791646165,1.0,142.27354794102416,1.0,1.0,150.17973791646165,4.755296949279111,0.5403746533271716,0.7413122145700392,5.37243889553382,0.6105044199470251,1.1857717005849322,2.151927691971665,0.0,0.9214567857202781,0.5754395366370983,10.127735844812932,1.0,2026-05-29-12-48-13-500976,microagi,microagi,9,False,False,False,False,False,False,False
647.0,21.566666666666666,0.0,0.0,0.0,0.0,0.0,0.0,0.0,0.0,0.0,0.0,0.0,0.0,0.0,0.0,170.93142277750357,1.0,168.36740485371973,1.0,1.0,170.93142277750357,6.684327338955577,0.31041767827967076,0.3576288141401711,7.34723979178578,0.34120308630584123,0.4516419833880959,3.6341451000266782,0.0,0.5412112497090504,0.32581038229275594,14.031567130741358,1.0,2026-05-29-13-01-35-539443,microagi,microagi,9,False,False,False,False,False,False,False
306.0,10.2,0.0,0.0,0.0,0.0,0.0,0.0,0.0,0.0,0.0,0.0,0.0,0.0,0.0,0.0,153.4354684600553,1.0,152.89739803300614,1.0,1.0,153.4354684600553,3.0713453093434118,0.3020995386239422,0.6638581656091294,4.0737563888127095,0.400697349719283,0.9006839791344882,1.583501270956,0.0,0.7522674812484318,0.3513984441716126,7.145101698156122,1.0,2026-05-29-13-03-31-309338,microagi,microagi,9,False,False,False,False,False,False,False
372.0,12.4,0.0,0.0,0.0,0.0,0.0,0.0,0.0,0.0,0.0,0.0,0.0,0.0,0.0,0.0,164.78674402409774,1.0,164.52291619412296,1.0,1.0,164.78674402409774,3.3221275167550757,0.2686356482551274,0.4280243245981998,4.658680849266672,0.3767127371374668,0.45631433229674,1.596379647726998,0.0,0.6651720916742596,0.3226741926962971,7.980808366021748,1.0,2026-05-29-13-09-38-200299,microagi,microagi,9,False,False,False,False,False,False,False
2224.0,74.13333333333334,0.0,0.0,0.0,0.0,0.0,0.0,0.0,0.0,0.0,0.0,0.0,0.0,0.0,0.0,161.09281655101532,1.0,161.0065830836495,1.0,1.0,161.09281655101532,15.963246533106375,0.21542842824704958,0.07168964655418782,19.86437228494047,0.268075199526862,0.19857386357184084,1.3201543071733939,0.0,0.9398807760522802,0.24175181388695574,35.827618818046844,1.0,2026-05-29-13-15-10-667518,microagi,microagi,9,False,False,False,False,True,False,True
358.0,11.933333333333334,0.0,0.0,0.0,0.0,0.0,0.0,0.0,0.0,0.0,0.0,0.0,0.0,0.0,0.0,176.24798285432382,1.0,172.458085905854,1.0,1.0,176.24798285432382,4.2967069134005555,0.36106780784878617,0.10637989271320994,5.004199089238395,0.4205209318687727,0.2593047275514456,1.060667603437332,0.0,0.8718783178279551,0.39079436985877947,9.30090600263895,1.0,2026-05-29-13-17-14-377177,microagi,microagi,9,False,False,False,False,False,False,False
194.0,6.466666666666667,0.0,0.0,0.0,0.0,0.0,0.0,0.0,0.0,0.0,0.0,0.0,0.0,0.0,0.0,158.20682534316484,1.0,153.6943361111301,1.0,1.0,158.20682534316484,2.5886827027885992,0.4023859123505594,0.5695938647477471,2.534322577653657,0.39393615196688964,0.3316245413272014,2.4754993864313057,0.0,0.4542038289882223,0.39816103215872456,5.123005280442256,1.0,2026-05-29-16-21-44-817657,microagi,microagi,9,False,False,False,False,False,False,False
151.0,5.033333333333333,0.0,0.0,0.0,0.0,0.0,0.0,0.0,0.0,0.0,0.0,0.0,0.0,0.0,0.0,163.30730599402474,1.0,160.7438348665664,1.0,1.0,163.30730599402474,1.137239297025213,0.22744785940504259,0.13260757675032592,1.3107457644895475,0.2621491528979095,0.0682143840870137,0.9091689214268484,0.0,0.13466409819195224,0.24479850615147603,2.4479850615147605,1.0,2026-05-29-16-31-19-031146,microagi,microagi,9,False,False,False,False,False,False,False
377.0,12.566666666666666,0.0,0.0,0.0,0.0,0.0,0.0,0.0,0.0,0.0,0.0,0.0,0.0,0.0,0.0,158.61391352223367,1.0,155.1748243180105,1.0,1.0,158.61391352223367,3.2654146993651647,0.26053840686424184,0.42942746420694194,3.9362974633108356,0.3140662869662901,0.36577564850116756,1.1186662203040256,0.0,0.2904401156071781,0.28730234691526596,7.201712162676,1.0,2026-05-29-16-32-30-607813,microagi,microagi,9,False,False,False,False,False,False,False
484.0,16.133333333333333,0.0,0.0,0.0,0.0,0.0,0.0,0.0,0.0,0.0,0.0,0.0,0.0,0.0,0.0,153.538502790269,1.0,153.77818234780443,1.0,1.0,153.77818234780443,6.164657080921076,0.3828979553367127,0.2558610542097471,7.577041357288303,0.47062368678809335,0.18839577467094082,2.465659598355749,0.0,0.3480728671855004,0.42676082106240304,13.74169843820938,1.0,2026-05-29-16-34-46-723237,microagi,microagi,9,False,False,False,False,False,False,False
181.0,6.033333333333333,0.0,0.0,0.0,0.0,0.0,0.0,0.0,0.0,0.0,0.0,0.0,0.0,0.0,0.0,159.74415433420367,1.0,157.21690470662625,1.0,1.0,159.74415433420367,2.1751166959374126,0.36251944932290214,0.26932781112055393,2.023971861765447,0.33732864362757453,0.2597499904137152,2.1103422704899857,0.0,0.36130213572389464,0.34992404647523834,4.19908855770286,1.0,2026-05-29-16-39-51-839875,microagi,microagi,9,False,False,False,False,False,False,False
3674.0,122.46666666666667,0.0,0.0,0.0,0.0,0.0,0.0,0.0,0.0,0.0,0.0,0.0,0.0,0.0,0.0,142.85625256538665,1.0,139.15528157036573,1.0,1.0,142.85625256538665,43.39892559380595,0.354469852386109,0.25917780929526096,51.783863558934016,0.4229555967242092,0.5246206842883586,3.9600168979637744,0.0,0.6014366217450133,0.3887127245551591,95.18278915273996,1.0,2026-05-29-16-55-12-398226,microagi,microagi,9,False,False,False,False,True,False,True
763.0,25.433333333333334,0.0,0.0,0.0,0.0,0.0,0.0,0.0,0.0,0.0,0.0,0.0,0.0,0.0,0.0,144.95363098596363,1.0,138.80372138644393,1.0,1.0,144.95363098596363,10.838238847300326,0.42670231682284754,0.1686281648641909,13.822982893971322,0.5442119249595009,0.4293543594857217,2.1163497968161553,0.0,0.5412627313718524,0.48545712089117415,24.661221741271646,1.0,2026-05-29-16-59-35-956032,microagi,microagi,9,False,False,False,False,False,False,False
177.0,5.9,0.0,0.0,0.0,0.0,0.0,0.0,0.0,0.0,0.0,0.0,0.0,0.0,0.0,0.0,147.459379152658,1.0,144.05887632408715,1.0,1.0,147.459379152658,1.7622482037029372,0.3003832165402734,0.3234389304175816,2.477959587457851,0.42237947513486096,0.45222151796230364,1.0864301792607123,0.0,0.30916913010913505,0.36138134583756715,4.240207791160788,1.0,2026-05-29-17-00-01-504667,microagi,microagi,9,False,False,False,False,False,False,False
185.0,6.166666666666667,0.0,0.0,0.0,0.0,0.0,0.0,0.0,0.0,0.0,0.0,0.0,0.0,0.0,0.0,144.42619101460963,1.0,139.06186299325128,1.0,1.0,144.42619101460963,2.9957994419086966,0.4884455611807657,0.2818148885569357,3.344417107234792,0.5452853979187161,0.2411508830330323,1.6280499336736214,0.0,0.647599332356206,0.5168654795497409,6.340216549143489,1.0,2026-05-29-17-04-22-260292,microagi,microagi,9,False,False,False,False,False,False,False
311.0,10.366666666666667,0.0,0.0,0.0,0.0,0.0,0.0,0.0,0.0,0.0,0.0,0.0,0.0,0.0,0.0,145.00056305116993,1.0,147.10525691097655,1.0,1.0,147.10525691097655,4.497986630432833,0.4352890287515645,0.24261118104615914,4.781486476947876,0.46272449776914937,0.3108074801080251,1.5239237121286027,0.0,0.4758512663105715,0.44900676326035693,9.27947310738071,1.0,2026-05-29-17-33-44-935182,microagi,microagi,9,False,False,False,False,False,False,False
186.0,6.2,0.0,0.0,0.0,0.0,0.0,0.0,0.0,0.0,0.0,0.0,0.0,0.0,0.0,0.0,146.24524472897662,1.0,142.9229247424713,1.0,1.0,146.24524472897662,3.0042084801779563,0.48716894273156036,0.4500076775132075,2.7504252649442433,0.44601490782879616,0.584733662529233,1.470449589027716,0.0,0.3422830716703618,0.4665919252801783,5.7546337451222,1.0,2026-05-29-17-35-21-526046,microagi,microagi,9,False,False,False,False,False,False,False
214.0,7.133333333333334,0.0,0.0,0.0,0.0,0.0,0.0,0.0,0.0,0.0,0.0,0.0,0.0,0.0,0.0,145.08736582393658,1.0,146.24203342009523,1.0,1.0,146.24203342009523,3.0888474176621328,0.4350489320650891,0.7139483935715747,3.817499216896368,0.5376759460417418,0.8615099744193164,1.540398498903059,0.0,0.659856672523578,0.4863624390534155,6.906346634558501,1.0,2026-05-29-17-36-12-391046,microagi,microagi,9,False,False,False,False,False,False,False
163.0,5.433333333333334,0.0,0.0,0.0,0.0,0.0,0.0,0.0,0.0,0.0,0.0,0.0,0.0,0.0,0.0,145.96833670949505,1.0,144.66613482427312,1.0,1.0,145.96833670949505,2.096982620766216,0.3883301149567066,0.23448156114630783,2.354400146149727,0.43600002706476426,0.5333027145186009,1.5515490509369645,0.0,0.27601334474036116,0.41216507101073546,4.451382766915943,1.0,2026-05-29-17-36-37-839379,microagi,microagi,9,False,False,False,False,False,False,False
201.0,6.7,0.0,0.0,0.0,0.0,0.0,0.0,0.0,0.0,0.0,0.0,0.0,0.0,0.0,0.0,146.41748180605546,1.0,148.14485450762353,1.0,1.0,148.14485450762353,2.6800869600913364,0.40201304401370047,0.2386410742048558,3.0442901560472944,0.45664352340709413,0.6832875494504774,1.5646501324628215,0.0,0.46358359035461627,0.42932828371039733,5.724377116138631,1.0,2026-05-29-17-37-24-366486,microagi,microagi,9,False,False,False,False,False,False,False
426.0,14.2,0.0,0.0,0.0,0.0,0.0,0.0,0.0,0.0,0.0,0.0,0.0,0.0,0.0,0.0,142.8524370258317,1.0,145.4333034765652,1.0,1.0,145.4333034765652,7.058798291381189,0.498268114685731,0.27490295492909783,5.298438040346403,0.37400739108327546,0.3349699064843141,1.7757350937598266,0.0,0.41326589306369943,0.43613775288450324,12.357236331727592,1.0,2026-05-29-17-40-52-358713,microagi,microagi,9,False,False,False,False,False,False,False
151.0,5.033333333333333,0.0,0.0,0.0,0.0,0.0,0.0,0.0,0.0,0.0,0.0,0.0,0.0,0.0,0.0,146.2594479615161,1.0,147.78396566209122,1.0,1.0,147.78396566209122,1.9315620065476455,0.38631240130952915,0.32264766310165727,2.024357872425723,0.4048715744851446,0.251878783980264,1.1570159666647006,0.0,0.35097829065299224,0.3955919878973369,3.9559198789733685,1.0,2026-05-29-17-41-22-475380,microagi,microagi,9,False,False,False,False,False,False,False
301.0,10.033333333333333,0.0,0.0,0.0,0.0,0.0,0.0,0.0,0.0,0.0,0.0,0.0,0.0,0.0,0.0,143.93212043550594,1.0,143.68576376248444,1.0,1.0,143.93212043550594,5.104610188776542,0.5104610188776542,0.23837518904872393,4.7832032721296365,0.47832032721296364,0.2693236650022865,1.4468768914157892,0.0,0.6163344715978778,0.49439067304530887,9.887813460906179,1.0,2026-05-29-17-42-31-317047,microagi,microagi,9,False,False,False,False,False,False,False
1231.0,41.03333333333333,0.0,0.0,0.0,0.0,0.0,0.0,0.0,0.0,0.0,0.0,0.0,0.0,0.0,0.0,169.0527384941247,1.0,165.4363311623841,1.0,1.0,169.0527384941247,13.045055487597931,0.31817208506336414,0.32558065212403636,12.922853981857994,0.3151915605331218,0.18552849705200516,2.2490937995301294,0.0,0.41672758089561435,0.31668182279824303,25.967909469455925,1.0,2026-05-29-17-54-41-318672,microagi,microagi,9,False,False,False,False,True,False,True
232.0,7.733333333333333,0.0,0.0,0.0,0.0,0.0,0.0,0.0,0.0,0.0,0.0,0.0,0.0,0.0,0.0,146.97930845740817,1.0,140.99409433716278,1.0,1.0,146.97930845740817,3.578644419151896,0.4647590154742722,1.4299187065261296,3.530032210028081,0.4584457415620885,1.2715114275385704,1.3057922040214458,0.0,0.6521266860246696,0.4616023785181803,7.108676629179977,1.0,2026-05-29-18-00-08-429106,microagi,microagi,9,False,False,False,False,False,False,False
252.0,8.4,0.0,0.0,0.0,0.0,0.0,0.0,0.0,0.0,0.0,0.0,0.0,0.0,0.0,0.0,119.17167805095363,1.0,116.59378485574538,1.0,1.0,119.17167805095363,3.0648176014982638,0.3663128607368442,0.1218779448715827,1.9262886199120122,0.23023369959107717,0.11275626476809562,1.3996273196685995,0.0,0.40945515328269605,0.2982732801639607,4.991106221410276,1.0,2026-05-29-18-00-39-114106,microagi,microagi,9,False,False,False,False,False,False,False
257.0,8.566666666666666,0.0,0.0,0.0,0.0,0.0,0.0,0.0,0.0,0.0,0.0,0.0,0.0,0.0,0.0,121.06128280666348,1.0,116.78288295318146,1.0,1.0,121.06128280666348,3.973642649059392,0.46566124793664754,0.6772848838600473,3.2675350671135277,0.3829142656773665,0.7256566932214115,1.6118968062584051,0.0,1.3378750706064841,0.42428775680700703,7.24117771617292,1.0,2026-05-29-18-01-53-726582,microagi,microagi,9,False,False,False,False,False,False,False
214.0,7.133333333333334,0.0,0.0,0.0,0.0,0.0,0.0,0.0,0.0,0.0,0.0,0.0,0.0,0.0,0.0,124.82564624157106,1.0,123.44353796619271,1.0,1.0,124.82564624157106,2.9212211462609576,0.41143959806492364,0.4564886851769779,3.08094480270803,0.4339358877053563,0.4913415379753007,1.7938299522386254,0.0,0.36914626389255484,0.42268774288514,6.002165948968988,1.0,2026-05-29-18-05-31-125765,microagi,microagi,9,False,False,False,False,False,False,False
459.0,15.3,0.0,0.0,0.0,0.0,0.0,0.0,0.0,0.0,0.0,0.0,0.0,0.0,0.0,0.0,156.44676628519753,1.0,154.77504927868344,1.0,1.0,156.44676628519753,4.9623019287001675,0.3250416110502293,0.46136840182298566,4.931088237026774,0.32299704609345675,0.22364555798526842,1.5699101811423284,0.0,0.5676936946402648,0.32401932857184307,9.893390165726942,1.0,2026-05-29-18-06-59-779098,microagi,microagi,9,False,False,False,False,False,False,False
389.0,12.966666666666667,0.0,0.0,0.0,0.0,0.0,0.0,0.0,0.0,0.0,0.0,0.0,0.0,0.0,0.0,168.6651150359235,1.0,164.46464560041497,1.0,1.0,168.6651150359235,5.098698006357821,0.39422922729570775,0.450671273598323,6.073468243043747,0.46959806002915566,0.4379939362992251,2.167395955642008,0.0,0.2810094738386662,0.43191364366243173,11.172166249401567,1.0,2026-05-30-00-22-30-064710,microagi,microagi,9,False,False,False,False,False,False,False
730.0,24.333333333333332,0.0,0.0,0.0,0.0,0.0,0.0,0.0,0.0,0.0,0.0,0.0,0.0,0.0,0.0,163.37074444897308,1.0,162.98169572754477,1.0,1.0,163.37074444897308,5.398253730242335,0.22215035926923185,0.5283079630766794,6.328932736001079,0.26044990683132013,0.6213106801634187,1.3649651548303066,0.0,0.668096098784751,0.241300133050276,11.727186466243413,1.0,2026-05-30-07-34-52-323210,microagi,microagi,9,False,False,False,False,False,False,False
732.0,24.4,0.0,0.0,0.0,0.0,0.0,0.0,0.0,0.0,0.0,0.0,0.0,0.0,0.0,0.0,154.85502308803427,1.0,156.52349802154322,1.0,1.0,156.52349802154322,3.2179935211886788,0.1320653975864027,0.1632149841843838,4.1650961470934895,0.17093417840328962,0.11377971744750517,1.7739267388462827,0.0,0.12298303725084515,0.15149978799484615,7.383089668282168,1.0,2026-05-30-07-54-44-556675,microagi,microagi,9,False,False,False,False,False,False,False
1465.0,48.833333333333336,0.0,0.0,0.0,0.0,0.0,0.0,0.0,0.0,0.0,0.0,0.0,0.0,0.0,0.0,167.2982135313446,1.0,167.6482570847839,1.0,1.0,167.6482570847839,6.291373674370244,0.12892159168791484,0.12437178981477288,6.565386730967549,0.13453661333949893,0.05701727100622887,0.9386902780964509,0.0,0.18933433544878936,0.1317291025137069,12.856760405337793,1.0,2026-05-30-08-07-46-744969,microagi,microagi,9,False,False,False,False,True,False,True
1406.0,46.86666666666667,0.0,0.0,0.0,0.0,0.0,0.0,0.0,0.0,0.0,0.0,0.0,0.0,0.0,0.0,166.63130593544355,1.0,166.86254928944692,1.0,1.0,166.86254928944692,5.558439326545989,0.11868553722162253,0.3018510788390531,6.2654665638610165,0.13378220421055553,0.21551119499916024,1.6775495933708369,0.0,0.24603745111182607,0.12623387071608902,11.823905890407005,1.0,2026-05-30-08-08-53-586336,microagi,microagi,9,False,False,False,False,True,False,True
170.0,5.666666666666667,0.0,0.0,0.0,0.0,0.0,0.0,0.0,0.0,0.0,0.0,0.0,0.0,0.0,0.0,170.17201192150205,1.0,168.0189636500537,1.0,1.0,170.17201192150205,0.9724209798699416,0.1726191088526524,0.14679135452448108,1.0460039247848347,0.18568117008014814,0.23093535469503546,0.520142094005956,0.0,0.1341346417687416,0.17915013946640027,2.0184249046547764,1.0,2026-05-30-08-10-37-716336,microagi,microagi,9,False,False,False,False,False,False,False
808.0,26.933333333333334,0.0,0.0,0.0,0.0,0.0,0.0,0.0,0.0,0.0,0.0,0.0,0.0,0.0,0.0,176.65209869649806,1.0,171.83716271207504,1.0,1.0,176.65209869649806,6.324482972729134,0.2351108911795217,0.5986516017421891,6.571210191486611,0.24428290674671416,0.7760862818852828,0.9695623533687695,0.0,0.6684360973220483,0.23969689896311794,12.895693164215746,1.0,2026-05-30-08-12-03-867694,microagi,microagi,9,False,False,False,False,False,False,False
262.0,8.733333333333333,0.0,0.0,0.0,0.0,0.0,0.0,0.0,0.0,0.0,0.0,0.0,0.0,0.0,0.0,156.3207626736211,1.0,155.40071272540945,1.0,1.0,156.3207626736211,0.9388430223167407,0.10791299107088974,0.13105514765057102,1.5499720737842022,0.17815770963036812,0.514806330836046,0.7191953770160797,0.0,0.11475229230949299,0.14303535035062892,2.488815096100943,1.0,2026-05-30-08-14-39-562389,microagi,microagi,9,False,False,False,False,False,False,False
496.0,16.533333333333335,0.0,0.0,0.0,0.0,0.0,0.0,0.0,0.0,0.0,0.0,0.0,0.0,0.0,0.0,171.5797867668745,1.0,170.8178754547593,1.0,1.0,171.5797867668745,3.6630595663285286,0.22200361008051686,0.23926131483232851,4.017737397594016,0.24349923621781913,0.3299510704446514,0.9390533570104344,0.0,0.20328527605404198,0.232751423149168,7.680796963922544,1.0,2026-05-30-08-17-12-321800,microagi,microagi,9,False,False,False,False,False,False,False
1117.0,37.233333333333334,0.0,0.0,0.0,0.0,0.0,0.0,0.0,0.0,0.0,0.0,0.0,0.0,0.0,0.0,167.64032589015233,1.0,165.7282107724945,1.0,1.0,167.64032589015233,9.494215499176317,0.2552208467520515,0.5665307215050318,10.583939132650698,0.2845144928131908,0.6009045712269484,1.4260915534362941,0.0,0.9470940161241155,0.26986766978262117,20.078154631827015,1.0,2026-05-30-08-20-30-276479,microagi,microagi,9,False,False,False,False,True,False,True
601.0,20.033333333333335,0.0,0.0,0.0,0.0,0.0,0.0,0.0,0.0,0.0,0.0,0.0,0.0,0.0,0.0,154.21781616109257,1.0,156.96172451316505,1.0,1.0,156.96172451316505,4.455128531137531,0.22275642655687652,0.36497972892933966,4.053815618874399,0.20269078094371992,0.23106977088203332,1.1790402489862912,0.0,0.33043610835829024,0.21272360375029822,8.50894415001193,1.0,2026-05-30-08-22-18-742845,microagi,microagi,9,False,False,False,False,False,False,False
465.0,15.5,0.0,0.0,0.0,0.0,0.0,0.0,0.0,0.0,0.0,0.0,0.0,0.0,0.0,0.0,169.3949395724208,1.0,168.8048442454113,1.0,1.0,169.3949395724208,4.0728550463629025,0.26333114523898077,0.4667799068034743,4.325839033648494,0.27968786855485955,0.39630879067658487,0.9725227934022458,0.0,0.36720334100434826,0.27150950689692016,8.398694080011396,1.0,2026-05-30-08-23-25-682531,microagi,microagi,9,False,False,False,False,False,False,False
5028.0,167.6,0.0,0.0,0.0,0.0,0.0,0.0,0.0,0.0,0.0,0.0,0.0,0.0,0.0,0.0,165.96086002459782,1.0,165.45456975925964,1.0,1.0,165.96086002459782,39.06910159333693,0.23315556948480368,0.3175912802526825,42.73157384302501,0.2550123762265268,0.24755702928598067,1.997974579123498,0.0,0.6808074457441939,0.24408397285566522,81.80067543636194,1.0,2026-05-30-08-28-08-555299,microagi,microagi,9,False,False,False,False,True,False,True
3917.0,130.56666666666666,0.0,0.0,0.0,0.0,0.0,0.0,0.0,0.0,0.0,0.0,0.0,0.0,0.0,0.0,168.4990088657775,1.0,171.4918203954261,1.0,1.0,171.4918203954261,24.55183066683441,0.18808859039965073,0.2279854018654553,26.92095074456415,0.20623813134242194,0.19205494105491133,1.397553217625997,0.0,0.6440452760427888,0.19716336087103636,51.47278141139856,1.0,2026-05-30-08-32-41-154671,microagi,microagi,9,False,False,False,False,True,False,True
1188.0,39.6,0.0,0.0,0.0,0.0,0.0,0.0,0.0,0.0,0.0,0.0,0.0,0.0,0.0,0.0,161.67721109787365,1.0,162.64761167166367,1.0,1.0,162.64761167166367,13.831294907748752,0.34956937424807294,0.21201245998466464,11.750503587509543,0.2969798716304013,0.37400412038887226,2.744715760889467,0.0,0.5044589168695821,0.3232746229392371,25.581798495258298,1.0,2026-05-30-08-40-53-981235,microagi,microagi,9,False,False,False,False,True,False,True
667.0,22.233333333333334,0.0,0.0,0.0,0.0,0.0,0.0,0.0,0.0,0.0,0.0,0.0,0.0,0.0,0.0,163.5965717949263,1.0,163.0346689102327,1.0,1.0,163.5965717949263,8.451587816453477,0.3807021538943008,0.34818746727729993,8.870391551649695,0.3995671870112475,0.18042531165649103,2.8515521805893527,0.0,0.7649558190174715,0.3901346704527741,17.32197936810317,1.0,2026-05-30-08-52-22-312183,microagi,microagi,9,False,False,False,False,False,False,False
182.0,6.066666666666666,0.0,0.0,0.0,0.0,0.0,0.0,0.0,0.0,0.0,0.0,0.0,0.0,0.0,0.0,170.16105051854748,1.0,168.13625052056844,1.0,1.0,170.16105051854748,2.0463444887902416,0.3391731196889904,0.12566820154669078,2.267751279988868,0.3758703778987075,0.2464705422841083,1.0979820702508796,0.0,0.4927821952052077,0.35752174879384885,4.31409576877911,1.0,2026-05-30-08-56-56-444727,microagi,microagi,9,False,False,False,False,False,False,False
369.0,12.3,0.0,0.0,0.0,0.0,0.0,0.0,0.0,0.0,0.0,0.0,0.0,0.0,0.0,0.0,149.05149368437873,1.0,148.89922369356668,1.0,1.0,149.05149368437873,5.150324679287316,0.41986342494190076,0.3708169952553119,6.5344119542793635,0.5326966267075569,0.22545767299514102,1.4288447665673456,0.0,0.591104526306865,0.4762800258247288,11.68473663356668,1.0,2026-05-30-11-10-59-795635,microagi,microagi,9,False,False,False,False,False,False,False
774.0,25.8,0.0,0.0,0.0,0.0,0.0,0.0,0.0,0.0,0.0,0.0,0.0,0.0,0.0,0.0,147.1631644282748,1.0,145.57050200019324,1.0,1.0,147.1631644282748,10.358009401816322,0.4019926029165454,0.2692407475407224,11.42201010309144,0.4432862911937169,0.38224857506560306,1.4338848781117088,0.0,0.41821831708248103,0.4226394470551311,21.780019504907763,1.0,2026-05-30-11-11-21-507301,microagi,microagi,9,False,False,False,False,False,False,False
1167.0,38.9,0.0,0.0,0.0,0.0,0.0,0.0,0.0,0.0,0.0,0.0,0.0,0.0,0.0,0.0,151.95473421443782,1.0,154.0443932792021,1.0,1.0,154.0443932792021,11.35652446534615,0.29219188161267967,0.28545620754828405,11.676698300194756,0.3004296303652167,0.18153344974782365,1.9309554553566541,0.0,0.7833575085430201,0.2963107559889482,23.033222765540906,1.0,2026-05-30-13-31-40-248685,microagi,microagi,9,False,False,False,False,True,False,True
168.0,5.6,0.0,0.0,0.0,0.0,0.0,0.0,0.0,0.0,0.0,0.0,0.0,0.0,0.0,0.0,162.92098583814226,1.0,167.5053298321498,1.0,1.0,167.5053298321498,2.0801025580699313,0.37367111821615534,0.22557011768133722,2.495005195272272,0.4482045260968154,0.2882870276567553,2.157226647184241,0.0,0.09476647463592806,0.41093782215648544,4.575107753342204,1.0,2026-05-30-14-15-03-586388,microagi,microagi,9,False,False,False,False,False,False,False
387.0,12.9,0.0,0.0,0.0,0.0,0.0,0.0,0.0,0.0,0.0,0.0,0.0,0.0,0.0,0.0,163.99980758842563,1.0,164.56813960239083,1.0,1.0,164.56813960239083,3.7498093423289163,0.29143595924836135,0.33664979544380874,5.214609965684717,0.4052805672811957,0.13810915106582525,1.5504693337023463,0.0,0.2097720166256079,0.34835826326477853,8.964419308013634,1.0,2026-05-30-14-15-15-328055,microagi,microagi,9,False,False,False,False,False,False,False
1445.0,48.166666666666664,0.0,0.0,0.0,0.0,0.0,0.0,0.0,0.0,0.0,0.0,0.0,0.0,0.0,0.0,147.0565374784806,1.0,142.3680265268363,1.0,1.0,147.0565374784806,14.422836801262608,0.29964342384894616,0.32128688265486344,17.24993020833101,0.3583780514196192,0.4822479205142039,2.15031044087025,0.0,0.5149494328895821,0.3290107376342827,31.672767009593617,1.0,2026-05-30-14-32-02-299850,microagi,microagi,9,False,False,False,False,True,False,True
1182.0,39.4,0.0,0.0,0.0,0.0,0.0,0.0,0.0,0.0,0.0,0.0,0.0,0.0,0.0,0.0,147.00923003018983,1.0,146.16740530790315,1.0,1.0,147.00923003018983,15.716653677365427,0.3992376039974283,0.4993255644430369,16.539383487704853,0.4201367524395814,0.5792137796466872,3.0580879600150777,0.0,0.6947444324424192,0.4096871782185048,32.25603716507028,1.0,2026-05-30-14-36-59-044802,microagi,microagi,9,False,False,False,False,True,False,True
274.0,9.133333333333333,0.0,0.0,0.0,0.0,0.0,0.0,0.0,0.0,0.0,0.0,0.0,0.0,0.0,0.0,148.10581181633376,1.0,145.73531249389458,1.0,1.0,148.10581181633376,3.126938918240923,0.3436196613451563,0.4017480690753218,4.042965488607695,0.4442819218250214,0.368011756206808,1.4788530868661656,0.0,0.664132592445539,0.3939507915850889,7.169904406848618,1.0,2026-05-30-14-39-33-869677,microagi,microagi,9,False,False,False,False,False,False,False
592.0,19.733333333333334,0.0,0.0,0.0,0.0,0.0,0.0,0.0,0.0,0.0,0.0,0.0,0.0,0.0,0.0,148.5326350591319,1.0,148.87145465074815,1.0,1.0,148.87145465074815,6.444001846581476,0.32710669271987186,0.43266492726852684,8.650610264463381,0.43911727230778597,0.3678630139356611,1.617648943324665,0.0,0.4580320938162798,0.38311198251382883,15.094612111044857,1.0,2026-05-30-14-40-11-158011,microagi,microagi,9,False,False,False,False,False,False,False
286.0,9.533333333333333,0.0,0.0,0.0,0.0,0.0,0.0,0.0,0.0,0.0,0.0,0.0,0.0,0.0,0.0,145.88455641612597,1.0,146.12063363288854,1.0,1.0,146.12063363288854,3.8291385150472617,0.403067212110238,0.4208778457557138,4.5557539196679535,0.4795530441755739,0.5993375055857021,2.3986357782029923,0.0,0.3410344219187195,0.441310128142906,8.384892434715216,1.0,2026-05-30-14-41-23-701077,microagi,microagi,9,False,False,False,False,False,False,False
1253.0,41.766666666666666,0.0,0.0,0.0,0.0,0.0,0.0,0.0,0.0,0.0,0.0,0.0,0.0,0.0,0.0,145.47190335741374,1.0,142.86728174607913,1.0,1.0,145.47190335741374,20.01259632765361,0.47953505577444755,0.10617212315156262,20.523075613961552,0.49176698755498927,0.38846476052715195,3.2897085082276893,0.0,0.7478358441192842,0.4856510216647184,40.53567194161516,1.0,2026-05-30-14-43-02-593968,microagi,microagi,9,False,False,False,False,True,False,True
1020.0,34.0,0.0,0.0,0.0,0.0,0.0,0.0,0.0,0.0,0.0,0.0,0.0,0.0,0.0,0.0,146.1797784521724,1.0,142.17111256973897,1.0,1.0,146.1797784521724,14.222790518519252,0.41872788572676894,0.6980669613393202,16.768518027266342,0.49367570247104053,0.7518706650200532,1.8530017838275692,0.0,0.6440927814150539,0.45620179409890466,30.991308545785593,1.0,2026-05-30-14-43-54-925635,microagi,microagi,9,False,False,False,False,True,False,True
216.0,7.2,0.0,0.0,0.0,0.0,0.0,0.0,0.0,0.0,0.0,0.0,0.0,0.0,0.0,0.0,145.28566425837994,1.0,146.1745382144669,1.0,1.0,146.1745382144669,4.121297687380959,0.5750647935880407,0.7165444778625799,3.5584914466280715,0.4965336902271728,0.6621399002820021,1.2393412495589473,0.0,0.6060436007808396,0.5357992419076067,7.67978913400903,1.0,2026-05-30-14-50-44-367632,microagi,microagi,9,False,False,False,False,False,False,False
807.0,26.9,0.0,0.0,0.0,0.0,0.0,0.0,0.0,0.0,0.0,0.0,0.0,0.0,0.0,0.0,146.95875820244285,1.0,145.8304086613326,1.0,1.0,146.95875820244285,8.453845125514171,0.314659247847922,0.17680514862160163,11.341184397966405,0.4221284515372111,0.3265666916586579,1.9943307883062449,0.0,0.5021363553366758,0.3683938496925666,19.795029523480576,1.0,2026-05-30-14-51-56-677216,microagi,microagi,9,False,False,False,False,False,False,False
517.0,17.233333333333334,0.0,0.0,0.0,0.0,0.0,0.0,0.0,0.0,0.0,0.0,0.0,0.0,0.0,0.0,154.63647863983078,1.0,155.12567473534867,1.0,1.0,155.12567473534867,3.8081566798584636,0.22140445813130602,0.35960403914893185,4.5705638260085255,0.26573045500049575,0.05800871309702088,0.949546475471903,0.0,0.38304516853545906,0.24356745656590084,8.378720505866989,1.0,2026-05-30-19-26-01-363327,microagi,microagi,9,False,False,False,False,False,False,False
455.0,15.166666666666666,0.0,0.0,0.0,0.0,0.0,0.0,0.0,0.0,0.0,0.0,0.0,0.0,0.0,0.0,165.52838307846517,1.0,163.9831541546479,1.0,1.0,165.52838307846517,5.896981451302746,0.3896683778393885,0.4603535313780469,5.933350752660055,0.3920716356383296,0.6743282158027973,2.8216807379804507,0.0,0.3630658916351992,0.3908700067388591,11.8303322039628,1.0,2026-05-30-19-29-45-892414,microagi,microagi,9,False,False,False,False,False,False,False
700.0,23.333333333333332,0.0,0.0,0.0,0.0,0.0,0.0,0.0,0.0,0.0,0.0,0.0,0.0,0.0,0.0,151.99288015533165,1.0,156.1509214169766,1.0,1.0,156.1509214169766,10.89911434951965,0.4677731480480537,0.0749819901248299,10.837888716485992,0.46514543847579365,0.310155767286408,1.8135513399955512,0.0,0.37289471023353216,0.46645929326192365,21.73700306600564,1.0,2026-05-30-19-32-55-866810,microagi,microagi,9,False,False,False,False,False,False,False
289.0,9.633333333333333,0.0,0.0,0.0,0.0,0.0,0.0,0.0,0.0,0.0,0.0,0.0,0.0,0.0,0.0,148.69785658702446,1.0,151.74562440415676,1.0,1.0,151.74562440415676,4.583406393411991,0.4774381659804157,0.3308361877832755,5.007165851177829,0.5215797761643572,0.40887325699229254,2.253827926778624,0.0,0.32090426168630426,0.49950897107238645,9.59057224458982,1.0,2026-05-30-19-45-45-586874,microagi,microagi,9,False,False,False,False,False,False,False
207.0,6.9,0.0,0.0,0.0,0.0,0.0,0.0,0.0,0.0,0.0,0.0,0.0,0.0,0.0,0.0,145.26998210339227,1.0,145.67030023677452,1.0,1.0,145.67030023677452,2.884698489718034,0.42010172180359723,0.33383453981560934,3.313920547292801,0.48260978844069913,0.3852485588734114,1.7230828477605207,0.0,0.5694715362765067,0.45135575512214815,6.198619037010834,1.0,2026-05-30-19-46-30-783789,microagi,microagi,9,False,False,False,False,False,False,False
214.0,7.133333333333334,0.0,0.0,0.0,0.0,0.0,0.0,0.0,0.0,0.0,0.0,0.0,0.0,0.0,0.0,168.2435080549247,1.0,161.54614105479237,1.0,1.0,168.2435080549247,3.1318180297968765,0.4411011309573065,0.4285976178180168,2.9524658840629785,0.41584026536098295,0.42847675281061887,1.3042233758673825,0.0,0.4183886903171853,0.42847069815914474,6.084283913859855,1.0,2026-05-30-23-32-06-633681,microagi,microagi,9,False,False,False,False,False,False,False
417.0,13.9,0.0,0.0,0.0,0.0,0.0,0.0,0.0,0.0,0.0,0.0,0.0,0.0,0.0,0.0,156.10789474168052,1.0,157.52055110250478,1.0,1.0,157.52055110250478,5.031250070891891,0.3628305339585498,0.20718995458725895,4.878305499583794,0.35180087737383126,0.28928088719829465,1.7211910899572251,0.0,0.17046093860857336,0.35731570566619053,9.909555570475685,1.0,2026-05-30-23-51-37-329869,microagi,microagi,9,False,False,False,False,False,False,False
163.0,5.433333333333334,0.0,0.0,0.0,0.0,0.0,0.0,0.0,0.0,0.0,0.0,0.0,0.0,0.0,0.0,153.92742365345723,1.0,154.63940672486726,1.0,1.0,154.63940672486726,3.435096148838589,0.6361289164515905,0.1136455706443859,2.9630827367669377,0.5487190253272108,0.22509452142226166,2.0222658044830837,0.0,0.2619441828672848,0.5924239708894007,6.398178885605526,1.0,2026-05-30-23-52-49-993626,microagi,microagi,9,False,False,False,False,False,False,False
231.0,7.7,0.0,0.0,0.0,0.0,0.0,0.0,0.0,0.0,0.0,0.0,0.0,0.0,0.0,0.0,156.5945311144381,1.0,156.81059174321672,1.0,1.0,156.81059174321672,4.533289764599436,0.5912986649477524,0.10524794483098265,4.356182960117543,0.5681977774066361,0.19999586652819853,2.306046770210442,0.0,0.2388575363320769,0.5797482211771944,8.88947272471698,1.0,2026-05-30-23-57-48-081059,microagi,microagi,9,False,False,False,False,False,False,False
235.0,7.833333333333333,0.0,0.0,0.0,0.0,0.0,0.0,0.0,0.0,0.0,0.0,0.0,0.0,0.0,0.0,157.58860168737152,1.0,155.03034450772148,1.0,1.0,157.58860168737152,3.862594221256632,0.49520438734059397,1.155538927240034,4.601419502767142,0.5899255772778387,1.2408205070912595,1.960265636889237,0.0,0.5139297657827138,0.5425649823092163,8.464013724023774,1.0,2026-05-31-00-12-25-694536,microagi,microagi,9,False,False,False,False,False,False,False
229.0,7.633333333333334,0.0,0.0,0.0,0.0,0.0,0.0,0.0,0.0,0.0,0.0,0.0,0.0,0.0,0.0,154.51784705592905,1.0,155.40210319054557,1.0,1.0,155.40210319054557,3.2761863593363723,0.43107715254425943,0.2048717843456757,3.9330507049046943,0.5175066716979861,0.19455542342453291,2.015618472840255,0.0,0.19141672912636115,0.4742919121211228,7.209237064241067,1.0,2026-05-31-00-14-41-183246,microagi,microagi,9,False,False,False,False,False,False,False
210.0,7.0,0.0,0.0,0.0,0.0,0.0,0.0,0.0,0.0,0.0,0.0,0.0,0.0,0.0,0.0,165.42776853871408,1.0,170.44971812137592,1.0,1.0,170.44971812137592,3.2088708060831763,0.4606034649880158,0.6582381304561775,2.636661075004369,0.37846809689057925,0.809779037895971,0.9994646863526229,0.0,0.8334235670901765,0.41953578093929755,5.845531881087545,1.0,2026-05-31-13-51-57-145510,microagi,microagi,9,False,False,False,False,False,False,False
155.0,5.166666666666667,0.0,0.0,0.0,0.0,0.0,0.0,0.0,0.0,0.0,0.0,0.0,0.0,0.0,0.0,138.18610657679284,1.0,139.93717924444945,1.0,1.0,139.93717924444945,2.1826236221161395,0.42518641989275446,0.19956836316071097,2.731070225218246,0.5320266672503078,0.3562767872906144,1.3398773993737443,0.0,0.6156909689885953,0.47860654357153104,4.913693847334386,1.0,2026-05-31-13-52-49-828382,microagi,microagi,9,False,False,False,False,False,False,False
187.0,6.233333333333333,0.0,0.0,0.0,0.0,0.0,0.0,0.0,0.0,0.0,0.0,0.0,0.0,0.0,0.0,138.67313014624602,1.0,140.71074480282874,1.0,1.0,140.71074480282874,3.209937381490878,0.5177318357243352,0.9696810416304124,4.117720142186418,0.6641484100300674,1.0794164988982715,2.0724418206083053,0.0,1.000637448297182,0.5909401228772013,7.327657523677296,1.0,2026-05-31-13-53-43-344315,microagi,microagi,9,False,False,False,False,False,False,False
602.0,20.066666666666666,0.0,0.0,0.0,0.0,0.0,0.0,0.0,0.0,0.0,0.0,0.0,0.0,0.0,0.0,139.55013302250944,1.0,140.02233322235708,1.0,1.0,140.02233322235708,10.298112829637095,0.5140488933263109,0.4899963967777863,12.418949422366031,0.6199142806505505,0.207572918697814,2.1350346803151243,0.0,0.9565602509252966,0.5669815869884307,22.717062252003124,1.0,2026-05-31-13-54-26-963472,microagi,microagi,9,False,False,False,False,False,False,False
300.0,10.0,0.0,0.0,0.0,0.0,0.0,0.0,0.0,0.0,0.0,0.0,0.0,0.0,0.0,0.0,146.8069141307081,1.0,148.12436616040264,1.0,1.0,148.12436616040264,4.44426634099989,0.4459130108026646,0.3755425539378427,5.072373405748012,0.5089337865299008,0.4002858991057159,2.3132425791803,0.0,0.2841067809099051,0.47742339866628275,9.516639746747902,1.0,2026-05-31-19-38-51-956775,microagi,microagi,9,False,False,False,False,False,False,False
207.0,6.9,0.0,0.0,0.0,0.0,0.0,0.0,0.0,0.0,0.0,0.0,0.0,0.0,0.0,0.0,149.66000569285902,1.0,152.02779144238477,1.0,1.0,152.02779144238477,3.2654480815105273,0.47555069148211565,0.2841899227006247,3.9341208502984317,0.5729302209172472,0.5623879102835657,2.9782114151214194,0.0,0.1835291344476771,0.5242404561996814,7.199568931808959,1.0,2026-05-31-19-40-23-580127,microagi,microagi,9,False,False,False,False,False,False,False
179.0,5.966666666666667,0.0,0.0,0.0,0.0,0.0,0.0,0.0,0.0,0.0,0.0,0.0,0.0,0.0,0.0,151.39640538612315,1.0,154.312557619377,1.0,1.0,154.312557619377,2.8231538794262834,0.4758124515886995,0.4737367752714706,3.0230785123553936,0.5095076144419203,0.8330670431537109,1.4313150653472615,0.0,0.6073059808837448,0.4926600330153099,5.846232391781677,1.0,2026-05-31-19-40-38-090127,microagi,microagi,9,False,False,False,False,False,False,False
735.0,24.5,0.0,0.0,0.0,0.0,0.0,0.0,0.0,0.0,0.0,0.0,0.0,0.0,0.0,0.0,148.37270220479868,1.0,150.57066929880932,1.0,1.0,150.57066929880932,9.48057044899854,0.38748925540865964,0.24975895695836495,10.569747828412162,0.4320060420331946,0.22050921637935045,2.049563110363755,0.0,0.3920099050676245,0.40974764872092717,20.050318277410703,1.0,2026-05-31-19-40-50-396793,microagi,microagi,9,False,False,False,False,False,False,False
258.0,8.6,0.0,0.0,0.0,0.0,0.0,0.0,0.0,0.0,0.0,0.0,0.0,0.0,0.0,0.0,123.43487410996731,1.0,121.71095125257405,1.0,1.0,123.43487410996731,5.895575083282372,0.68819942606409,0.4787771451707859,6.716776169860966,0.7840594750810466,1.0663236723131284,2.2342360034939652,0.0,0.8155089146934635,0.7361294505725683,12.612351253143338,1.0,2026-06-01-00-20-39-520405,microagi,microagi,9,False,False,False,False,False,False,False
244.0,8.133333333333333,0.0,0.0,0.0,0.0,0.0,0.0,0.0,0.0,0.0,0.0,0.0,0.0,0.0,0.0,163.6546995119147,1.0,163.94494214813145,1.0,1.0,163.94494214813145,2.2195745284644897,0.2740215467240111,0.09054968932232604,2.292992841576853,0.2830855359971423,0.06447493469132261,1.02375356838249,0.0,0.2268001627892731,0.2785535413605767,4.512567370041342,1.0,2026-06-01-02-39-45-150791,microagi,microagi,9,False,False,False,False,False,False,False
409.0,13.633333333333333,0.0,0.0,0.0,0.0,0.0,0.0,0.0,0.0,0.0,0.0,0.0,0.0,0.0,0.0,156.0974578529239,1.0,158.1031614988912,1.0,1.0,158.1031614988912,6.485845575769092,0.4769004099830214,0.5540215057983633,7.04305936975538,0.5178720124820131,0.31625491992078064,2.417827158624438,0.0,0.5346556673638689,0.4973862112325173,13.528904945524472,1.0,2026-06-01-03-38-46-915286,microagi,microagi,9,False,False,False,False,False,False,False
282.0,9.4,0.0,0.0,0.0,0.0,0.0,0.0,0.0,0.0,0.0,0.0,0.0,0.0,0.0,0.0,163.61395342942444,1.0,162.5837040282606,1.0,1.0,163.61395342942444,4.284200412408476,0.4573879443852465,0.4453715492162811,4.090582344254381,0.4367169762549161,0.5241400788169391,1.3597288079731165,0.0,0.28933805488100495,0.44705246032008134,8.374782756662857,1.0,2026-06-01-03-39-12-063177,microagi,microagi,9,False,False,False,False,False,False,False
784.0,26.133333333333333,0.0,0.0,0.0,0.0,0.0,0.0,0.0,0.0,0.0,0.0,0.0,0.0,0.0,0.0,170.4280114014555,1.0,169.81240756465763,1.0,1.0,170.4280114014555,6.972279180551695,0.2671371333544711,0.1882827037694164,6.976324505337113,0.26729212664126867,0.22218433828099574,1.9002002244634202,0.0,0.12026899677730338,0.2672146299978699,13.948603685888807,1.0,2026-06-01-11-16-49-719022,microagi,microagi,9,False,False,False,False,False,False,False
574.0,19.133333333333333,0.0,0.0,0.0,0.0,0.0,0.0,0.0,0.0,0.0,0.0,0.0,0.0,0.0,0.0,157.51892065374346,1.0,150.53234998664277,1.0,1.0,157.51892065374346,7.650980853541489,0.4005749137979837,0.14501261451839192,9.778987691390434,0.5119888843659914,0.312966208045997,1.4378552966534244,0.0,0.6099789254642839,0.4562818990819876,17.429968544931924,1.0,2026-06-01-11-20-08-035022,microagi,microagi,9,False,False,False,False,False,False,False
341.0,11.366666666666667,0.0,0.0,0.0,0.0,0.0,0.0,0.0,0.0,0.0,0.0,0.0,0.0,0.0,0.0,153.3359770702927,1.0,140.7218431802312,1.0,1.0,153.3359770702927,4.635135847064581,0.4089825747409924,0.12357674483177639,5.390162068733346,0.47560253547647174,0.29101501634995997,1.4895312829243035,0.0,0.3829897243255127,0.44229255510873206,10.025297915797928,1.0,2026-06-01-11-27-12-385893,microagi,microagi,9,False,False,False,False,False,False,False
505.0,16.833333333333332,0.0,0.0,0.0,0.0,0.0,0.0,0.0,0.0,0.0,0.0,0.0,0.0,0.0,0.0,156.78159721286696,1.0,149.51368977795138,1.0,1.0,156.78159721286696,8.340217682453531,0.496441528717472,0.4277448988292733,8.97453395118425,0.534198449475253,0.5213406951703622,1.8467045709207266,0.0,0.6666797570129188,0.5153199890963625,17.314751633637783,1.0,2026-06-01-11-28-54-377959,microagi,microagi,9,False,False,False,False,False,False,False
251.0,8.366666666666667,0.0,0.0,0.0,0.0,0.0,0.0,0.0,0.0,0.0,0.0,0.0,0.0,0.0,0.0,154.72510282012814,1.0,145.1379978596804,1.0,1.0,154.72510282012814,3.233608370055837,0.38803300440670047,0.483710931323482,3.676511628276296,0.44118139539315554,0.29616075300676153,1.4265156610823493,0.0,0.25071686489206146,0.414607199899928,6.910119998332133,1.0,2026-06-01-11-32-21-866457,microagi,microagi,9,False,False,False,False,False,False,False
165.0,5.5,0.0,0.0,0.0,0.0,0.0,0.0,0.0,0.0,0.0,0.0,0.0,0.0,0.0,0.0,162.2325068770373,1.0,154.83056423168122,1.0,1.0,162.2325068770373,2.5385268620155768,0.4643646698808983,0.2262084252914517,2.878011927589332,0.5264655965102437,0.17610427567728865,1.7853220430168195,0.0,0.47633840951049045,0.4954151331955709,5.416538789604909,1.0,2026-06-01-11-35-12-097325,microagi,microagi,9,False,False,False,False,False,False,False
163.0,5.433333333333334,0.0,0.0,0.0,0.0,0.0,0.0,0.0,0.0,0.0,0.0,0.0,0.0,0.0,0.0,163.93689580317667,1.0,153.79551361625641,1.0,1.0,163.93689580317667,2.632232966399374,0.48745054933321746,0.29217102661488753,2.991838825298887,0.5540442269072012,0.120589760439736,1.3985695661315427,0.0,0.2235424094024343,0.5207473881202094,5.624071791698261,1.0,2026-06-01-11-38-45-988093,microagi,microagi,9,False,False,False,False,False,False,False
159.0,5.3,0.0,0.0,0.0,0.0,0.0,0.0,0.0,0.0,0.0,0.0,0.0,0.0,0.0,0.0,157.04513808662398,1.0,153.18945753941338,1.0,1.0,157.04513808662398,2.7272959627492677,0.517841005585304,0.1563032229169544,2.4883977285389864,0.472480581368162,0.47048833643446814,1.6409777548380975,0.0,0.6974409573578895,0.495160793476733,5.215693691288254,1.0,2026-06-01-11-41-40-622041,microagi,microagi,9,False,False,False,False,False,False,False
201.0,6.7,0.0,0.0,0.0,0.0,0.0,0.0,0.0,0.0,0.0,0.0,0.0,0.0,0.0,0.0,153.3133612880628,1.0,150.19348822000924,1.0,1.0,153.3133612880628,2.8620597972383477,0.42930896958575215,0.32602437527731337,3.3968143481523203,0.509522152222848,0.41233547850205937,1.26824743712734,0.0,0.5087792796431314,0.46941556090430014,6.258874145390668,1.0,2026-06-01-11-42-44-059222,microagi,microagi,9,False,False,False,False,False,False,False
277.0,9.233333333333333,0.0,0.0,0.0,0.0,0.0,0.0,0.0,0.0,0.0,0.0,0.0,0.0,0.0,0.0,127.41545257272985,1.0,134.45426008028937,1.0,1.0,134.45426008028937,4.566134631920583,0.49631898173049815,0.16549705352985997,2.8786736614916455,0.31289931103170054,0.35430307420487683,1.4927071287646683,0.0,0.28203325892288833,0.40460914638109935,7.444808293412229,1.0,2026-06-02-09-17-31-260922,microagi,microagi,9,False,False,False,False,False,False,False
3010.0,100.33333333333333,0.0,0.0,0.0,0.0,0.0,0.0,0.0,0.0,0.0,0.0,0.0,0.0,0.0,0.0,129.3341913488004,1.0,127.77283725453597,1.0,1.0,129.3341913488004,32.46395477318925,0.3236685421055758,0.722771210015392,35.89203990569622,0.3578468584815177,0.7289130099930329,2.482166448550652,0.0,1.1149836977329586,0.34075770029354674,68.35599467888548,1.0,2026-06-02-09-44-37-416346,microagi,microagi,9,False,False,False,False,True,False,True
266.0,8.866666666666667,0.0,0.0,0.0,0.0,0.0,0.0,0.0,0.0,0.0,0.0,0.0,0.0,0.0,0.0,175.71712327183917,1.0,170.79546858133034,1.0,1.0,175.71712327183917,2.915175047054431,0.33001981664767144,0.20808280009766927,3.090103948778851,0.349823088541002,0.4675365222806271,1.2074019450999176,0.0,0.5394855178366856,0.33992145259433676,6.005278995833282,1.0,2026-06-02-10-14-29-369982,microagi,microagi,9,False,False,False,False,False,False,False
1668.0,55.6,0.0,0.0,0.0,0.0,0.0,0.0,0.0,0.0,0.0,0.0,0.0,0.0,0.0,0.0,164.93800668522624,1.0,163.12141151445456,1.0,1.0,164.93800668522624,13.595042890414742,0.24466183965953348,0.6502630497639718,14.59121947937089,0.2625894327421276,0.8989169224540657,1.3410122801422562,0.0,0.6702214125673348,0.2536256362008305,28.18626236978563,1.0,2026-06-02-14-57-37-973948,microagi,microagi,9,False,False,False,False,True,False,True
772.0,25.733333333333334,0.0,0.0,0.0,0.0,0.0,0.0,0.0,0.0,0.0,0.0,0.0,0.0,0.0,0.0,164.45981734206174,1.0,164.1529096372665,1.0,1.0,164.45981734206174,5.970193177111353,0.23230323646347678,0.37238991714158276,7.034676925660191,0.2737228375743265,0.6178896452750713,1.4554238358943339,0.0,0.6071206285417979,0.25301303701890165,13.004870102771545,1.0,2026-06-02-14-58-59-357282,microagi,microagi,9,False,False,False,False,False,False,False
436.0,14.533333333333333,0.0,0.0,0.0,0.0,0.0,0.0,0.0,0.0,0.0,0.0,0.0,0.0,0.0,0.0,162.3826960151256,1.0,162.9004050197534,1.0,1.0,162.9004050197534,4.136901533033585,0.28530355400231616,0.19185957928475006,5.261943393477903,0.36289264782606234,0.20120580593631565,1.6592482967242965,0.0,0.7900011936240584,0.3240981009141893,9.398844926511488,1.0,2026-06-02-15-00-56-496280,microagi,microagi,9,False,False,False,False,False,False,False
769.0,25.633333333333333,0.0,0.0,0.0,0.0,0.0,0.0,0.0,0.0,0.0,0.0,0.0,0.0,0.0,0.0,163.83902648793224,1.0,163.16024330553898,1.0,1.0,163.83902648793224,7.757148751651238,0.3030136231113765,0.19255807562530905,7.341681425364852,0.28678443067831455,0.0917037271932352,1.7157368803622453,0.0,0.8403887486563104,0.2948990268948455,15.09883017701609,1.0,2026-06-02-15-01-11-771772,microagi,microagi,9,False,False,False,False,False,False,False
572.0,19.066666666666666,0.0,0.0,0.0,0.0,0.0,0.0,0.0,0.0,0.0,0.0,0.0,0.0,0.0,0.0,150.80052473218473,1.0,148.28073820947478,1.0,1.0,150.80052473218473,3.4084673183681677,0.17907884334683896,0.44706995021537943,4.789189617603846,0.25162117080230373,0.5534200405093975,1.0313654451747878,0.0,0.3616282924119583,0.2153500070745713,8.197656935972013,1.0,2026-06-02-16-31-46-821186,microagi,microagi,9,False,False,False,False,False,False,False
234.0,7.8,0.0,0.0,0.0,0.0,0.0,0.0,0.0,0.0,0.0,0.0,0.0,0.0,0.0,0.0,162.48248179286676,1.0,161.75399562215483,1.0,1.0,162.48248179286676,2.8272983684192456,0.3640298328436797,0.10765341824059665,3.2305899324874154,0.4159557852988089,0.18016388356154905,2.681854616017928,0.0,0.2957401128017797,0.3899928090712443,6.0578883009066615,1.0,2026-06-02-16-35-31-315281,microagi,microagi,9,False,False,False,False,False,False,False
363.0,12.1,0.0,0.0,0.0,0.0,0.0,0.0,0.0,0.0,0.0,0.0,0.0,0.0,0.0,0.0,160.0209741040524,1.0,157.3667291511568,1.0,1.0,160.0209741040524,6.210099354852169,0.5146491178054283,0.18550241227340175,7.486329385516162,0.620414037473715,0.11189964251728751,2.2449884055385496,0.0,0.592541346761555,0.5675315776395717,13.69642874036833,1.0,2026-06-02-17-06-44-242474,microagi,microagi,9,False,False,False,False,False,False,False
153.0,5.1,0.0,0.0,0.0,0.0,0.0,0.0,0.0,0.0,0.0,0.0,0.0,0.0,0.0,0.0,158.22529304003655,1.0,156.944782198533,1.0,1.0,158.22529304003655,3.220442017618727,0.6356135561089593,0.538390424715199,3.4427628883891987,0.6794926753399735,0.47980670204198655,1.6170573152109105,0.0,0.6733341502339285,0.6575531157244664,6.663204906007926,1.0,2026-06-02-17-10-04-556920,microagi,microagi,9,False,False,False,False,False,False,False
181.0,6.033333333333333,0.0,0.0,0.0,0.0,0.0,0.0,0.0,0.0,0.0,0.0,0.0,0.0,0.0,0.0,157.46603245331536,1.0,160.5145131180046,1.0,1.0,160.5145131180046,2.9256546240283265,0.48760910400472113,0.5126604140794916,3.058647708233761,0.5097746180389602,0.1891623806284548,4.471784773667283,0.0,0.34467691645151727,0.4986918610218407,5.984302332262088,1.0,2026-06-02-18-35-28-147145,microagi,microagi,9,False,False,False,False,False,False,False
233.0,7.766666666666667,0.0,0.0,0.0,0.0,0.0,0.0,0.0,0.0,0.0,0.0,0.0,0.0,0.0,0.0,143.11744718480196,1.0,138.36770192934813,1.0,1.0,143.11744718480196,4.253934233753192,0.550077702640499,1.17815884916874,4.811420805835854,0.622166483513257,0.5817214490528404,1.9966939978352707,0.0,1.1709660291581308,0.586122093076878,9.065355039589047,1.0,2026-06-02-19-38-58-912152,microagi,microagi,9,False,False,False,False,False,False,False
223.0,7.433333333333334,0.0,0.0,0.0,0.0,0.0,0.0,0.0,0.0,0.0,0.0,0.0,0.0,0.0,0.0,159.04049515529994,1.0,155.5880024399061,1.0,1.0,159.04049515529994,4.839341595152142,0.653965080425965,0.4853764032837472,5.373928730215475,0.7262065851642533,0.3961218805384169,1.621274198067646,0.0,0.9224059957495538,0.6900858327951093,10.213270325367617,1.0,2026-06-02-21-12-31-175113,microagi,microagi,9,False,False,False,False,False,False,False
173.0,5.766666666666667,0.0,0.0,0.0,0.0,0.0,0.0,0.0,0.0,0.0,0.0,0.0,0.0,0.0,0.0,158.5380697767459,1.0,159.86821537817008,1.0,1.0,159.86821537817008,3.180746816340763,0.5547814214547843,1.1471462794222977,3.08938773604305,0.5388466981470436,0.670756304302597,4.247796259557082,0.0,1.0405655658015016,0.5468140598009139,6.270134552383813,1.0,2026-06-02-21-15-04-603609,microagi,microagi,9,False,False,False,False,False,False,False
236.0,7.866666666666666,0.0,0.0,0.0,0.0,0.0,0.0,0.0,0.0,0.0,0.0,0.0,0.0,0.0,0.0,116.6596047797091,1.0,119.7922336114349,1.0,1.0,119.7922336114349,4.438685355978161,0.566640683741893,0.8063446459301397,4.211413417021109,0.5376272447260988,0.3480769102933212,1.711027096715233,0.0,0.47254388341667164,0.552133964233996,8.65009877299927,1.0,2026-06-03-01-51-02-899641,microagi,microagi,9,False,False,False,False,False,False,False
177.0,5.9,0.0,0.0,0.0,0.0,0.0,0.0,0.0,0.0,0.0,0.0,0.0,0.0,0.0,0.0,156.12560243608803,1.0,155.8507758455164,1.0,1.0,156.12560243608803,1.733351631762483,0.29545766450496874,0.8871743236478709,2.03007698222416,0.3460358492427546,1.0433792603746321,1.0454478661975684,0.0,0.4516675896501841,0.32074675687386167,3.763428613986643,1.0,2026-06-03-06-56-44-763455,microagi,microagi,9,False,False,False,False,False,False,False
421.0,14.033333333333333,0.0,0.0,0.0,0.0,0.0,0.0,0.0,0.0,0.0,0.0,0.0,0.0,0.0,0.0,162.6327691418631,1.0,160.6721630208297,1.0,1.0,162.6327691418631,3.1559332913216283,0.22542380652297347,0.510860079101791,3.067392318699283,0.21909945133566305,0.7132292730890873,0.8746072855081926,0.0,0.6341437777150998,0.22226162892931825,6.223325610020911,1.0,2026-06-03-07-03-25-752629,microagi,microagi,9,False,False,False,False,False,False,False
311.0,10.366666666666667,0.0,0.0,0.0,0.0,0.0,0.0,0.0,0.0,0.0,0.0,0.0,0.0,0.0,0.0,159.5034418262066,1.0,159.50296277981624,1.0,1.0,159.5034418262066,2.805390040256289,0.2714893587344796,0.4630128916912797,2.73108899586182,0.2642989350834019,0.5637712144293873,0.9680879820467638,0.0,0.47172365530396093,0.2678941469089407,5.536479036118109,1.0,2026-06-03-07-03-56-872629,microagi,microagi,9,False,False,False,False,False,False,False
546.0,18.2,0.0,0.0,0.0,0.0,0.0,0.0,0.0,0.0,0.0,0.0,0.0,0.0,0.0,0.0,168.70479282027333,1.0,166.55980607179458,1.0,1.0,168.70479282027333,5.091648713866565,0.28027424113026966,0.10523885550016952,5.861121532785213,0.3226305430890943,0.1284745501913291,1.39494017442163,0.0,0.6964395845582529,0.30145239210968194,10.952770246651777,1.0,2026-06-03-07-07-11-824284,microagi,microagi,9,False,False,False,False,False,False,False
1772.0,59.06666666666667,0.0,0.0,0.0,0.0,0.0,0.0,0.0,0.0,0.0,0.0,0.0,0.0,0.0,0.0,163.5579123659944,1.0,162.65498898618387,1.0,1.0,163.5579123659944,13.086633669638552,0.2216821062050574,0.11497220831184428,14.42711685605217,0.2443893312713524,0.09699433151289853,1.4041091029906765,0.0,0.5857681043219597,0.2330357187382049,27.51375052569072,1.0,2026-06-03-07-54-18-860173,microagi,microagi,9,False,False,False,False,True,False,True
630.0,21.0,0.0,0.0,0.0,0.0,0.0,0.0,0.0,0.0,0.0,0.0,0.0,0.0,0.0,0.0,161.94859891900822,1.0,160.8438744869203,1.0,1.0,161.94859891900822,4.494887706498716,0.2143825615182218,0.532559115449335,4.949628999827435,0.23607133544486975,0.619341811187024,1.111345693683807,0.0,0.5120650191240183,0.2252269484815457,9.444516706326151,1.0,2026-06-03-08-01-30-097474,microagi,microagi,9,False,False,False,False,False,False,False
1388.0,46.266666666666666,0.0,0.0,0.0,0.0,0.0,0.0,0.0,0.0,0.0,0.0,0.0,0.0,0.0,0.0,164.07932418518612,1.0,161.8842522933606,1.0,1.0,164.07932418518612,9.53806373590717,0.20630274843346436,0.19251768737105995,11.509007714427971,0.24893311566895399,0.1731413709186545,1.0871750694109406,0.0,0.4537718828224701,0.2276179320512092,21.04707145033514,1.0,2026-06-03-08-22-04-089663,microagi,microagi,9,False,False,False,False,True,False,True
220.0,7.333333333333333,0.0,0.0,0.0,0.0,0.0,0.0,0.0,0.0,0.0,0.0,0.0,0.0,0.0,0.0,161.6606789124951,1.0,161.622084015354,1.0,1.0,161.6606789124951,1.7433677707257385,0.23881750283914224,0.3725221478276907,1.3932062498691868,0.1908501712149571,0.4057894032608977,0.7807129350461771,0.0,0.27534733038092113,0.21483383702704967,3.1365740205949253,1.0,2026-06-03-08-27-03-539197,microagi,microagi,9,False,False,False,False,False,False,False
722.0,24.066666666666666,0.0,0.0,0.0,0.0,0.0,0.0,0.0,0.0,0.0,0.0,0.0,0.0,0.0,0.0,177.09016540275695,1.0,165.48450709838102,1.0,1.0,177.09016540275695,4.381962050403811,0.18232851804731526,0.11519216330315768,4.107047217869004,0.17088962071576996,0.11210325958674829,0.7389720593371624,0.0,0.1502794403188651,0.1766090693815426,8.489009268272815,1.0,2026-06-03-08-29-25-358868,microagi,microagi,9,False,False,False,False,False,False,False
1086.0,36.2,0.0,0.0,0.0,0.0,0.0,0.0,0.0,0.0,0.0,0.0,0.0,0.0,0.0,0.0,172.21329360833468,1.0,166.15134325287215,1.0,1.0,172.21329360833468,9.534221860192499,0.2636190376090092,0.6073133159879576,10.62842264743048,0.29387343725614223,0.8340281518085568,1.4361149884337696,0.0,0.6807114853543607,0.27874623743257576,20.16264450762298,1.0,2026-06-03-08-32-20-564893,microagi,microagi,9,False,False,False,False,True,False,True
167.0,5.566666666666666,0.0,0.0,0.0,0.0,0.0,0.0,0.0,0.0,0.0,0.0,0.0,0.0,0.0,0.0,157.73892667374602,1.0,161.11158279746184,1.0,1.0,161.11158279746184,2.2897835907174136,0.4138163115754362,0.2628134437294995,2.850460397758706,0.5151434453780792,0.149060397157305,1.9749395671388519,0.0,0.22432184649062986,0.4644798784767577,5.1402439884761195,1.0,2026-06-03-11-31-22-343863,microagi,microagi,9,False,False,False,False,False,False,False
268.0,8.933333333333334,0.0,0.0,0.0,0.0,0.0,0.0,0.0,0.0,0.0,0.0,0.0,0.0,0.0,0.0,157.0058838797635,1.0,157.48319667637926,1.0,1.0,157.48319667637926,4.668096885142389,0.5245052679935268,0.539065496947621,5.761225365115743,0.647328692709634,0.33029613200031555,3.2259194866042504,0.0,0.4852191348695362,0.5859169803515804,10.429322250258132,1.0,2026-06-03-13-26-10-464958,microagi,microagi,9,False,False,False,False,False,False,False
164.0,5.466666666666667,0.0,0.0,0.0,0.0,0.0,0.0,0.0,0.0,0.0,0.0,0.0,0.0,0.0,0.0,157.32078949955866,1.0,159.25281722450592,1.0,1.0,159.25281722450592,4.136229338886141,0.761269203475977,0.7246890095317541,3.3425276079538744,0.615189130298259,0.5691036434217365,2.879553900636176,0.0,0.5043017940499636,0.688229166887118,7.478756946840015,1.0,2026-06-03-13-26-23-636625,microagi,microagi,9,False,False,False,False,False,False,False
256.0,8.533333333333333,0.0,0.0,0.0,0.0,0.0,0.0,0.0,0.0,0.0,0.0,0.0,0.0,0.0,0.0,161.2264444205563,1.0,162.2515480299983,1.0,1.0,162.2515480299983,5.423255090038534,0.6380300105927686,0.2649851735876522,4.821330180770412,0.5672153153847542,0.3844023426281106,2.2071275356157782,0.0,0.5849874875472282,0.6026226629887615,10.244585270808946,1.0,2026-06-03-13-29-25-241291,microagi,microagi,9,False,False,False,False,False,False,False
301.0,10.033333333333333,0.0,0.0,0.0,0.0,0.0,0.0,0.0,0.0,0.0,0.0,0.0,0.0,0.0,0.0,151.48925466423503,1.0,153.42080918026494,1.0,1.0,153.42080918026494,4.925307862605145,0.49253078626051444,0.3025181931809316,5.866770527558259,0.5866770527558258,0.7006512302023066,1.9753053262596134,0.0,0.1927202343877798,0.5396039195081701,10.792078390163404,1.0,2026-06-03-14-51-49-865175,microagi,microagi,9,False,False,False,False,False,False,False
272.0,9.066666666666666,0.0,0.0,0.0,0.0,0.0,0.0,0.0,0.0,0.0,0.0,0.0,0.0,0.0,0.0,155.50391406157794,1.0,155.97084371170143,1.0,1.0,155.97084371170143,3.779965262765231,0.4184463390515016,0.1462177767288233,3.1288585844862737,0.34636810898372034,0.1198638581028402,1.977996170193037,0.0,0.08976392319389379,0.3824072240176109,6.9088238472515044,1.0,2026-06-03-14-59-14-526023,microagi,microagi,9,False,False,False,False,False,False,False
394.0,13.133333333333333,0.0,0.0,0.0,0.0,0.0,0.0,0.0,0.0,0.0,0.0,0.0,0.0,0.0,0.0,152.96404509017984,1.0,158.70568848656353,1.0,1.0,158.70568848656353,4.023271227475458,0.30711994102866097,0.10462004314677645,4.954155087869181,0.3781797776999375,0.34038266317562993,1.5338361019958167,0.0,0.27980435444183205,0.34264985936429926,8.97742631534464,1.0,2026-06-03-14-59-42-642690,microagi,microagi,9,False,False,False,False,False,False,False
307.0,10.233333333333333,0.0,0.0,0.0,0.0,0.0,0.0,0.0,0.0,0.0,0.0,0.0,0.0,0.0,0.0,158.7455157205714,1.0,160.58376444464923,1.0,1.0,160.58376444464923,4.794415621670661,0.47004074722261385,0.22683645026814994,5.346866022799903,0.5242025512548925,0.7292429848747841,1.8484310578365057,0.0,0.2765892789067761,0.4971216492387531,10.141281644470563,1.0,2026-06-03-14-59-56-117690,microagi,microagi,9,False,False,False,False,False,False,False
302.0,10.066666666666666,0.0,0.0,0.0,0.0,0.0,0.0,0.0,0.0,0.0,0.0,0.0,0.0,0.0,0.0,161.35482764249312,1.0,166.40782977413744,1.0,1.0,166.40782977413744,5.145146594368307,0.5128053084088015,0.37739303185660533,3.8927435534446073,0.3879810850609244,0.39956654142609577,4.562622479129542,0.0,0.3354741967826981,0.45039319673486283,9.037890147812915,1.0,2026-06-03-18-02-47-483595,microagi,microagi,9,False,False,False,False,False,False,False
338.0,11.266666666666667,0.0,0.0,0.0,0.0,0.0,0.0,0.0,0.0,0.0,0.0,0.0,0.0,0.0,0.0,145.91947040344058,1.0,146.14656716950714,1.0,1.0,146.14656716950714,5.206243996277019,0.4634638572353429,0.2694538505875542,4.932100134440694,0.4390593591490233,0.5610499720646185,1.3180678763925897,0.0,0.42486922831093377,0.45126160819218303,10.138344130717712,1.0,2026-06-03-19-20-29-967434,microagi,microagi,9,False,False,False,False,False,False,False
679.0,22.633333333333333,0.0,0.0,0.0,0.0,0.0,0.0,0.0,0.0,0.0,0.0,0.0,0.0,0.0,0.0,145.55562568338226,1.0,147.56026772319476,1.0,1.0,147.56026772319476,9.402836265430786,0.4160547020102118,0.5064913976967822,9.968611879099452,0.44108902119909077,0.2746478595081191,1.8368374067837776,0.0,0.4757237414793753,0.42857186160465127,19.371448144530238,1.0,2026-06-03-19-21-27-900768,microagi,microagi,9,False,False,False,False,False,False,False
2421.0,80.7,0.0,0.0,0.0,0.0,0.0,0.0,0.0,0.0,0.0,0.0,0.0,0.0,0.0,0.0,154.38822921949662,1.0,152.86731303087367,1.0,1.0,154.38822921949662,33.832842991639716,0.4194154089872692,0.19002553984690546,35.476138955642085,0.43978684655754646,0.5378875742255267,3.6083960047148445,0.0,0.7624202611726795,0.4296011277724078,69.30898194728181,1.0,2026-06-03-19-39-47-591075,microagi,microagi,9,False,False,False,False,True,False,True
2444.0,81.46666666666667,0.0,0.0,0.0,0.0,0.0,0.0,0.0,0.0,0.0,0.0,0.0,0.0,0.0,0.0,154.21549960788448,1.0,154.28142842894204,1.0,1.0,154.28142842894204,35.28930153455311,0.4333520450415855,0.5306410872546681,38.28419315629834,0.4701292651203236,0.36089327967476903,4.069980864779498,0.0,0.7283523461466654,0.4517406550809545,73.57349469085145,1.0,2026-06-03-19-42-47-530578,microagi,microagi,9,False,False,False,False,True,False,True
3772.0,125.73333333333333,0.0,0.0,0.0,0.0,0.0,0.0,0.0,0.0,0.0,0.0,0.0,0.0,0.0,0.0,144.79880832864512,1.0,145.7168960041974,1.0,1.0,145.7168960041974,47.98209746985768,0.3817191525048344,0.4981517179864064,54.546790369287365,0.4339442352369719,0.14114008238669776,2.875016922577926,0.0,0.6287670728795648,0.4078316938709031,102.52888783914504,1.0,2026-06-03-20-02-44-475398,microagi,microagi,9,False,False,False,False,True,False,True
302.0,10.066666666666666,0.0,0.0,0.0,0.0,0.0,0.0,0.0,0.0,0.0,0.0,0.0,0.0,0.0,0.0,143.42118120381048,1.0,143.67566378343935,1.0,1.0,143.67566378343935,4.075675461766708,0.4062135011727616,0.49855734052813394,4.867465503964661,0.48512945222239146,0.5304524980144255,1.561278999831007,0.0,0.6031989014948826,0.44567147669757645,8.94314096573137,1.0,2026-06-03-20-05-17-233399,microagi,microagi,9,False,False,False,False,False,False,False
448.0,14.933333333333334,0.0,0.0,0.0,0.0,0.0,0.0,0.0,0.0,0.0,0.0,0.0,0.0,0.0,0.0,157.53858451323816,1.0,159.15018878548415,1.0,1.0,159.15018878548415,5.256147625113913,0.35276158557811504,0.18117136529655403,6.70747296821958,0.4501659710214483,0.49188887292372097,1.5103966438345804,0.0,0.20157544613220818,0.40146377829978164,11.963620593333493,1.0,2026-06-04-01-49-48-050079,microagi,microagi,9,False,False,False,False,False,False,False
196.0,6.533333333333333,0.0,0.0,0.0,0.0,0.0,0.0,0.0,0.0,0.0,0.0,0.0,0.0,0.0,0.0,145.70841236786023,1.0,140.197072776198,1.0,1.0,145.70841236786023,1.8877074571251162,0.2904165318654025,0.2884082771943249,2.4840402226058997,0.3821600342470616,0.21526601689778282,1.3036328203265335,0.0,0.5312956748712857,0.336288283056232,4.3717476797310155,1.0,2026-06-04-01-50-33-745079,microagi,microagi,9,False,False,False,False,False,False,False
214.0,7.133333333333334,0.0,0.0,0.0,0.0,0.0,0.0,0.0,0.0,0.0,0.0,0.0,0.0,0.0,0.0,164.5035249509641,1.0,165.34998713031968,1.0,1.0,165.34998713031968,1.5068609500422256,0.2122339366256656,0.2900777478066865,1.7275712408587602,0.2433198930786986,0.27993757823854776,1.7794789605101753,0.0,0.222219157347658,0.2277769148521821,3.2344321909009857,1.0,2026-06-04-01-54-43-460458,microagi,microagi,9,False,False,False,False,False,False,False
524.0,17.466666666666665,0.0,0.0,0.0,0.0,0.0,0.0,0.0,0.0,0.0,0.0,0.0,0.0,0.0,0.0,158.99843853395873,1.0,153.37174704734866,1.0,1.0,158.99843853395873,7.434034957251001,0.42642647938342254,0.29837097335297824,9.670640944716835,0.5547212778996272,0.35677352874306645,3.1782609954199006,0.0,0.6446325261615338,0.4905738786415249,17.104675901967838,1.0,2026-06-04-01-59-35-169886,microagi,microagi,9,False,False,False,False,False,False,False
643.0,21.433333333333334,0.0,0.0,0.0,0.0,0.0,0.0,0.0,0.0,0.0,0.0,0.0,0.0,0.0,0.0,166.7032872605866,1.0,170.71489748954644,1.0,1.0,170.71489748954644,10.004205965455357,0.46748626006800725,0.7569056747709507,10.100405867526156,0.47198158259468004,0.7984089651282712,2.474286962675098,0.0,1.1559509882468548,0.46973392133134373,20.10461183298151,1.0,2026-06-04-02-18-33-116086,microagi,microagi,9,False,False,False,False,False,False,False
154.0,5.133333333333334,0.0,0.0,0.0,0.0,0.0,0.0,0.0,0.0,0.0,0.0,0.0,0.0,0.0,0.0,164.15386218787336,1.0,161.30641014645335,1.0,1.0,164.15386218787336,2.458257368725386,0.48201124876968354,0.18537111095783773,2.0649536618707307,0.40489287487661385,0.12547608367700097,2.265214425001591,0.0,0.46769656806308635,0.4434520618231486,4.523211030596117,1.0,2026-06-04-09-41-31-144976,microagi,microagi,9,False,False,False,False,False,False,False
1431.0,47.7,0.0,0.0,0.0,0.0,0.0,0.0,0.0,0.0,0.0,0.0,0.0,0.0,0.0,0.0,163.72042716067406,1.0,160.145465893439,1.0,1.0,163.72042716067406,16.585057436568974,0.34793826790004845,0.36926743259410916,15.016889088367911,0.3150396312245017,0.14503757474587048,1.6972286073822662,0.0,1.0021629942268666,0.3314889495622751,31.601946524936885,1.0,2026-06-04-09-44-25-454687,microagi,microagi,9,False,False,False,False,True,False,True
1691.0,56.36666666666667,0.0,0.0,0.0,0.0,0.0,0.0,0.0,0.0,0.0,0.0,0.0,0.0,0.0,0.0,164.39828629495378,1.0,158.4272835709864,1.0,1.0,164.39828629495378,21.412314084375232,0.38010025001849523,0.18974359228050286,20.743386661502992,0.36822579872490513,0.17464320995250296,1.6054428626216297,0.0,1.0226565555627294,0.3741630243717002,42.15570074587822,1.0,2026-06-04-09-54-35-653184,microagi,microagi,9,False,False,False,False,True,False,True
6535.0,217.83333333333334,0.0,0.0,0.0,0.0,0.0,0.0,0.0,0.0,0.0,0.0,0.0,0.0,0.0,0.0,154.78366371717502,1.0,156.54089820606922,1.0,1.0,156.54089820606922,47.19924077456915,0.21670909446542308,0.36868177627684734,56.18344327772836,0.25795887638993736,0.21948335293334853,1.6693935830204774,0.0,0.4510220617097491,0.2373339854276802,103.3826840522975,1.0,2026-06-04-10-35-47-484128,microagi,microagi,9,False,False,False,False,True,False,True
10003.0,333.43333333333334,0.0,0.0,0.0,0.0,0.0,0.0,0.0,0.0,0.0,0.0,0.0,0.0,0.0,0.0,153.97565526175273,1.0,156.31164436342183,1.0,1.0,156.31164436342183,73.95357475555902,0.22181636099447816,0.27908025346350984,82.34379111631026,0.2469819769535401,0.19984541755103294,1.7709916863774808,0.0,0.8345947522797916,0.2343991689740091,156.29736587186926,1.0,2026-06-04-10-39-25-273332,microagi,microagi,9,False,False,False,False,True,False,True
752.0,25.066666666666666,0.0,0.0,0.0,0.0,0.0,0.0,0.0,0.0,0.0,0.0,0.0,0.0,0.0,0.0,160.79277864646423,1.0,160.43158203883792,1.0,1.0,160.79277864646423,6.245144533814892,0.24947315048528196,0.2244002496473869,7.84482461435656,0.313375151039543,0.3940817810261862,1.0904615139939302,0.0,0.45259184880009723,0.28142415076241245,14.089969148171452,1.0,2026-06-04-10-49-42-287417,microagi,microagi,9,False,False,False,False,False,False,False
1115.0,37.166666666666664,0.0,0.0,0.0,0.0,0.0,0.0,0.0,0.0,0.0,0.0,0.0,0.0,0.0,0.0,173.6769432481359,1.0,170.20747143561724,1.0,1.0,173.6769432481359,9.369453983319538,0.25231922755797676,0.4614522225305584,11.141555936364576,0.3000419013383638,0.6315903588348827,1.245726504346431,0.0,0.5057649700858602,0.27618056444817024,20.511009919684113,1.0,2026-06-04-10-50-22-678641,microagi,microagi,9,False,False,False,False,True,False,True
2216.0,73.86666666666666,0.0,0.0,0.0,0.0,0.0,0.0,0.0,0.0,0.0,0.0,0.0,0.0,0.0,0.0,163.06252708635162,1.0,160.79175085003973,1.0,1.0,163.06252708635162,25.682631303275734,0.3478460221662628,0.16753358124801654,23.340596227473867,0.3161254568055151,0.350100879247012,1.6709628632537363,0.0,0.8608333716417907,0.33198573948588894,49.0232275307496,1.0,2026-06-04-10-51-40-106704,microagi,microagi,9,False,False,False,False,True,False,True
166.0,5.533333333333333,0.0,0.0,0.0,0.0,0.0,0.0,0.0,0.0,0.0,0.0,0.0,0.0,0.0,0.0,172.54328187265486,1.0,172.5888182725429,1.0,1.0,172.5888182725429,2.038985141999809,0.37072457127269254,0.10022704588111099,2.25277556986954,0.4095955581580983,0.21052142269943527,1.178280177467993,0.0,0.15042913832467483,0.39016006471539544,4.291760711869349,1.0,2026-06-04-10-55-37-750421,microagi,microagi,9,False,False,False,False,False,False,False
245.0,8.166666666666666,0.0,0.0,0.0,0.0,0.0,0.0,0.0,0.0,0.0,0.0,0.0,0.0,0.0,0.0,162.78344682130626,1.0,162.7832926864631,1.0,1.0,162.78344682130626,2.0576949550934507,0.25299528136394883,0.45627724756081733,2.019456672487247,0.24829385317466166,0.45079287105801774,1.0020654263443192,0.0,0.6365806410510284,0.2506445672693052,4.077151627580697,1.0,2026-06-04-11-01-17-680679,microagi,microagi,9,False,False,False,False,False,False,False
174.0,5.8,0.0,0.0,0.0,0.0,0.0,0.0,0.0,0.0,0.0,0.0,0.0,0.0,0.0,0.0,155.12929595410708,1.0,151.50852398474052,1.0,1.0,155.12929595410708,1.2754589310132465,0.22117784930865544,0.3592740314580668,1.9196972917708055,0.332895484122105,0.4021118708828615,1.357999699696592,0.0,0.4098086558915243,0.27703666671538024,3.195156222784052,1.0,2026-06-04-11-03-29-326852,microagi,microagi,9,False,False,False,False,False,False,False
338.0,11.266666666666667,0.0,0.0,0.0,0.0,0.0,0.0,0.0,0.0,0.0,0.0,0.0,0.0,0.0,0.0,144.74409350933485,1.0,136.94621473864197,1.0,1.0,144.74409350933485,7.615229077737556,0.6779135677511178,0.08457583824844425,8.003847259885852,0.7125086581500759,0.44756736938499225,2.3034931005029256,0.0,1.307759925454514,0.6952111129505969,15.619076337623408,1.0,2026-06-04-11-09-44-124605,microagi,microagi,9,False,False,False,False,False,False,False
352.0,11.733333333333333,0.0,0.0,0.0,0.0,0.0,0.0,0.0,0.0,0.0,0.0,0.0,0.0,0.0,0.0,152.30429582801762,1.0,145.97193151523496,1.0,1.0,152.30429582801762,5.595579556892993,0.47825466298230723,0.7093449217116207,7.594832434200633,0.6491309772821053,0.25771358913232506,1.6651191249875628,0.0,0.45047365905592396,0.5636928201322062,13.190411991093626,1.0,2026-06-04-12-00-26-568631,microagi,microagi,9,False,False,False,False,False,False,False
917.0,30.566666666666666,0.0,0.0,0.0,0.0,0.0,0.0,0.0,0.0,0.0,0.0,0.0,0.0,0.0,0.0,161.99905142165372,1.0,158.53547326658637,1.0,1.0,161.99905142165372,8.5042471447526,0.2785233781032511,0.6015862274714493,9.908429004433664,0.3245118669574344,1.031624570075544,1.0882554165021847,0.0,1.012619671699172,0.30151762253034275,18.412676149186264,1.0,2026-06-04-12-00-46-357164,microagi,microagi,9,False,False,False,False,False,False,False
178.0,5.933333333333334,0.0,0.0,0.0,0.0,0.0,0.0,0.0,0.0,0.0,0.0,0.0,0.0,0.0,0.0,160.58552620508863,1.0,148.25459561490726,1.0,1.0,160.58552620508863,2.273864445818788,0.38540075352860825,0.3508547311304962,2.280654138843404,0.38655154895650917,0.29576383478859264,1.4269165921938105,0.0,0.4143488973596939,0.3859761512425587,4.554518584662192,1.0,2026-06-04-12-01-31-934490,microagi,microagi,9,False,False,False,False,False,False,False
278.0,9.266666666666667,0.0,0.0,0.0,0.0,0.0,0.0,0.0,0.0,0.0,0.0,0.0,0.0,0.0,0.0,149.52768832272073,1.0,146.17723929486135,1.0,1.0,149.52768832272073,4.196284861101989,0.4544712845958832,0.6060672951935883,5.642263177388396,0.6110754343741945,0.21871775980582536,1.8598738204262157,0.0,0.719020843088472,0.5327733594850389,9.838548038490385,1.0,2026-06-04-12-03-37-765262,microagi,microagi,9,False,False,False,False,False,False,False
1104.0,36.8,0.0,0.0,0.0,0.0,0.0,0.0,0.0,0.0,0.0,0.0,0.0,0.0,0.0,0.0,162.5255625719161,1.0,156.92353478183145,1.0,1.0,162.5255625719161,10.95580957742733,0.2979821281258566,0.3883246893912687,11.239834218597121,0.30570718636256905,0.20167179248977293,1.479538473544582,0.0,0.952123374251762,0.3018446572442128,22.19564379602445,1.0,2026-06-04-12-03-43-994077,microagi,microagi,9,False,False,False,False,True,False,True
509.0,16.966666666666665,0.0,0.0,0.0,0.0,0.0,0.0,0.0,0.0,0.0,0.0,0.0,0.0,0.0,0.0,172.8224001209184,1.0,170.78466677986765,1.0,1.0,172.8224001209184,5.24778368602372,0.3099084853951015,0.6458383263378462,6.252738268350022,0.3692561969498044,0.6772081586200005,1.0538599583697574,0.0,0.9994644809196755,0.339582341172453,11.500521954373742,1.0,2026-06-04-12-04-36-975194,microagi,microagi,9,False,False,False,False,False,False,False
253.0,8.433333333333334,0.0,0.0,0.0,0.0,0.0,0.0,0.0,0.0,0.0,0.0,0.0,0.0,0.0,0.0,173.68609992762947,1.0,163.27341754321682,1.0,1.0,173.68609992762947,2.753913500848589,0.32784684533911773,0.15562182811815167,3.0243915346214956,0.3600466112644638,0.05146438751812737,1.1474773719379174,0.0,0.4654927363909598,0.3439467283017908,5.778305035470085,1.0,2026-06-04-12-05-14-061990,microagi,microagi,9,False,False,False,False,False,False,False
1714.0,57.13333333333333,0.0,0.0,0.0,0.0,0.0,0.0,0.0,0.0,0.0,0.0,0.0,0.0,0.0,0.0,168.8364795122545,1.0,167.00168652795196,1.0,1.0,168.8364795122545,27.63251489249444,0.483931959588344,0.19387276862109368,31.710804444307414,0.5553555944712332,0.40800810559474754,3.2394903967485082,0.0,0.5719960055315524,0.5196437770297886,59.343319336801855,1.0,2026-06-04-12-08-06-303451,microagi,microagi,9,False,False,False,False,True,False,True
244.0,8.133333333333333,0.0,0.0,0.0,0.0,0.0,0.0,0.0,0.0,0.0,0.0,0.0,0.0,0.0,0.0,173.77863544750994,1.0,163.5667168279091,1.0,1.0,173.77863544750994,4.070906924917694,0.5025811018416906,0.20243832141327542,3.442975947709818,0.4250587589765207,0.35404794777175613,1.7084582826685284,0.0,0.35671219054618525,0.46381993040910563,7.513882872627512,1.0,2026-06-04-12-09-19-675974,microagi,microagi,9,False,False,False,False,False,False,False
355.0,11.833333333333334,0.0,0.0,0.0,0.0,0.0,0.0,0.0,0.0,0.0,0.0,0.0,0.0,0.0,0.0,160.14530677662393,1.0,156.85876816318958,1.0,1.0,160.14530677662393,5.265557412546715,0.44623367902938266,0.5800653270635426,8.34011844224068,0.7067896984949728,0.4684352307372372,1.8985909310829636,0.0,0.5042607536838477,0.5765116887621777,13.605675854787396,1.0,2026-06-04-12-12-16-730431,microagi,microagi,9,False,False,False,False,False,False,False
342.0,11.4,0.0,0.0,0.0,0.0,0.0,0.0,0.0,0.0,0.0,0.0,0.0,0.0,0.0,0.0,141.53431705170982,1.0,147.15625869933837,1.0,1.0,147.15625869933837,5.38616903996502,0.4738565137799138,0.5294486115388911,6.528469606532873,0.5743521647976135,0.46313156561896096,1.9540414942919386,0.0,0.6660115096869863,0.5241043392887637,11.914638646497894,1.0,2026-06-04-13-32-47-953087,microagi,microagi,9,False,False,False,False,False,False,False
982.0,32.733333333333334,0.0,0.0,0.0,0.0,0.0,0.0,0.0,0.0,0.0,0.0,0.0,0.0,0.0,0.0,141.14595606669764,1.0,147.4408288993032,1.0,1.0,147.4408288993032,15.758095711970668,0.4818989514364119,0.5040637514737422,18.01079965739212,0.550788980348383,0.2299064059857669,2.230447316735628,0.0,0.9092432471073141,0.5163439658923974,33.76889536936279,1.0,2026-06-04-13-37-01-457912,microagi,microagi,9,False,False,False,False,True,False,True
1291.0,43.03333333333333,0.0,0.0,0.0,0.0,0.0,0.0,0.0,0.0,0.0,0.0,0.0,0.0,0.0,0.0,152.2530843014197,1.0,154.06571806688854,1.0,1.0,154.06571806688854,14.165128423985081,0.329421591255467,0.1693303503586614,15.637961513195155,0.363673523562678,0.10968138053958965,2.290966516784553,0.0,0.9716100513800643,0.3465475574090725,29.803089937180236,1.0,2026-06-04-13-50-49-800450,microagi,microagi,9,False,False,False,False,True,False,True
245.0,8.166666666666666,0.0,0.0,0.0,0.0,0.0,0.0,0.0,0.0,0.0,0.0,0.0,0.0,0.0,0.0,141.24844718604047,1.0,142.06831578207553,1.0,1.0,142.06831578207553,4.064496145587901,0.4997331326542502,0.26425918355802047,5.600009475531513,0.6885257551883008,0.19074672123008465,4.177708790550373,0.0,0.4049212827719486,0.5941294439212755,9.664505621119414,1.0,2026-06-04-14-23-31-942035,microagi,microagi,9,False,False,False,False,False,False,False
428.0,14.266666666666667,0.0,0.0,0.0,0.0,0.0,0.0,0.0,0.0,0.0,0.0,0.0,0.0,0.0,0.0,136.73387354012937,1.0,134.94159697456035,1.0,1.0,136.73387354012937,7.6078688249533455,0.5345106902777526,0.4342826816252177,7.633882952450748,0.5363383807342447,0.18139225783002283,2.555376769143932,0.0,0.5480067185490626,0.5354245355059987,15.241751777404094,1.0,2026-06-04-14-24-41-473319,microagi,microagi,9,False,False,False,False,False,False,False
392.0,13.066666666666666,0.0,0.0,0.0,0.0,0.0,0.0,0.0,0.0,0.0,0.0,0.0,0.0,0.0,0.0,138.2063655750693,1.0,135.57272511039542,1.0,1.0,138.2063655750693,5.645998024085737,0.4331967793416166,0.050446695225857825,7.330677969573147,0.5624561101974281,0.21516460134609697,1.2761248097394429,0.0,0.3249574961162074,0.49782644476952237,12.976675993658883,1.0,2026-06-04-14-25-10-986653,microagi,microagi,9,False,False,False,False,False,False,False
160.0,5.333333333333333,0.0,0.0,0.0,0.0,0.0,0.0,0.0,0.0,0.0,0.0,0.0,0.0,0.0,0.0,142.17821072546712,1.0,140.30526105608772,1.0,1.0,142.17821072546712,2.6727627465405144,0.5042948578378329,0.13522238262904482,2.8830551967562172,0.5439726786332485,0.33287438478926096,1.7137819076292926,0.0,0.7702264077560285,0.5241337682355407,5.555817943296732,1.0,2026-06-04-15-55-09-050681,microagi,microagi,9,False,False,False,False,False,False,False
402.0,13.4,0.0,0.0,0.0,0.0,0.0,0.0,0.0,0.0,0.0,0.0,0.0,0.0,0.0,0.0,154.32258004256602,1.0,155.95832379175715,1.0,1.0,155.95832379175715,4.583594498945702,0.34291230665429195,0.1255505024213134,4.720155816633508,0.3531288640872948,0.25090338554056485,1.275987418136633,0.0,0.25453366563816304,0.3480205853707934,9.30375031557921,1.0,2026-06-04-19-18-35-068384,microagi,microagi,9,False,False,False,False,False,False,False
231.0,7.7,0.0,0.0,0.0,0.0,0.0,0.0,0.0,0.0,0.0,0.0,0.0,0.0,0.0,0.0,152.78676177614236,1.0,152.19791698765192,1.0,1.0,152.78676177614236,1.6577794375879775,0.21623210055495362,0.117268144892681,2.916668880321655,0.3804350713463029,0.11221066236620071,2.306206726749423,0.0,0.11105987789885623,0.2983335859506282,4.574448317909633,1.0,2026-06-04-19-18-56-948384,microagi,microagi,9,False,False,False,False,False,False,False
312.0,10.4,0.0,0.0,0.0,0.0,0.0,0.0,0.0,0.0,0.0,0.0,0.0,0.0,0.0,0.0,150.5181680797366,1.0,151.07127007399907,1.0,1.0,151.07127007399907,3.552825918340029,0.342716326527977,0.4531655842327943,3.343661167302031,0.32253966244071036,0.16445517213311006,1.62373716775907,0.0,0.3177933204302352,0.33262799448434366,6.896487085642059,1.0,2026-06-04-19-19-05-520051,microagi,microagi,9,False,False,False,False,False,False,False
211.0,7.033333333333333,0.0,0.0,0.0,0.0,0.0,0.0,0.0,0.0,0.0,0.0,0.0,0.0,0.0,0.0,152.24522001958317,1.0,158.7986390843404,1.0,1.0,158.7986390843404,3.1598308182144805,0.4514044026020687,0.1114538911854684,3.592524061974453,0.5132177231392075,0.11342576667559201,2.647331594088157,0.0,0.2866961688678334,0.48231106287063813,6.752354880188934,1.0,2026-06-04-19-21-19-463186,microagi,microagi,9,False,False,False,False,False,False,False
296.0,9.866666666666667,0.0,0.0,0.0,0.0,0.0,0.0,0.0,0.0,0.0,0.0,0.0,0.0,0.0,0.0,154.5814481422958,1.0,156.94952504094374,1.0,1.0,156.94952504094374,3.62949271735393,0.3691009543071793,0.6624338197596064,4.804295009801609,0.48857237387812974,0.4598056904309314,1.7338880463225512,0.0,0.3548289076351894,0.4288366640926545,8.43378772715554,1.0,2026-06-04-19-22-35-307307,microagi,microagi,9,False,False,False,False,False,False,False
214.0,7.133333333333334,0.0,0.0,0.0,0.0,0.0,0.0,0.0,0.0,0.0,0.0,0.0,0.0,0.0,0.0,164.00343037764748,1.0,163.42288942065068,1.0,1.0,164.00343037764748,1.6438266424264147,0.231524879214988,0.1370423242028053,1.5278933904756573,0.21519625217967,0.4938539196865037,1.0609902997206717,0.0,0.27864867808642196,0.223360565697329,3.171720032902072,1.0,2026-06-04-19-32-44-855883,microagi,microagi,9,False,False,False,False,False,False,False
1031.0,34.36666666666667,0.0,0.0,0.0,0.0,0.0,0.0,0.0,0.0,0.0,0.0,0.0,0.0,0.0,0.0,158.7167351304993,1.0,156.78472489284104,1.0,1.0,158.7167351304993,13.081093379131119,0.38100271978051803,0.1417700755514368,12.797097470158324,0.37273099427645606,0.1872024121361261,2.3375164301471076,0.0,1.1385524631419006,0.376866857028487,25.878190849289442,1.0,2026-06-04-20-36-55-319909,microagi,microagi,9,False,False,False,False,True,False,True
308.0,10.266666666666667,0.0,0.0,0.0,0.0,0.0,0.0,0.0,0.0,0.0,0.0,0.0,0.0,0.0,0.0,149.16315309405343,1.0,147.88504872985726,1.0,1.0,149.16315309405343,3.6069878293971875,0.3524743807228522,0.3680210931489443,4.911146723452177,0.4799166179269228,0.21246463181694042,1.3961196192917278,0.0,0.28800469705719095,0.41619549932488753,8.518134552849364,1.0,2026-06-05-08-27-00-826860,microagi,microagi,9,False,False,False,False,False,False,False
391.0,13.033333333333333,0.0,0.0,0.0,0.0,0.0,0.0,0.0,0.0,0.0,0.0,0.0,0.0,0.0,0.0,162.55988293362967,1.0,163.62009169614095,1.0,1.0,163.62009169614095,5.391105936533531,0.41470045665642563,0.3519046989582778,4.242544484997688,0.3263495757690529,0.18217524760655754,1.6839971590828224,0.0,0.1278380960036071,0.3705250162127392,9.633650421531218,1.0,2026-06-05-08-27-49-463932,microagi,microagi,9,False,False,False,False,False,False,False
151.0,5.033333333333333,0.0,0.0,0.0,0.0,0.0,0.0,0.0,0.0,0.0,0.0,0.0,0.0,0.0,0.0,135.00641922779505,1.0,138.37563673807855,1.0,1.0,138.37563673807855,2.124439048306284,0.4248878096612567,0.5818829992779643,2.504753170375255,0.5009506340750509,0.598663580331529,1.624186292434097,0.0,0.5121173028071806,0.4629192218681538,4.629192218681538,1.0,2026-06-05-08-29-13-639966,microagi,microagi,9,False,False,False,False,False,False,False
272.0,9.066666666666666,0.0,0.0,0.0,0.0,0.0,0.0,0.0,0.0,0.0,0.0,0.0,0.0,0.0,0.0,133.68651760114878,1.0,133.6631143976506,1.0,1.0,133.68651760114878,3.5593632140927296,0.3940254480545457,0.5786181078669119,5.064406674509044,0.5606354252224033,0.686104657564229,1.7295986302353827,0.0,0.9071753462536456,0.4773304366384745,8.623769888601775,1.0,2026-06-05-08-29-48-126632,microagi,microagi,9,False,False,False,False,False,False,False
249.0,8.3,0.0,0.0,0.0,0.0,0.0,0.0,0.0,0.0,0.0,0.0,0.0,0.0,0.0,0.0,134.58465058440845,1.0,131.87229356959378,1.0,1.0,134.58465058440845,3.6602410379422134,0.44277109329946135,0.5515255663669251,4.704212821941497,0.5690580026542132,0.6190330367568346,1.4169257866130998,0.0,0.4214207007527938,0.5059145479768373,8.36445385988371,1.0,2026-06-05-08-31-48-864776,microagi,microagi,9,False,False,False,False,False,False,False
356.0,11.866666666666667,0.0,0.0,0.0,0.0,0.0,0.0,0.0,0.0,0.0,0.0,0.0,0.0,0.0,0.0,130.89984920513183,1.0,130.92839795959378,1.0,1.0,130.92839795959378,4.257125013799742,0.3597570434196965,0.16512227466986049,5.565470488126625,0.4703214497008416,0.20790331766729597,1.5592886418247383,0.0,0.6145854626307711,0.415039246560269,9.822595501926367,1.0,2026-06-05-08-33-20-652377,microagi,microagi,9,False,False,False,False,False,False,False
840.0,28.0,0.0,0.0,0.0,0.0,0.0,0.0,0.0,0.0,0.0,0.0,0.0,0.0,0.0,0.0,130.6889983534956,1.0,126.24488524955021,1.0,1.0,130.6889983534956,14.36320616398761,0.5135830571151708,2.122540237880117,16.833555927893254,0.601914991462214,2.395079115338619,3.2384058382987266,0.0,1.0606578002071323,0.5577490242886924,31.196762091880863,1.0,2026-06-05-08-35-23-325012,microagi,microagi,9,False,False,False,False,False,False,False
185.0,6.166666666666667,0.0,0.0,0.0,0.0,0.0,0.0,0.0,0.0,0.0,0.0,0.0,0.0,0.0,0.0,135.6658697978771,1.0,138.31430413134856,1.0,1.0,138.31430413134856,2.8952607585072743,0.47205338453922957,0.23783303152665625,3.3419915715280295,0.5448899301404396,0.11547058895503132,1.4319457027982991,0.0,0.2521050537339842,0.5084716573398346,6.237252330035304,1.0,2026-06-05-08-40-17-332449,microagi,microagi,9,False,False,False,False,False,False,False
152.0,5.066666666666666,0.0,0.0,0.0,0.0,0.0,0.0,0.0,0.0,0.0,0.0,0.0,0.0,0.0,0.0,154.99035052097724,1.0,156.03621260598933,1.0,1.0,156.03621260598933,2.287054632244964,0.4543817150155558,0.5817397893563027,2.3374520293044583,0.4643944429081706,0.4638050289643056,1.5108096822513666,0.0,0.6497489635550383,0.4593880789618632,4.624506661549422,1.0,2026-06-05-08-46-01-504071,microagi,microagi,9,False,False,False,False,False,False,False
279.0,9.3,0.0,0.0,0.0,0.0,0.0,0.0,0.0,0.0,0.0,0.0,0.0,0.0,0.0,0.0,149.5079799579016,1.0,150.32471943231985,1.0,1.0,150.32471943231985,3.6786575211651367,0.39697743034156147,0.45925798545723817,3.8005976160397346,0.41013643338558287,0.3228199414390061,1.3838262043180365,0.0,0.5846914811147721,0.40355693186357217,7.479255137204872,1.0,2026-06-05-08-46-13-210738,microagi,microagi,9,False,False,False,False,False,False,False
265.0,8.833333333333334,0.0,0.0,0.0,0.0,0.0,0.0,0.0,0.0,0.0,0.0,0.0,0.0,0.0,0.0,132.74564417039304,1.0,135.34317135330141,1.0,1.0,135.34317135330141,3.5690125066272707,0.4055696030258262,0.4023732963000808,4.270569304074741,0.48529196637212973,0.4653285403061668,1.6993429388917907,0.0,0.18277007879679052,0.44543078469897796,7.839581810702011,1.0,2026-06-05-08-47-58-940260,microagi,microagi,9,False,False,False,False,False,False,False
268.0,8.933333333333334,0.0,0.0,0.0,0.0,0.0,0.0,0.0,0.0,0.0,0.0,0.0,0.0,0.0,0.0,156.1663685805104,1.0,159.06630126034366,1.0,1.0,159.06630126034366,3.2804923651366775,0.36859464776816603,0.4309438879586761,4.092306012188517,0.4598096642908446,0.21781375708584502,2.4794555428488967,0.0,0.6624093148848932,0.4142021560295053,7.372798377325195,1.0,2026-06-05-08-48-10-277295,microagi,microagi,9,False,False,False,False,False,False,False
1707.0,56.9,0.0,0.0,0.0,0.0,0.0,0.0,0.0,0.0,0.0,0.0,0.0,0.0,0.0,0.0,156.89784866628645,1.0,156.23895985892304,1.0,1.0,156.89784866628645,18.87396193215615,0.3318985099441292,0.4422851812840173,20.26424221241946,0.35634658052320267,0.360256018270521,1.8562353285398383,0.0,0.6120838640919997,0.344122545233666,39.13820414457561,1.0,2026-06-05-10-07-38-688318,microagi,microagi,9,False,False,False,False,True,False,True
448.0,14.933333333333334,0.0,0.0,0.0,0.0,0.0,0.0,0.0,0.0,0.0,0.0,0.0,0.0,0.0,0.0,165.7990167306907,1.0,162.81179122677636,1.0,1.0,165.7990167306907,6.294243627263794,0.42243245820562364,0.4573832983892683,7.574063933560148,0.5083264384939697,0.49436812047133066,4.062221805261774,0.0,0.6532020113645833,0.4653794483497967,13.868307560823942,1.0,2026-06-05-10-08-04-870941,microagi,microagi,9,False,False,False,False,False,False,False
344.0,11.466666666666667,0.0,0.0,0.0,0.0,0.0,0.0,0.0,0.0,0.0,0.0,0.0,0.0,0.0,0.0,144.7451106462128,1.0,142.87482381397143,1.0,1.0,144.7451106462128,4.243681683100537,0.371167494148735,0.747894330176768,5.869669570702555,0.5133821781955588,0.788012588613877,1.4453701537672576,0.0,0.7528198680731285,0.44227483617214686,10.113351253803092,1.0,2026-06-05-10-15-18-929042,microagi,microagi,9,False,False,False,False,False,False,False
401.0,13.366666666666667,0.0,0.0,0.0,0.0,0.0,0.0,0.0,0.0,0.0,0.0,0.0,0.0,0.0,0.0,155.57968507001297,1.0,155.95386023072035,1.0,1.0,155.95386023072035,8.801455085955926,0.6601091314466945,0.7502651641708818,8.981567481365893,0.673617561102442,0.8694608918467371,1.9701205078568833,0.0,0.693638778191568,0.6668633462745683,17.78302256732182,1.0,2026-06-05-10-15-48-588973,microagi,microagi,9,False,False,False,False,False,False,False
251.0,8.366666666666667,0.0,0.0,0.0,0.0,0.0,0.0,0.0,0.0,0.0,0.0,0.0,0.0,0.0,0.0,163.2070643727892,1.0,163.97716078828904,1.0,1.0,163.97716078828904,2.344922960658862,0.28139075527906343,0.09852339281960044,3.5028592000857994,0.4203431040102959,0.1553955165031495,1.5062197492364506,0.0,0.5512802876556148,0.35086692964467964,5.847782160744662,1.0,2026-06-05-10-18-53-422373,microagi,microagi,9,False,False,False,False,False,False,False
254.0,8.466666666666667,0.0,0.0,0.0,0.0,0.0,0.0,0.0,0.0,0.0,0.0,0.0,0.0,0.0,0.0,162.08519535521123,1.0,163.35486259936943,1.0,1.0,163.35486259936943,2.683224643835402,0.3181689300990595,0.2553223761428664,3.238639091644358,0.38402835078786857,0.18867738099070985,1.0151500554891248,0.0,0.5820504032704579,0.351098640443464,5.92186373547976,1.0,2026-06-05-10-25-43-964809,microagi,microagi,9,False,False,False,False,False,False,False
236.0,7.866666666666666,0.0,0.0,0.0,0.0,0.0,0.0,0.0,0.0,0.0,0.0,0.0,0.0,0.0,0.0,158.45088315121905,1.0,158.14083114486516,1.0,1.0,158.45088315121905,1.5096850495565322,0.19272575100721687,0.41414409124025353,1.6935975031513077,0.21620393657250733,0.407696334220542,1.2229752162369583,0.0,0.06927353573443311,0.2044648437898621,3.20328255270784,1.0,2026-06-05-11-52-28-360763,microagi,microagi,9,False,False,False,False,False,False,False
442.0,14.733333333333333,0.0,0.0,0.0,0.0,0.0,0.0,0.0,0.0,0.0,0.0,0.0,0.0,0.0,0.0,158.96800314540263,1.0,157.88305429646653,1.0,1.0,158.96800314540263,4.9585860380075335,0.3373187780957506,0.25199420789942323,5.589273281662713,0.3802226722219533,0.13107724201666468,1.5984398534069104,0.0,0.262862829728621,0.358770725158852,10.547859319670247,1.0,2026-06-05-11-54-22-272430,microagi,microagi,9,False,False,False,False,False,False,False
532.0,17.733333333333334,0.0,0.0,0.0,0.0,0.0,0.0,0.0,0.0,0.0,0.0,0.0,0.0,0.0,0.0,151.94089186697653,1.0,146.46660398608822,1.0,1.0,151.94089186697653,5.761001273361033,0.3254802979300018,0.3600139075974698,7.045438619529653,0.39804737963444364,0.19668743092362737,1.2000767951166622,0.0,0.23117927569472738,0.3617638387822228,12.806439892890687,1.0,2026-06-05-12-41-03-515283,microagi,microagi,9,False,False,False,False,False,False,False
459.0,15.3,0.0,0.0,0.0,0.0,0.0,0.0,0.0,0.0,0.0,0.0,0.0,0.0,0.0,0.0,155.09436159829139,1.0,150.07407473497605,1.0,1.0,155.09436159829139,7.200355311355255,0.47163899419357563,0.7983240927547866,7.644542130433889,0.5007342006834425,0.9545022634801125,1.7357780270412442,0.0,0.5719763606762764,0.4861865974385091,14.844897441789143,1.0,2026-06-05-12-42-08-416950,microagi,microagi,9,False,False,False,False,False,False,False
169.0,5.633333333333334,0.0,0.0,0.0,0.0,0.0,0.0,0.0,0.0,0.0,0.0,0.0,0.0,0.0,0.0,156.34601318825634,1.0,161.2838105989414,1.0,1.0,161.2838105989414,1.8434010811063037,0.3291787644832685,0.23209893628920863,2.6649565428610362,0.4758850969394708,0.09508907750164805,1.5086482591637544,0.0,0.10112670831942064,0.40253193071136967,4.50835762396734,1.0,2026-06-05-15-28-57-574105,microagi,microagi,9,False,False,False,False,False,False,False
489.0,16.3,0.0,0.0,0.0,0.0,0.0,0.0,0.0,0.0,0.0,0.0,0.0,0.0,0.0,0.0,161.11296010648664,1.0,163.3722063127348,1.0,1.0,163.3722063127348,6.46573805294333,0.39748389669733586,0.49823942025712525,6.307596539225532,0.38776208232943843,0.11642356780092174,1.7562240668006543,0.0,0.4624738286049593,0.39262298951338714,12.773334592168862,1.0,2026-06-05-15-59-25-199378,microagi,microagi,9,False,False,False,False,False,False,False
180.0,6.0,0.0,0.0,0.0,0.0,0.0,0.0,0.0,0.0,0.0,0.0,0.0,0.0,0.0,0.0,156.5360068303109,1.0,160.43760809499392,1.0,1.0,160.43760809499392,2.9971116762407086,0.502309219481683,0.12136470498642384,3.01614718311295,0.5054995278960249,0.16651304144722118,1.5779206340909462,0.0,0.09495223440904946,0.503904373688854,6.013258859353659,1.0,2026-06-05-18-49-14-865346,microagi,microagi,9,False,False,False,False,False,False,False
251.0,8.366666666666667,0.0,0.0,0.0,0.0,0.0,0.0,0.0,0.0,0.0,0.0,0.0,0.0,0.0,0.0,162.0911968052846,1.0,161.44760593762365,1.0,1.0,162.0911968052846,3.9941881062466,0.4793025727495919,0.9579286471394632,4.784874799547625,0.574184975945715,1.030165128699906,1.4331839792529089,0.0,0.7104509177821894,0.5267437743476535,8.779062905794225,1.0,2026-06-05-18-53-54-626125,microagi,microagi,9,False,False,False,False,False,False,False
224.0,7.466666666666667,0.0,0.0,0.0,0.0,0.0,0.0,0.0,0.0,0.0,0.0,0.0,0.0,0.0,0.0,157.54863686370038,1.0,159.71193679384677,1.0,1.0,159.71193679384677,3.8874363432964953,0.5229734990981831,0.990227996847628,4.389189725536111,0.590473954107997,0.7155725588409735,1.711193372136456,0.0,0.8643391459239943,0.5567237266030901,8.276626068832606,1.0,2026-06-05-18-54-41-830467,microagi,microagi,9,False,False,False,False,False,False,False
394.0,13.133333333333333,0.0,0.0,0.0,0.0,0.0,0.0,0.0,0.0,0.0,0.0,0.0,0.0,0.0,0.0,153.4927700041012,1.0,153.2573414069662,1.0,1.0,153.4927700041012,6.898697062175169,0.5266180963492495,0.6220570899336394,7.430843053657275,0.5672399277600974,0.43331354886037665,2.1314971010255874,0.0,0.7830876875487032,0.5469290120546736,14.329540115832444,1.0,2026-06-05-18-58-46-330792,microagi,microagi,9,False,False,False,False,False,False,False
318.0,10.6,0.0,0.0,0.0,0.0,0.0,0.0,0.0,0.0,0.0,0.0,0.0,0.0,0.0,0.0,150.91207060531138,1.0,149.73193853731314,1.0,1.0,150.91207060531138,5.415162435071452,0.5124759402275822,0.29856436772765577,5.369618906758484,0.5081658271380268,0.26774871077117374,1.7939231505707303,0.0,0.6899991175675835,0.5103208836828046,10.784781341829937,1.0,2026-06-05-19-14-34-551655,microagi,microagi,9,False,False,False,False,False,False,False
195.0,6.5,0.0,0.0,0.0,0.0,0.0,0.0,0.0,0.0,0.0,0.0,0.0,0.0,0.0,0.0,160.59428315879865,1.0,155.85229073248868,1.0,1.0,160.59428315879865,2.827047117519539,0.43717223466796984,0.2526857204244324,2.6640139360985433,0.411960917953383,0.41324087028934714,1.8911528051921107,0.0,0.5457387556557562,0.4245665763106764,5.491061053618083,1.0,2026-06-05-19-26-08-847548,microagi,microagi,9,False,False,False,False,False,False,False
153.0,5.1,0.0,0.0,0.0,0.0,0.0,0.0,0.0,0.0,0.0,0.0,0.0,0.0,0.0,0.0,162.02640540276778,1.0,163.48529588348035,1.0,1.0,163.48529588348035,2.781141164908269,0.5489094404424216,0.49209876337339165,2.803298331001807,0.5532825653293041,0.45605370089505853,1.6131019023495305,0.0,0.43966804453403086,0.5510960028858628,5.584439495910076,1.0,2026-06-06-00-03-14-480829,microagi,microagi,9,False,False,False,False,False,False,False
178.0,5.933333333333334,0.0,0.0,0.0,0.0,0.0,0.0,0.0,0.0,0.0,0.0,0.0,0.0,0.0,0.0,161.88786837508025,1.0,160.98278542386416,1.0,1.0,161.88786837508025,3.086955538119841,0.5232128030711594,0.3921000836625601,2.714197457864982,0.46003346743474266,0.2536404905217381,1.5589762794167394,0.0,0.3806195389061806,0.491623135252951,5.801152995984823,1.0,2026-06-06-00-04-05-009163,microagi,microagi,9,False,False,False,False,False,False,False
161.0,5.366666666666666,0.0,0.0,0.0,0.0,0.0,0.0,0.0,0.0,0.0,0.0,0.0,0.0,0.0,0.0,128.36768169775772,1.0,125.94008927791992,1.0,1.0,128.36768169775772,2.5096607518539797,0.4705613909726211,0.5292856320184877,2.3700982496178433,0.44439342180334557,0.7355415188351633,1.467628609981778,0.0,0.4728359222598698,0.45747740638798334,4.8797590014718235,1.0,2026-06-06-11-31-45-594605,microagi,microagi,9,False,False,False,False,False,False,False
166.0,5.533333333333333,0.0,0.0,0.0,0.0,0.0,0.0,0.0,0.0,0.0,0.0,0.0,0.0,0.0,0.0,146.54988720909958,1.0,143.62362861539305,1.0,1.0,146.54988720909958,4.541937225028046,0.8258067681869172,1.877882567980619,5.179249626064616,0.9416817501935665,2.157862559877663,3.200630825210952,0.0,1.5678053397878082,0.8837442591902419,9.72118685109266,1.0,2026-06-06-11-31-55-817319,microagi,microagi,9,False,False,False,False,False,False,False
929.0,30.966666666666665,0.0,0.0,0.0,0.0,0.0,0.0,0.0,0.0,0.0,0.0,0.0,0.0,0.0,0.0,163.59491927380714,1.0,165.20952114880745,1.0,1.0,165.20952114880745,9.105518041116442,0.29435941943264365,0.3303566627964516,6.5212912338376485,0.21081760454216533,0.07921365552747675,3.0076270488396815,0.0,0.09396459057614805,0.2525885119874045,15.626809274954091,1.0,2026-06-06-13-04-09-614899,microagi,microagi,9,False,False,False,False,False,False,False
760.0,25.333333333333332,0.0,0.0,0.0,0.0,0.0,0.0,0.0,0.0,0.0,0.0,0.0,0.0,0.0,0.0,162.67603699567604,1.0,164.6636498763049,1.0,1.0,164.6636498763049,5.72158462978577,0.22614959011010952,0.30863693450374846,3.4248869909972957,0.1353710273121461,0.265077720247576,2.3433214511333147,0.0,0.10091449218197837,0.1807603087111278,9.146471620783066,1.0,2026-06-06-13-12-44-265167,microagi,microagi,9,False,False,False,False,False,False,False
322.0,10.733333333333333,0.0,0.0,0.0,0.0,0.0,0.0,0.0,0.0,0.0,0.0,0.0,0.0,0.0,0.0,155.55237933083933,1.0,152.12298052536994,1.0,1.0,155.55237933083933,4.969759945211845,0.4644635462814808,0.5723804117038667,6.775759406614419,0.6332485426742448,0.4022099081343816,2.6660146276289445,0.0,0.3288546069030354,0.5488560444778628,11.745519351826264,1.0,2026-06-06-13-19-21-776049,microagi,microagi,9,False,False,False,False,False,False,False
244.0,8.133333333333333,0.0,0.0,0.0,0.0,0.0,0.0,0.0,0.0,0.0,0.0,0.0,0.0,0.0,0.0,154.3500375592988,1.0,154.42342059947822,1.0,1.0,154.42342059947822,3.872399592198639,0.47807402372822716,0.3928742573910734,4.2508211213216915,0.5247927310273692,0.39273677309594407,2.081040498238926,0.0,0.651101038303302,0.5014333773777983,8.12322071352033,1.0,2026-06-06-15-49-09-291327,microagi,microagi,9,False,False,False,False,False,False,False
173.0,5.766666666666667,0.0,0.0,0.0,0.0,0.0,0.0,0.0,0.0,0.0,0.0,0.0,0.0,0.0,0.0,159.50234570405408,1.0,159.4934892540687,1.0,1.0,159.50234570405408,3.0137093240071815,0.5256469751175317,0.14005614932409371,3.8972736368073257,0.6797570296756963,0.12333614537740727,1.7918269006403316,0.0,0.7872527790581982,0.6027020023966141,6.910982960814508,1.0,2026-06-06-15-56-06-361462,microagi,microagi,9,False,False,False,False,False,False,False
305.0,10.166666666666666,0.0,0.0,0.0,0.0,0.0,0.0,0.0,0.0,0.0,0.0,0.0,0.0,0.0,0.0,159.04822348315855,1.0,156.54275837458744,1.0,1.0,159.04822348315855,5.026161512631865,0.49600278085182875,0.09320326477010162,5.798900318004186,0.5722598998030448,0.220064098110122,2.045921827476715,0.0,0.64675106710901,0.5341313403274368,10.825061830636052,1.0,2026-06-06-16-00-02-160466,microagi,microagi,9,False,False,False,False,False,False,False
155.0,5.166666666666667,0.0,0.0,0.0,0.0,0.0,0.0,0.0,0.0,0.0,0.0,0.0,0.0,0.0,0.0,159.87523242504813,1.0,158.921119559348,1.0,1.0,159.87523242504813,2.5174307524351383,0.49040858813671534,0.2329836295216676,3.1334424464367756,0.6104108661889823,0.3321240170969511,2.1761406820434024,0.0,0.685092772884799,0.5504097271628489,5.650873198871913,1.0,2026-06-06-16-01-50-305748,microagi,microagi,9,False,False,False,False,False,False,False
323.0,10.766666666666667,0.0,0.0,0.0,0.0,0.0,0.0,0.0,0.0,0.0,0.0,0.0,0.0,0.0,0.0,158.11516216225232,1.0,157.16270046505807,1.0,1.0,158.11516216225232,5.840311979837306,0.5441284453264571,0.664429899814786,5.836432140294963,0.5437669695926983,0.2235505563420672,3.41016922476508,0.0,0.9487107811719803,0.5439477074595777,11.67674412013227,1.0,2026-06-06-16-03-04-404081,microagi,microagi,9,False,False,False,False,False,False,False
254.0,8.466666666666667,0.0,0.0,0.0,0.0,0.0,0.0,0.0,0.0,0.0,0.0,0.0,0.0,0.0,0.0,161.45941159632412,1.0,157.55281423180747,1.0,1.0,161.45941159632412,3.5135213344667235,0.4166230831383467,0.23034860894488307,4.795871303467404,0.5686803917155024,0.07903738377631636,2.848685998489527,0.0,0.6094233577268706,0.4926517374269246,8.309392637934128,1.0,2026-06-06-16-03-24-901023,microagi,microagi,9,False,False,False,False,False,False,False
14610.0,487.0,0.0,0.0,0.0,0.0,0.0,0.0,0.0,0.0,0.0,0.0,0.0,0.0,0.0,0.0,154.6445187250896,1.0,152.12859341940657,1.0,1.0,154.6445187250896,147.99135226529367,0.3039044813442953,0.16273597832477912,191.72421813243426,0.39371117420583396,0.3885373092041497,2.4248829752841994,0.0,0.8335404536486677,0.3488078277750646,339.7155703977279,1.0,2026-06-07-04-17-17-606583,microagi,microagi,9,False,False,False,False,True,False,True
1057.0,35.233333333333334,0.0,0.0,0.0,0.0,0.0,0.0,0.0,0.0,0.0,0.0,0.0,0.0,0.0,0.0,144.86462297904728,1.0,143.89978941841892,1.0,1.0,144.86462297904728,13.724567634194763,0.3899024896078057,0.21124370256888633,17.525999256503145,0.4978977061506575,0.3829580673765067,2.2532965502327036,0.0,0.6623909594822956,0.4439000978792316,31.250566890697907,1.0,2026-06-07-04-35-56-701561,microagi,microagi,9,False,False,False,False,True,False,True
244.0,8.133333333333333,0.0,0.0,0.0,0.0,0.0,0.0,0.0,0.0,0.0,0.0,0.0,0.0,0.0,0.0,146.38574147461844,1.0,148.71009016695933,1.0,1.0,148.71009016695933,4.15775590599611,0.5133031982711248,1.4076422391114358,4.814353454337249,0.5943646239922529,1.485131707866973,1.7616422270735288,0.0,0.9819236750779321,0.5538339111316889,8.97210936033336,1.0,2026-06-07-04-41-40-772736,microagi,microagi,9,False,False,False,False,False,False,False
1045.0,34.833333333333336,0.0,0.0,0.0,0.0,0.0,0.0,0.0,0.0,0.0,0.0,0.0,0.0,0.0,0.0,151.24918887252534,1.0,150.56321578826132,1.0,1.0,151.24918887252534,10.747389937231437,0.3088330441733172,0.12692782329077265,13.400458429977874,0.38507064453959405,0.14404482783598815,2.6302218815356255,0.0,0.7221003219881097,0.3469518443564556,24.147848367209313,1.0,2026-06-07-04-44-49-784921,microagi,microagi,9,False,False,False,False,True,False,True
367.0,12.233333333333333,0.0,0.0,0.0,0.0,0.0,0.0,0.0,0.0,0.0,0.0,0.0,0.0,0.0,0.0,147.85561865092154,1.0,146.0151490727775,1.0,1.0,147.85561865092154,6.580700603913306,0.539401688845353,0.5385575475235698,7.403177884393882,0.6068178593765478,0.614382789843329,1.446141416208822,0.0,1.110549294978362,0.5731097741109503,13.983878488307187,1.0,2026-06-07-04-50-41-726045,microagi,microagi,9,False,False,False,False,False,False,False
347.0,11.566666666666666,0.0,0.0,0.0,0.0,0.0,0.0,0.0,0.0,0.0,0.0,0.0,0.0,0.0,0.0,153.60515089406232,1.0,155.72608199449826,1.0,1.0,155.72608199449826,4.624881483618713,0.4010012847068249,0.43066398911410075,4.496515870723527,0.38987131827082594,0.5647597309553323,1.9506933238166564,0.0,0.8091190515391136,0.3954363014888254,9.121397354342239,1.0,2026-06-07-09-46-35-903380,microagi,microagi,9,False,False,False,False,False,False,False
216.0,7.2,0.0,0.0,0.0,0.0,0.0,0.0,0.0,0.0,0.0,0.0,0.0,0.0,0.0,0.0,146.84742939843116,1.0,150.41989717210876,1.0,1.0,150.41989717210876,2.4165937823891346,0.33719913242639094,0.16949097229303864,2.823009701035332,0.39390833037702305,0.06724428282012325,1.9124940731867344,0.0,0.0766379584006346,0.365553731401707,5.2396034834244665,1.0,2026-06-07-09-48-43-271367,microagi,microagi,9,False,False,False,False,False,False,False
202.0,6.733333333333333,0.0,0.0,0.0,0.0,0.0,0.0,0.0,0.0,0.0,0.0,0.0,0.0,0.0,0.0,131.77246638972892,1.0,130.7006093352887,1.0,1.0,131.77246638972892,2.7321039421455913,0.40777670778292413,0.3452281659141647,2.503662921567682,0.37368103306980327,0.23524812066791073,1.0741723480962517,0.0,0.46273368167340817,0.39072887042636373,5.235766863713273,1.0,2026-06-07-09-54-21-115151,microagi,microagi,9,False,False,False,False,False,False,False
186.0,6.2,0.0,0.0,0.0,0.0,0.0,0.0,0.0,0.0,0.0,0.0,0.0,0.0,0.0,0.0,148.0018740042327,1.0,150.95115739952956,1.0,1.0,150.95115739952956,1.6388061614664018,0.26575235050806517,0.30649162197721397,2.120580502192251,0.3438779192744191,0.09289904390525595,1.8647172449013765,0.0,0.11497687286746867,0.3048151348912421,3.7593866636586526,1.0,2026-06-07-14-27-32-249421,microagi,microagi,9,False,False,False,False,False,False,False
724.0,24.133333333333333,0.0,0.0,0.0,0.0,0.0,0.0,0.0,0.0,0.0,0.0,0.0,0.0,0.0,0.0,143.18760803872064,1.0,141.56973597821494,1.0,1.0,143.18760803872064,10.823911247906508,0.4491249480459131,0.994548697000608,10.93842516742363,0.4538765629636361,1.1907153447168621,1.674035925962051,0.0,0.7660308078759783,0.4515007555047746,21.76233641533014,1.0,2026-06-07-14-29-23-393709,microagi,microagi,9,False,False,False,False,False,False,False
313.0,10.433333333333334,0.0,0.0,0.0,0.0,0.0,0.0,0.0,0.0,0.0,0.0,0.0,0.0,0.0,0.0,154.56098414694546,1.0,150.29260168729041,1.0,1.0,154.56098414694546,5.855816661767908,0.5630592944007605,0.3240992073845921,6.112829554279746,0.5877720725268986,0.3488407516384562,3.2012292062960825,0.0,0.6588286302179529,0.5754156834638297,11.968646216047654,1.0,2026-06-07-14-41-59-886855,microagi,microagi,9,False,False,False,False,False,False,False
341.0,11.366666666666667,0.0,0.0,0.0,0.0,0.0,0.0,0.0,0.0,0.0,0.0,0.0,0.0,0.0,0.0,165.91638761841963,1.0,166.85402056869682,1.0,1.0,166.85402056869682,5.840424963315482,0.5153316144101896,0.438247997744885,6.130694283565209,0.5409436132557538,0.4988124947146021,2.305975230476287,0.0,0.9599579659258471,0.5281376138329716,11.97111924688069,1.0,2026-06-07-15-55-13-307833,microagi,microagi,9,False,False,False,False,False,False,False
181.0,6.033333333333333,0.0,0.0,0.0,0.0,0.0,0.0,0.0,0.0,0.0,0.0,0.0,0.0,0.0,0.0,169.41311906819152,1.0,168.94288693072264,1.0,1.0,169.41311906819152,3.109702073708561,0.5182836789514269,0.12260773099639835,3.27553794785128,0.5459229913085466,0.12931515723693238,1.4059534401059213,0.0,0.6703376927442413,0.5321033351299869,6.3852400215598415,1.0,2026-06-07-15-58-02-679042,microagi,microagi,9,False,False,False,False,False,False,False
253.0,8.433333333333334,0.0,0.0,0.0,0.0,0.0,0.0,0.0,0.0,0.0,0.0,0.0,0.0,0.0,0.0,157.8338847945089,1.0,154.7865232111316,1.0,1.0,157.8338847945089,4.810918968210074,0.5727284485964372,0.24205517368127102,4.874857741553124,0.5803402073277528,0.4574772906438965,1.5283151716460035,0.0,0.567171586853636,0.576534327962095,9.685776709763198,1.0,2026-06-07-16-43-13-865216,microagi,microagi,9,False,False,False,False,False,False,False
399.0,13.3,0.0,0.0,0.0,0.0,0.0,0.0,0.0,0.0,0.0,0.0,0.0,0.0,0.0,0.0,171.36320688886414,1.0,167.95465779957445,1.0,1.0,171.36320688886414,6.04999165674392,0.45602952186511964,0.23770514788860747,6.126134823829758,0.4617689565700822,0.45735040523072124,2.6468590464962714,0.0,0.750303431663993,0.458899239217601,12.176126480573679,1.0,2026-06-07-16-58-15-639125,microagi,microagi,9,False,False,False,False,False,False,False
205.0,6.833333333333333,0.0,0.0,0.0,0.0,0.0,0.0,0.0,0.0,0.0,0.0,0.0,0.0,0.0,0.0,161.87919674054615,1.0,162.84225676049923,1.0,1.0,162.84225676049923,3.2672666622275597,0.48048039150405286,0.26221441903482423,2.967049875116438,0.4363308639877114,0.2334842322203357,1.5984340243755137,0.0,0.3755094756700178,0.45840562774588206,6.2343165373439975,1.0,2026-06-07-18-50-59-255333,microagi,microagi,9,False,False,False,False,False,False,False
600.0,20.0,0.0,0.0,0.0,0.0,0.0,0.0,0.0,0.0,0.0,0.0,0.0,0.0,0.0,0.0,172.5854823005426,1.0,170.8606334587646,1.0,1.0,172.5854823005426,9.355523211223339,0.46855708904290516,0.31777382459834136,9.121596228978962,0.4568412134714005,0.5302746807578412,2.4536678952576367,0.0,0.7949351904925124,0.46269915125715283,18.4771194402023,1.0,2026-06-07-18-52-14-392000,microagi,microagi,9,False,False,False,False,False,False,False
333.0,11.1,0.0,0.0,0.0,0.0,0.0,0.0,0.0,0.0,0.0,0.0,0.0,0.0,0.0,0.0,165.25660839937925,1.0,165.20066642670423,1.0,1.0,165.25660839937925,5.544560808423245,0.5010145308816186,0.5228047584355766,6.855127436065596,0.6194392261505056,0.7375430449371292,2.269991756101384,0.0,1.0132698260587756,0.5602268785160621,12.399688244488841,1.0,2026-06-07-19-06-35-642044,microagi,microagi,9,False,False,False,False,False,False,False
577.0,19.233333333333334,0.0,0.0,0.0,0.0,0.0,0.0,0.0,0.0,0.0,0.0,0.0,0.0,0.0,0.0,163.1640702137035,1.0,160.9107178229921,1.0,1.0,163.1640702137035,8.331377026512918,0.4339258867975479,0.3828265711272289,9.85736250228607,0.5134042969940662,0.6358485794943779,2.10119467598194,0.0,0.5094441653065019,0.4736650918958071,18.18873952879899,1.0,2026-06-07-19-07-12-694635,microagi,microagi,9,False,False,False,False,False,False,False
852.0,28.4,0.0,0.0,0.0,0.0,0.0,0.0,0.0,0.0,0.0,0.0,0.0,0.0,0.0,0.0,163.30336090992046,1.0,165.22314502687266,1.0,1.0,165.22314502687266,8.643296850235801,0.304699066400792,0.29205640052655757,7.445408620440453,0.26247033914596185,0.29766889268705354,1.078823923076185,0.0,0.2924328716503136,0.28358470277337694,16.088705470676253,1.0,2026-06-07-22-46-46-441755,microagi,microagi,9,False,False,False,False,False,False,False
539.0,17.966666666666665,0.0,0.0,0.0,0.0,0.0,0.0,0.0,0.0,0.0,0.0,0.0,0.0,0.0,0.0,164.3449945664368,1.0,165.59957566790814,1.0,1.0,165.59957566790814,5.341653017949319,0.2978616924507055,0.3141167236508763,4.343290829955406,0.2421909384733498,0.35785267722869063,1.6939181763977003,0.0,0.19093675220195194,0.27002631546202766,9.684943847904727,1.0,2026-06-07-23-00-02-876750,microagi,microagi,9,False,False,False,False,False,False,False
215.0,7.166666666666667,0.0,0.0,0.0,0.0,0.0,0.0,0.0,0.0,0.0,0.0,0.0,0.0,0.0,0.0,158.71719981676753,1.0,161.78323601482887,1.0,1.0,161.78323601482887,2.7488320178299883,0.38535028287336276,0.48454235364968634,2.4785786044892486,0.34746429034896015,0.20220720523522798,1.1959935223780964,0.0,0.13244202455013504,0.36640728661116145,5.227410622319237,1.0,2026-06-07-23-02-09-818598,microagi,microagi,9,False,False,False,False,False,False,False
1635.0,54.5,0.0,0.0,0.0,0.0,0.0,0.0,0.0,0.0,0.0,0.0,0.0,0.0,0.0,0.0,163.4375388911182,1.0,164.88939137414872,1.0,1.0,164.88939137414872,19.830308307198816,0.36408154786778735,0.137430403448305,17.554244683569266,0.3222933540434993,0.07592413424736863,1.3302861098779055,0.0,0.5186262837779976,0.34318745095564335,37.384552990768086,1.0,2026-06-07-23-02-29-392149,microagi,microagi,9,False,False,False,False,True,False,True
724.0,24.133333333333333,0.0,0.0,0.0,0.0,0.0,0.0,0.0,0.0,0.0,0.0,0.0,0.0,0.0,0.0,163.8793267470819,1.0,164.70338245197055,1.0,1.0,164.70338245197055,7.262843964799906,0.30136282011617865,0.23013981118059418,5.94538596212564,0.24669651295127143,0.3903401784080866,1.1625374632051448,0.0,0.14109724932161288,0.274029666533725,13.208229926925547,1.0,2026-06-07-23-03-30-412149,microagi,microagi,9,False,False,False,False,False,False,False
486.0,16.2,0.0,0.0,0.0,0.0,0.0,0.0,0.0,0.0,0.0,0.0,0.0,0.0,0.0,0.0,163.4092253079221,1.0,165.3880786455716,1.0,1.0,165.3880786455716,4.630314896820902,0.2864112307311898,0.07435985502185734,3.572840461891288,0.22100044094172916,0.14839634280983624,1.0692266447740968,0.0,0.15461838303509326,0.2537058358364595,8.203155358712191,1.0,2026-06-07-23-04-31-932335,microagi,microagi,9,False,False,False,False,False,False,False
1209.0,40.3,0.0,0.0,0.0,0.0,0.0,0.0,0.0,0.0,0.0,0.0,0.0,0.0,0.0,0.0,163.09675993823504,1.0,164.99146896964686,1.0,1.0,164.99146896964686,12.342488101275375,0.30651874423697123,0.5220136544084081,10.770214828543388,0.2674722225631636,0.5553098738870212,1.5086961356375932,0.0,0.3712850396220026,0.2869954834000674,23.112702929818763,1.0,2026-06-07-23-05-11-845668,microagi,microagi,9,False,False,False,False,True,False,True
342.0,11.4,0.0,0.0,0.0,0.0,0.0,0.0,0.0,0.0,0.0,0.0,0.0,0.0,0.0,0.0,163.27057362475074,1.0,164.16817882550066,1.0,1.0,164.16817882550066,3.0158126074707727,0.26532075725549326,0.3399455049007011,2.80563561619115,0.24683011286139153,0.32453438914021804,1.0790987530437726,0.0,0.49400287086468936,0.2560754350584424,5.821448223661923,1.0,2026-06-07-23-10-47-792807,microagi,microagi,9,False,False,False,False,False,False,False
767.0,25.566666666666666,0.0,0.0,0.0,0.0,0.0,0.0,0.0,0.0,0.0,0.0,0.0,0.0,0.0,0.0,174.02794456583638,1.0,171.55787333262214,1.0,1.0,174.02794456583638,9.225014402737143,0.3612929922743006,0.6092317199507508,9.571541206765309,0.3748645381239677,0.7325003873966984,1.4829382471166972,0.0,0.5642157811414706,0.36807876519913413,18.79655560950245,1.0,2026-06-07-23-27-52-919797,microagi,microagi,9,False,False,False,False,False,False,False
414.0,13.8,0.0,0.0,0.0,0.0,0.0,0.0,0.0,0.0,0.0,0.0,0.0,0.0,0.0,0.0,176.60793084845307,1.0,173.97569658310078,1.0,1.0,176.60793084845307,4.674887773517472,0.3395802256792353,0.1629460035861104,4.860618596064548,0.3530715687213957,0.1025570996997694,1.2531966387982407,0.0,0.27348910123589437,0.34632589720031554,9.53550636958202,1.0,2026-06-07-23-31-11-320420,microagi,microagi,9,False,False,False,False,False,False,False
176.0,5.866666666666666,0.0,0.0,0.0,0.0,0.0,0.0,0.0,0.0,0.0,0.0,0.0,0.0,0.0,0.0,172.73696430898474,1.0,172.29849112886578,1.0,1.0,172.73696430898474,2.4908575193134714,0.4270041461680237,0.5174765490473817,2.486508185529185,0.42625854609071745,0.5090935009994543,1.02283150749532,0.0,0.7458107993665597,0.4266313461293706,4.977365704842656,1.0,2026-06-07-23-32-48-603016,microagi,microagi,9,False,False,False,False,False,False,False
231.0,7.7,0.0,0.0,0.0,0.0,0.0,0.0,0.0,0.0,0.0,0.0,0.0,0.0,0.0,0.0,171.8294409072035,1.0,165.45230733202388,1.0,1.0,171.8294409072035,3.3644182398127307,0.4388371617147041,0.2741525652019603,3.1582058578627943,0.4119398945038428,0.25990142917792847,2.2210989750204186,0.0,0.4067755771556397,0.42538852810927347,6.522624097675525,1.0,2026-06-07-23-33-50-168016,microagi,microagi,9,False,False,False,False,False,False,False
376.0,12.533333333333333,0.0,0.0,0.0,0.0,0.0,0.0,0.0,0.0,0.0,0.0,0.0,0.0,0.0,0.0,169.74156983368724,1.0,175.1703765085656,1.0,1.0,175.1703765085656,4.966734874729173,0.39733878997833383,0.4369138147574767,4.390306911770558,0.3512245529416446,0.5288163701524433,1.0124138799125721,0.0,0.43786730276324926,0.37428167145998925,9.357041786499732,1.0,2026-06-07-23-35-44-592581,microagi,microagi,9,False,False,False,False,False,False,False
599.0,19.966666666666665,0.0,0.0,0.0,0.0,0.0,0.0,0.0,0.0,0.0,0.0,0.0,0.0,0.0,0.0,173.41170896797968,1.0,174.03508411815562,1.0,1.0,174.03508411815562,7.662376607486946,0.38440016425519796,0.17143619045954153,9.30819383845394,0.4669662460762846,0.2249174102484846,1.8377813503932048,0.0,0.6584757249599708,0.42568320516574126,16.970570445940886,1.0,2026-06-07-23-37-19-473826,microagi,microagi,9,False,False,False,False,False,False,False
159.0,5.3,0.0,0.0,0.0,0.0,0.0,0.0,0.0,0.0,0.0,0.0,0.0,0.0,0.0,0.0,156.60546444719122,1.0,158.78537233279616,1.0,1.0,158.78537233279616,2.3673772152763446,0.4495020029005715,0.16184465356749717,2.7004734947787363,0.5127481319200131,0.39450154527750086,1.9866198051045,0.0,0.27016961855209637,0.48112506741029243,5.067850710055081,1.0,2026-06-07-23-39-23-238179,microagi,microagi,9,False,False,False,False,False,False,False
475.0,15.833333333333334,0.0,0.0,0.0,0.0,0.0,0.0,0.0,0.0,0.0,0.0,0.0,0.0,0.0,0.0,158.04443748563963,1.0,158.19907973047648,1.0,1.0,158.19907973047648,3.7858335310000575,0.23960971715190235,0.38430003122355777,3.9475206125508198,0.24984307674372275,0.5084304567449791,0.7669510013927064,0.0,0.2991266851697206,0.24472639694781256,7.733354143550877,1.0,2026-06-08-05-58-59-478634,microagi,microagi,9,False,False,False,False,False,False,False
490.0,16.333333333333332,0.0,0.0,0.0,0.0,0.0,0.0,0.0,0.0,0.0,0.0,0.0,0.0,0.0,0.0,156.61008441779882,1.0,155.81143051350378,1.0,1.0,156.61008441779882,2.85308449000523,0.17503585828252946,0.4058959732135837,2.850972703591001,0.17490630083380376,0.409383543510073,0.6299896558106846,0.0,0.21070917649844528,0.17497107955816663,5.704057193596231,1.0,2026-06-08-05-59-18-353634,microagi,microagi,9,False,False,False,False,False,False,False
5402.0,180.06666666666666,0.0,0.0,0.0,0.0,0.0,0.0,0.0,0.0,0.0,0.0,0.0,0.0,0.0,0.0,158.46319322887035,1.0,157.82051634965552,1.0,1.0,158.46319322887035,29.728553662142865,0.16512805218742566,0.656424339503042,31.07482665474155,0.1726059617926766,0.7890128395635226,0.946227640840198,0.0,0.7001449490847909,0.16886700699005114,60.803380316884414,1.0,2026-06-08-07-33-07-215877,microagi,microagi,9,False,False,False,False,True,False,True
3119.0,103.96666666666667,0.0,0.0,0.0,0.0,0.0,0.0,0.0,0.0,0.0,0.0,0.0,0.0,0.0,0.0,158.6332101666032,1.0,158.4361251869054,1.0,1.0,158.6332101666032,21.88219485855784,0.2105406817693185,0.3387423004481564,20.754201429867678,0.1996876340269501,0.3059347594182035,0.9734130947740971,0.0,0.38272547514290617,0.20511415789813434,42.636396288425516,1.0,2026-06-08-07-50-34-532206,microagi,microagi,9,False,False,False,False,True,False,True
186.0,6.2,0.0,0.0,0.0,0.0,0.0,0.0,0.0,0.0,0.0,0.0,0.0,0.0,0.0,0.0,171.50011187072317,1.0,174.5308930289066,1.0,1.0,174.5308930289066,1.5927440921997702,0.25828282576212486,0.03398263884403579,1.5637354628799849,0.2535787237102678,0.11390178432832228,1.8201204265020037,0.0,0.15490064275631243,0.25593077473619635,3.156479555079755,1.0,2026-06-08-09-17-33-987180,microagi,microagi,9,False,False,False,False,False,False,False
159.0,5.3,0.0,0.0,0.0,0.0,0.0,0.0,0.0,0.0,0.0,0.0,0.0,0.0,0.0,0.0,159.03050124610158,1.0,156.1661245890123,1.0,1.0,159.03050124610158,2.268240774338079,0.4306786280388758,0.35574566447779693,3.1556556204233868,0.599175117801909,0.3379653985278693,1.2930393334798895,0.0,0.31090883886806525,0.5149268729203924,5.423896394761465,1.0,2026-06-08-11-38-00-763981,microagi,microagi,9,False,False,False,False,False,False,False
218.0,7.266666666666667,0.0,0.0,0.0,0.0,0.0,0.0,0.0,0.0,0.0,0.0,0.0,0.0,0.0,0.0,157.6198688685704,1.0,154.21591459099915,1.0,1.0,157.6198688685704,2.324860835008688,0.3214093320288509,0.09092035528987683,2.1964348554342634,0.3036545883088843,0.18171791490845246,1.0775969457063501,0.0,0.2506449747205896,0.31253196016886764,4.521295690442951,1.0,2026-06-08-15-24-22-973366,microagi,microagi,9,False,False,False,False,False,False,False
372.0,12.4,0.0,0.0,0.0,0.0,0.0,0.0,0.0,0.0,0.0,0.0,0.0,0.0,0.0,0.0,152.20404890176414,1.0,152.13508948659728,1.0,1.0,152.20404890176414,3.2514807311986385,0.2629229701777875,0.19680723638679629,2.7391241813249776,0.22149252140094164,0.254557298154778,0.8032075853269902,0.0,0.3563639313131765,0.24220774578936455,5.990604912523616,1.0,2026-06-08-15-31-33-888481,microagi,microagi,9,False,False,False,False,False,False,False
662.0,22.066666666666666,0.0,0.0,0.0,0.0,0.0,0.0,0.0,0.0,0.0,0.0,0.0,0.0,0.0,0.0,158.6803562035172,1.0,155.5556451220902,1.0,1.0,158.6803562035172,8.936875581712952,0.4056070611972596,0.33009387532696527,7.638267814486593,0.34666873590710706,0.2709410118273844,1.5442946920162628,0.0,0.6681074403940277,0.3761378985521833,16.575143396199543,1.0,2026-06-08-15-46-19-006273,microagi,microagi,9,False,False,False,False,False,False,False
536.0,17.866666666666667,0.0,0.0,0.0,0.0,0.0,0.0,0.0,0.0,0.0,0.0,0.0,0.0,0.0,0.0,157.10813901435637,1.0,156.20902609874835,1.0,1.0,157.10813901435637,6.8724459987764694,0.3853708036697086,0.5408557629241005,5.925080496493959,0.33224750447629675,0.5878368279098366,1.184411923609828,0.0,0.35517040564658503,0.35880915407300273,12.797526495270429,1.0,2026-06-08-15-52-12-024685,microagi,microagi,9,False,False,False,False,False,False,False
1817.0,60.56666666666667,0.0,0.0,0.0,0.0,0.0,0.0,0.0,0.0,0.0,0.0,0.0,0.0,0.0,0.0,155.54040655377,1.0,156.4361231184517,1.0,1.0,156.4361231184517,28.20057143667657,0.4658684708702077,0.5532002630057954,21.033860109509657,0.3474756626020317,0.8050599364889712,2.3662977315816778,0.0,1.2350995386068278,0.4066720667361197,49.23443154618623,1.0,2026-06-08-15-52-38-723551,microagi,microagi,9,False,False,False,False,True,False,True
623.0,20.766666666666666,0.0,0.0,0.0,0.0,0.0,0.0,0.0,0.0,0.0,0.0,0.0,0.0,0.0,0.0,155.7088275524348,1.0,155.75822292930343,1.0,1.0,155.75822292930343,8.705446902544093,0.41987686025132287,0.8471907646283431,7.7350772676070125,0.3730744662832964,0.8495033289372951,1.6024893456674603,0.0,0.5832894789600109,0.3964756632673096,16.440524170151107,1.0,2026-06-08-15-53-43-587478,microagi,microagi,9,False,False,False,False,False,False,False
1399.0,46.63333333333333,0.0,0.0,0.0,0.0,0.0,0.0,0.0,0.0,0.0,0.0,0.0,0.0,0.0,0.0,156.49801262195737,1.0,154.43065849396473,1.0,1.0,156.49801262195737,17.154903398203928,0.3681309742103846,0.23865910681418262,18.460928763945642,0.39615726961256736,0.4342477138101604,1.6048600330380884,0.0,0.7071202671042592,0.382144121911476,35.61583216214957,1.0,2026-06-08-15-57-26-744710,microagi,microagi,9,False,False,False,False,True,False,True
181.0,6.033333333333333,0.0,0.0,0.0,0.0,0.0,0.0,0.0,0.0,0.0,0.0,0.0,0.0,0.0,0.0,134.7299824453133,1.0,130.29717825277154,1.0,1.0,134.7299824453133,3.1040988362703,0.5173498060450501,0.749550677422015,3.1162468645060732,0.5193744774176788,1.2116367938435115,1.931539072981014,0.0,0.8961109371267123,0.5183621417313644,6.220345700776374,1.0,2026-06-08-22-26-27-794461,microagi,microagi,9,False,False,False,False,False,False,False
201.0,6.7,0.0,0.0,0.0,0.0,0.0,0.0,0.0,0.0,0.0,0.0,0.0,0.0,0.0,0.0,152.2884323098871,1.0,157.25420317293475,1.0,1.0,157.25420317293475,2.2189873998251155,0.3328481099737674,0.45543787055716173,1.767393186121961,0.26510897791829413,0.2931742009697764,2.8288291521391007,0.0,0.24685818922408684,0.29897854394603074,3.9863805859470762,1.0,2026-06-09-06-22-52-808646,microagi,microagi,9,False,False,False,False,False,False,False
307.0,10.233333333333333,0.0,0.0,0.0,0.0,0.0,0.0,0.0,0.0,0.0,0.0,0.0,0.0,0.0,0.0,168.62691866994882,1.0,171.22185208277384,1.0,1.0,171.22185208277384,2.1082770942910325,0.20669383277363063,0.30709362832470144,2.4386205012007602,0.23908044129419218,0.4306892453155314,1.1691294192609314,0.0,0.375085999968102,0.22288713703391141,4.546897595491792,1.0,2026-06-09-06-55-44-468273,microagi,microagi,9,False,False,False,False,False,False,False
203.0,6.766666666666667,0.0,0.0,0.0,0.0,0.0,0.0,0.0,0.0,0.0,0.0,0.0,0.0,0.0,0.0,159.17095555714837,1.0,158.31423695413258,1.0,1.0,159.17095555714837,2.013808579865641,0.29908048215826355,0.4974968244916425,2.606645264744491,0.3871255343679938,0.7405024529224602,1.1508565482400817,0.0,0.541439082276271,0.3431030082631287,4.620453844610132,1.0,2026-06-09-06-56-41-021606,microagi,microagi,9,False,False,False,False,False,False,False
1021.0,34.03333333333333,0.0,0.0,0.0,0.0,0.0,0.0,0.0,0.0,0.0,0.0,0.0,0.0,0.0,0.0,165.47922466823036,1.0,160.8890521586795,1.0,1.0,165.47922466823036,9.844050400042136,0.2895308941188863,1.132171909594029,10.13926990874426,0.2982138208454194,1.1920957205862144,2.1369434247261516,0.0,1.1513228213026827,0.29387235748215285,19.983320308786396,1.0,2026-06-09-06-58-22-089509,microagi,microagi,9,False,False,False,False,True,False,True
192.0,6.4,0.0,0.0,0.0,0.0,0.0,0.0,0.0,0.0,0.0,0.0,0.0,0.0,0.0,0.0,152.94191109577758,1.0,155.5452956189792,1.0,1.0,155.5452956189792,0.9489159082740805,0.14904438349854665,0.13335568753982968,1.0476064245885668,0.16454551171548168,0.062318839059809505,0.5505200110906584,0.0,0.1209216957445299,0.15679494760701415,1.9965223328626474,1.0,2026-06-09-07-51-17-993389,microagi,microagi,9,False,False,False,False,False,False,False
193.0,6.433333333333334,0.0,0.0,0.0,0.0,0.0,0.0,0.0,0.0,0.0,0.0,0.0,0.0,0.0,0.0,164.3193846866178,1.0,165.13638529628753,1.0,1.0,165.13638529628753,2.298959056484565,0.3592123525757133,0.2062427389624591,2.427945844493415,0.3793665382020961,0.5843077035905894,1.0435995622498648,0.0,0.7849776917668266,0.3692894453889047,4.7269049009779796,1.0,2026-06-09-07-52-40-120788,microagi,microagi,9,False,False,False,False,False,False,False
611.0,20.366666666666667,0.0,0.0,0.0,0.0,0.0,0.0,0.0,0.0,0.0,0.0,0.0,0.0,0.0,0.0,155.78517450128686,1.0,158.0291710251074,1.0,1.0,158.0291710251074,6.337504619909557,0.3116805550775192,0.13507482399123483,5.635909078500992,0.2771758563197209,0.11379668017042327,1.381292413222408,0.0,0.5235068191526121,0.29442820569862005,11.97341369841055,1.0,2026-06-09-08-05-23-776554,microagi,microagi,9,False,False,False,False,False,False,False
452.0,15.066666666666666,0.0,0.0,0.0,0.0,0.0,0.0,0.0,0.0,0.0,0.0,0.0,0.0,0.0,0.0,149.10537014450392,1.0,151.27247752002046,1.0,1.0,151.27247752002046,5.6072180298726115,0.37298567826203616,0.5272008419370995,4.679208812936081,0.31125557513987234,0.5639281132258233,1.9780751428107894,0.0,0.8487537998103409,0.3421206267009543,10.286426842808693,1.0,2026-06-09-08-10-08-861718,microagi,microagi,9,False,False,False,False,False,False,False
1541.0,51.36666666666667,0.0,0.0,0.0,0.0,0.0,0.0,0.0,0.0,0.0,0.0,0.0,0.0,0.0,0.0,159.9433195997746,1.0,160.8374571016383,1.0,1.0,160.8374571016383,16.590250761925674,0.3231867031543963,0.24075773296221872,15.532055990056579,0.30257251928681644,0.39193724485471754,1.2445721549688942,0.0,0.7880087614067863,0.3128796112206064,32.12230675198225,1.0,2026-06-09-08-11-34-292338,microagi,microagi,9,False,False,False,False,True,False,True
190.0,6.333333333333333,0.0,0.0,0.0,0.0,0.0,0.0,0.0,0.0,0.0,0.0,0.0,0.0,0.0,0.0,159.2170331101627,1.0,158.71724879122814,1.0,1.0,159.2170331101627,1.9087950393858168,0.30298333958505025,0.3213002322683927,1.7594918451024502,0.2792844198575317,0.45157237213590223,1.1771966997650347,0.0,0.604868707645215,0.29113387972129107,3.668286884488267,1.0,2026-06-09-08-15-08-964781,microagi,microagi,9,False,False,False,False,False,False,False
738.0,24.6,0.0,0.0,0.0,0.0,0.0,0.0,0.0,0.0,0.0,0.0,0.0,0.0,0.0,0.0,156.31706832065277,1.0,160.52551943710972,1.0,1.0,160.52551943710972,8.417640644557373,0.3426448023564738,0.7745656987619787,7.871437345932713,0.3204112895223628,0.42467393912481355,1.2759888918031403,0.0,0.6476837532917946,0.3315280459394183,16.289077990490085,1.0,2026-06-09-08-46-47-663594,microagi,microagi,9,False,False,False,False,False,False,False
200.0,6.666666666666667,0.0,0.0,0.0,0.0,0.0,0.0,0.0,0.0,0.0,0.0,0.0,0.0,0.0,0.0,160.35060697953327,1.0,159.7899725733443,1.0,1.0,160.35060697953327,2.8087991858788808,0.4234370631978212,0.3335170027163888,3.064296377845772,0.4619542278159455,0.4313015321552916,1.688014741430071,0.0,0.7828585655986151,0.44269564550688334,5.873095563724653,1.0,2026-06-09-08-49-07-177499,microagi,microagi,9,False,False,False,False,False,False,False
283.0,9.433333333333334,0.0,0.0,0.0,0.0,0.0,0.0,0.0,0.0,0.0,0.0,0.0,0.0,0.0,0.0,157.31261247334737,1.0,159.6725077578107,1.0,1.0,159.6725077578107,3.5508161599359123,0.37774639999318216,0.5995970563235794,3.847979189985268,0.4093594882963051,0.6509051137526557,1.9248604096313284,0.0,0.8507148320764135,0.3935529441447437,7.39879534992118,1.0,2026-06-09-08-51-28-926437,microagi,microagi,9,False,False,False,False,False,False,False
825.0,27.5,0.0,0.0,0.0,0.0,0.0,0.0,0.0,0.0,0.0,0.0,0.0,0.0,0.0,0.0,156.91228739729655,1.0,158.27591556630733,1.0,1.0,158.27591556630733,7.268252363123455,0.2646208384632326,0.7745527406715232,8.314514208630282,0.30271289594527734,0.9113502323534712,1.6697515765009228,0.0,1.0715858306431636,0.28366686720425494,15.582766571753737,1.0,2026-06-09-08-52-46-052035,microagi,microagi,9,False,False,False,False,False,False,False
259.0,8.633333333333333,0.0,0.0,0.0,0.0,0.0,0.0,0.0,0.0,0.0,0.0,0.0,0.0,0.0,0.0,161.90492566729097,1.0,162.1041876307029,1.0,1.0,162.1041876307029,2.9140137753264193,0.3388388110844674,0.2673352469001639,3.1999477871429947,0.3720869519933715,0.597706431655629,1.6049626969696416,0.0,0.9142137446355788,0.3554628815389194,6.113961562469414,1.0,2026-06-09-08-55-58-284267,microagi,microagi,9,False,False,False,False,False,False,False
1012.0,33.733333333333334,0.0,0.0,0.0,0.0,0.0,0.0,0.0,0.0,0.0,0.0,0.0,0.0,0.0,0.0,162.34048532568676,1.0,162.21454279231034,1.0,1.0,162.34048532568676,7.791869162160052,0.23121273478219737,0.5491325759556559,9.681281599250163,0.28727838573442627,0.40560316464407,1.9570067811394,0.0,1.3065252979015256,0.2592455602583118,17.473150761410214,1.0,2026-06-09-09-19-28-397646,microagi,microagi,9,False,False,False,False,True,False,True
1431.0,47.7,0.0,0.0,0.0,0.0,0.0,0.0,0.0,0.0,0.0,0.0,0.0,0.0,0.0,0.0,162.04288736020408,1.0,162.18932433500683,1.0,1.0,162.18932433500683,10.573861935865812,0.22182927138180028,0.23828117764633838,10.550304691998042,0.22133506346849038,0.2198804897551556,1.284826195582771,0.0,0.678362668219473,0.22158216742514536,21.124166627863854,1.0,2026-06-09-09-23-26-273216,microagi,microagi,9,False,False,False,False,True,False,True
3467.0,115.56666666666666,0.0,0.0,0.0,0.0,0.0,0.0,0.0,0.0,0.0,0.0,0.0,0.0,0.0,0.0,157.51116825388414,1.0,160.96671168986555,1.0,1.0,160.96671168986555,41.00563233376231,0.35492468840532865,0.2768925520882932,40.91722580051635,0.3541594847130671,0.4541350927233763,2.8570015768497607,0.0,1.003203544071532,0.3545420865591979,81.92285813427866,1.0,2026-06-09-10-05-44-372541,microagi,microagi,9,False,False,False,False,True,False,True
842.0,28.066666666666666,0.0,0.0,0.0,0.0,0.0,0.0,0.0,0.0,0.0,0.0,0.0,0.0,0.0,0.0,159.19925906352734,1.0,162.0370712865473,1.0,1.0,162.0370712865473,10.800781735352828,0.3852835339602674,0.1431527160081534,11.976910175647843,0.42723817511228923,0.37961835817459266,3.23640303434159,0.0,1.0305340682858737,0.4062608545362783,22.777691911000673,1.0,2026-06-09-10-07-43-609611,microagi,microagi,9,False,False,False,False,False,False,False
161.0,5.366666666666666,0.0,0.0,0.0,0.0,0.0,0.0,0.0,0.0,0.0,0.0,0.0,0.0,0.0,0.0,156.53090807087403,1.0,162.251722494414,1.0,1.0,162.251722494414,1.493224727716938,0.2799796364469259,0.13280499347745023,1.9383223351236465,0.36343543783568366,0.5522747028491983,2.83899754983681,0.0,0.22526965002477478,0.3217075371413048,3.4315470628405844,1.0,2026-06-09-10-08-12-984611,microagi,microagi,9,False,False,False,False,False,False,False
151.0,5.033333333333333,0.0,0.0,0.0,0.0,0.0,0.0,0.0,0.0,0.0,0.0,0.0,0.0,0.0,0.0,160.1886151845992,1.0,159.2019427343844,1.0,1.0,160.1886151845992,2.2608045565390587,0.45216091130781183,0.46700857177739646,2.7645279713550304,0.5529055942710062,0.3847061273600297,2.7519870595402844,0.0,0.5601283260616583,0.5025332527894089,5.025332527894089,1.0,2026-06-09-10-08-13-383173,microagi,microagi,9,False,False,False,False,False,False,False
2075.0,69.16666666666667,0.0,0.0,0.0,0.0,0.0,0.0,0.0,0.0,0.0,0.0,0.0,0.0,0.0,0.0,157.07958034090746,1.0,160.24781715312847,1.0,1.0,160.24781715312847,23.921753904463003,0.3460234412410269,1.1605090517694503,24.355046659950542,0.3522909352934023,1.143378398633445,2.8531741211357975,0.0,0.9251952063075288,0.34915718826721465,48.27680056441355,1.0,2026-06-09-10-11-43-448309,microagi,microagi,9,False,False,False,False,True,False,True
178.0,5.933333333333334,0.0,0.0,0.0,0.0,0.0,0.0,0.0,0.0,0.0,0.0,0.0,0.0,0.0,0.0,163.49445383613747,1.0,166.43829184254366,1.0,1.0,166.43829184254366,2.3954194148256107,0.4060032906484086,0.8435738855755989,2.2806616935430446,0.3865528294140754,0.7776995676696251,1.2684551659248229,0.0,1.0445023513715195,0.396278060031242,4.676081108368655,1.0,2026-06-09-10-15-43-656705,microagi,microagi,9,False,False,False,False,False,False,False
231.0,7.7,0.0,0.0,0.0,0.0,0.0,0.0,0.0,0.0,0.0,0.0,0.0,0.0,0.0,0.0,150.4774423242227,1.0,153.24805095305982,1.0,1.0,153.24805095305982,3.18917565484597,0.4159794332407787,0.43879261063716785,3.255023202655151,0.42456824382458486,0.34240390706692947,1.237683400066564,0.0,0.3415553169943673,0.4202738385326818,6.444198857501121,1.0,2026-06-09-11-13-32-245512,microagi,microagi,9,False,False,False,False,False,False,False
163.0,5.433333333333334,0.0,0.0,0.0,0.0,0.0,0.0,0.0,0.0,0.0,0.0,0.0,0.0,0.0,0.0,150.07571530848966,1.0,151.3093896655029,1.0,1.0,151.3093896655029,2.775039008618566,0.5138961127071418,0.5119779373059681,2.9706476109113,0.550119927946537,0.559755213135828,1.183876019808128,0.0,0.4289302876622053,0.5320080203268394,5.745686619529866,1.0,2026-06-09-11-16-26-130823,microagi,microagi,9,False,False,False,False,False,False,False
210.0,7.0,0.0,0.0,0.0,0.0,0.0,0.0,0.0,0.0,0.0,0.0,0.0,0.0,0.0,0.0,149.99623775630332,1.0,151.0061486357617,1.0,1.0,151.0061486357617,3.58190366822868,0.5141488518988536,0.2870498073795389,4.808865775667732,0.6902678146891481,0.2394600188001063,1.6353448463471045,0.0,0.4644054108975179,0.6022083332940009,8.390769443896412,1.0,2026-06-09-11-19-43-259165,microagi,microagi,9,False,False,False,False,False,False,False
202.0,6.733333333333333,0.0,0.0,0.0,0.0,0.0,0.0,0.0,0.0,0.0,0.0,0.0,0.0,0.0,0.0,155.59536441333432,1.0,147.79077553843194,1.0,1.0,155.59536441333432,4.093655940217609,0.6109934239130759,0.27144320480967055,2.9436123704712926,0.4393451299210884,0.3540330060173293,3.7856561803679076,0.0,0.2685919353381688,0.5251692769170822,7.037268310688901,1.0,2026-06-09-16-53-46-802409,microagi,microagi,9,False,False,False,False,False,False,False
408.0,13.6,0.0,0.0,0.0,0.0,0.0,0.0,0.0,0.0,0.0,0.0,0.0,0.0,0.0,0.0,98.43313899260235,1.0,100.40914805656021,1.0,1.0,100.40914805656021,7.7775669580041,0.573285033759516,0.5583143755634967,7.288983148166924,0.5372714851228692,0.3273759030759871,1.8814127705140282,0.0,0.7428801274035192,0.5552782594411926,15.066550106171025,1.0,2026-06-09-16-57-52-169690,microagi,microagi,9,False,False,False,False,False,False,False
248.0,8.266666666666667,0.0,0.0,0.0,0.0,0.0,0.0,0.0,0.0,0.0,0.0,0.0,0.0,0.0,0.0,100.23879789191088,1.0,103.84155104710493,1.0,1.0,103.84155104710493,4.760745996248081,0.5782282586536132,0.6297579113227297,4.7197314736562035,0.573246737691037,0.5148148195713138,1.746560125677668,0.0,0.8165830992736695,0.575737498172325,9.480477469904285,1.0,2026-06-09-17-00-07-589842,microagi,microagi,9,False,False,False,False,False,False,False
389.0,12.966666666666667,0.0,0.0,0.0,0.0,0.0,0.0,0.0,0.0,0.0,0.0,0.0,0.0,0.0,0.0,160.306121962367,1.0,153.63528569498914,1.0,1.0,160.306121962367,3.836840656636814,0.2966629373688258,0.14238522484184016,4.112164862664287,0.31795089144311495,0.19745334747135648,1.5523173557863952,0.0,0.4453281552289531,0.3073069144059704,7.9490055193011,1.0,2026-06-09-17-05-16-315047,microagi,microagi,9,False,False,False,False,False,False,False
220.0,7.333333333333333,0.0,0.0,0.0,0.0,0.0,0.0,0.0,0.0,0.0,0.0,0.0,0.0,0.0,0.0,154.98027427198926,1.0,154.86403567060123,1.0,1.0,154.98027427198926,2.191296783062006,0.3001776415153433,0.4125176915277699,2.4544892595230965,0.33623140541412283,0.675507765571193,1.3340781140625193,0.0,0.5675598175019669,0.31820452346473305,4.645786042585103,1.0,2026-06-09-17-53-02-909316,microagi,microagi,9,False,False,False,False,False,False,False
1222.0,40.733333333333334,0.0,0.0,0.0,0.0,0.0,0.0,0.0,0.0,0.0,0.0,0.0,0.0,0.0,0.0,145.4501500502496,1.0,144.74100482065023,1.0,1.0,145.4501500502496,11.177136514848616,0.27462251879234933,0.283540269870493,14.300399822141486,0.35136117499119124,0.23230564410503757,1.6967140883820528,0.0,0.7965493532941762,0.3129918468917703,25.477536336990102,1.0,2026-06-09-18-12-37-271498,microagi,microagi,9,False,False,False,False,True,False,True
275.0,9.166666666666666,0.0,0.0,0.0,0.0,0.0,0.0,0.0,0.0,0.0,0.0,0.0,0.0,0.0,0.0,139.66185278820888,1.0,139.8954360835714,1.0,1.0,139.8954360835714,1.381499600320561,0.15125908032706872,0.13126784143779288,1.6658326694140624,0.18239043825701412,0.18486635623469286,0.7984941043857794,0.0,0.44272042472528145,0.1668247592920414,3.0473322697346235,1.0,2026-06-09-18-14-00-953164,microagi,microagi,9,False,False,False,False,False,False,False
282.0,9.4,0.0,0.0,0.0,0.0,0.0,0.0,0.0,0.0,0.0,0.0,0.0,0.0,0.0,0.0,147.2237870369401,1.0,150.0317206517712,1.0,1.0,150.0317206517712,2.221656896887679,0.23718756906274152,0.3800545696492088,2.1820920168205933,0.2329635605146541,0.6407452954623041,0.9133398019111327,0.0,0.7630534543202676,0.2350755647886978,4.403748913708272,1.0,2026-06-09-18-17-58-257313,microagi,microagi,9,False,False,False,False,False,False,False
2329.0,77.63333333333334,0.0,0.0,0.0,0.0,0.0,0.0,0.0,0.0,0.0,0.0,0.0,0.0,0.0,0.0,154.4675130372017,1.0,148.82396950201803,1.0,1.0,154.4675130372017,22.862862997476867,0.2946245231633617,0.16675472875948347,32.32801894310181,0.4165981822564667,0.13782663893556354,1.3783185072430058,0.0,0.8197686822719125,0.3556113527099142,55.19088194057868,1.0,2026-06-09-18-54-05-687206,microagi,microagi,9,False,False,False,False,True,False,True
229.0,7.633333333333334,0.0,0.0,0.0,0.0,0.0,0.0,0.0,0.0,0.0,0.0,0.0,0.0,0.0,0.0,161.34241571234497,1.0,160.81279034820935,1.0,1.0,161.34241571234497,3.097042152166986,0.4075055463377614,0.26674520007538316,2.992597253446601,0.3937627965061317,0.46941701671034547,1.352915422287705,0.0,0.7965564225583872,0.40063417142194657,6.089639405613587,1.0,2026-06-09-18-55-39-974959,microagi,microagi,9,False,False,False,False,False,False,False
819.0,27.3,0.0,0.0,0.0,0.0,0.0,0.0,0.0,0.0,0.0,0.0,0.0,0.0,0.0,0.0,153.99776456348357,1.0,148.42537349841103,1.0,1.0,153.99776456348357,9.703283112115468,0.3558661288061908,0.43823089339236315,11.501677274976547,0.42182190495024013,0.4170531174903278,1.3242543030676277,0.0,0.9099186986228146,0.38884401687821546,21.204960387092015,1.0,2026-06-09-18-57-07-626625,microagi,microagi,9,False,False,False,False,False,False,False
314.0,10.466666666666667,0.0,0.0,0.0,0.0,0.0,0.0,0.0,0.0,0.0,0.0,0.0,0.0,0.0,0.0,159.82154273107926,1.0,157.97050437572017,1.0,1.0,159.82154273107926,3.7862391757679177,0.3628983235560305,0.18899740313863872,4.774527141381933,0.4576224097171182,0.2468185082485989,1.5418293705449404,0.0,0.5234219807540965,0.41026036663657434,8.56076631714985,1.0,2026-06-09-18-58-32-608967,microagi,microagi,9,False,False,False,False,False,False,False
806.0,26.866666666666667,0.0,0.0,0.0,0.0,0.0,0.0,0.0,0.0,0.0,0.0,0.0,0.0,0.0,0.0,146.28369611936648,1.0,145.57781400129545,1.0,1.0,146.28369611936648,8.41820438084308,0.31372190239166764,0.44070197054155785,10.514534285894744,0.39184599823210225,0.6313008025778993,1.6536938167977542,0.0,0.9688516054531833,0.3527839503118849,18.932738666737826,1.0,2026-06-09-19-00-27-541240,microagi,microagi,9,False,False,False,False,False,False,False
443.0,14.766666666666667,0.0,0.0,0.0,0.0,0.0,0.0,0.0,0.0,0.0,0.0,0.0,0.0,0.0,0.0,161.69430060300604,1.0,167.04014039626938,1.0,1.0,167.04014039626938,5.238266191993985,0.3555384293208587,0.1857823407700753,4.782031809964501,0.3245722947939706,0.2556127483745829,1.3488078447383738,0.0,0.895406205343785,0.34005536205741466,10.020298001958485,1.0,2026-06-09-19-07-45-074262,microagi,microagi,9,False,False,False,False,False,False,False
2785.0,92.83333333333333,0.0,0.0,0.0,0.0,0.0,0.0,0.0,0.0,0.0,0.0,0.0,0.0,0.0,0.0,146.47882703433692,1.0,145.32224809423278,1.0,1.0,146.47882703433692,34.215577971763494,0.3687023488336584,0.41736897185639926,42.85318183270703,0.46177997664554987,0.21904266124686722,1.6725117453339775,0.0,0.9891808220663921,0.41524116273960415,77.06875980447052,1.0,2026-06-09-19-23-25-500935,microagi,microagi,9,False,False,False,False,True,False,True
608.0,20.266666666666666,0.0,0.0,0.0,0.0,0.0,0.0,0.0,0.0,0.0,0.0,0.0,0.0,0.0,0.0,147.12449981900147,1.0,146.58900383218898,1.0,1.0,147.12449981900147,5.309498123061418,0.262413416296281,0.5788609410347474,5.903683583502397,0.2917800782620624,0.33081870513133027,1.5349739602356443,0.0,0.8649923586318357,0.2770967472791717,11.213181706563816,1.0,2026-06-09-19-27-12-063680,microagi,microagi,9,False,False,False,False,False,False,False
1312.0,43.733333333333334,0.0,0.0,0.0,0.0,0.0,0.0,0.0,0.0,0.0,0.0,0.0,0.0,0.0,0.0,151.29208262759028,1.0,153.51268201896264,1.0,1.0,153.51268201896264,19.901858256333192,0.45542009739892886,0.18456191747172732,19.234834701195012,0.4401564004850117,0.19096963712992074,3.736924603721827,0.0,0.40004519553344614,0.4477882489419703,39.136692957528204,1.0,2026-06-09-21-11-05-735103,microagi,microagi,9,False,False,False,False,True,False,True
567.0,18.9,0.0,0.0,0.0,0.0,0.0,0.0,0.0,0.0,0.0,0.0,0.0,0.0,0.0,0.0,152.14976800305405,1.0,153.08495329792078,1.0,1.0,153.08495329792078,8.709982877785599,0.46165986984729324,0.41046519711698193,9.548258339209337,0.5060914314068553,0.3647727127480781,1.4823484933722666,0.0,0.5331343094943358,0.4838756506270742,18.258241216994936,1.0,2026-06-09-21-13-41-032261,microagi,microagi,9,False,False,False,False,False,False,False
157.0,5.233333333333333,0.0,0.0,0.0,0.0,0.0,0.0,0.0,0.0,0.0,0.0,0.0,0.0,0.0,0.0,151.4394068170126,1.0,155.85695942575816,1.0,1.0,155.85695942575816,2.563129078896885,0.49290943824940103,0.25261409091351567,2.3293578728765256,0.4479534370916395,0.17512874318854685,2.202805943440351,0.0,0.5866105407615275,0.47043143767052026,4.89248695177341,1.0,2026-06-09-21-14-45-357690,microagi,microagi,9,False,False,False,False,False,False,False
620.0,20.666666666666668,0.0,0.0,0.0,0.0,0.0,0.0,0.0,0.0,0.0,0.0,0.0,0.0,0.0,0.0,158.61048596412823,1.0,159.75147284942466,1.0,1.0,159.75147284942466,7.366202581554083,0.35700497164236267,0.06099776159424092,9.512141161653062,0.46100845694602893,0.23036563781801492,1.762878174825087,0.0,0.7578163955250472,0.4090067142941958,16.878343743207147,1.0,2026-06-09-21-15-42-214356,microagi,microagi,9,False,False,False,False,False,False,False
1148.0,38.266666666666666,0.0,0.0,0.0,0.0,0.0,0.0,0.0,0.0,0.0,0.0,0.0,0.0,0.0,0.0,162.15321198822397,1.0,162.75980006642857,1.0,1.0,162.75980006642857,11.730706195684242,0.3068188194163271,0.585424437369404,12.080544007515911,0.3159688929603115,0.6474529083293916,1.6817479265284494,0.0,0.835185725820008,0.31139385618831933,23.811250203200153,1.0,2026-06-10-07-54-05-164526,microagi,microagi,9,False,False,False,False,True,False,True
1195.0,39.833333333333336,0.0,0.0,0.0,0.0,0.0,0.0,0.0,0.0,0.0,0.0,0.0,0.0,0.0,0.0,156.88749563912566,1.0,158.46166673108365,1.0,1.0,158.46166673108365,9.863593533255747,0.2478289832476318,0.8496741862667124,10.457074411647685,0.2627405631067257,0.7373219345185035,2.1481350668647066,0.0,0.7291866189064702,0.2552847731771788,20.320667944903434,1.0,2026-06-10-08-04-29-869464,microagi,microagi,9,False,False,False,False,True,False,True
2265.0,75.5,0.0,0.0,0.0,0.0,0.0,0.0,0.0,0.0,0.0,0.0,0.0,0.0,0.0,0.0,158.8005583878001,1.0,159.97040195896693,1.0,1.0,159.97040195896693,28.711381458301855,0.38045116773368176,0.6131438256049934,28.19490399686988,0.3736073851175337,0.5045537923030602,5.292950272061454,0.0,0.8907704757054185,0.37702927642560774,56.906285455171734,1.0,2026-06-10-08-05-14-849464,microagi,microagi,9,False,False,False,False,True,False,True
772.0,25.733333333333334,0.0,0.0,0.0,0.0,0.0,0.0,0.0,0.0,0.0,0.0,0.0,0.0,0.0,0.0,159.70113700063308,1.0,159.19332530573968,1.0,1.0,159.70113700063308,4.027647316139332,0.1567177944023086,0.06252449873039535,5.226260635263743,0.20335644495189664,0.0781478286606403,1.2469604029742343,0.0,0.24003113131415332,0.1800371196771026,9.253907951403075,1.0,2026-06-10-08-11-59-479966,microagi,microagi,9,False,False,False,False,False,False,False
151.0,5.033333333333333,0.0,0.0,0.0,0.0,0.0,0.0,0.0,0.0,0.0,0.0,0.0,0.0,0.0,0.0,160.76326989414102,1.0,159.25468681353465,1.0,1.0,160.76326989414102,0.7612428757684107,0.1522485751536821,0.09765733333653465,1.0018501057444789,0.2003700211488958,0.20928056097059455,0.8299382503776582,0.0,0.16120066771309427,0.17630929815128893,1.7630929815128895,1.0,2026-06-10-08-13-49-314926,microagi,microagi,9,False,False,False,False,False,False,False
2129.0,70.96666666666667,0.0,0.0,0.0,0.0,0.0,0.0,0.0,0.0,0.0,0.0,0.0,0.0,0.0,0.0,158.51179351131307,1.0,158.48739741424896,1.0,1.0,158.51179351131307,25.722377670973017,0.362627504759958,0.040822021171296595,26.539631512006423,0.37414894048881236,0.1300048154961451,2.1683787001176045,0.0,0.9248763330901413,0.36838822262438514,52.26200918297944,1.0,2026-06-10-08-20-22-655263,microagi,microagi,9,False,False,False,False,True,False,True
207.0,6.9,0.0,0.0,0.0,0.0,0.0,0.0,0.0,0.0,0.0,0.0,0.0,0.0,0.0,0.0,156.65318021981983,1.0,156.12685112872177,1.0,1.0,156.65318021981983,1.9149850578004095,0.278881319097147,0.4273634557364422,2.0831970008845344,0.30337820401231086,0.4425186467886156,1.4686511312984503,0.0,0.9681626719475152,0.2911297615547289,3.998182058684944,1.0,2026-06-10-08-22-10-789069,microagi,microagi,9,False,False,False,False,False,False,False
389.0,12.966666666666667,0.0,0.0,0.0,0.0,0.0,0.0,0.0,0.0,0.0,0.0,0.0,0.0,0.0,0.0,157.57666735703165,1.0,158.16874686816502,1.0,1.0,158.16874686816502,4.958601736825647,0.38339704150713766,0.41793176483830063,4.985191741422192,0.3854529696975922,0.62677159209766,1.2135892699101938,0.0,0.6125471026669171,0.3844250056023649,9.943793478247839,1.0,2026-06-10-08-30-36-777904,microagi,microagi,9,False,False,False,False,False,False,False
863.0,28.766666666666666,0.0,0.0,0.0,0.0,0.0,0.0,0.0,0.0,0.0,0.0,0.0,0.0,0.0,0.0,156.11884973191047,1.0,157.87022201009887,1.0,1.0,157.87022201009887,10.214802739950555,0.3555035756363302,0.4898758239754943,11.21057169653741,0.3901591077681234,0.599833306954235,1.3520551434332557,0.0,0.8117728044124409,0.3728313417022268,21.425374436487964,1.0,2026-06-10-08-38-57-670112,microagi,microagi,9,False,False,False,False,False,False,False
1276.0,42.53333333333333,0.0,0.0,0.0,0.0,0.0,0.0,0.0,0.0,0.0,0.0,0.0,0.0,0.0,0.0,155.7093760465282,1.0,158.09021676023872,1.0,1.0,158.09021676023872,14.480093157908232,0.3407080743037231,0.14497136728180024,14.414299491340723,0.33915998803154634,0.06273441179819428,1.5726047887594679,0.0,0.5372187699921809,0.3399340311676347,28.894392649248957,1.0,2026-06-10-08-39-28-080112,microagi,microagi,9,False,False,False,False,True,False,True
574.0,19.133333333333333,0.0,0.0,0.0,0.0,0.0,0.0,0.0,0.0,0.0,0.0,0.0,0.0,0.0,0.0,157.20078207620196,1.0,159.42747943108708,1.0,1.0,159.42747943108708,6.937960684623483,0.363244014901753,0.4117550070019742,7.579153139325108,0.3968143004882256,0.18414747757464892,1.4705536024575163,0.0,0.7977675705597133,0.3800291576949893,14.517113823948591,1.0,2026-06-10-08-44-18-675861,microagi,microagi,9,False,False,False,False,False,False,False
338.0,11.266666666666667,0.0,0.0,0.0,0.0,0.0,0.0,0.0,0.0,0.0,0.0,0.0,0.0,0.0,0.0,156.42451154790245,1.0,159.06178199442928,1.0,1.0,159.06178199442928,4.921850795217732,0.43814695506389306,0.3224765612757416,4.940642289490034,0.4398197883819021,0.3277063553594823,1.8850064326185996,0.0,0.9610322566143477,0.4389833717228976,9.862493084707765,1.0,2026-06-10-08-45-45-004042,microagi,microagi,9,False,False,False,False,False,False,False
528.0,17.6,0.0,0.0,0.0,0.0,0.0,0.0,0.0,0.0,0.0,0.0,0.0,0.0,0.0,0.0,171.67474884886562,1.0,174.53820993133218,1.0,1.0,174.53820993133218,4.592954942833042,0.2614585356451447,0.1925285105860604,5.147047756505204,0.2930008210534272,0.421473137594663,1.2852139176545285,0.0,0.42769832875963076,0.27722967834928597,9.740002699338245,1.0,2026-06-10-09-17-37-810219,microagi,microagi,9,False,False,False,False,False,False,False
423.0,14.1,0.0,0.0,0.0,0.0,0.0,0.0,0.0,0.0,0.0,0.0,0.0,0.0,0.0,0.0,170.15609831434406,1.0,172.8416206565538,1.0,1.0,172.8416206565538,5.166058842080117,0.36725536792038743,0.3461976068630688,5.6084260406177915,0.3987032730297008,0.4958182879770818,2.666035430748805,0.0,0.8668141336995471,0.3829793204750441,10.774484882697909,1.0,2026-06-10-09-21-47-794998,microagi,microagi,9,False,False,False,False,False,False,False
847.0,28.233333333333334,0.0,0.0,0.0,0.0,0.0,0.0,0.0,0.0,0.0,0.0,0.0,0.0,0.0,0.0,159.882550775508,1.0,160.01820156786718,1.0,1.0,160.01820156786718,9.82616936236347,0.34844572206962654,0.47165937424128507,11.379528521177697,0.4035293801836063,0.2579442998336614,3.770557949718499,0.0,0.6205882567827861,0.3759875511266164,21.205697883541166,1.0,2026-06-10-09-38-20-369402,microagi,microagi,9,False,False,False,False,False,False,False
400.0,13.333333333333334,0.0,0.0,0.0,0.0,0.0,0.0,0.0,0.0,0.0,0.0,0.0,0.0,0.0,0.0,160.21444951900992,1.0,161.00693165435035,1.0,1.0,161.00693165435035,3.3874308222129135,0.25469404678292584,0.13946255914636194,3.7340126294478155,0.28075282928179063,0.09124263091074651,2.723967659152066,0.0,0.23512289357191588,0.2677234380323582,7.1214434516607295,1.0,2026-06-10-09-42-59-723879,microagi,microagi,9,False,False,False,False,False,False,False
159.0,5.3,0.0,0.0,0.0,0.0,0.0,0.0,0.0,0.0,0.0,0.0,0.0,0.0,0.0,0.0,157.25688013261802,1.0,157.48059104895935,1.0,1.0,157.48059104895935,1.6024622029181144,0.30426497523761664,0.5733917879668667,1.7582495144752555,0.3338448445206181,0.7874989493071366,1.1849485069017751,0.0,0.6894726836796319,0.3190549098791174,3.36071171739337,1.0,2026-06-10-09-53-48-241912,microagi,microagi,9,False,False,False,False,False,False,False
3724.0,124.13333333333334,0.0,0.0,0.0,0.0,0.0,0.0,0.0,0.0,0.0,0.0,0.0,0.0,0.0,0.0,158.1988755519648,1.0,159.05410769112171,1.0,1.0,159.05410769112171,39.05600637986074,0.3147139917796998,0.49396367957248644,41.86123953919084,0.3373186103077424,0.4130861840133924,3.8172932710760406,0.0,1.063483722479176,0.32601630104372115,80.91724591905158,1.0,2026-06-10-09-56-08-820573,microagi,microagi,9,False,False,False,False,True,False,True
215.0,7.166666666666667,0.0,0.0,0.0,0.0,0.0,0.0,0.0,0.0,0.0,0.0,0.0,0.0,0.0,0.0,156.4676464081952,1.0,156.901075255843,1.0,1.0,156.901075255843,1.9777594826846534,0.27725600224551217,0.5756120402060912,1.9484385188203817,0.27314558675052075,0.6835094328120622,1.0518003387493817,0.0,0.4985783258295641,0.2752007944980165,3.926198001505035,1.0,2026-06-10-10-02-07-601890,microagi,microagi,9,False,False,False,False,False,False,False
1128.0,37.6,0.0,0.0,0.0,0.0,0.0,0.0,0.0,0.0,0.0,0.0,0.0,0.0,0.0,0.0,157.72097994181564,1.0,158.78457836022935,1.0,1.0,158.78457836022935,11.242475804505709,0.29926732398861694,0.5502196916044745,12.424310483036912,0.33072698712609344,0.5650911230991091,1.2487066351489098,0.0,0.7899373211496403,0.3149971555573552,23.66678628754262,1.0,2026-06-10-10-02-18-238557,microagi,microagi,9,False,False,False,False,True,False,True
169.0,5.633333333333334,0.0,0.0,0.0,0.0,0.0,0.0,0.0,0.0,0.0,0.0,0.0,0.0,0.0,0.0,167.7117010475103,1.0,160.3246414401156,1.0,1.0,167.7117010475103,1.7507241892128147,0.31262931950228834,0.08341945324669713,1.3440170010966075,0.24000303591010846,0.13726378737051562,1.4947848014448775,0.0,0.24657824143787274,0.2763161777061984,3.0947411903094224,1.0,2026-06-10-13-47-27-846377,microagi,microagi,9,False,False,False,False,False,False,False
367.0,12.233333333333333,0.0,0.0,0.0,0.0,0.0,0.0,0.0,0.0,0.0,0.0,0.0,0.0,0.0,0.0,167.53334088716946,1.0,162.25831040713985,1.0,1.0,167.53334088716946,5.287446429166328,0.433397248292322,0.36804635785012974,5.55084464593647,0.45498726606036644,0.3751344179552353,1.803366909621905,0.0,0.4078547700991314,0.4441922571763442,10.838291075102799,1.0,2026-06-10-17-30-32-605981,microagi,microagi,9,False,False,False,False,False,False,False
234.0,7.8,0.0,0.0,0.0,0.0,0.0,0.0,0.0,0.0,0.0,0.0,0.0,0.0,0.0,0.0,158.3314636671863,1.0,157.72886842706862,1.0,1.0,158.3314636671863,1.5560980848631898,0.20035597659182702,0.26654422376298426,1.5179537297123926,0.1954446862290634,0.366418141839817,0.7836913044094409,0.0,0.24023433253029425,0.19790033141044522,3.0740518145755824,1.0,2026-06-10-17-31-45-468102,microagi,microagi,9,False,False,False,False,False,False,False
373.0,12.433333333333334,0.0,0.0,0.0,0.0,0.0,0.0,0.0,0.0,0.0,0.0,0.0,0.0,0.0,0.0,126.53756371353573,1.0,128.73590490294592,1.0,1.0,128.73590490294592,4.140416598173925,0.3339045643688649,0.18893929644483068,4.395893124972331,0.35450751007841386,0.30885012012042107,1.4279449985721693,0.0,0.9212750365328632,0.34420603722363935,8.536309723146257,1.0,2026-06-10-17-32-54-708102,microagi,microagi,9,False,False,False,False,False,False,False
153.0,5.1,0.0,0.0,0.0,0.0,0.0,0.0,0.0,0.0,0.0,0.0,0.0,0.0,0.0,0.0,171.84034041980632,1.0,169.74783923545374,1.0,1.0,171.84034041980632,1.1738224979480716,0.2316754930160668,0.03870580752711653,1.1665726183802176,0.23024459573293773,0.22268829330176565,0.7085622815363388,0.0,0.3004544129311721,0.23096004437450227,2.3403951163282892,1.0,2026-06-11-07-17-16-830800,microagi,microagi,9,False,False,False,False,False,False,False
264.0,8.8,0.0,0.0,0.0,0.0,0.0,0.0,0.0,0.0,0.0,0.0,0.0,0.0,0.0,0.0,165.41540112931517,1.0,169.48031121566584,1.0,1.0,169.48031121566584,2.229340201956842,0.25429736143994397,0.09797696155285708,2.3731741780048248,0.270704278859866,0.06140902274454244,2.3341871922967337,0.0,0.3472887269771947,0.26250082014990495,4.602514379961667,1.0,2026-06-11-07-18-26-619133,microagi,microagi,9,False,False,False,False,False,False,False
200.0,6.666666666666667,0.0,0.0,0.0,0.0,0.0,0.0,0.0,0.0,0.0,0.0,0.0,0.0,0.0,0.0,165.52275321124327,1.0,165.9345442068722,1.0,1.0,165.9345442068722,1.7747779729405428,0.2675544682824939,0.24028047143791104,1.3588930835217423,0.20485825379724762,0.022617380105993335,0.7190380974022672,0.0,0.30492944779464304,0.23620636103987075,3.133671056462285,1.0,2026-06-11-07-24-42-739069,microagi,microagi,9,False,False,False,False,False,False,False
183.0,6.1,0.0,0.0,0.0,0.0,0.0,0.0,0.0,0.0,0.0,0.0,0.0,0.0,0.0,0.0,175.37761008645924,1.0,167.10063060731144,1.0,1.0,175.37761008645924,1.3941655780424673,0.22980751286414294,0.21420295064113878,1.6288612033610606,0.2684936049496254,0.1435952956563415,0.7830866870974428,0.0,0.327934904359177,0.2491505589068842,3.023026781403528,1.0,2026-06-11-07-34-16-325959,microagi,microagi,9,False,False,False,False,False,False,False
480.0,16.0,0.0,0.0,0.0,0.0,0.0,0.0,0.0,0.0,0.0,0.0,0.0,0.0,0.0,0.0,167.20304409852494,1.0,162.74516190160847,1.0,1.0,167.20304409852494,4.253705900140746,0.266411643015078,0.25515679573582406,3.711040842058377,0.2324242698575184,0.2539174868279853,1.6319768718419958,0.0,0.3192632740656639,0.2494179564362982,7.964746742199123,1.0,2026-06-11-07-34-24-295959,microagi,microagi,9,False,False,False,False,False,False,False
349.0,11.633333333333333,0.0,0.0,0.0,0.0,0.0,0.0,0.0,0.0,0.0,0.0,0.0,0.0,0.0,0.0,169.2634812851561,1.0,163.70127670411438,1.0,1.0,169.2634812851561,4.119574706607182,0.3551357505695847,0.42970908162934995,4.133042144567299,0.3562967366006292,0.5857415316466785,1.723967612146072,0.0,0.6895704632213492,0.35571624358510695,8.25261685117448,1.0,2026-06-11-07-36-03-494346,microagi,microagi,9,False,False,False,False,False,False,False
396.0,13.2,0.0,0.0,0.0,0.0,0.0,0.0,0.0,0.0,0.0,0.0,0.0,0.0,0.0,0.0,167.68750463849,1.0,154.4875457583139,1.0,1.0,167.68750463849,5.064986926579051,0.38468255138575075,0.23377390513335358,4.817301052313607,0.3658709659985019,0.2962797923175964,1.9037430912554012,0.0,0.7085413707715543,0.37527675869212634,9.88228797889266,1.0,2026-06-11-07-36-56-444346,microagi,microagi,9,False,False,False,False,False,False,False
321.0,10.7,0.0,0.0,0.0,0.0,0.0,0.0,0.0,0.0,0.0,0.0,0.0,0.0,0.0,0.0,166.53412081555012,1.0,160.9663987050457,1.0,1.0,166.53412081555012,3.094047297173942,0.29006693411005713,0.24085173932943454,3.2953939471135927,0.3089431825418993,0.07933807679175978,1.1703148334425764,0.0,0.6937503823062666,0.2995050583259782,6.389441244287535,1.0,2026-06-11-07-37-14-049337,microagi,microagi,9,False,False,False,False,False,False,False
152.0,5.066666666666666,0.0,0.0,0.0,0.0,0.0,0.0,0.0,0.0,0.0,0.0,0.0,0.0,0.0,0.0,162.3257312981376,1.0,156.51079542810623,1.0,1.0,162.3257312981376,1.453867477178342,0.288847843148015,0.5854141582395964,1.5623011971660317,0.31039096632437707,0.2595945673314081,1.3555386619240775,0.0,0.611812047513125,0.299619404736196,3.0161686743443736,1.0,2026-06-11-07-38-19-071004,microagi,microagi,9,False,False,False,False,False,False,False
210.0,7.0,0.0,0.0,0.0,0.0,0.0,0.0,0.0,0.0,0.0,0.0,0.0,0.0,0.0,0.0,170.2583994976797,1.0,166.17696212073315,1.0,1.0,170.2583994976797,2.268015203113181,0.3255524214994997,0.2208408249209957,2.154112113940098,0.3092026957808752,0.13102160418899,1.3967232969359602,0.0,0.07385094566958192,0.3173775586401875,4.422127317053279,1.0,2026-06-11-12-34-55-249846,microagi,microagi,9,False,False,False,False,False,False,False
815.0,27.166666666666668,0.0,0.0,0.0,0.0,0.0,0.0,0.0,0.0,0.0,0.0,0.0,0.0,0.0,0.0,158.6241935812828,1.0,158.92159971491512,1.0,1.0,158.92159971491512,9.015062622629959,0.33225046520749235,0.5043451794552027,9.911732501248256,0.3652972666307711,0.6348168326821566,1.65510364254425,0.0,0.8114237489924315,0.34877386591913173,18.926795123878215,1.0,2026-06-11-13-41-51-867030,microagi,microagi,9,False,False,False,False,False,False,False
223.0,7.433333333333334,0.0,0.0,0.0,0.0,0.0,0.0,0.0,0.0,0.0,0.0,0.0,0.0,0.0,0.0,164.41100643321775,1.0,165.76435556734134,1.0,1.0,165.76435556734134,3.3335086987763782,0.4504741484832944,0.4895903842218181,3.61662014696246,0.4887324522922244,0.5036144226757278,1.302623656479304,0.0,0.8216897362469634,0.46960330038775944,6.950128845738838,1.0,2026-06-11-13-47-55-561373,microagi,microagi,9,False,False,False,False,False,False,False
163.0,5.433333333333334,0.0,0.0,0.0,0.0,0.0,0.0,0.0,0.0,0.0,0.0,0.0,0.0,0.0,0.0,166.1509574264091,1.0,166.3985553972704,1.0,1.0,166.3985553972704,1.8030094611171132,0.33389064094761356,0.5668839355977273,1.4959147856863984,0.2770212566085923,0.5328831000084266,1.1857520109813742,0.0,0.8639938367369424,0.30545594877810295,3.2989242468035114,1.0,2026-06-11-13-50-54-008440,microagi,microagi,9,False,False,False,False,False,False,False
592.0,19.733333333333334,0.0,0.0,0.0,0.0,0.0,0.0,0.0,0.0,0.0,0.0,0.0,0.0,0.0,0.0,162.58329129368346,1.0,161.792071385687,1.0,1.0,162.58329129368346,6.315796735742262,0.3205988190732113,0.25607849809823297,7.780592628170808,0.39495394051628463,0.075379870266649,1.6576675838916084,0.0,0.3355037935562402,0.357776379794748,14.09638936391307,1.0,2026-06-11-13-51-25-600242,microagi,microagi,9,False,False,False,False,False,False,False
448.0,14.933333333333334,0.0,0.0,0.0,0.0,0.0,0.0,0.0,0.0,0.0,0.0,0.0,0.0,0.0,0.0,154.68243664155352,1.0,154.37633071431054,1.0,1.0,154.68243664155352,3.57182502497512,0.2397198003339007,0.3448752090862733,5.224179455655204,0.3506160708493425,0.3443605774558474,2.6783896609959212,0.0,0.3810858571808997,0.29516793559162163,8.796004480630323,1.0,2026-06-11-13-51-53-543576,microagi,microagi,9,False,False,False,False,False,False,False
2117.0,70.56666666666666,0.0,0.0,0.0,0.0,0.0,0.0,0.0,0.0,0.0,0.0,0.0,0.0,0.0,0.0,161.3536250777708,1.0,158.16999492102582,1.0,1.0,161.3536250777708,19.901044247530738,0.28215091088181576,0.16311512675877834,26.487666624314677,0.37553402586457485,0.12207576857781689,2.4339579301374505,0.0,0.7086478806327375,0.3288424683731953,46.38871087184542,1.0,2026-06-11-13-52-37-025242,microagi,microagi,9,False,False,False,False,True,False,True
391.0,13.033333333333333,0.0,0.0,0.0,0.0,0.0,0.0,0.0,0.0,0.0,0.0,0.0,0.0,0.0,0.0,143.85162424352967,1.0,165.91298571213358,1.0,1.0,165.91298571213358,4.296898414821467,0.330530647293959,0.47000176131821586,4.594939546829609,0.35345688821766225,0.663574662178679,1.3783088796577982,0.0,0.44656321353637873,0.3419937677558106,8.891837961651076,1.0,2026-06-11-13-54-31-065477,microagi,microagi,9,False,False,False,False,False,False,False
1202.0,40.06666666666667,0.0,0.0,0.0,0.0,0.0,0.0,0.0,0.0,0.0,0.0,0.0,0.0,0.0,0.0,148.05754862833766,1.0,166.09252109526733,1.0,1.0,166.09252109526733,12.638891728270874,0.3157092022049344,0.996122199608877,14.840338965149552,0.3706995578305467,1.0104449750806124,1.8787673925728483,0.0,1.0581051575029536,0.34320438001774056,27.479230693420426,1.0,2026-06-11-13-57-01-783981,microagi,microagi,9,False,False,False,False,True,False,True
681.0,22.7,0.0,0.0,0.0,0.0,0.0,0.0,0.0,0.0,0.0,0.0,0.0,0.0,0.0,0.0,153.20693991914015,1.0,162.67592108456537,1.0,1.0,162.67592108456537,8.858714137825935,0.39082562372761476,0.15908087723572298,9.947562163675787,0.4388630366327553,0.14330317779951968,2.0662725726250795,0.0,1.2527503293164393,0.414844330180185,18.806276301501722,1.0,2026-06-11-14-05-01-384725,microagi,microagi,9,False,False,False,False,False,False,False
445.0,14.833333333333334,0.0,0.0,0.0,0.0,0.0,0.0,0.0,0.0,0.0,0.0,0.0,0.0,0.0,0.0,144.2815720363271,1.0,171.78860664906105,1.0,1.0,171.78860664906105,5.313781809467205,0.35903931145048684,0.9795926140572291,6.080815228674441,0.4108658938293542,1.2188171481678407,1.799320334117173,0.0,1.175117107050954,0.3849526026399204,11.394597038141645,1.0,2026-06-11-14-06-08-774890,microagi,microagi,9,False,False,False,False,False,False,False
182.0,6.066666666666666,0.0,0.0,0.0,0.0,0.0,0.0,0.0,0.0,0.0,0.0,0.0,0.0,0.0,0.0,166.37494031604746,1.0,157.1943846664985,1.0,1.0,166.37494031604746,1.8387205430754938,0.3047603110069879,0.042713923882226064,2.8323563524908897,0.4694513291421364,0.5560341694613473,1.3385979462958184,0.0,0.507520770972598,0.3871058200745621,4.671076895566383,1.0,2026-06-11-14-06-32-483224,microagi,microagi,9,False,False,False,False,False,False,False
164.0,5.466666666666667,0.0,0.0,0.0,0.0,0.0,0.0,0.0,0.0,0.0,0.0,0.0,0.0,0.0,0.0,164.96674150537814,1.0,163.285297471013,1.0,1.0,164.96674150537814,2.2181120151320304,0.40824147517767423,0.4970782060591075,1.7574579052565014,0.3234585101699082,0.5158013267119953,1.7360839147167717,0.0,0.36611079439955113,0.36584999267379126,3.9755699203885317,1.0,2026-06-11-14-46-27-024928,microagi,microagi,9,False,False,False,False,False,False,False
291.0,9.7,0.0,0.0,0.0,0.0,0.0,0.0,0.0,0.0,0.0,0.0,0.0,0.0,0.0,0.0,170.20556614717512,1.0,165.98822073259586,1.0,1.0,170.20556614717512,2.5084774063718256,0.25949766272811986,0.2713601859536781,2.342968939564707,0.242376097196349,0.3004761011028266,0.9511758055293671,0.0,0.2628307319231547,0.25093687996223446,4.851446345936532,1.0,2026-06-11-14-53-08-244586,microagi,microagi,9,False,False,False,False,False,False,False
379.0,12.633333333333333,0.0,0.0,0.0,0.0,0.0,0.0,0.0,0.0,0.0,0.0,0.0,0.0,0.0,0.0,171.30894789641323,1.0,169.3904952745772,1.0,1.0,171.30894789641323,4.828830034159703,0.38324047890156365,0.2767305775000774,4.3530725589919985,0.34548194912634916,0.4505646932206563,1.3440517195712303,0.0,0.19568474447474954,0.36436121401395644,9.181902593151701,1.0,2026-06-11-14-55-19-277056,microagi,microagi,9,False,False,False,False,False,False,False
220.0,7.333333333333333,0.0,0.0,0.0,0.0,0.0,0.0,0.0,0.0,0.0,0.0,0.0,0.0,0.0,0.0,167.27957512335814,1.0,166.23405907953878,1.0,1.0,167.27957512335814,1.2956483591442078,0.177486076595097,0.4584625726599079,1.8763159338157132,0.25702957997475523,0.1485958642043662,1.0331845982563943,0.0,0.3950258404386382,0.21725782828492607,3.171964292959921,1.0,2026-06-11-16-34-46-912724,microagi,microagi,9,False,False,False,False,False,False,False
200.0,6.666666666666667,0.0,0.0,0.0,0.0,0.0,0.0,0.0,0.0,0.0,0.0,0.0,0.0,0.0,0.0,158.819334039031,1.0,165.42529333619126,1.0,1.0,165.42529333619126,1.1174361566263065,0.16845771205421703,0.037638607061622135,1.2819316277535062,0.19325602428444819,0.20177988196450325,0.7787317159591688,0.0,0.11659317233533409,0.18085686816933264,2.3993677843798125,1.0,2026-06-11-16-41-26-069451,microagi,microagi,9,False,False,False,False,False,False,False
282.0,9.4,0.0,0.0,0.0,0.0,0.0,0.0,0.0,0.0,0.0,0.0,0.0,0.0,0.0,0.0,160.03081008778338,1.0,171.47317517680273,1.0,1.0,171.47317517680273,1.3261488651284834,0.14158172937314767,0.19876499999388308,1.073544804300625,0.11461332430255787,0.24478098800321849,0.7783832209096381,0.0,0.17938382748197387,0.12809752683785278,2.3996936694291087,1.0,2026-06-11-16-54-25-009269,microagi,microagi,9,False,False,False,False,False,False,False
375.0,12.5,0.0,0.0,0.0,0.0,0.0,0.0,0.0,0.0,0.0,0.0,0.0,0.0,0.0,0.0,160.69761196698988,1.0,166.34118260693208,1.0,1.0,166.34118260693208,2.9621396661687194,0.2376047860563144,0.35595910375775264,3.0965752178324095,0.24838838645714514,0.3139567137900634,1.1771882688653923,0.0,0.5662014289734595,0.24299658625672976,6.0587148840011285,1.0,2026-06-11-16-54-38-679269,microagi,microagi,9,False,False,False,False,False,False,False
239.0,7.966666666666667,0.0,0.0,0.0,0.0,0.0,0.0,0.0,0.0,0.0,0.0,0.0,0.0,0.0,0.0,161.05331137284875,1.0,167.50899629670297,1.0,1.0,167.50899629670297,1.8129145109419356,0.22851863583301707,0.294032716906218,1.5510213191070417,0.19550688896307242,0.5944087401491471,1.188613725053673,0.0,0.23308061129048738,0.2120127623980447,3.3639358300489772,1.0,2026-06-11-16-57-01-556070,microagi,microagi,9,False,False,False,False,False,False,False
286.0,9.533333333333333,0.0,0.0,0.0,0.0,0.0,0.0,0.0,0.0,0.0,0.0,0.0,0.0,0.0,0.0,161.07533353850107,1.0,162.70644384526724,1.0,1.0,162.70644384526724,1.8096293136637107,0.19048729617512747,0.5230883097371319,2.610121988142321,0.2747496829623496,0.17194522521928038,1.3404959059545234,0.0,0.44723373908081604,0.23261848956873854,4.419751301806032,1.0,2026-06-11-16-58-17-281497,microagi,microagi,9,False,False,False,False,False,False,False
191.0,6.366666666666666,0.0,0.0,0.0,0.0,0.0,0.0,0.0,0.0,0.0,0.0,0.0,0.0,0.0,0.0,175.1832608625027,1.0,168.98482868450432,1.0,1.0,175.1832608625027,1.9380303310794944,0.30600478911781487,0.26170908454357333,2.658366335696885,0.41974205300477124,0.06407958482506738,1.5212856115620315,0.0,0.20867885320917245,0.36287342106129306,4.596396666776379,1.0,2026-06-11-17-08-03-019352,microagi,microagi,9,False,False,False,False,False,False,False
206.0,6.866666666666666,0.0,0.0,0.0,0.0,0.0,0.0,0.0,0.0,0.0,0.0,0.0,0.0,0.0,0.0,177.19447231225888,1.0,169.61663848860223,1.0,1.0,177.19447231225888,2.8515557547360664,0.41730084215649754,0.38484915267933756,2.3317551426465584,0.3412324598994963,0.3475962973994516,3.360422276223193,0.0,0.3357230729420115,0.37926665102799695,5.183310897382625,1.0,2026-06-11-17-08-40-442685,microagi,microagi,9,False,False,False,False,False,False,False
160.0,5.333333333333333,0.0,0.0,0.0,0.0,0.0,0.0,0.0,0.0,0.0,0.0,0.0,0.0,0.0,0.0,171.11831131566908,1.0,166.5761627596213,1.0,1.0,171.11831131566908,1.9503900003312156,0.3679981132700406,0.11247128852549552,2.4639892109448454,0.4649036247065746,0.1298232211263314,1.2795263952166924,0.0,0.12381655370078277,0.4164508689883077,4.414379211276061,1.0,2026-06-11-17-12-19-362601,microagi,microagi,9,False,False,False,False,False,False,False
1427.0,47.56666666666667,0.0,0.0,0.0,0.0,0.0,0.0,0.0,0.0,0.0,0.0,0.0,0.0,0.0,0.0,174.52550114776855,1.0,173.64878382826956,1.0,1.0,174.52550114776855,7.021012864983502,0.1477071430220933,0.07785795131523915,8.712831883032644,0.18329940847894763,0.09913716540078701,0.9477180575587075,0.0,0.246851691486216,0.16550327575052048,15.733844748016146,1.0,2026-06-12-08-35-52-761055,microagi,microagi,9,False,False,False,False,True,False,True
4383.0,146.1,0.0,0.0,0.0,0.0,0.0,0.0,0.0,0.0,0.0,0.0,0.0,0.0,0.0,0.0,158.86378511763814,1.0,169.01625851476155,1.0,1.0,169.01625851476155,32.29609877859866,0.22110519474166132,0.5000324610616982,38.554898346520076,0.2639541192139667,0.48693806991920574,1.8517026234857223,0.0,0.8356071861254593,0.24252965697781403,70.85099712511874,1.0,2026-06-12-08-41-41-442508,microagi,microagi,9,False,False,False,False,True,False,True
1666.0,55.53333333333333,0.0,0.0,0.0,0.0,0.0,0.0,0.0,0.0,0.0,0.0,0.0,0.0,0.0,0.0,160.70143244062547,1.0,168.19509151814106,1.0,1.0,168.19509151814106,11.659507964961493,0.2100812245939008,0.4616268581013262,13.075953073378878,0.2356027580788987,0.5056918457531979,1.1234792432862033,0.0,0.952408578270215,0.22284199133639976,24.73546103834037,1.0,2026-06-12-08-45-39-255429,microagi,microagi,9,False,False,False,False,True,False,True
558.0,18.6,0.0,0.0,0.0,0.0,0.0,0.0,0.0,0.0,0.0,0.0,0.0,0.0,0.0,0.0,161.53248735119126,1.0,168.75759389795166,1.0,1.0,168.75759389795166,3.4339083183204933,0.18495017872462263,0.1541479641141497,4.013224850033257,0.21615214632136037,0.11849670419849816,1.1626037825196716,0.0,0.9060244050851016,0.20055116252299146,7.4471331683537505,1.0,2026-06-12-08-47-43-430179,microagi,microagi,9,False,False,False,False,False,False,False
612.0,20.4,0.0,0.0,0.0,0.0,0.0,0.0,0.0,0.0,0.0,0.0,0.0,0.0,0.0,0.0,176.4050527028219,1.0,170.77766896780355,1.0,1.0,176.4050527028219,3.8341076025648118,0.18825405577241303,0.13532890499827563,4.676802283706882,0.22963022669591895,0.0961235492968034,0.971274831408745,0.0,0.27080997060135936,0.208942141234166,8.510909886271694,1.0,2026-06-12-08-56-13-830048,microagi,microagi,9,False,False,False,False,False,False,False
370.0,12.333333333333334,0.0,0.0,0.0,0.0,0.0,0.0,0.0,0.0,0.0,0.0,0.0,0.0,0.0,0.0,170.3619136753777,1.0,166.58606836459106,1.0,1.0,170.3619136753777,3.746498658033226,0.3045933868319696,0.2967667200030261,3.8649505380406692,0.3142236209789162,0.21621336174969635,1.4998806361775245,0.0,0.1567697661717295,0.3094085039054429,7.611449196073895,1.0,2026-06-13-01-54-26-317717,microagi,microagi,9,False,False,False,False,False,False,False
437.0,14.566666666666666,0.0,0.0,0.0,0.0,0.0,0.0,0.0,0.0,0.0,0.0,0.0,0.0,0.0,0.0,168.4497053029429,1.0,163.2537904811016,1.0,1.0,168.4497053029429,6.223946827029525,0.42825322204331584,0.6034618653359887,6.966301062162563,0.4793326418919195,1.0437667019976717,5.609972459239031,0.0,0.1794186857029727,0.45379293196761766,13.190247889192086,1.0,2026-06-13-01-55-33-756673,microagi,microagi,9,False,False,False,False,False,False,False
336.0,11.2,0.0,0.0,0.0,0.0,0.0,0.0,0.0,0.0,0.0,0.0,0.0,0.0,0.0,0.0,167.16843336125106,1.0,165.13038685025333,1.0,1.0,167.16843336125106,5.204270486736719,0.46605407343910915,0.4160355831631569,4.908312127272389,0.4395503397557363,0.06756947905597727,1.9207009204493022,0.0,0.43865084055937203,0.4528022065974228,10.112582614009106,1.0,2026-06-13-01-56-05-579546,microagi,microagi,9,False,False,False,False,False,False,False
144.0,4.8,0.0,0.0,0.0,0.0,0.0,0.0,0.0,0.0,0.0,0.0,0.0,0.0,0.0,0.0,138.35271424350577,1.0,131.56880307644127,1.0,1.0,138.35271424350577,1.2888242280392606,0.2703827051830616,0.33167246431822417,1.4008783428083187,0.2938905614283186,0.4002435223868251,0.8047892078969996,0.0,0.4109089146116243,0.2821366333056901,2.6897025708475795,1.0,2026-06-13-08-43-56-692714,microagi,microagi,9,False,False,False,False,False,False,False
159.0,5.3,0.0,0.0,0.0,0.0,0.0,0.0,0.0,0.0,0.0,0.0,0.0,0.0,0.0,0.0,147.68693630784037,1.0,151.09210879178448,1.0,1.0,151.09210879178448,1.5551377669934614,0.29527932284685976,0.3225567385772896,2.1478385974541427,0.4078174552128119,0.28019453460662214,1.1352530906573983,0.0,0.1534918233898003,0.3515483890298358,3.702976364447604,1.0,2026-06-13-08-48-19-165540,microagi,microagi,9,False,False,False,False,False,False,False
164.0,5.466666666666667,0.0,0.0,0.0,0.0,0.0,0.0,0.0,0.0,0.0,0.0,0.0,0.0,0.0,0.0,147.08921568428153,1.0,153.76859475888733,1.0,1.0,153.76859475888733,1.5296623508859457,0.28153294801581824,0.27435269914659566,1.348870309968767,0.24825833925805527,0.35571968339670024,1.0352531147910662,0.0,0.36727667278353343,0.26489564363693674,2.8785326608547126,1.0,2026-06-13-08-49-10-813900,microagi,microagi,9,False,False,False,False,False,False,False
221.0,7.366666666666666,0.0,0.0,0.0,0.0,0.0,0.0,0.0,0.0,0.0,0.0,0.0,0.0,0.0,0.0,145.58297003756365,1.0,144.95461364878238,1.0,1.0,145.58297003756365,3.1191032954063878,0.42533226755541653,0.9458355685069633,4.1529446418504605,0.5663106329796083,0.8063881689405829,1.7976210465568667,0.0,0.5179324372366643,0.49582145026751245,7.272047937256849,1.0,2026-06-13-12-26-54-976592,microagi,microagi,9,False,False,False,False,False,False,False
202.0,6.733333333333333,0.0,0.0,0.0,0.0,0.0,0.0,0.0,0.0,0.0,0.0,0.0,0.0,0.0,0.0,160.9001020412106,1.0,158.80622507294282,1.0,1.0,160.9001020412106,3.8539030710247566,0.5752094135857846,0.5252557321338744,3.6048273001247924,0.5380339253917601,0.2290604729748237,1.9138596690404905,0.0,0.6857536948931594,0.5566216694887723,7.458730371149549,1.0,2026-06-13-14-36-46-982951,microagi,microagi,9,False,False,False,False,False,False,False
453.0,15.1,0.0,0.0,0.0,0.0,0.0,0.0,0.0,0.0,0.0,0.0,0.0,0.0,0.0,0.0,163.55156916856092,1.0,164.42564817760223,1.0,1.0,164.42564817760223,6.046245875081197,0.4012995049832653,0.1043424571655803,5.447416720156649,0.3615542070900431,0.05865313151814386,1.2972070741188548,0.0,0.4995443966283365,0.3814268560366542,11.493662595237845,1.0,2026-06-13-16-30-34-283164,microagi,microagi,9,False,False,False,False,False,False,False
708.0,23.6,0.0,0.0,0.0,0.0,0.0,0.0,0.0,0.0,0.0,0.0,0.0,0.0,0.0,0.0,150.8558212690644,1.0,155.11244793674683,1.0,1.0,155.11244793674683,3.431175059788898,0.14559441554974106,0.4080233770089988,3.559665867045574,0.15104664216600738,0.34297534139174357,1.5675578200515234,0.0,0.6407758118990714,0.14832052885787422,6.990840926834472,1.0,2026-06-13-17-43-22-577004,microagi,microagi,9,False,False,False,False,False,False,False
252.0,8.4,0.0,0.0,0.0,0.0,0.0,0.0,0.0,0.0,0.0,0.0,0.0,0.0,0.0,0.0,141.59029963152727,1.0,121.1871480222825,1.0,1.0,141.59029963152727,3.830170459476731,0.45778929794542605,0.35190261576028725,4.744316742660688,0.5670498098797635,0.25884647168522634,1.9271342501294955,0.0,0.6936646188293881,0.5124195539125947,8.57448720213742,1.0,2026-06-14-05-11-59-717943,microagi,microagi,9,False,False,False,False,False,False,False
196.0,6.533333333333333,0.0,0.0,0.0,0.0,0.0,0.0,0.0,0.0,0.0,0.0,0.0,0.0,0.0,0.0,133.32298608764918,1.0,125.85790450056663,1.0,1.0,133.32298608764918,2.7260966999702347,0.41939949230311313,0.3849760297572303,3.4208252493592006,0.5262808075937232,0.4918611790743774,1.2395531623025164,0.0,0.6151717943400294,0.47284014994841816,6.146921949329435,1.0,2026-06-14-05-14-26-316945,microagi,microagi,9,False,False,False,False,False,False,False
270.0,9.0,0.0,0.0,0.0,0.0,0.0,0.0,0.0,0.0,0.0,0.0,0.0,0.0,0.0,0.0,168.48430174657906,1.0,167.89222415575207,1.0,1.0,168.48430174657906,3.251123066794012,0.36257878068334704,0.12915726650422246,3.6711042684599278,0.40941683291374664,0.20368693742901525,1.3127792143765291,0.0,0.6276631664342872,0.38599780679854684,6.92222733525394,1.0,2026-06-14-06-46-00-169608,microagi,microagi,9,False,False,False,False,False,False,False
220.0,7.333333333333333,0.0,0.0,0.0,0.0,0.0,0.0,0.0,0.0,0.0,0.0,0.0,0.0,0.0,0.0,170.37293607187587,1.0,163.48050617395893,1.0,1.0,170.37293607187587,2.6643079569526855,0.3649736927332446,0.4908459914727151,2.5564663360579463,0.3502008679531433,0.5039731813484433,1.2728958895700766,0.0,0.22926930919382904,0.3575872803431939,5.220774293010631,1.0,2026-06-14-06-47-56-909532,microagi,microagi,9,False,False,False,False,False,False,False
192.0,6.4,0.0,0.0,0.0,0.0,0.0,0.0,0.0,0.0,0.0,0.0,0.0,0.0,0.0,0.0,172.0343813100709,1.0,167.76861255618303,1.0,1.0,172.0343813100709,1.246102864303422,0.19572296297959502,0.36133183115605016,1.6878370783570569,0.2651053002655063,0.4398030634223381,2.322216905115274,0.0,0.2116777067429637,0.23041413162255067,2.933939942660479,1.0,2026-06-14-06-49-04-217865,microagi,microagi,9,False,False,False,False,False,False,False
238.0,7.933333333333334,0.0,0.0,0.0,0.0,0.0,0.0,0.0,0.0,0.0,0.0,0.0,0.0,0.0,0.0,175.05631439425582,1.0,170.37510955665448,1.0,1.0,175.05631439425582,2.278805581628898,0.28845640273783524,0.21886321262506564,2.8665683099306642,0.36285674809248913,0.48504740370955685,1.4012165482698795,0.0,0.48328037259105705,0.32565657541516224,5.145373891559562,1.0,2026-06-14-09-07-10-879117,microagi,microagi,9,False,False,False,False,False,False,False
390.0,13.0,0.0,0.0,0.0,0.0,0.0,0.0,0.0,0.0,0.0,0.0,0.0,0.0,0.0,0.0,172.31720386537643,1.0,170.12772955220368,1.0,1.0,172.31720386537643,3.5625122190413725,0.274743872933782,0.2568671512363326,4.399344228531232,0.33928104590215163,0.06745606585517475,1.9928563303940212,0.0,0.1139318675539913,0.3070124594179668,7.961856447572605,1.0,2026-06-14-12-52-30-760139,microagi,microagi,9,False,False,False,False,False,False,False
266.0,8.866666666666667,0.0,0.0,0.0,0.0,0.0,0.0,0.0,0.0,0.0,0.0,0.0,0.0,0.0,0.0,146.96127051550397,1.0,145.51313158148872,1.0,1.0,146.96127051550397,3.4240562663432095,0.38762901128413685,0.27811985907490033,2.98663226986335,0.3381093135694359,0.25765638013156883,3.546495567638309,0.0,0.10022876867180165,0.36286916242678635,6.4106885362065595,1.0,2026-06-14-18-12-22-850417,microagi,microagi,9,False,False,False,False,False,False,False
171.0,5.7,0.0,0.0,0.0,0.0,0.0,0.0,0.0,0.0,0.0,0.0,0.0,0.0,0.0,0.0,149.50531615361615,1.0,144.92361172856562,1.0,1.0,149.50531615361615,1.5268347450416697,0.2694414255955888,0.23494862842336545,1.7781016553908313,0.3137826450689702,0.408133411856494,1.5370675590734357,0.0,0.1501661270506779,0.2916120353322795,3.304936400432501,1.0,2026-06-14-18-13-21-646267,microagi,microagi,9,False,False,False,False,False,False,False
164.0,5.466666666666667,0.0,0.0,0.0,0.0,0.0,0.0,0.0,0.0,0.0,0.0,0.0,0.0,0.0,0.0,135.81174835207315,1.0,133.27071406869345,1.0,1.0,135.81174835207315,2.3952913010630996,0.44085115970486494,0.2706776879702344,2.773448952744012,0.5104507274988977,0.34241064693475465,1.5621719669561478,0.0,0.41794352158253073,0.47565094360188137,5.168740253807112,1.0,2026-06-14-18-13-29-549601,microagi,microagi,9,False,False,False,False,False,False,False
157.0,5.233333333333333,0.0,0.0,0.0,0.0,0.0,0.0,0.0,0.0,0.0,0.0,0.0,0.0,0.0,0.0,163.44304547918622,1.0,155.1082270541773,1.0,1.0,163.44304547918622,1.5684994118450315,0.3016345022778907,0.26016607567004435,2.269457729297024,0.4364341787109662,0.5176949429290214,1.2228154289988842,0.0,0.6565036328070376,0.36903434049442846,3.8379571411420557,1.0,2026-06-15-01-57-17-046166,microagi,microagi,9,False,False,False,False,False,False,False
845.0,28.166666666666668,0.0,0.0,0.0,0.0,0.0,0.0,0.0,0.0,0.0,0.0,0.0,0.0,0.0,0.0,160.98090764661475,1.0,154.0649039898421,1.0,1.0,160.98090764661475,8.22212239436996,0.2922555353449038,0.3604858157833463,8.23320724435421,0.2926495466002681,0.511172527863475,2.034503975109751,0.0,0.9030908098195018,0.29245254097258594,16.45532963872417,1.0,2026-06-15-01-57-30-921166,microagi,microagi,9,False,False,False,False,False,False,False
1042.0,34.733333333333334,0.0,0.0,0.0,0.0,0.0,0.0,0.0,0.0,0.0,0.0,0.0,0.0,0.0,0.0,159.71879543544762,1.0,153.57433477793347,1.0,1.0,159.71879543544762,11.444397540814554,0.3298097274009958,0.3593465238077525,10.465163489815605,0.30158972593128547,0.3639214796577464,1.65316705859397,0.0,0.6376545871102459,0.31569972666614066,21.909561030630158,1.0,2026-06-15-01-59-20-953840,microagi,microagi,9,False,False,False,False,True,False,True
488.0,16.266666666666666,0.0,0.0,0.0,0.0,0.0,0.0,0.0,0.0,0.0,0.0,0.0,0.0,0.0,0.0,162.5321472467728,1.0,153.9381337415587,1.0,1.0,162.5321472467728,8.200790421050314,0.5051821614610049,0.4709387046787641,8.872836873074956,0.5465813268834675,0.3120010275947996,2.4708830046284014,0.0,0.807463316324839,0.5258817441722362,17.07362729412527,1.0,2026-06-15-09-34-48-831656,microagi,microagi,9,False,False,False,False,False,False,False
172.0,5.733333333333333,0.0,0.0,0.0,0.0,0.0,0.0,0.0,0.0,0.0,0.0,0.0,0.0,0.0,0.0,144.60083183344716,1.0,145.8252588953764,1.0,1.0,145.8252588953764,3.298016735362222,0.57859942725653,0.6572862157580492,3.3885832349103464,0.5944882868263766,0.5479195088426353,1.951637943583119,0.0,1.2822886523024306,0.5865438570414534,6.686599970272568,1.0,2026-06-15-09-35-08-039643,microagi,microagi,9,False,False,False,False,False,False,False
389.0,12.966666666666667,0.0,0.0,0.0,0.0,0.0,0.0,0.0,0.0,0.0,0.0,0.0,0.0,0.0,0.0,164.3838499659214,1.0,156.7677438079138,1.0,1.0,164.3838499659214,2.4487739269107314,0.18933819022505655,0.7289199818690445,2.1318097152397737,0.16483064808554954,0.700444079830698,1.7286443405169818,0.0,0.9920259568232631,0.17708441915530304,4.580583642150505,1.0,2026-06-15-09-39-29-890310,microagi,microagi,9,False,False,False,False,False,False,False
275.0,9.166666666666666,0.0,0.0,0.0,0.0,0.0,0.0,0.0,0.0,0.0,0.0,0.0,0.0,0.0,0.0,140.02175345845848,1.0,132.7198065247064,1.0,1.0,140.02175345845848,4.0809163137682605,0.44681565479214536,0.4409866641573997,5.547493596804086,0.6073898098690605,0.4689045114523534,1.4196945532842316,0.0,0.6840878979303706,0.5271027323306029,9.628409910572348,1.0,2026-06-15-16-42-44-716188,microagi,microagi,9,False,False,False,False,False,False,False
326.0,10.866666666666667,0.0,0.0,0.0,0.0,0.0,0.0,0.0,0.0,0.0,0.0,0.0,0.0,0.0,0.0,169.54209051449078,1.0,165.04688448567288,1.0,1.0,169.54209051449078,4.672615591848242,0.4313183623244531,0.2584949772315373,5.230170620267722,0.48278498033240513,0.13281182659760765,1.4452416402048835,0.0,0.5945098953199296,0.45705167132842905,9.902786212115963,1.0,2026-06-15-20-03-56-317407,microagi,microagi,9,False,False,False,False,False,False,False
243.0,8.1,0.0,0.0,0.0,0.0,0.0,0.0,0.0,0.0,0.0,0.0,0.0,0.0,0.0,0.0,167.64042936281277,1.0,159.02054870182624,1.0,1.0,167.64042936281277,3.885817913603126,0.48171296449625534,0.30473792632749475,3.917397959061346,0.4856278461646298,0.24227189475854619,1.559481913517633,0.0,0.6130185250481816,0.4836704053304425,7.803215872664472,1.0,2026-06-15-20-04-55-734074,microagi,microagi,9,False,False,False,False,False,False,False
152.0,5.066666666666666,0.0,0.0,0.0,0.0,0.0,0.0,0.0,0.0,0.0,0.0,0.0,0.0,0.0,0.0,170.61362879031554,1.0,163.14469252044,1.0,1.0,170.61362879031554,1.5684905285813189,0.31162063481748054,0.12145159159452244,2.1854565425315586,0.43419666407911767,0.1679053416378321,1.107261727987261,0.0,0.09400486078207733,0.3729086494482991,3.7539470711128775,1.0,2026-06-16-06-30-01-945405,microagi,microagi,9,False,False,False,False,False,False,False
1467.0,48.9,0.0,0.0,0.0,0.0,0.0,0.0,0.0,0.0,0.0,0.0,0.0,0.0,0.0,0.0,167.0532417339495,1.0,173.1850936351723,1.0,1.0,173.1850936351723,10.948295432434408,0.2240442448656427,0.2902697245614061,11.665053320573383,0.23871186877026024,0.2899212617331157,1.126272036585688,0.0,0.5050225186239342,0.23137805681795146,22.61334875300779,1.0,2026-06-16-08-19-53-937834,microagi,microagi,9,False,False,False,False,True,False,True
18958.0,631.9333333333333,0.0,0.0,0.0,0.0,0.0,0.0,0.0,0.0,0.0,0.0,0.0,0.0,0.0,0.0,171.81431595132466,1.0,164.16804021547034,1.0,1.0,171.81431595132466,128.85040282915037,0.20390948382521026,0.13529784562910102,147.76200806399072,0.23383764529829199,0.09881786438346649,3.775768825524965,0.0,0.2670556087712071,0.2188735645617511,276.6124108931411,1.0,2026-06-16-08-50-32-798012,microagi,microagi,9,False,False,False,False,True,False,True
2412.0,80.4,0.0,0.0,0.0,0.0,0.0,0.0,0.0,0.0,0.0,0.0,0.0,0.0,0.0,0.0,175.0666098705289,1.0,169.28081689193232,1.0,1.0,175.0666098705289,18.77367949780537,0.23360032556373334,0.1354600271635207,16.185029006545225,0.20138982587986592,0.2296670253205003,1.224418789876153,0.0,0.319218421819105,0.21749507572179963,34.9587085043506,1.0,2026-06-16-09-30-09-790218,microagi,microagi,9,False,False,False,False,True,False,True
346.0,11.533333333333333,0.0,0.0,0.0,0.0,0.0,0.0,0.0,0.0,0.0,0.0,0.0,0.0,0.0,0.0,160.4450827747039,1.0,154.30747808636568,1.0,1.0,160.4450827747039,4.283419131712252,0.37247122884454376,0.1277365191766666,5.419813728620685,0.4712881503148421,0.23281639438913024,1.3187319357565719,0.0,0.8607700466068254,0.4218796895796929,9.703232860332937,1.0,2026-06-16-12-30-10-896137,microagi,microagi,9,False,False,False,False,False,False,False
217.0,7.233333333333333,0.0,0.0,0.0,0.0,0.0,0.0,0.0,0.0,0.0,0.0,0.0,0.0,0.0,0.0,149.84617163210802,1.0,146.13713459009455,1.0,1.0,149.84617163210802,3.2760632256261966,0.45500878133697176,0.6135093756409736,3.13371142523044,0.4352376979486722,0.4016570338075245,1.439929363431821,0.0,0.8693518113989751,0.445123239642822,6.409774650856637,1.0,2026-06-16-14-57-59-254612,microagi,microagi,9,False,False,False,False,False,False,False
406.0,13.533333333333333,0.0,0.0,0.0,0.0,0.0,0.0,0.0,0.0,0.0,0.0,0.0,0.0,0.0,0.0,164.17029788946752,1.0,160.9734989358089,1.0,1.0,164.17029788946752,6.065854910372267,0.4493225859535013,0.1553122616772651,5.071413258190299,0.3756602413474295,0.14849983578902853,1.8525883313371256,0.0,0.5278740270792939,0.41249141365046543,11.137268168562567,1.0,2026-06-16-15-00-52-933682,microagi,microagi,9,False,False,False,False,False,False,False
1086.0,36.2,0.0,0.0,0.0,0.0,0.0,0.0,0.0,0.0,0.0,0.0,0.0,0.0,0.0,0.0,160.78776285417607,1.0,159.1289835036047,1.0,1.0,160.78776285417607,18.11780315833653,0.5009530827189824,0.14524910281450654,14.8166390801617,0.40967665659433267,0.16266466559862197,1.812953139185501,0.0,0.6206012433459873,0.4553148696566575,32.934442238498235,1.0,2026-06-16-15-01-07-407015,microagi,microagi,9,False,False,False,False,True,False,True
409.0,13.633333333333333,0.0,0.0,0.0,0.0,0.0,0.0,0.0,0.0,0.0,0.0,0.0,0.0,0.0,0.0,158.16386701491507,1.0,159.43885772756877,1.0,1.0,159.43885772756877,5.754327313898969,0.4231123024925713,0.1372896030080886,7.184736111942499,0.5282894199957718,0.10656995829596598,1.6343540043928804,0.0,0.4097414314049995,0.4757008612441716,12.939063425841468,1.0,2026-06-16-15-13-01-098455,microagi,microagi,9,False,False,False,False,False,False,False
1633.0,54.43333333333333,0.0,0.0,0.0,0.0,0.0,0.0,0.0,0.0,0.0,0.0,0.0,0.0,0.0,0.0,170.02867444449248,1.0,169.77937520608884,1.0,1.0,170.02867444449248,13.393273339152843,0.2461998775579567,0.7534419381981124,13.026289354710503,0.23945384843217835,0.9684102846740503,0.9870949583206721,0.0,0.4319856790804845,0.2428268629950675,26.419562693863348,1.0,2026-06-16-18-21-13-584984,microagi,microagi,9,False,False,False,False,True,False,True
1202.0,40.06666666666667,0.0,0.0,0.0,0.0,0.0,0.0,0.0,0.0,0.0,0.0,0.0,0.0,0.0,0.0,162.97789586189373,1.0,171.18073747684534,1.0,1.0,171.18073747684534,9.473121091691866,0.2366308349298551,0.5193183356295062,10.336816596881695,0.25820524388547117,0.7540103277107848,1.0265539789978388,0.0,0.6065678180134524,0.24741803940766316,19.809937688573562,1.0,2026-06-16-18-25-12-872398,microagi,microagi,9,False,False,False,False,True,False,True
410.0,13.666666666666666,0.0,0.0,0.0,0.0,0.0,0.0,0.0,0.0,0.0,0.0,0.0,0.0,0.0,0.0,168.69463820707793,1.0,168.24983956293832,1.0,1.0,168.69463820707793,3.283322167788478,0.24083047685490058,0.24894324459033235,3.795474814943331,0.2783966856926649,0.09116826475787397,0.8158511323591238,0.0,0.7165293920075003,0.25961358127378276,7.078796982731809,1.0,2026-06-16-18-29-07-656236,microagi,microagi,9,False,False,False,False,False,False,False
1295.0,43.166666666666664,0.0,0.0,0.0,0.0,0.0,0.0,0.0,0.0,0.0,0.0,0.0,0.0,0.0,0.0,165.63615089355784,1.0,167.35491577127226,1.0,1.0,167.35491577127226,10.292467423776529,0.2386198011694713,0.7800408332055322,9.860193704605127,0.22859799933396738,0.9912717456084035,0.7713115304407854,0.0,0.43182806447954614,0.23360890025171932,20.152661128381656,1.0,2026-06-16-18-31-11-534712,microagi,microagi,9,False,False,False,False,True,False,True
1476.0,49.2,0.0,0.0,0.0,0.0,0.0,0.0,0.0,0.0,0.0,0.0,0.0,0.0,0.0,0.0,162.56420021458035,1.0,162.39843252600127,1.0,1.0,162.56420021458035,8.98777197576442,0.18280214187995433,0.6433909019954973,7.681257467875106,0.15622896544830722,0.8633193975073052,0.8836530655431113,0.0,0.4442347020532514,0.1695155536641308,16.669029443639527,1.0,2026-06-16-18-38-23-891590,microagi,microagi,9,False,False,False,False,True,False,True
2908.0,96.93333333333334,0.0,0.0,0.0,0.0,0.0,0.0,0.0,0.0,0.0,0.0,0.0,0.0,0.0,0.0,170.73865854256147,1.0,168.27055327818385,1.0,1.0,170.73865854256147,24.097454295544516,0.2486837388601085,0.8532481876728752,24.337510345800716,0.2511610974798835,1.113866783759256,1.0426772543059504,0.0,0.6307738188350734,0.24992241816999602,48.43496464134523,1.0,2026-06-16-19-04-20-662988,microagi,microagi,9,False,False,False,False,True,False,True
1355.0,45.166666666666664,0.0,0.0,0.0,0.0,0.0,0.0,0.0,0.0,0.0,0.0,0.0,0.0,0.0,0.0,167.43920482611566,1.0,167.79259776459926,1.0,1.0,167.79259776459926,10.110540714814789,0.22401493459707808,0.8326574994009464,10.258156257923726,0.2272855891711313,0.7250215488965087,1.1745665145942352,0.0,0.501298030013521,0.22565026188410467,20.368696972738515,1.0,2026-06-16-19-10-13-058281,microagi,microagi,9,False,False,False,False,True,False,True
1343.0,44.766666666666666,0.0,0.0,0.0,0.0,0.0,0.0,0.0,0.0,0.0,0.0,0.0,0.0,0.0,0.0,166.7375642750502,1.0,167.2857049694335,1.0,1.0,167.2857049694335,10.422814424110397,0.23299883213361547,0.8979097663990726,11.097860900614233,0.24808928987960283,0.8758656681138965,1.1558136937390622,0.0,0.4090257733295567,0.24054406100660913,21.52067532472463,1.0,2026-06-16-19-13-18-860417,microagi,microagi,9,False,False,False,False,True,False,True
243.0,8.1,0.0,0.0,0.0,0.0,0.0,0.0,0.0,0.0,0.0,0.0,0.0,0.0,0.0,0.0,146.59507529031634,1.0,140.3032228686766,1.0,1.0,146.59507529031634,1.7291254546322201,0.21435439520234129,0.6299884913588102,1.6042990599217055,0.19888004875062465,0.8756736663050962,0.5443991186699081,0.0,0.40667690001276374,0.206617221976483,3.3334245145539256,1.0,2026-06-16-19-17-45-556032,microagi,microagi,9,False,False,False,False,False,False,False
1382.0,46.06666666666667,0.0,0.0,0.0,0.0,0.0,0.0,0.0,0.0,0.0,0.0,0.0,0.0,0.0,0.0,172.69192246444754,1.0,174.69923599387408,1.0,1.0,174.69923599387408,9.360018850561488,0.20333132912153845,0.9549038046034788,9.31675365352914,0.2023914624227909,1.1093045762860512,1.00023390264633,0.0,0.4231351616486918,0.20286139577216467,18.67677250409063,1.0,2026-06-16-19-18-50-646232,microagi,microagi,9,False,False,False,False,True,False,True
151.0,5.033333333333333,0.0,0.0,0.0,0.0,0.0,0.0,0.0,0.0,0.0,0.0,0.0,0.0,0.0,0.0,144.4844146973769,1.0,136.4190803020786,1.0,1.0,144.4844146973769,0.9514559031876991,0.1902911806375398,0.18039267115305668,1.1404971581722192,0.22809943163444377,0.3265654186382271,0.4742845631987102,0.0,0.32003005487211766,0.20919530613599183,2.091953061359918,1.0,2026-06-16-19-20-32-483069,microagi,microagi,9,False,False,False,False,False,False,False
1138.0,37.93333333333333,0.0,0.0,0.0,0.0,0.0,0.0,0.0,0.0,0.0,0.0,0.0,0.0,0.0,0.0,170.00783370741834,1.0,164.21998858706587,1.0,1.0,170.00783370741834,10.62568022892087,0.28036095590820237,0.7042653129897762,9.473350661332933,0.24995648182936503,0.9295174030142223,1.317082802405682,0.0,0.3777891530282352,0.26515871886878367,20.099030890253804,1.0,2026-06-16-19-23-19-011532,microagi,microagi,9,False,False,False,False,True,False,True
812.0,27.066666666666666,0.0,0.0,0.0,0.0,0.0,0.0,0.0,0.0,0.0,0.0,0.0,0.0,0.0,0.0,163.0590867959869,1.0,160.51419891042235,1.0,1.0,163.0590867959869,6.201347097589384,0.229396316803553,0.20924380524336195,7.097305837818205,0.26253905688600016,0.19776224834702025,1.2160848370447306,0.0,0.18977508048391306,0.24596768684477655,13.298652935407588,1.0,2026-06-16-19-32-01-166657,microagi,microagi,9,False,False,False,False,False,False,False
1426.0,47.53333333333333,0.0,0.0,0.0,0.0,0.0,0.0,0.0,0.0,0.0,0.0,0.0,0.0,0.0,0.0,169.67681393942152,1.0,175.42267691028383,1.0,1.0,175.42267691028383,10.705282256299215,0.22537436329050978,0.7335850310656722,10.039554862598756,0.2113590497389212,0.9456492180373027,1.3047422649003044,0.0,0.6146070966671636,0.21836670651471546,20.74483711889797,1.0,2026-06-17-00-23-44-994890,microagi,microagi,9,False,False,False,False,True,False,True
1402.0,46.733333333333334,0.0,0.0,0.0,0.0,0.0,0.0,0.0,0.0,0.0,0.0,0.0,0.0,0.0,0.0,152.32806588858364,1.0,157.49450769932835,1.0,1.0,157.49450769932835,10.430989068648389,0.22336165029225677,0.291637772262055,10.165136841623816,0.217668883118283,0.19005302894837156,0.9010971850855779,0.0,0.577346539532968,0.22051526670526986,20.596125910272207,1.0,2026-06-17-00-24-39-148026,microagi,microagi,9,False,False,False,False,True,False,True
170.0,5.666666666666667,0.0,0.0,0.0,0.0,0.0,0.0,0.0,0.0,0.0,0.0,0.0,0.0,0.0,0.0,166.76504072416895,1.0,175.27889983238924,1.0,1.0,175.27889983238924,1.2874648677777452,0.22854405936883043,0.057826917062975984,1.1946937900999042,0.21207582072779368,0.17551326257218677,0.7353801188843793,0.0,0.2299735530029648,0.2203099400483121,2.4821586578776493,1.0,2026-06-17-00-28-14-891181,microagi,microagi,9,False,False,False,False,False,False,False
822.0,27.4,0.0,0.0,0.0,0.0,0.0,0.0,0.0,0.0,0.0,0.0,0.0,0.0,0.0,0.0,163.29600819318233,1.0,164.30200259143228,1.0,1.0,164.30200259143228,5.868620391121887,0.21444410686194468,0.6546056534816492,6.3378310280320065,0.2315894407319856,0.8294843419471477,1.0037872569237976,0.0,0.5159957720118132,0.22301677379696516,12.206451419153893,1.0,2026-06-17-00-32-01-206343,microagi,microagi,9,False,False,False,False,False,False,False
740.0,24.666666666666668,0.0,0.0,0.0,0.0,0.0,0.0,0.0,0.0,0.0,0.0,0.0,0.0,0.0,0.0,170.41381947737452,1.0,173.4252695966315,1.0,1.0,173.4252695966315,5.744164196251406,0.23318663854877156,0.23420210255653423,5.166801615045937,0.20974837408846836,0.24750465378334455,0.9022198023497673,0.0,0.4105775321798335,0.22146750631861994,10.910965811297343,1.0,2026-06-17-00-50-52-508128,microagi,microagi,9,False,False,False,False,False,False,False
977.0,32.56666666666667,0.0,0.0,0.0,0.0,0.0,0.0,0.0,0.0,0.0,0.0,0.0,0.0,0.0,0.0,164.35133393259397,1.0,161.72281519427344,1.0,1.0,164.35133393259397,7.680513784398951,0.23608136632373825,0.40708066049441055,7.342209838329033,0.22568267945683498,0.7473993597839009,1.074310928270808,0.0,0.4729403693542197,0.23088202289028661,15.022723622727984,1.0,2026-06-17-01-13-08-788979,microagi,microagi,9,False,False,False,False,True,False,True
406.0,13.533333333333333,0.0,0.0,0.0,0.0,0.0,0.0,0.0,0.0,0.0,0.0,0.0,0.0,0.0,0.0,169.70985133941656,1.0,175.5944042040392,1.0,1.0,175.5944042040392,3.467445389048983,0.2568478065962209,0.11965330523997252,3.3265054654983777,0.24640781225913913,0.13184394025690122,0.9723816215102425,0.0,0.3483442224502341,0.25162780942768004,6.793950854547361,1.0,2026-06-17-02-47-38-300752,microagi,microagi,9,False,False,False,False,False,False,False
234.0,7.8,0.0,0.0,0.0,0.0,0.0,0.0,0.0,0.0,0.0,0.0,0.0,0.0,0.0,0.0,170.04811270930384,1.0,166.2210118145681,1.0,1.0,170.04811270930384,3.1484918557362778,0.4053852174767739,0.21233943641784603,2.4706291925129356,0.31810676298449814,0.17329269945215134,1.5856339676460698,0.0,0.49417722998300484,0.361745990230636,5.619121048249213,1.0,2026-06-17-11-42-44-125339,microagi,microagi,9,False,False,False,False,False,False,False
348.0,11.6,0.0,0.0,0.0,0.0,0.0,0.0,0.0,0.0,0.0,0.0,0.0,0.0,0.0,0.0,159.04457491180418,1.0,166.2227689456502,1.0,1.0,166.2227689456502,4.895543007408369,0.42324579314769756,1.3094864279904341,6.46257771540259,0.5587242981616072,1.1172619479795798,3.1210838381959913,0.0,1.2284544011863603,0.49098504565465245,11.358120722810959,1.0,2026-06-17-13-40-16-958490,microagi,microagi,9,False,False,False,False,False,False,False
1088.0,36.266666666666666,0.0,0.0,0.0,0.0,0.0,0.0,0.0,0.0,0.0,0.0,0.0,0.0,0.0,0.0,170.9122990129495,1.0,172.1486653686523,1.0,1.0,172.1486653686523,10.202748128143359,0.2815845849533586,0.2205616351649885,11.580426064248927,0.31960697509426667,0.35541650231827243,3.3989691850129997,0.0,1.0818046363193508,0.30059578002381265,21.783174192392288,1.0,2026-06-17-13-41-17-595157,microagi,microagi,9,False,False,False,False,True,False,True
840.0,28.0,0.0,0.0,0.0,0.0,0.0,0.0,0.0,0.0,0.0,0.0,0.0,0.0,0.0,0.0,168.7699956607876,1.0,167.896901097038,1.0,1.0,168.7699956607876,7.702424102693975,0.2754144494407858,0.28953912671296606,7.753739449119648,0.27724932475993974,0.362561182855597,1.7037319184685704,0.0,0.5966043925461817,0.27633188710036277,15.456163551813622,1.0,2026-06-17-13-45-28-443642,microagi,microagi,9,False,False,False,False,False,False,False
585.0,19.5,0.0,0.0,0.0,0.0,0.0,0.0,0.0,0.0,0.0,0.0,0.0,0.0,0.0,0.0,175.79391806551618,1.0,165.3248722324715,1.0,1.0,175.79391806551618,5.378570931955239,0.27629645198400204,0.2170413339030097,6.786058610084954,0.34859890120299425,0.26316484992402245,2.782999427557504,0.0,0.6958429346762366,0.3124476765934982,12.164629542040192,1.0,2026-06-17-13-53-29-008634,microagi,microagi,9,False,False,False,False,False,False,False
337.0,11.233333333333333,0.0,0.0,0.0,0.0,0.0,0.0,0.0,0.0,0.0,0.0,0.0,0.0,0.0,0.0,171.68583981215144,1.0,164.15016883307143,1.0,1.0,171.68583981215144,3.4631904527489374,0.30921343328115514,0.18885023822206592,4.798726973240581,0.42845776546790904,0.2091395609657382,1.885204922982972,0.0,0.97973429049523,0.3688355993745321,8.261917425989518,1.0,2026-06-17-13-58-02-170191,microagi,microagi,9,False,False,False,False,False,False,False
766.0,25.533333333333335,0.0,0.0,0.0,0.0,0.0,0.0,0.0,0.0,0.0,0.0,0.0,0.0,0.0,0.0,174.39773454204897,1.0,166.85518716030668,1.0,1.0,174.39773454204897,7.690809491911807,0.30160037223183556,0.26635873622518835,8.245561403632637,0.32335534916206415,0.40866715683911853,2.257760689261391,0.0,0.6792725776037384,0.3124778606969499,15.936370895544444,1.0,2026-06-17-13-58-18-513524,microagi,microagi,9,False,False,False,False,False,False,False
358.0,11.933333333333334,0.0,0.0,0.0,0.0,0.0,0.0,0.0,0.0,0.0,0.0,0.0,0.0,0.0,0.0,170.2841576427029,1.0,164.8945400178422,1.0,1.0,170.2841576427029,3.242274941933881,0.27246007915410764,0.4692269693443064,3.6068385829782104,0.3030956792418664,0.5735565994264881,1.0696027687849257,0.0,0.6032387062166835,0.28777787919798703,6.849113524912092,1.0,2026-06-17-14-03-19-524295,microagi,microagi,9,False,False,False,False,False,False,False
2876.0,95.86666666666666,0.0,0.0,0.0,0.0,0.0,0.0,0.0,0.0,0.0,0.0,0.0,0.0,0.0,0.0,156.97803339212928,1.0,151.0608181745567,1.0,1.0,156.97803339212928,23.524303968168987,0.24547099792871988,0.985392062745022,25.98903212101832,0.2711899003932347,1.2888802135495065,2.686398806470718,0.0,1.0050731897315928,0.25833044916097725,49.513336089187305,1.0,2026-06-17-14-03-32-565962,microagi,microagi,9,False,False,False,False,True,False,True
358.0,11.933333333333334,0.0,0.0,0.0,0.0,0.0,0.0,0.0,0.0,0.0,0.0,0.0,0.0,0.0,0.0,122.05866272621219,1.0,126.98850536620418,1.0,1.0,126.98850536620418,5.1131314014000395,0.4296749076806755,0.5891055825627609,5.318825596402043,0.4469601341514322,0.3163380770582719,2.02632652892069,0.0,0.25957498447842176,0.4383175209160539,10.431956997802082,1.0,2026-06-17-14-07-18-485770,microagi,microagi,9,False,False,False,False,False,False,False
999.0,33.3,0.0,0.0,0.0,0.0,0.0,0.0,0.0,0.0,0.0,0.0,0.0,0.0,0.0,0.0,155.97673409282697,1.0,157.3645799614236,1.0,1.0,157.3645799614236,12.411560467604891,0.37309300002820317,0.23402672471991812,11.794075805203251,0.35453133682975707,0.0978155259259771,6.333088124776599,0.0,1.2443565748683927,0.36381216842898007,24.205636272808142,1.0,2026-06-17-14-08-44-982549,microagi,microagi,9,False,False,False,False,True,False,True
209.0,6.966666666666667,0.0,0.0,0.0,0.0,0.0,0.0,0.0,0.0,0.0,0.0,0.0,0.0,0.0,0.0,122.55814990962301,1.0,126.34354680243423,1.0,1.0,126.34354680243423,3.6787283348909248,0.5305858175323448,0.44099699948139665,1.86600843758983,0.2691358323446871,0.10379635065973351,2.9345492054259,0.0,0.17770209016132638,0.39986082493851594,5.544736772480755,1.0,2026-06-17-14-08-45-586392,microagi,microagi,9,False,False,False,False,False,False,False
898.0,29.933333333333334,0.0,0.0,0.0,0.0,0.0,0.0,0.0,0.0,0.0,0.0,0.0,0.0,0.0,0.0,154.40233229552103,1.0,157.89921471485633,1.0,1.0,157.89921471485633,9.045664638129491,0.30253058990399634,0.9188179453039776,10.335481655679803,0.3456682827986557,0.8609548670825237,1.7631966761013462,0.0,0.9917869738678962,0.324099436351326,19.381146293809294,1.0,2026-06-17-14-10-08-665005,microagi,microagi,9,False,False,False,False,False,False,False
166.0,5.533333333333333,0.0,0.0,0.0,0.0,0.0,0.0,0.0,0.0,0.0,0.0,0.0,0.0,0.0,0.0,152.3717894401283,1.0,155.7892061325901,1.0,1.0,155.7892061325901,1.3914775345327555,0.25299591536959193,0.6012275618197558,2.8222619363428127,0.5131385338805114,1.0692071076287484,1.0852681169231502,0.0,0.6782129685664873,0.3830672246250516,4.213739470875568,1.0,2026-06-17-14-14-55-534917,microagi,microagi,9,False,False,False,False,False,False,False
760.0,25.333333333333332,0.0,0.0,0.0,0.0,0.0,0.0,0.0,0.0,0.0,0.0,0.0,0.0,0.0,0.0,166.44499858803175,1.0,166.4011753741839,1.0,1.0,166.44499858803175,8.555693335624563,0.3381696970602594,0.48141651717764633,9.182745256740374,0.3629543579739278,0.20859497651577483,1.3298678755667648,0.0,0.9493684036299652,0.35056202751709364,17.738438592364936,1.0,2026-06-17-14-16-02-540716,microagi,microagi,9,False,False,False,False,False,False,False
995.0,33.166666666666664,0.0,0.0,0.0,0.0,0.0,0.0,0.0,0.0,0.0,0.0,0.0,0.0,0.0,0.0,171.4518137688984,1.0,171.38343610894782,1.0,1.0,171.4518137688984,9.643108818871463,0.29103950157559744,0.41361768562113627,9.447318306011116,0.28513033116733755,0.6212217662702443,1.6974784347204517,0.0,0.4713605842786847,0.2880849163714675,19.09042712488258,1.0,2026-06-17-14-21-40-939845,microagi,microagi,9,False,False,False,False,True,False,True
1666.0,55.53333333333333,0.0,0.0,0.0,0.0,0.0,0.0,0.0,0.0,0.0,0.0,0.0,0.0,0.0,0.0,173.80632628110516,1.0,172.52035407178744,1.0,1.0,173.80632628110516,5.713507559579035,0.10294608215457719,0.3206248288003403,5.675122165509572,0.10225445343260493,0.4320198191526615,0.5896144350645519,0.0,0.14587448600408226,0.10260026779359106,11.388629725088606,1.0,2026-06-17-15-35-01-589731,microagi,microagi,9,False,False,False,False,True,False,True
1539.0,51.3,0.0,0.0,0.0,0.0,0.0,0.0,0.0,0.0,0.0,0.0,0.0,0.0,0.0,0.0,172.3272146312767,1.0,168.12428728713311,1.0,1.0,172.3272146312767,6.980644674853062,0.13616342018569041,0.13203806671609228,7.37901669771362,0.14393400580715773,0.13239509660439766,0.756484682585669,0.0,0.272796609259907,0.14004871299642407,14.359661372566682,1.0,2026-06-17-15-39-14-943966,microagi,microagi,9,False,False,False,False,True,False,True
3440.0,114.66666666666667,0.0,0.0,0.0,0.0,0.0,0.0,0.0,0.0,0.0,0.0,0.0,0.0,0.0,0.0,169.3033938790317,1.0,170.882913993381,1.0,1.0,170.882913993381,12.846827558607835,0.11206886500675636,0.5279009260018706,11.803037076950387,0.10296339409959628,0.4402574969994667,0.6628353074932024,0.0,0.2220569679391475,0.10751612955317631,24.649864635558224,1.0,2026-06-17-16-09-04-769524,microagi,microagi,9,False,False,False,False,True,False,True
756.0,25.2,0.0,0.0,0.0,0.0,0.0,0.0,0.0,0.0,0.0,0.0,0.0,0.0,0.0,0.0,159.9392857598716,1.0,166.25129886458035,1.0,1.0,166.25129886458035,3.031425907047904,0.12045400955157234,0.08259648788720568,3.6392375768004603,0.14460546662783286,0.2614591569160717,0.7589998846768413,0.0,0.1219184880514731,0.1325297380897026,6.670663483848364,1.0,2026-06-17-16-37-33-184919,microagi,microagi,9,False,False,False,False,False,False,False
1130.0,37.666666666666664,0.0,0.0,0.0,0.0,0.0,0.0,0.0,0.0,0.0,0.0,0.0,0.0,0.0,0.0,163.5878878326133,1.0,154.70303648524936,1.0,1.0,163.5878878326133,14.310311845928684,0.38025629351449114,0.1959672180951117,13.722533968692186,0.3646377493895178,0.15977817218530874,1.5073350206336118,0.0,0.6746219960347656,0.3724470214520045,28.03284581462087,1.0,2026-06-17-18-10-44-084150,microagi,microagi,9,False,False,False,False,True,False,True
180.0,6.0,0.0,0.0,0.0,0.0,0.0,0.0,0.0,0.0,0.0,0.0,0.0,0.0,0.0,0.0,171.34337390972303,1.0,154.1929104751931,1.0,1.0,171.34337390972303,2.4346314506185855,0.40803879060646675,0.28082690297613305,2.289918621405399,0.3837852438109607,0.3728466913496959,1.0151703364230038,0.0,0.3796017512070296,0.3959120172087138,4.724550072023984,1.0,2026-06-17-18-13-04-069105,microagi,microagi,9,False,False,False,False,False,False,False
204.0,6.8,0.0,0.0,0.0,0.0,0.0,0.0,0.0,0.0,0.0,0.0,0.0,0.0,0.0,0.0,170.31971671077835,1.0,159.4773347362564,1.0,1.0,170.31971671077835,2.6869624426084395,0.39708804570568057,0.3158603380997317,2.292862955665286,0.33884674221654476,0.33708154747631863,1.6887369371054786,0.0,0.6161480330374118,0.36796739396111267,4.979825398273725,1.0,2026-06-17-18-13-14-439105,microagi,microagi,9,False,False,False,False,False,False,False
160.0,5.333333333333333,0.0,0.0,0.0,0.0,0.0,0.0,0.0,0.0,0.0,0.0,0.0,0.0,0.0,0.0,166.709281785072,1.0,158.81176616679716,1.0,1.0,166.709281785072,1.810296557020668,0.34156538811710724,0.05326615162700246,0.9127024462641087,0.17220800872907713,0.03443396069382678,0.9987343795792095,0.0,0.2783931964939006,0.2568866984230922,2.7229990032847766,1.0,2026-06-17-18-14-31-700680,microagi,microagi,9,False,False,False,False,False,False,False
315.0,10.5,0.0,0.0,0.0,0.0,0.0,0.0,0.0,0.0,0.0,0.0,0.0,0.0,0.0,0.0,165.50503160604012,1.0,154.6784331197315,1.0,1.0,165.50503160604012,3.946194084354241,0.37702491251792114,0.4282205925665136,3.8483097601722855,0.36767290702282984,0.40477864987360873,2.1328293939200287,0.0,0.42799346702003205,0.3723489097703755,7.794503844526527,1.0,2026-06-17-18-17-56-574030,microagi,microagi,9,False,False,False,False,False,False,False
330.0,11.0,0.0,0.0,0.0,0.0,0.0,0.0,0.0,0.0,0.0,0.0,0.0,0.0,0.0,0.0,168.46177336632454,1.0,158.88187674376178,1.0,1.0,168.46177336632454,1.9268793264635615,0.17570328204834906,0.23361825694730234,1.37741728828707,0.12560036063407934,0.2033402857581412,0.7245373743938471,0.0,0.11512529636261487,0.1506518213412142,3.3042966147506316,1.0,2026-06-17-19-51-34-183187,microagi,microagi,9,False,False,False,False,False,False,False
4879.0,162.63333333333333,0.0,0.0,0.0,0.0,0.0,0.0,0.0,0.0,0.0,0.0,0.0,0.0,0.0,0.0,172.06086525324568,1.0,164.18593719155785,1.0,1.0,172.06086525324568,33.070424480422766,0.20338514440604405,0.3509314066730556,30.963752418646525,0.1904289816644928,0.3755508724533699,1.263276773962625,0.0,0.39395068887180595,0.19690706303526845,64.0341768990693,1.0,2026-06-17-19-52-54-910128,microagi,microagi,9,False,False,False,False,True,False,True
350.0,11.666666666666666,0.0,0.0,0.0,0.0,0.0,0.0,0.0,0.0,0.0,0.0,0.0,0.0,0.0,0.0,169.12617076096518,1.0,167.4904052079096,1.0,1.0,169.12617076096518,3.366412227651442,0.28937640925370567,0.32920841276680285,3.5746227840618987,0.30727416481907444,0.16099875655352874,0.9804932896347216,0.0,0.3868850316044931,0.29832528703639005,6.941035011713341,1.0,2026-06-17-19-56-30-178472,microagi,microagi,9,False,False,False,False,False,False,False
683.0,22.766666666666666,0.0,0.0,0.0,0.0,0.0,0.0,0.0,0.0,0.0,0.0,0.0,0.0,0.0,0.0,169.00161630386935,1.0,165.48842574921176,1.0,1.0,169.00161630386935,3.2632305621019295,0.14354386636812005,0.5547905414574008,3.496280430211532,0.15379532684214947,0.6799009396869387,0.7450908948089435,0.0,0.32665296008042916,0.14866959660513476,6.759510992313461,1.0,2026-06-17-19-57-09-223472,microagi,microagi,9,False,False,False,False,False,False,False
1887.0,62.9,0.0,0.0,0.0,0.0,0.0,0.0,0.0,0.0,0.0,0.0,0.0,0.0,0.0,0.0,171.55966502182034,1.0,168.99681195991315,1.0,1.0,171.55966502182034,12.436276166912824,0.19781987540158255,0.0845180573124059,11.66844901900733,0.18560629404571574,0.20701364798298713,0.9963217149998704,0.0,0.49861722322173474,0.19171308472364912,24.104725185920152,1.0,2026-06-18-11-09-53-467194,microagi,microagi,9,False,False,False,False,True,False,True
427.0,14.233333333333333,0.0,0.0,0.0,0.0,0.0,0.0,0.0,0.0,0.0,0.0,0.0,0.0,0.0,0.0,170.8796796695329,1.0,164.49260435844084,1.0,1.0,170.8796796695329,3.23199446492677,0.22760524400892745,0.11193910670851213,3.251654128914684,0.22898972738835802,0.06278155300547981,1.0166322993605599,0.0,0.06267545447543697,0.22829748569864275,6.483648593841454,1.0,2026-06-18-18-54-06-595371,microagi,microagi,9,False,False,False,False,False,False,False
609.0,20.3,0.0,0.0,0.0,0.0,0.0,0.0,0.0,0.0,0.0,0.0,0.0,0.0,0.0,0.0,169.91733403895276,1.0,165.88121131583432,1.0,1.0,169.91733403895276,4.013202116315581,0.19801984126557143,0.3004484338506126,4.356398134544368,0.21495385532291292,0.14288454544975357,0.9784117287530915,0.0,0.19586603284722,0.20648684829424216,8.36960025085995,1.0,2026-06-19-04-32-56-049614,microagi,microagi,9,False,False,False,False,False,False,False
816.0,27.2,0.0,0.0,0.0,0.0,0.0,0.0,0.0,0.0,0.0,0.0,0.0,0.0,0.0,0.0,171.10252546293805,1.0,169.23204680777917,1.0,1.0,171.10252546293805,4.718801468973437,0.1736982135818443,0.4272922002610023,4.814153499825971,0.17720810428807254,0.22932790980256365,1.0876571126434167,0.0,0.22087092268180056,0.17545315893495841,9.532954968799409,1.0,2026-06-19-05-10-26-337284,microagi,microagi,9,False,False,False,False,False,False,False
703.0,23.433333333333334,0.0,0.0,0.0,0.0,0.0,0.0,0.0,0.0,0.0,0.0,0.0,0.0,0.0,0.0,171.60239607388561,1.0,171.74197279136945,1.0,1.0,171.74197279136945,4.963124712975436,0.21209934670835198,0.22413294945139242,4.936947861853586,0.21098067785699084,0.34636990228318554,0.8830222405367104,0.0,0.13128437063631415,0.2115400122826714,9.900072574829021,1.0,2026-06-19-05-11-28-340468,microagi,microagi,9,False,False,False,False,False,False,False
293.0,9.766666666666667,0.0,0.0,0.0,0.0,0.0,0.0,0.0,0.0,0.0,0.0,0.0,0.0,0.0,0.0,172.02440383712937,1.0,174.45308674119926,1.0,1.0,174.45308674119926,1.6706389453381763,0.17164098753474413,0.35910251079880534,1.8649748377934325,0.19160700388288687,0.36815697753203835,0.7582825872766973,0.0,0.1858261636980994,0.18162399570881554,3.535613783131609,1.0,2026-06-19-05-25-31-707939,microagi,microagi,9,False,False,False,False,False,False,False
1479.0,49.3,0.0,0.0,0.0,0.0,0.0,0.0,0.0,0.0,0.0,0.0,0.0,0.0,0.0,0.0,171.82622087662918,1.0,168.7251247959251,1.0,1.0,171.82622087662918,8.378089898085998,0.17005595192326112,0.39434673133121406,8.425398851943175,0.17101621485676266,0.1546856756467776,0.8580810293126643,0.0,0.2762606485305024,0.1705360833900119,16.803488750029175,1.0,2026-06-19-05-37-11-722017,microagi,microagi,9,False,False,False,False,True,False,True
303.0,10.1,0.0,0.0,0.0,0.0,0.0,0.0,0.0,0.0,0.0,0.0,0.0,0.0,0.0,0.0,175.32852732853095,1.0,170.64952207404554,1.0,1.0,175.32852732853095,1.4300425442137166,0.14205720637884603,0.08881907250546876,1.8618717468914818,0.18495414704220017,0.061433324510348664,0.7552904090061836,0.0,0.09642228223766941,0.16350567671052313,3.2919142911051984,1.0,2026-06-19-05-45-49-432411,microagi,microagi,9,False,False,False,False,False,False,False
631.0,21.033333333333335,0.0,0.0,0.0,0.0,0.0,0.0,0.0,0.0,0.0,0.0,0.0,0.0,0.0,0.0,167.7327358994652,1.0,168.34487115426316,1.0,1.0,168.34487115426316,3.6199174157208045,0.17237701979622877,0.26398409816052537,4.1378393469821395,0.1970399689039114,0.20109977972566856,0.8682077660473672,0.0,0.1257891687253764,0.18470849435007008,7.757756762702944,1.0,2026-06-19-05-53-56-083235,microagi,microagi,9,False,False,False,False,False,False,False
1259.0,41.96666666666667,0.0,0.0,0.0,0.0,0.0,0.0,0.0,0.0,0.0,0.0,0.0,0.0,0.0,0.0,167.2012125134279,1.0,164.79820734598823,1.0,1.0,167.2012125134279,7.164282862737388,0.1708493528474735,0.41325309281544514,7.1437856993150195,0.17036054926824368,0.1999344231527271,1.0091087048554737,0.0,0.26296749738102176,0.17060495105785858,14.308068562052409,1.0,2026-06-19-05-58-28-812766,microagi,microagi,9,False,False,False,False,True,False,True
199.0,6.633333333333334,0.0,0.0,0.0,0.0,0.0,0.0,0.0,0.0,0.0,0.0,0.0,0.0,0.0,0.0,171.42233884450576,1.0,170.3763399695913,1.0,1.0,171.42233884450576,0.6914993668924149,0.1047726313473356,0.07172927964741826,1.313007431017685,0.19894051985116443,0.060374196464785645,0.5761175122502944,0.0,0.3586506554846009,0.15185657559925,2.0045067979101,1.0,2026-06-19-06-33-29-824224,microagi,microagi,9,False,False,False,False,False,False,False
400.0,13.333333333333334,0.0,0.0,0.0,0.0,0.0,0.0,0.0,0.0,0.0,0.0,0.0,0.0,0.0,0.0,169.73016272761924,1.0,170.50206073482798,1.0,1.0,170.50206073482798,1.6909760667040465,0.1271410576469208,0.06384821570854925,1.9557144114499279,0.1470461963496186,0.07592563319095552,0.5951528843329942,0.0,0.05569095914580122,0.1370936269982697,3.6466904781539746,1.0,2026-06-19-06-33-37-062558,microagi,microagi,9,False,False,False,False,False,False,False
1946.0,64.86666666666666,0.0,0.0,0.0,0.0,0.0,0.0,0.0,0.0,0.0,0.0,0.0,0.0,0.0,0.0,174.80759303500128,1.0,164.8669226620397,1.0,1.0,174.80759303500128,10.106233554449519,0.15588020906605943,0.6306881256842591,10.798431171794586,0.16655677899940238,0.686712435670924,1.0385771141926297,0.0,0.34620761469050415,0.16121849403273086,20.904664726244107,1.0,2026-06-19-06-34-05-545891,microagi,microagi,9,False,False,False,False,True,False,True
181.0,6.033333333333333,0.0,0.0,0.0,0.0,0.0,0.0,0.0,0.0,0.0,0.0,0.0,0.0,0.0,0.0,174.38543587351145,1.0,170.13899891821504,1.0,1.0,174.38543587351145,1.1278719346324606,0.18797865577207679,0.28238720882234963,1.446600738788766,0.241100123131461,0.19211975279574775,0.9625784156976867,0.0,0.1646920109340424,0.2145393894517689,2.5744726734212264,1.0,2026-06-19-06-37-01-150801,microagi,microagi,9,False,False,False,False,False,False,False
721.0,24.033333333333335,0.0,0.0,0.0,0.0,0.0,0.0,0.0,0.0,0.0,0.0,0.0,0.0,0.0,0.0,165.57243521538246,1.0,161.08682984371643,1.0,1.0,165.57243521538246,3.0497177813008065,0.12707157422086693,0.06274877942375112,3.8392409102963754,0.15996837126234895,0.12615636249386886,0.8884160183797378,0.0,0.07134000079348185,0.14351997274160794,6.888958691597182,1.0,2026-06-19-06-43-37-919968,microagi,microagi,9,False,False,False,False,False,False,False
260.0,8.666666666666666,0.0,0.0,0.0,0.0,0.0,0.0,0.0,0.0,0.0,0.0,0.0,0.0,0.0,0.0,173.65004016943743,1.0,171.93342389339384,1.0,1.0,173.65004016943743,1.7411527480287328,0.20167792448209262,0.16400219790187778,1.6376879240570719,0.18969358193711253,0.11115154948258214,0.6702699309554313,0.0,0.48262014037486056,0.19568575320960258,3.3788406720858046,1.0,2026-06-19-06-52-47-168399,microagi,microagi,9,False,False,False,False,False,False,False
608.0,20.266666666666666,0.0,0.0,0.0,0.0,0.0,0.0,0.0,0.0,0.0,0.0,0.0,0.0,0.0,0.0,165.925790583005,1.0,160.24655659179226,1.0,1.0,165.925790583005,3.6915185304527673,0.18244737382797863,0.22538927922125115,4.269369278801639,0.2110067188864072,0.18917325195388096,0.9135037363968399,0.0,0.1542119499190149,0.19672704635719293,7.960887809254406,1.0,2026-06-19-06-53-34-796361,microagi,microagi,9,False,False,False,False,False,False,False
803.0,26.766666666666666,0.0,0.0,0.0,0.0,0.0,0.0,0.0,0.0,0.0,0.0,0.0,0.0,0.0,0.0,166.15126723437055,1.0,158.56769324750624,1.0,1.0,166.15126723437055,5.719659837925791,0.2139523630146805,0.6827471309694718,5.623517290494952,0.2103560083726291,0.6702131757068006,1.0658477590239956,0.0,0.38737116344344497,0.21215418569365482,11.343177128420743,1.0,2026-06-19-06-58-54-587125,microagi,microagi,9,False,False,False,False,False,False,False
1456.0,48.53333333333333,0.0,0.0,0.0,0.0,0.0,0.0,0.0,0.0,0.0,0.0,0.0,0.0,0.0,0.0,158.69794987569801,1.0,157.45418397175231,1.0,1.0,158.69794987569801,9.212894174347662,0.18995658091438478,0.160133001040754,11.717318394462092,0.24159419370024934,0.09591063625991555,1.339302472541328,0.0,0.38258356233257523,0.21577538730731707,20.930212568809754,1.0,2026-06-19-07-02-16-806145,microagi,microagi,9,False,False,False,False,True,False,True
4635.0,154.5,0.0,0.0,0.0,0.0,0.0,0.0,0.0,0.0,0.0,0.0,0.0,0.0,0.0,0.0,158.308183931284,1.0,154.9529581296067,1.0,1.0,158.308183931284,35.63380881884414,0.23068931043705743,0.6029821219046698,34.55232277893114,0.22368789023908808,0.5867826146039482,1.2085399642353662,0.0,0.8507199353487844,0.22718860033807273,70.18613159777527,1.0,2026-06-19-07-13-23-806216,microagi,microagi,9,False,False,False,False,True,False,True
5466.0,182.2,0.0,0.0,0.0,0.0,0.0,0.0,0.0,0.0,0.0,0.0,0.0,0.0,0.0,0.0,157.10187094063508,1.0,155.29625896692494,1.0,1.0,157.10187094063508,36.110319715634716,0.19822682369058398,0.20732067983366978,35.77728100103278,0.1963986148272614,0.21358339512309338,1.3970660469174696,0.0,0.7691350960455514,0.19731271925892266,71.88760071666749,1.0,2026-06-19-07-16-14-774701,microagi,microagi,9,False,False,False,False,True,False,True
4049.0,134.96666666666667,0.0,0.0,0.0,0.0,0.0,0.0,0.0,0.0,0.0,0.0,0.0,0.0,0.0,0.0,149.7179798805674,1.0,152.17949841370495,1.0,1.0,152.17949841370495,29.50045750710376,0.21862987282932625,0.5570646476089129,27.30278729122822,0.20234279118993245,0.543947118380939,1.1254521691429207,0.0,0.7015815651173616,0.21048633200962938,56.80324479833198,1.0,2026-06-19-07-39-59-716155,microagi,microagi,9,False,False,False,False,True,False,True
14295.0,476.5,0.0,0.0,0.0,0.0,0.0,0.0,0.0,0.0,0.0,0.0,0.0,0.0,0.0,0.0,175.88772435353744,1.0,172.22699872602618,1.0,1.0,175.88772435353744,86.07432819696778,0.1806513114529896,0.13715719940656465,95.80288732215604,0.20106944309952998,0.1641415752381127,3.2559167266155766,0.0,0.28103427970988465,0.1908603772762598,181.8772155191238,1.0,2026-06-19-08-42-10-751562,microagi,microagi,9,False,False,False,False,True,False,True
23900.0,796.6666666666666,0.0,0.0,0.0,0.0,0.0,0.0,0.0,0.0,0.0,0.0,0.0,0.0,0.0,0.0,170.16861169669446,1.0,169.32412411117704,1.0,1.0,170.16861169669446,114.85578428100803,0.14417647300850417,0.14347734153647165,124.58526935796863,0.15638972679773458,0.12372992927622102,1.348341473997203,0.0,0.1588113910949555,0.15028309990311936,239.44105363897665,1.0,2026-06-19-09-01-06-790653,microagi,microagi,9,False,False,False,False,True,False,True
3363.0,112.1,0.0,0.0,0.0,0.0,0.0,0.0,0.0,0.0,0.0,0.0,0.0,0.0,0.0,0.0,176.11850960544618,1.0,170.86862681592348,1.0,1.0,176.11850960544618,18.062948263286934,0.16118038307513627,0.12232256275635646,22.766760901735488,0.20315372607140533,0.22899663106700435,1.500751373680854,0.0,0.13987140382479757,0.18216705457327076,40.82970916502242,1.0,2026-06-19-11-22-22-300068,microagi,microagi,9,False,False,False,False,True,False,True
8883.0,296.1,0.0,0.0,0.0,0.0,0.0,0.0,0.0,0.0,0.0,0.0,0.0,0.0,0.0,0.0,171.6215115054544,1.0,169.52932194196998,1.0,1.0,171.6215115054544,41.57227259632292,0.14041524182500423,0.14796961217621746,55.51099872025122,0.18749492925101738,0.20373528140214933,2.511252867221631,0.0,0.44817855138603163,0.1639550855380108,97.08327131657414,1.0,2026-06-19-12-40-07-976246,microagi,microagi,9,False,False,False,False,True,False,True
280.0,9.333333333333334,0.0,0.0,0.0,0.0,0.0,0.0,0.0,0.0,0.0,0.0,0.0,0.0,0.0,0.0,169.78620408823218,1.0,169.24463472856047,1.0,1.0,169.78620408823218,2.0264437763328504,0.2178971802508441,0.5448755328270933,2.460524128266067,0.26457248691032986,0.3587108740552486,0.7279877001018211,0.0,0.45599951491238677,0.24123483358058703,4.4869679045989175,1.0,2026-06-19-13-32-25-350767,microagi,microagi,9,False,False,False,False,False,False,False
9111.0,303.7,0.0,0.0,0.0,0.0,0.0,0.0,0.0,0.0,0.0,0.0,0.0,0.0,0.0,0.0,173.2232865137235,1.0,171.86858534326475,1.0,1.0,173.2232865137235,46.17135007570333,0.15204615831735457,0.5481326601332729,66.18490050958802,0.21795247149150826,0.38264709870853214,1.5223068855175428,0.0,0.4507194206413222,0.18499931490443144,112.35625058529135,1.0,2026-06-19-13-33-01-067433,microagi,microagi,9,False,False,False,False,True,False,True
7708.0,256.93333333333334,0.0,0.0,0.0,0.0,0.0,0.0,0.0,0.0,0.0,0.0,0.0,0.0,0.0,0.0,162.41916666570813,1.0,169.6904512534003,1.0,1.0,169.6904512534003,35.18529135582722,0.13696104069998918,0.1905344117309752,54.362334972047265,0.21160893332832725,0.27758970594417176,1.3204697589960228,0.0,0.34464349825958956,0.1742849870141582,89.54762632787448,1.0,2026-06-19-14-23-00-540537,microagi,microagi,9,False,False,False,False,True,False,True
495.0,16.5,0.0,0.0,0.0,0.0,0.0,0.0,0.0,0.0,0.0,0.0,0.0,0.0,0.0,0.0,137.67339739037706,1.0,137.07759878860597,1.0,1.0,137.67339739037706,6.667414653152514,0.40490372387565876,0.26761145522482843,6.310982423449353,0.3832580419098798,0.1637497822164326,2.485228175977751,0.0,0.4809849847403171,0.39408088289276927,12.978397076601867,1.0,2026-06-20-07-11-37-476696,microagi,microagi,9,False,False,False,False,False,False,False
3589.0,119.63333333333334,0.0,0.0,0.0,0.0,0.0,0.0,0.0,0.0,0.0,0.0,0.0,0.0,0.0,0.0,136.6766627189164,1.0,135.27370850466514,1.0,1.0,136.6766627189164,38.53707241827847,0.32221632456754573,0.4331352277756093,38.59982490928332,0.32274101094718494,0.396291608070142,2.025564930023742,0.0,0.9261789148662151,0.32247866775736533,77.1368973275618,1.0,2026-06-20-07-12-12-594247,microagi,microagi,9,False,False,False,False,True,False,True
379.0,12.633333333333333,0.0,0.0,0.0,0.0,0.0,0.0,0.0,0.0,0.0,0.0,0.0,0.0,0.0,0.0,134.12205512688104,1.0,132.12997778799044,1.0,1.0,134.12205512688104,5.808356164039166,0.46098064793961635,0.6296981988030991,6.15680433848169,0.4886352649588643,0.7488563751724633,2.0918031854212056,0.0,0.8672864850976993,0.4748079564492403,11.965160502520856,1.0,2026-06-20-07-14-44-433457,microagi,microagi,9,False,False,False,False,False,False,False
2754.0,91.8,0.0,0.0,0.0,0.0,0.0,0.0,0.0,0.0,0.0,0.0,0.0,0.0,0.0,0.0,142.54554503446417,1.0,138.92826783308982,1.0,1.0,142.54554503446417,21.851508073960566,0.23812032045725276,0.45630557096370844,28.36365441647675,0.30908450145089084,0.3507032068575224,1.926542589049963,0.0,0.47518215341530523,0.2736024109540718,50.215162490437315,1.0,2026-06-20-07-21-41-266477,microagi,microagi,9,False,False,False,False,True,False,True
260.0,8.666666666666666,0.0,0.0,0.0,0.0,0.0,0.0,0.0,0.0,0.0,0.0,0.0,0.0,0.0,0.0,157.88866472701258,1.0,164.59790887251313,1.0,1.0,164.59790887251313,2.8349078407269968,0.32836770355911166,0.21962054990735122,3.4272293105047176,0.39697636801212943,0.3178898657839676,1.1655262689201267,0.0,0.1811936207983643,0.3626720357856205,6.262137151231714,1.0,2026-06-20-07-53-42-283050,microagi,microagi,9,False,False,False,False,False,False,False
297.0,9.9,0.0,0.0,0.0,0.0,0.0,0.0,0.0,0.0,0.0,0.0,0.0,0.0,0.0,0.0,165.9855573584824,1.0,155.95871759104534,1.0,1.0,165.9855573584824,3.932482719183013,0.3985624377550351,0.5602148668441898,3.8282416619074993,0.38799746573386823,0.37475003014389546,1.2958167418492383,0.0,0.2660109364313908,0.3932799517444517,7.760724381090512,1.0,2026-06-20-07-59-10-939710,microagi,microagi,9,False,False,False,False,False,False,False
345.0,11.5,0.0,0.0,0.0,0.0,0.0,0.0,0.0,0.0,0.0,0.0,0.0,0.0,0.0,0.0,173.17303533138164,1.0,164.80234910705815,1.0,1.0,173.17303533138164,2.879741549258245,0.2511402513888005,0.05966058892006488,2.9336173130525562,0.25583871916156015,0.13651085071643596,0.9328700283186867,0.0,0.2946837577588023,0.25348948527518034,5.8133588623108015,1.0,2026-06-20-10-22-45-827698,microagi,microagi,9,False,False,False,False,False,False,False
153.0,5.1,0.0,0.0,0.0,0.0,0.0,0.0,0.0,0.0,0.0,0.0,0.0,0.0,0.0,0.0,169.02979141041604,1.0,167.76608552383396,1.0,1.0,169.02979141041604,1.4844163154965302,0.2929769043743152,0.22912290104468247,1.2492983726928923,0.2465720472420182,0.2328082582863485,0.9208243740827363,0.0,0.08368812349808559,0.26977447580816666,2.7337146881894228,1.0,2026-06-20-10-27-00-944981,microagi,microagi,9,False,False,False,False,False,False,False
573.0,19.1,0.0,0.0,0.0,0.0,0.0,0.0,0.0,0.0,0.0,0.0,0.0,0.0,0.0,0.0,169.3670732718254,1.0,166.57320130322896,1.0,1.0,169.3670732718254,5.063402961426333,0.26556309238250003,0.25120405034979976,5.412967499624033,0.2838968968334283,0.23448231496626623,1.0222744880186885,0.0,0.24158048848027752,0.2747299946079641,10.476370461050365,1.0,2026-06-20-10-27-06-513314,microagi,microagi,9,False,False,False,False,False,False,False
1483.0,49.43333333333333,0.0,0.0,0.0,0.0,0.0,0.0,0.0,0.0,0.0,0.0,0.0,0.0,0.0,0.0,149.61555011602883,1.0,160.3284414080575,1.0,1.0,160.3284414080575,16.16819358694201,0.3272913681567209,0.444082320581713,16.464389022688962,0.3332872271799386,0.4893544694439926,2.254528058556085,0.0,1.206425549807357,0.3302892976683297,32.63258260963097,1.0,2026-06-20-11-02-02-041427,microagi,microagi,9,False,False,False,False,True,False,True
370.0,12.333333333333334,0.0,0.0,0.0,0.0,0.0,0.0,0.0,0.0,0.0,0.0,0.0,0.0,0.0,0.0,163.05119335058305,1.0,165.64945561128928,1.0,1.0,165.64945561128928,4.117398731426308,0.33474786434360226,0.14135773703108492,4.496550312459178,0.3655731961348926,0.24780998613314756,1.5647969925761573,0.0,0.5158998038558681,0.3501605302392474,8.613949043885485,1.0,2026-06-20-13-28-50-091941,microagi,microagi,9,False,False,False,False,False,False,False
531.0,17.7,0.0,0.0,0.0,0.0,0.0,0.0,0.0,0.0,0.0,0.0,0.0,0.0,0.0,0.0,170.7334308018802,1.0,171.66251110060173,1.0,1.0,171.66251110060173,6.632911817066381,0.3754478387018706,0.014830384010888119,6.620602818942058,0.3747511029589844,0.14024389469699747,1.5098054835250627,0.0,1.1349956565322548,0.37509947083042755,13.25351463600844,1.0,2026-06-20-13-57-33-323147,microagi,microagi,9,False,False,False,False,False,False,False
253.0,8.433333333333334,0.0,0.0,0.0,0.0,0.0,0.0,0.0,0.0,0.0,0.0,0.0,0.0,0.0,0.0,168.1281082974876,1.0,170.36372580410085,1.0,1.0,170.36372580410085,4.394234347862335,0.5231231366502779,0.45050604898522373,3.7649649581520066,0.44821011406571504,0.7177119136933306,1.6143646091697847,0.0,0.9759038188866439,0.4856666253579965,8.159199306014342,1.0,2026-06-20-13-58-19-314710,microagi,microagi,9,False,False,False,False,False,False,False
1557.0,51.9,0.0,0.0,0.0,0.0,0.0,0.0,0.0,0.0,0.0,0.0,0.0,0.0,0.0,0.0,166.6050519813472,1.0,156.45639454416818,1.0,1.0,166.6050519813472,20.100000887945303,0.38753215079586056,1.1364980588319604,24.49853645848827,0.47233682117907977,1.2015616458055605,2.3598623357944626,0.0,1.0119988430558822,0.42993448598747014,44.598537346433574,1.0,2026-06-20-14-03-13-116151,microagi,microagi,9,False,False,False,False,True,False,True
1629.0,54.3,0.0,0.0,0.0,0.0,0.0,0.0,0.0,0.0,0.0,0.0,0.0,0.0,0.0,0.0,170.4952681248767,1.0,165.0374715473055,1.0,1.0,170.4952681248767,16.308459608687894,0.3005244399635361,0.5225167137148328,14.208264537507894,0.2618230565879833,0.09425617396490457,1.096152715978936,0.0,0.5659903601122663,0.28117374827575975,30.516724146195788,1.0,2026-06-20-19-14-55-477202,microagi,microagi,9,False,False,False,False,True,False,True
275.0,9.166666666666666,0.0,0.0,0.0,0.0,0.0,0.0,0.0,0.0,0.0,0.0,0.0,0.0,0.0,0.0,159.41499380542695,1.0,159.0143088982242,1.0,1.0,159.41499380542695,1.7832494870426054,0.19524629420174514,0.09224067864115572,1.9349924797014095,0.21186049047825647,0.0982259707028543,1.0191025235105253,0.0,0.1583807527804363,0.20355339234000078,3.718241966744015,1.0,2026-06-21-06-19-16-753168,microagi,microagi,9,False,False,False,False,False,False,False
283.0,9.433333333333334,0.0,0.0,0.0,0.0,0.0,0.0,0.0,0.0,0.0,0.0,0.0,0.0,0.0,0.0,158.6919146157065,1.0,155.6575899435891,1.0,1.0,158.6919146157065,2.0086279968168945,0.21368382944860584,0.10348458573553913,2.5028701786623206,0.2662627849640767,0.056054343458886734,0.9004579644232205,0.0,0.34598555830777245,0.23997330720634125,4.511498175479215,1.0,2026-06-21-06-20-01-741563,microagi,microagi,9,False,False,False,False,False,False,False
2656.0,88.53333333333333,0.0,0.0,0.0,0.0,0.0,0.0,0.0,0.0,0.0,0.0,0.0,0.0,0.0,0.0,163.8955127441265,1.0,170.5101627429956,1.0,1.0,170.5101627429956,24.386463261204042,0.27555325718874624,0.09503968919429372,23.481946411763317,0.26533272781653466,0.08658133705913941,1.6366244685254907,0.0,0.7425886052069376,0.2704429925026405,47.86840967296736,1.0,2026-06-21-06-32-50-052530,microagi,microagi,9,False,False,False,False,True,False,True
1550.0,51.666666666666664,0.0,0.0,0.0,0.0,0.0,0.0,0.0,0.0,0.0,0.0,0.0,0.0,0.0,0.0,156.34541848944923,1.0,161.94605706480485,1.0,1.0,161.94605706480485,15.71509278321037,0.3043594470602396,0.42935773120193305,15.48166037011507,0.2998384836045527,0.3424657360934589,1.2381758833594971,0.0,0.7804080328417575,0.30209896533239616,31.19675315332544,1.0,2026-06-21-06-36-54-469404,microagi,microagi,9,False,False,False,False,True,False,True
1483.0,49.43333333333333,0.0,0.0,0.0,0.0,0.0,0.0,0.0,0.0,0.0,0.0,0.0,0.0,0.0,0.0,160.9170751918877,1.0,161.3772738372707,1.0,1.0,161.3772738372707,17.13396282609419,0.3468413527549432,0.8046927296620235,16.46271857226533,0.33325341239403505,0.8712397510908193,1.801357983067866,0.0,0.9044646286078221,0.3400473825744891,33.59668139835952,1.0,2026-06-21-06-43-54-502933,microagi,microagi,9,False,False,False,False,True,False,True
172.0,5.733333333333333,0.0,0.0,0.0,0.0,0.0,0.0,0.0,0.0,0.0,0.0,0.0,0.0,0.0,0.0,148.93831616891106,1.0,154.72100526968444,1.0,1.0,154.72100526968444,2.291198308388778,0.40196461550680307,0.711385710896152,1.980561961758687,0.3474670108348575,0.9263889031037705,1.1025842157905308,0.0,0.7681617347893992,0.37471581317083025,4.271760270147465,1.0,2026-06-21-06-54-53-882581,microagi,microagi,9,False,False,False,False,False,False,False
550.0,18.333333333333332,0.0,0.0,0.0,0.0,0.0,0.0,0.0,0.0,0.0,0.0,0.0,0.0,0.0,0.0,152.70630802649558,1.0,147.88387196583432,1.0,1.0,152.70630802649558,4.863520181947949,0.2657661301610902,1.103037964852917,5.202390548093726,0.2842836365078539,1.0196212731504855,3.08749095459359,0.0,0.5975651863288524,0.27502488333447206,10.065910730041676,1.0,2026-06-21-06-57-45-596222,microagi,microagi,9,False,False,False,False,False,False,False
326.0,10.866666666666667,0.0,0.0,0.0,0.0,0.0,0.0,0.0,0.0,0.0,0.0,0.0,0.0,0.0,0.0,171.84790535185374,1.0,169.3550177758466,1.0,1.0,171.84790535185374,2.4779043290779827,0.22872963037642918,0.13412141192669505,2.176200738172657,0.20088006813901452,0.16375366747660203,0.8972674831293166,0.0,0.12518799658668223,0.21480484925772186,4.65410506725064,1.0,2026-06-21-07-48-56-836228,microagi,microagi,9,False,False,False,False,False,False,False
539.0,17.966666666666665,0.0,0.0,0.0,0.0,0.0,0.0,0.0,0.0,0.0,0.0,0.0,0.0,0.0,0.0,174.45774920313357,1.0,165.2381665789548,1.0,1.0,174.45774920313357,4.319359514415812,0.24085647849902297,0.11320792402888387,4.423249990320946,0.24664962771306395,0.07867956263252282,1.0145752481888823,0.0,0.18945962731891536,0.24375305310604342,8.742609504736759,1.0,2026-06-21-07-53-21-331098,microagi,microagi,9,False,False,False,False,False,False,False
781.0,26.033333333333335,0.0,0.0,0.0,0.0,0.0,0.0,0.0,0.0,0.0,0.0,0.0,0.0,0.0,0.0,175.50683829251605,1.0,168.31372829795075,1.0,1.0,175.50683829251605,6.051115261114765,0.2327352023505679,0.6687757371853748,6.160286178975994,0.236934083806769,0.6280426046094503,1.3429740341794072,0.0,0.41357998096654186,0.23483464307866844,12.211401440090759,1.0,2026-06-21-07-57-41-424012,microagi,microagi,9,False,False,False,False,False,False,False
161.0,5.366666666666666,0.0,0.0,0.0,0.0,0.0,0.0,0.0,0.0,0.0,0.0,0.0,0.0,0.0,0.0,169.1104117288168,1.0,168.8090461326406,1.0,1.0,169.1104117288168,2.057277642138244,0.38573955790092074,0.5680253437928678,1.9185786016612456,0.3597334878114835,0.4283056104242302,0.7531157985057743,0.0,0.39953512209376446,0.3727365228562021,3.9758562437994893,1.0,2026-06-21-07-58-27-685678,microagi,microagi,9,False,False,False,False,False,False,False
571.0,19.033333333333335,0.0,0.0,0.0,0.0,0.0,0.0,0.0,0.0,0.0,0.0,0.0,0.0,0.0,0.0,174.1711742338905,1.0,171.27324607489535,1.0,1.0,174.1711742338905,3.3516771572770283,0.1764040609093173,0.22303393322395135,4.11581792472378,0.21662199603809368,0.2289316610895129,0.6632810027491081,0.0,0.37524366862280517,0.19651302847370547,7.467495082000808,1.0,2026-06-21-08-15-29-180876,microagi,microagi,9,False,False,False,False,False,False,False
307.0,10.233333333333333,0.0,0.0,0.0,0.0,0.0,0.0,0.0,0.0,0.0,0.0,0.0,0.0,0.0,0.0,163.10045418034304,1.0,172.98400865883994,1.0,1.0,172.98400865883994,2.1538800355206513,0.2111647093647697,0.20892754341657618,2.61942841285484,0.25680670714263143,0.3679165209077245,0.7089737493496732,0.0,0.39710565527462194,0.23398570825370052,4.7733084483754915,1.0,2026-06-21-08-17-47-964891,microagi,microagi,9,False,False,False,False,False,False,False
503.0,16.766666666666666,0.0,0.0,0.0,0.0,0.0,0.0,0.0,0.0,0.0,0.0,0.0,0.0,0.0,0.0,164.72885947088818,1.0,172.3738476668627,1.0,1.0,172.3738476668627,2.5186516402890655,0.15051703029615926,0.15071674513162722,2.971841297251153,0.1776000775249693,0.1780480093738825,0.6552792501839069,0.0,0.20662386467018384,0.1640585539105643,5.4904929375402185,1.0,2026-06-21-08-20-39-001382,microagi,microagi,9,False,False,False,False,False,False,False
1208.0,40.266666666666666,0.0,0.0,0.0,0.0,0.0,0.0,0.0,0.0,0.0,0.0,0.0,0.0,0.0,0.0,174.80082917736695,1.0,169.84425680890337,1.0,1.0,174.80082917736695,6.725514419172623,0.1671627444699078,0.16715315223803254,7.610482055287114,0.18915862606347425,0.16551548986136205,0.9581250096649595,0.0,0.2586961626076251,0.17816068526669104,14.335996474459737,1.0,2026-06-21-08-21-31-066382,microagi,microagi,9,False,False,False,False,True,False,True
501.0,16.7,0.0,0.0,0.0,0.0,0.0,0.0,0.0,0.0,0.0,0.0,0.0,0.0,0.0,0.0,176.26529075284577,1.0,171.31807748168117,1.0,1.0,176.26529075284577,3.363443346084689,0.20180660076508133,0.06699007547427739,3.5334551038017477,0.21200730622810487,0.1815240248156445,1.7687998113380579,0.0,0.07920034874649946,0.2069069534965931,6.896898449886437,1.0,2026-06-21-09-05-45-199033,microagi,microagi,9,False,False,False,False,False,False,False
244.0,8.133333333333333,0.0,0.0,0.0,0.0,0.0,0.0,0.0,0.0,0.0,0.0,0.0,0.0,0.0,0.0,165.96418701695978,1.0,173.40391799420922,1.0,1.0,173.40391799420922,1.2578082500085461,0.15528496913685755,0.08479966846205779,2.577733926088536,0.31823875630722664,0.23610139941307523,1.047241742899971,0.0,0.15432252273156485,0.2367618627220421,3.835542176097082,1.0,2026-06-21-09-09-01-785340,microagi,microagi,9,False,False,False,False,False,False,False
620.0,20.666666666666668,0.0,0.0,0.0,0.0,0.0,0.0,0.0,0.0,0.0,0.0,0.0,0.0,0.0,0.0,165.93285347812196,1.0,172.1603420386732,1.0,1.0,172.1603420386732,7.298851902513942,0.3537408030297549,0.40992370474338086,7.84373427754174,0.38014867257875967,0.2452102016548891,1.3698320999389804,0.0,0.9019439206005145,0.3669447378042573,15.142586180055682,1.0,2026-06-21-09-38-55-447479,microagi,microagi,9,False,False,False,False,False,False,False
288.0,9.6,0.0,0.0,0.0,0.0,0.0,0.0,0.0,0.0,0.0,0.0,0.0,0.0,0.0,0.0,160.03107410115967,1.0,153.32621469649848,1.0,1.0,160.03107410115967,3.5887873197948377,0.37513456304475656,0.2547805754775091,4.581907681951913,0.47894505386256936,0.27359687677117644,1.423136150865812,0.0,0.7328312672888104,0.42703980845366296,8.17069500174675,1.0,2026-06-21-09-40-33-324176,microagi,microagi,9,False,False,False,False,False,False,False
554.0,18.466666666666665,0.0,0.0,0.0,0.0,0.0,0.0,0.0,0.0,0.0,0.0,0.0,0.0,0.0,0.0,168.4759812473506,1.0,155.70368098116398,1.0,1.0,168.4759812473506,6.440979410123478,0.3494202211640223,0.2810311795985747,8.8961687834381,0.4826131347253941,0.36875277492852165,1.4435744188407098,0.0,0.8606386542096774,0.4160166779447082,15.337148193561578,1.0,2026-06-21-09-44-07-261405,microagi,microagi,9,False,False,False,False,False,False,False
502.0,16.733333333333334,0.0,0.0,0.0,0.0,0.0,0.0,0.0,0.0,0.0,0.0,0.0,0.0,0.0,0.0,168.3419460757113,1.0,162.08238573591697,1.0,1.0,168.3419460757113,6.260408676632393,0.37487477105583183,0.2465576036263155,8.495834004621177,0.5087325751270165,0.4268313973330594,1.4436031085108485,0.0,1.0438262368683808,0.4418036730914242,14.75624268125357,1.0,2026-06-21-09-45-48-585268,microagi,microagi,9,False,False,False,False,False,False,False
503.0,16.766666666666666,0.0,0.0,0.0,0.0,0.0,0.0,0.0,0.0,0.0,0.0,0.0,0.0,0.0,0.0,168.96185847585804,1.0,166.100154944298,1.0,1.0,168.96185847585804,6.998332655402873,0.41822705111969366,0.07377135948393787,6.003818304830052,0.3587939225994055,0.09180619321764318,1.7485209854928137,0.0,0.14186419881447923,0.3885104868595496,13.002150960232925,1.0,2026-06-21-11-32-08-078919,microagi,microagi,9,False,False,False,False,False,False,False
1431.0,47.7,0.0,0.0,0.0,0.0,0.0,0.0,0.0,0.0,0.0,0.0,0.0,0.0,0.0,0.0,169.35753886349727,1.0,166.5028776380573,1.0,1.0,169.35753886349727,6.667623393426203,0.13988021105089937,0.40407438378688454,7.398099192649899,0.1552048781674804,0.35268820384348676,0.7974869561610786,0.0,0.3241317295567838,0.1475425446091899,14.065722586076102,1.0,2026-06-21-13-32-29-737315,microagi,microagi,9,False,False,False,False,True,False,True
235.0,7.833333333333333,0.0,0.0,0.0,0.0,0.0,0.0,0.0,0.0,0.0,0.0,0.0,0.0,0.0,0.0,174.9632129571546,1.0,173.11290689209034,1.0,1.0,174.9632129571546,1.9925740034348518,0.25545820556857074,0.32733555080925714,0.7461854350450269,0.09566479936474705,0.38478821667265745,1.4042953726055647,0.0,0.09809715873785191,0.17556150246665894,2.7387594384798786,1.0,2026-06-21-13-34-59-361119,microagi,microagi,9,False,False,False,False,False,False,False
367.0,12.233333333333333,0.0,0.0,0.0,0.0,0.0,0.0,0.0,0.0,0.0,0.0,0.0,0.0,0.0,0.0,172.18067851683307,1.0,164.12840290397568,1.0,1.0,172.18067851683307,3.5494355213088435,0.29093733781220027,0.14874233596479597,3.9471406745164677,0.32353612086200556,0.042839242008650844,1.1048963344836524,0.0,0.22839746067014025,0.30723672933710294,7.496576195825311,1.0,2026-06-21-13-43-26-972556,microagi,microagi,9,False,False,False,False,False,False,False
314.0,10.466666666666667,0.0,0.0,0.0,0.0,0.0,0.0,0.0,0.0,0.0,0.0,0.0,0.0,0.0,0.0,164.9763680537555,1.0,175.42132946622337,1.0,1.0,175.42132946622337,4.1439423332730065,0.3971829712402243,0.17524358929584224,3.018227410729642,0.2892869722744066,0.3672854579320172,1.5465988974421934,0.0,0.2598602328468506,0.34323497175731543,7.162169744002648,1.0,2026-06-21-13-43-54-282556,microagi,microagi,9,False,False,False,False,False,False,False
358.0,11.933333333333334,0.0,0.0,0.0,0.0,0.0,0.0,0.0,0.0,0.0,0.0,0.0,0.0,0.0,0.0,172.58058261978417,1.0,165.05635214680748,1.0,1.0,172.58058261978417,4.327563424343249,0.3636607919616176,0.068510792940671,3.768699536193821,0.31669744001628747,0.12035495631937651,1.2027189462587637,0.0,0.17800408474370205,0.34017911598895256,8.09626296053707,1.0,2026-06-21-13-45-32-213752,microagi,microagi,9,False,False,False,False,False,False,False
265.0,8.833333333333334,0.0,0.0,0.0,0.0,0.0,0.0,0.0,0.0,0.0,0.0,0.0,0.0,0.0,0.0,171.80438247580767,1.0,167.12689912459794,1.0,1.0,171.80438247580767,4.405406304379529,0.5006143527704011,0.19761073924324352,3.618764467911654,0.4112232349899607,0.4629656824909087,1.8577005151195751,0.0,0.26372339182126553,0.4559187938801809,8.024170772291182,1.0,2026-06-21-13-47-04-276215,microagi,microagi,9,False,False,False,False,False,False,False
232.0,7.733333333333333,0.0,0.0,0.0,0.0,0.0,0.0,0.0,0.0,0.0,0.0,0.0,0.0,0.0,0.0,175.2279973407384,1.0,168.49094299531396,1.0,1.0,175.2279973407384,2.797243057679149,0.3632783191791102,0.09347993438724049,2.9493856686093904,0.3830370998194014,0.43700735565592186,1.4748395025283783,0.0,0.16229206021298237,0.37315770949925586,5.74662872628854,1.0,2026-06-21-13-49-50-429597,microagi,microagi,9,False,False,False,False,False,False,False
277.0,9.233333333333333,0.0,0.0,0.0,0.0,0.0,0.0,0.0,0.0,0.0,0.0,0.0,0.0,0.0,0.0,173.75102997244656,1.0,164.14125718404347,1.0,1.0,173.75102997244656,4.058708596811466,0.44116397791428985,0.16802187162550347,3.7450743849270665,0.4070733027094637,0.3218497091374777,1.5254706937384668,0.0,0.19612032734725773,0.4241186403118768,7.803782981738532,1.0,2026-06-21-13-50-57-051148,microagi,microagi,9,False,False,False,False,False,False,False
401.0,13.366666666666667,0.0,0.0,0.0,0.0,0.0,0.0,0.0,0.0,0.0,0.0,0.0,0.0,0.0,0.0,174.42993107827087,1.0,167.1354426487526,1.0,1.0,174.42993107827087,4.674386723558823,0.35057900426691163,0.11428861024761094,4.42081382188908,0.331561036641681,0.5087019452755852,3.0906873264684465,0.0,0.14480322554585437,0.3410700204542963,9.095200545447902,1.0,2026-06-21-13-51-08-187815,microagi,microagi,9,False,False,False,False,False,False,False
264.0,8.8,0.0,0.0,0.0,0.0,0.0,0.0,0.0,0.0,0.0,0.0,0.0,0.0,0.0,0.0,174.66074830372838,1.0,166.11771876278328,1.0,1.0,174.66074830372838,2.6555647034236203,0.3029161258658122,0.16478838762432296,3.080986314864134,0.3514433058780381,0.42536346043542367,1.303622016140516,0.0,0.11598965219913945,0.3271797158719252,5.736551018287754,1.0,2026-06-21-13-52-50-787943,microagi,microagi,9,False,False,False,False,False,False,False
247.0,8.233333333333333,0.0,0.0,0.0,0.0,0.0,0.0,0.0,0.0,0.0,0.0,0.0,0.0,0.0,0.0,172.09729029457958,1.0,162.4266739090036,1.0,1.0,172.09729029457958,2.9596245177710507,0.36092981924037193,0.1498239780178944,3.0301709697581645,0.369533045092459,0.5009244123949819,1.3852375728515147,0.0,0.22130688376650848,0.3652314321664155,5.989795487529215,1.0,2026-06-21-14-01-57-024568,microagi,microagi,9,False,False,False,False,False,False,False
891.0,29.7,0.0,0.0,0.0,0.0,0.0,0.0,0.0,0.0,0.0,0.0,0.0,0.0,0.0,0.0,172.57535446682058,1.0,165.84834947900282,1.0,1.0,172.57535446682058,11.877507806966232,0.40036543169549094,0.14977057625879067,11.900041398167744,0.40112499094947446,0.1162456864145526,2.864992230247656,0.0,0.16867732172574748,0.4007452113224827,23.777549205133976,1.0,2026-06-21-14-02-33-569568,microagi,microagi,9,False,False,False,False,False,False,False
1767.0,58.9,0.0,0.0,0.0,0.0,0.0,0.0,0.0,0.0,0.0,0.0,0.0,0.0,0.0,0.0,171.71832194181226,1.0,161.03527748980264,1.0,1.0,171.71832194181226,15.66933338814275,0.266183466389741,0.11367770931211267,16.91988639861195,0.2874272887646424,0.3287742312433636,1.4008426757896015,0.0,0.3684880297542664,0.2768053775771917,32.5892197867547,1.0,2026-06-21-19-33-42-910913,microagi,microagi,9,False,False,False,False,True,False,True
1217.0,40.56666666666667,0.0,0.0,0.0,0.0,0.0,0.0,0.0,0.0,0.0,0.0,0.0,0.0,0.0,0.0,174.70679414317436,1.0,160.34396706578323,1.0,1.0,174.70679414317436,12.753192781401431,0.3146346903306274,0.21049534603386466,14.051222952713536,0.34665846100444575,0.08166455149768882,1.8473908224040225,0.0,0.168601638103599,0.33064657566753664,26.80441573411497,1.0,2026-06-21-19-54-55-680354,microagi,microagi,9,False,False,False,False,True,False,True
7431.0,247.7,0.0,0.0,0.0,0.0,0.0,0.0,0.0,0.0,0.0,0.0,0.0,0.0,0.0,0.0,172.6081261082432,1.0,160.60267321699627,1.0,1.0,172.6081261082432,76.96492072285363,0.3107601105902568,0.19396163464997163,89.3480239582052,0.3607591815270735,0.15167449528979166,2.7513535120689196,0.0,0.3966709162934905,0.3357596460586652,166.31294468105884,1.0,2026-06-21-20-04-26-523696,microagi,microagi,9,False,False,False,False,True,False,True
253.0,8.433333333333334,0.0,0.0,0.0,0.0,0.0,0.0,0.0,0.0,0.0,0.0,0.0,0.0,0.0,0.0,159.34397091976052,1.0,156.86584552494386,1.0,1.0,159.34397091976052,3.7985158004860393,0.4522042619626237,0.24961738378719317,3.1404397754560605,0.3738618780304834,0.34339964444598325,1.2723971296902348,0.0,0.4118176171782655,0.41303306999655354,6.938955575942099,1.0,2026-06-22-11-17-39-611734,microagi,microagi,9,False,False,False,False,False,False,False
305.0,10.166666666666666,0.0,0.0,0.0,0.0,0.0,0.0,0.0,0.0,0.0,0.0,0.0,0.0,0.0,0.0,171.61785724798838,1.0,169.0439308843738,1.0,1.0,171.61785724798838,3.2598022413017778,0.32169101065478073,0.16427442650743626,3.490701199659526,0.3444770920716637,0.38318020562366606,1.9916464384154127,0.0,0.37454819586322197,0.3330840513632222,6.750503440961303,1.0,2026-06-22-11-18-53-546734,microagi,microagi,9,False,False,False,False,False,False,False
272.0,9.066666666666666,0.0,0.0,0.0,0.0,0.0,0.0,0.0,0.0,0.0,0.0,0.0,0.0,0.0,0.0,154.37961526730325,1.0,155.6056570351791,1.0,1.0,155.6056570351791,2.8034853588856286,0.31034893271796626,0.09430808516466753,4.615209301259995,0.5109087787372688,0.22496096095424215,1.2289898416978868,0.0,0.3919828241681586,0.41062885572761754,7.418694660145624,1.0,2026-06-22-11-20-22-522453,microagi,microagi,9,False,False,False,False,False,False,False
161.0,5.366666666666666,0.0,0.0,0.0,0.0,0.0,0.0,0.0,0.0,0.0,0.0,0.0,0.0,0.0,0.0,154.69495839814996,1.0,151.19427400145827,1.0,1.0,154.69495839814996,1.5957699237278455,0.29920686069897096,0.18069775190449866,2.3239307228179413,0.4357370105283641,0.17422780617557554,1.3067998974798263,0.0,0.28377358623360754,0.36747193561366753,3.919700646545787,1.0,2026-06-22-11-21-29-588213,microagi,microagi,9,False,False,False,False,False,False,False
393.0,13.1,0.0,0.0,0.0,0.0,0.0,0.0,0.0,0.0,0.0,0.0,0.0,0.0,0.0,0.0,162.44457215645915,1.0,159.9416199512365,1.0,1.0,162.44457215645915,6.319923986521302,0.4836676520296916,0.2574485084256941,5.428099733020684,0.4154157958944401,0.3838381246655062,1.8238921701860882,0.0,1.0032406080073224,0.4495417239620658,11.748023719541987,1.0,2026-06-22-11-26-47-139692,microagi,microagi,9,False,False,False,False,False,False,False
474.0,15.8,0.0,0.0,0.0,0.0,0.0,0.0,0.0,0.0,0.0,0.0,0.0,0.0,0.0,0.0,165.2068860020073,1.0,165.12812289797225,1.0,1.0,165.2068860020073,6.686158405576448,0.42406924348264996,0.3994800295439708,7.010207106499522,0.4446220152113862,0.28039096834369426,1.7934494141329647,0.0,1.0338960322900292,0.43434562934701804,13.696365512075971,1.0,2026-06-22-11-27-01-246359,microagi,microagi,9,False,False,False,False,False,False,False
823.0,27.433333333333334,0.0,0.0,0.0,0.0,0.0,0.0,0.0,0.0,0.0,0.0,0.0,0.0,0.0,0.0,174.66100674128558,1.0,176.10904177625753,1.0,1.0,176.10904177625753,5.9920027169074865,0.21868623054406883,0.27839262612752574,6.677626575992487,0.2437089991238134,0.1856794467065422,1.354298755606077,0.0,0.44850455003775247,0.23119761483394113,12.669629292899973,1.0,2026-06-22-11-37-25-578647,microagi,microagi,9,False,False,False,False,False,False,False
175.0,5.833333333333333,0.0,0.0,0.0,0.0,0.0,0.0,0.0,0.0,0.0,0.0,0.0,0.0,0.0,0.0,146.59236519374727,1.0,143.35526742553841,1.0,1.0,146.59236519374727,1.924662341728995,0.33183833478086117,0.24728366350444156,1.193694065068993,0.20580932156361947,0.25585399223261174,1.655839775519583,0.0,0.28910486746302777,0.2688238281722403,3.1183564067979876,1.0,2026-06-22-11-40-39-504139,microagi,microagi,9,False,False,False,False,False,False,False
888.0,29.6,0.0,0.0,0.0,0.0,0.0,0.0,0.0,0.0,0.0,0.0,0.0,0.0,0.0,0.0,144.241085035474,1.0,142.5966837838505,1.0,1.0,144.241085035474,8.109227669004127,0.2742692559978849,0.47360112398750576,7.333833359510719,0.2480439693182882,0.24809798896101365,2.4389010382810317,0.0,0.3686923424180809,0.26115661265808654,15.443061028514848,1.0,2026-06-22-11-40-51-242472,microagi,microagi,9,False,False,False,False,False,False,False
291.0,9.7,0.0,0.0,0.0,0.0,0.0,0.0,0.0,0.0,0.0,0.0,0.0,0.0,0.0,0.0,170.2388092674809,1.0,169.55337159024768,1.0,1.0,170.2388092674809,4.0635228254719475,0.42036443022123593,0.3604689182281568,3.3607206515930184,0.3476607570613467,0.4005614304688145,1.4722013190929262,0.0,0.1888105036294698,0.3840125936412913,7.424243477064966,1.0,2026-06-22-14-38-34-126348,microagi,microagi,9,False,False,False,False,False,False,False
291.0,9.7,0.0,0.0,0.0,0.0,0.0,0.0,0.0,0.0,0.0,0.0,0.0,0.0,0.0,0.0,168.29379089719367,1.0,170.56518262935225,1.0,1.0,170.56518262935225,5.040687386833104,0.5214504193275624,0.2629352502967796,2.1935879759790713,0.22692289406680052,0.3394040712422684,5.292185193189095,0.0,0.12839494018293207,0.37418665669718143,7.234275362812175,1.0,2026-06-22-14-38-48-098014,microagi,microagi,9,False,False,False,False,False,False,False
176.0,5.866666666666666,0.0,0.0,0.0,0.0,0.0,0.0,0.0,0.0,0.0,0.0,0.0,0.0,0.0,0.0,167.04612147382016,1.0,163.6092359719164,1.0,1.0,167.04612147382016,1.5627841418897035,0.2679058528953777,0.22484794469013586,2.535917551659192,0.43472872314157585,0.3131233991360874,1.5444239258467454,0.0,0.23770932043649518,0.3513172880184767,4.098701693548896,1.0,2026-06-22-19-50-05-460316,microagi,microagi,9,False,False,False,False,False,False,False
763.0,25.433333333333334,0.0,0.0,0.0,0.0,0.0,0.0,0.0,0.0,0.0,0.0,0.0,0.0,0.0,0.0,150.2358969300849,1.0,145.45683506743916,1.0,1.0,150.2358969300849,8.649119736281623,0.3405165250504576,0.5843901997694065,8.034004839424966,0.31629940312696714,0.4486522427082559,1.562848930152952,0.0,0.9772026163371982,0.32840796408871237,16.68312457570659,1.0,2026-06-22-19-51-20-085316,microagi,microagi,9,False,False,False,False,False,False,False
193.0,6.433333333333334,0.0,0.0,0.0,0.0,0.0,0.0,0.0,0.0,0.0,0.0,0.0,0.0,0.0,0.0,157.9348643952927,1.0,149.45800467857717,1.0,1.0,157.9348643952927,1.8650056782149762,0.29140713722108996,0.12661322394709476,2.4243850873740564,0.3788101699021964,0.33783970288493803,1.5569939435877382,0.0,0.4043089900386439,0.3351086535616432,4.289390765589033,1.0,2026-06-22-19-58-59-977426,microagi,microagi,9,False,False,False,False,False,False,False
197.0,6.566666666666666,0.0,0.0,0.0,0.0,0.0,0.0,0.0,0.0,0.0,0.0,0.0,0.0,0.0,0.0,158.4617030948473,1.0,151.46515116183895,1.0,1.0,158.4617030948473,2.041989123373875,0.3125493556184502,0.06127700810784571,1.9121282377337434,0.29267268944904234,0.40773026391953004,1.384492859313032,0.0,0.5039030951841433,0.30261102253374633,3.9541173611076186,1.0,2026-06-22-20-00-34-953023,microagi,microagi,9,False,False,False,False,False,False,False
230.0,7.666666666666667,0.0,0.0,0.0,0.0,0.0,0.0,0.0,0.0,0.0,0.0,0.0,0.0,0.0,0.0,171.80068073562106,1.0,167.88129389709138,1.0,1.0,171.80068073562106,3.144448377284738,0.41193646863992206,0.19482161956371663,2.8533235538846884,0.3737978454870771,0.49880497346368585,2.0359100031600477,0.0,0.08657759185535908,0.39286715706349956,5.997771931169426,1.0,2026-06-23-14-01-23-082502,microagi,microagi,9,False,False,False,False,False,False,False
2586.0,86.2,0.0,0.0,0.0,0.0,0.0,0.0,0.0,0.0,0.0,0.0,0.0,0.0,0.0,0.0,172.90522203865248,1.0,163.25612490676087,1.0,1.0,172.90522203865248,31.917042232904233,0.37041054815749597,0.16292207263757405,28.585060693205893,0.33174151674900454,0.07361556248195059,2.270903739495614,0.0,0.30620716562961076,0.35107603245325025,60.502102926110126,1.0,2026-06-23-14-02-05-962502,microagi,microagi,9,False,False,False,False,True,False,True
364.0,12.133333333333333,0.0,0.0,0.0,0.0,0.0,0.0,0.0,0.0,0.0,0.0,0.0,0.0,0.0,0.0,173.8325506775123,1.0,165.24012396951645,1.0,1.0,173.8325506775123,3.966839386164689,0.3278379657987347,0.42584429668013574,3.4562190244955713,0.2856379359087249,0.10495873270095589,2.504384750912007,0.0,0.11523332190964133,0.3067379508537298,7.423058410660261,1.0,2026-06-23-14-06-41-688942,microagi,microagi,9,False,False,False,False,False,False,False
261.0,8.7,0.0,0.0,0.0,0.0,0.0,0.0,0.0,0.0,0.0,0.0,0.0,0.0,0.0,0.0,173.9793229007339,1.0,168.60628339560492,1.0,1.0,173.9793229007339,1.6978291878937823,0.19590336783389795,0.09162558504014835,4.309095205392885,0.4972032929299482,0.1709615604363589,1.4254460718845887,0.0,0.145202918549538,0.3465533303819231,6.006924393286667,1.0,2026-06-23-14-13-49-930882,microagi,microagi,9,False,False,False,False,False,False,False
364.0,12.133333333333333,0.0,0.0,0.0,0.0,0.0,0.0,0.0,0.0,0.0,0.0,0.0,0.0,0.0,0.0,163.7335913619383,1.0,166.0496632844139,1.0,1.0,166.0496632844139,5.968499828222843,0.493264448613458,0.6738283167658645,4.228791756537374,0.3494869220278821,0.31953788406163797,2.401643424880867,0.0,0.25150766896268284,0.4213756853206701,10.197291584760217,1.0,2026-06-23-14-17-55-044192,microagi,microagi,9,False,False,False,False,False,False,False
532.0,17.733333333333334,0.0,0.0,0.0,0.0,0.0,0.0,0.0,0.0,0.0,0.0,0.0,0.0,0.0,0.0,167.4654713105853,1.0,157.7925367838228,1.0,1.0,167.4654713105853,7.382955374344385,0.4171161228443155,0.4106158617193518,7.510757986656112,0.42433660941559964,0.16108209082345626,1.5881969900186907,0.0,0.185973570944814,0.42072636612995756,14.893713361000497,1.0,2026-06-23-14-42-52-518685,microagi,microagi,9,False,False,False,False,False,False,False
276.0,9.2,0.0,0.0,0.0,0.0,0.0,0.0,0.0,0.0,0.0,0.0,0.0,0.0,0.0,0.0,169.6113390173506,1.0,157.8921929839706,1.0,1.0,169.6113390173506,3.992198411785002,0.4355125540129093,0.35194036274097923,3.3727169664779106,0.36793275997940844,0.27251909669982305,1.4308414820099975,0.0,0.19527828526449503,0.4017226569961589,7.364915378262912,1.0,2026-06-23-14-44-49-922588,microagi,microagi,9,False,False,False,False,False,False,False
159.0,5.3,0.0,0.0,0.0,0.0,0.0,0.0,0.0,0.0,0.0,0.0,0.0,0.0,0.0,0.0,121.82305527369643,1.0,121.49150269275637,1.0,1.0,121.82305527369643,1.5857271584558834,0.3010874351498513,0.17101629169605853,1.9971299058113785,0.37920188085026174,0.0812343938177285,1.2537499821717069,0.0,0.08564666549886532,0.34014465800005655,3.582857064267262,1.0,2026-06-25-05-28-39-284760,microagi,microagi,9,False,False,False,False,False,False,False
274.0,9.133333333333333,0.0,0.0,0.0,0.0,0.0,0.0,0.0,0.0,0.0,0.0,0.0,0.0,0.0,0.0,165.8865076136785,1.0,165.53713890948796,1.0,1.0,165.8865076136785,2.72618721248271,0.29958101236073736,0.24407797814827475,2.6472363153047658,0.29090508959393035,0.09390181874698779,1.3842496165777538,0.0,0.1611405115207722,0.2952430509773339,5.373423527787476,1.0,2026-06-25-05-38-03-872204,microagi,microagi,9,False,False,False,False,False,False,False
159.0,5.3,0.0,0.0,0.0,0.0,0.0,0.0,0.0,0.0,0.0,0.0,0.0,0.0,0.0,0.0,149.83748488733832,1.0,151.29618431699444,1.0,1.0,151.29618431699444,1.1188003318286006,0.2124304427522659,0.025394901963556257,1.2798211460690994,0.24300401507641126,0.109699532214439,0.7661481768056995,0.0,0.19119816206340665,0.22771722891433863,2.3986214778977,1.0,2026-06-25-15-12-14-077514,microagi,microagi,9,False,False,False,False,False,False,False
389.0,12.966666666666667,0.0,0.0,0.0,0.0,0.0,0.0,0.0,0.0,0.0,0.0,0.0,0.0,0.0,0.0,158.5889124673101,1.0,152.17027060023352,1.0,1.0,158.5889124673101,3.511946066070381,0.27154222160338004,0.11185101884696522,4.376353781705589,0.3383778697195043,0.061173307926033024,2.022432325387368,0.0,0.21840231361103124,0.3049600456614422,7.88829984777597,1.0,2026-06-27-16-32-21-101065,microagi,microagi,9,False,False,False,False,False,False,False
250.0,8.333333333333334,0.0,0.0,0.0,0.0,0.0,0.0,0.0,0.0,0.0,0.0,0.0,0.0,0.0,0.0,107.4494935754816,1.0,120.94053850899019,1.0,1.0,120.94053850899019,4.236557792676706,0.5104286497200851,1.4954365657218422,3.7291343402166666,0.449293294002008,1.4447191729562427,1.3993991473087692,0.0,1.1019098649352754,0.4798609718610465,7.9656921328933725,1.0,2026-06-27-22-18-51-027013,microagi,microagi,9,False,False,False,False,False,False,False
268.0,8.933333333333334,0.0,0.0,0.0,0.0,0.0,0.0,0.0,0.0,0.0,0.0,0.0,0.0,0.0,0.0,73.8749649181254,1.0,72.56571334810408,1.0,1.0,73.8749649181254,3.6692376041143713,0.4122738881027383,0.11057932132150654,2.912898167452515,0.32729192892724895,0.16090987239540533,1.3307082253613918,0.0,0.40395326889066957,0.3697829085149937,6.582135771566886,1.0,2026-06-27-22-20-44-998182,microagi,microagi,9,False,False,False,False,False,False,False
894.0,29.8,0.0,0.0,0.0,0.0,0.0,0.0,0.0,0.0,0.0,0.0,0.0,0.0,0.0,0.0,128.38871602313966,1.0,136.20452131027184,1.0,1.0,136.20452131027184,12.189630437272484,0.4095060617224799,0.4667720311185393,12.328485974866954,0.4141708614177029,0.49831583980048605,2.0450992327432203,0.0,1.061947530236699,0.4118384615700913,24.518116412139438,1.0,2026-06-29-01-04-30-868358,microagi,microagi,9,False,False,False,False,False,False,False
457.0,15.233333333333333,0.0,0.0,0.0,0.0,0.0,0.0,0.0,0.0,0.0,0.0,0.0,0.0,0.0,0.0,152.38112185656033,1.0,138.17669317012334,1.0,1.0,152.38112185656033,6.821953007524072,0.44881269786342576,0.20062206449949585,8.43571321438841,0.5549811325255534,0.2714731155846905,1.6554370879592601,0.0,0.7130149162318384,0.5018969151944896,15.257666221912483,1.0,2026-06-30-14-13-20-638015,microagi,microagi,9,False,False,False,False,False,False,False
158.0,5.266666666666667,0.0,0.0,0.0,0.0,0.0,0.0,0.0,0.0,0.0,0.0,0.0,0.0,0.0,0.0,176.58005891518718,1.0,169.49947177601533,1.0,1.0,176.58005891518718,1.4906459197071171,0.2848367999440351,0.14245985543741949,1.6168426439480403,0.3089508236843389,0.1484583167609031,1.2288019146714901,0.0,0.20240855637278668,0.296893811814187,3.1074885636551572,1.0,2026-06-30-16-54-49-180971,microagi,microagi,9,False,False,False,False,False,False,False
222.0,7.4,0.0,0.0,0.0,0.0,0.0,0.0,0.0,0.0,0.0,0.0,0.0,0.0,0.0,0.0,163.91721260287534,1.0,165.44088924825652,1.0,1.0,165.44088924825652,3.1250820412427593,0.4242192816166641,0.4977334755336619,3.465304402148845,0.47040331250889295,0.425441672322811,4.095518746710352,0.0,0.6056696548698629,0.4473112970627786,6.590386443391605,1.0,2026-06-30-16-57-05-523945,microagi,microagi,9,False,False,False,False,False,False,False
319.0,10.633333333333333,0.0,0.0,0.0,0.0,0.0,0.0,0.0,0.0,0.0,0.0,0.0,0.0,0.0,0.0,167.85133322232886,1.0,167.92424725926668,1.0,1.0,167.92424725926668,3.752867644506525,0.354044117406276,0.33244154364354034,3.6569420530289207,0.34499453330461516,0.3268716097152165,1.5279040717297716,0.0,0.35194863740684257,0.34951932535544555,7.4098096975354455,1.0,2026-06-30-16-58-43-488640,microagi,microagi,9,False,False,False,False,False,False,False
151.0,5.033333333333333,0.0,0.0,0.0,0.0,0.0,0.0,0.0,0.0,0.0,0.0,0.0,0.0,0.0,0.0,166.56181340796985,1.0,154.8856480300639,1.0,1.0,166.56181340796985,1.5224597277837666,0.30449194555675335,0.3103495417077477,1.4843567204860326,0.29687134409720656,0.1986366407095801,1.6561487369205325,0.0,0.1758176603899695,0.30068164482697995,3.006816448269799,1.0,2026-06-30-17-01-38-176662,microagi,microagi,9,False,False,False,False,False,False,False
193.0,6.433333333333334,0.0,0.0,0.0,0.0,0.0,0.0,0.0,0.0,0.0,0.0,0.0,0.0,0.0,0.0,164.02561288134945,1.0,159.83917589823398,1.0,1.0,164.02561288134945,1.4810536095729976,0.23141462649578082,0.2338093159850201,1.8392600875535787,0.2873843886802467,0.21984572111713527,3.7889539236467993,0.0,0.09575422248113656,0.2593995075880137,3.3203136971265765,1.0,2026-06-30-17-02-16-656662,microagi,microagi,9,False,False,False,False,False,False,False
1472.0,49.06666666666667,0.0,0.0,0.0,0.0,0.0,0.0,0.0,0.0,0.0,0.0,0.0,0.0,0.0,0.0,161.5793300963524,1.0,162.84582307304842,1.0,1.0,162.84582307304842,24.342891284782283,0.4964559745366884,0.9168656114460721,23.984486563527383,0.48914656485779845,1.1044461652630682,3.751890724159057,0.0,1.784016431856947,0.49280126969724336,48.327377848309666,1.0,2026-06-30-21-07-15-276441,microagi,microagi,9,False,False,False,False,True,False,True
196.0,6.533333333333333,0.0,0.0,0.0,0.0,0.0,0.0,0.0,0.0,0.0,0.0,0.0,0.0,0.0,0.0,161.21846591276466,1.0,160.95556307046513,1.0,1.0,161.21846591276466,1.3638852169141333,0.2098284949098667,0.10072467244170503,1.5018700380785037,0.23105692893515437,0.3315550855451808,0.9088995447562274,0.0,0.07437982493798762,0.22044271192251053,2.865755254992637,1.0,2026-06-30-22-44-55-023290,microagi,microagi,9,False,False,False,False,False,False,False
289.0,9.633333333333333,0.0,0.0,0.0,0.0,0.0,0.0,0.0,0.0,0.0,0.0,0.0,0.0,0.0,0.0,170.32704665449924,1.0,171.91480834016988,1.0,1.0,171.91480834016988,2.2062840123243586,0.22982125128378733,0.16054001946346047,3.3971375671731225,0.3538684965805336,0.14909129984734726,1.1478884287150628,0.0,0.22185708884233118,0.2918448739321604,5.603421579497481,1.0,2026-06-30-22-49-05-960030,microagi,microagi,9,False,False,False,False,False,False,False
