episode_hash,n_frames,duration_s,nan_left_ee,nan_right_ee,nan_head,nan_left_kp,nan_right_kp,nan_max,frozen_frac_left_ee,frozen_run_left_ee,frozen_frac_right_ee,frozen_run_right_ee,frozen_frac_head,frozen_run_head,frozen_frac_max,frozen_run_max_s,offaxis_deg_left,offaxis_left,offaxis_deg_right,offaxis_right,offaxis_max,offaxis_deg_max,path_len_left,speed_mean_left,net_disp_left,path_len_right,speed_mean_right,net_disp_right,hand_speed_max,hand_jitter_frac,head_speed_max,motion_energy,path_len_total,has_annotations,f_duration_s,f_log_duration,f_left_path,f_left_speed_mean,f_left_speed_std,f_left_speed_p90,f_left_acc_std,f_left_ext_x,f_left_ext_y,f_left_ext_z,f_left_bbox_vol,f_left_centroid_x,f_left_centroid_y,f_left_centroid_z,f_left_active_frac,f_right_path,f_right_speed_mean,f_right_speed_std,f_right_speed_p90,f_right_acc_std,f_right_ext_x,f_right_ext_y,f_right_ext_z,f_right_bbox_vol,f_right_centroid_x,f_right_centroid_y,f_right_centroid_z,f_right_active_frac,f_bimanual_speed_corr,f_hand_dist_mean,f_hand_dist_std,f_hand_dist_min,f_left_aperture_mean,f_left_aperture_std,f_left_aperture_range,f_right_aperture_mean,f_right_aperture_std,f_right_aperture_range,f_head_path,f_head_ext,f_head_rot_energy,lab,operator,scene,num_frames,task_description,objects
2025-09-20-17-42-51-000000,2808.0,93.6,0.0,0.0,0.0,0.0,0.0,0.0,0.0,0.0,0.0,0.0,0.0,0.0,0.0,0.0,26.27475791476966,0.049145299145299144,13.800127480043866,0.010327635327635327,0.049145299145299144,26.27475791476966,55.18436557814052,0.5897865932825849,0.2695188238037217,68.83909658064886,0.7357224429709532,0.2704312997962146,13.531564341902474,0.0007125044531528322,3.273085131373713,0.6627545181267691,124.02346215878939,0.0,93.6,4.549657476057832,55.18436557814052,0.5897865932825849,0.8692959728965497,1.5064063855691074,37.82038161670762,0.5392958745360374,0.3197573348879814,0.7225444922223687,0.12459832625886735,0.012722956607028036,-0.22995450997465103,-0.5281858884200766,0.9960812255076594,68.83909658064886,0.7357224429709532,1.0510917157046327,1.6946255657289082,46.604274846682145,0.379108845256269,0.4442443773150444,0.7444482455030084,0.12537771998498026,-0.09918008007162564,0.07371901752401785,-0.5815802805133673,0.9942999643747773,0.8202617186317299,0.34733331678805085,0.06599374624982213,0.16513795021592528,0.1065394551398229,0.006291839049669697,0.02733650409617408,0.10424030377523741,0.00580587253791996,0.026618575580994203,10.115493711824113,0.3670344263080259,0.13658104895394546,rl2,ucKevMbqCXuuySSS,1,2808.0,folding clothes,"{""short sleeve shirts"",""long sleeve shirts"",shorts}"
2025-09-20-17-47-54-000000,2815.0,93.83333333333333,0.0,0.0,0.0,0.0,0.0,0.0,0.0,0.0,0.0,0.0,0.0,0.0,0.0,0.0,28.024325708415823,0.06287744227353463,22.153759701627063,0.015985790408525755,0.06287744227353463,28.024325708415823,43.44196339157892,0.46313393807653436,0.4127702485576877,58.422817972707755,0.6228445412868631,0.444450062724774,23.20925089527722,0.0017768301350390902,6.936072905663317,0.5429892396816988,101.86478136428667,0.0,93.83333333333333,4.5521209648982754,43.44196339157892,0.46313393807653436,1.0417563724137742,1.0275993831942887,43.500848379094165,0.8675367869436741,0.638343695551157,0.706939522176981,0.39149366168285077,-0.03361070299617033,-0.3301815159830594,-0.6305183734721628,0.964818763326226,58.422817972707755,0.6228445412868631,0.9721849292522383,1.5518374527218863,41.65168246618695,0.5220329519361258,0.6641258597373962,0.7977947406470776,0.27659191273560174,-0.20312920330062534,0.06020197066819406,-0.6331628235252194,0.9694385216773277,0.7745579149612626,0.4494302463921044,0.12481480273960535,0.10962645788870211,0.1031567443996902,0.004789828321389411,0.03061394148447616,0.10085998352577298,0.006634993187316958,0.031155161411556234,10.756382314540256,0.49993680524858286,0.13648252583817086,rl2,ucKevMbqCXuuySSS,1,2815.0,folding clothes,"{""short sleeve shirts"",""long sleeve shirts"",shorts}"
2025-09-20-18-05-52-000000,3383.0,112.76666666666667,0.0,0.0,0.0,0.0,0.0,0.0,0.0,0.0,0.0,0.0,0.0,0.0,0.0,0.0,22.609945810893965,0.031628731894767954,13.290786528131541,0.0011823825007389892,0.031628731894767954,22.609945810893965,34.563921865867314,0.30659895209225885,0.5915582406215362,63.76614695220476,0.5656370220479428,0.26609466967122547,20.309680190545723,0.002365464222353637,5.966449990723395,0.4361179870701008,98.33006881807208,0.0,112.76666666666667,4.734149567244551,34.563921865867314,0.30659895209225885,0.8517016518501878,0.5385246282835504,34.89338146026196,0.5314617082476616,0.37323051621206105,0.7946913065388799,0.15763316180088507,0.012109269288087997,-0.2522250570525739,-0.5988766185026296,0.9858072146658782,63.76614695220476,0.5656370220479428,1.0247603739287365,1.4744590207748642,44.11696748296911,0.5125686638057232,0.41253170371055603,0.6695302780717611,0.1415727290905935,-0.1052743795083105,0.019435867345752696,-0.6357227158497335,0.989946777054997,0.8323542481710905,0.31574960689261977,0.08174449935399128,0.022818458766000832,0.10694734389507464,0.00527650365567516,0.03322212614405684,0.10203918400239594,0.007061065000855487,0.03460826967363184,11.81870612028893,0.46081278637054124,0.14550929614490285,rl2,ucKevMbqCXuuySSS,2,3383.0,folding clothes,"{""short sleeve shirts"",""long sleeve shirts"",shorts}"
2025-09-20-18-11-35-000000,3136.0,104.53333333333333,0.0,0.0,0.0,0.0,0.0,0.0,0.0,0.0,0.0,0.0,0.0,0.0,0.0,0.0,15.452226223619787,0.003826530612244898,9.44012530418625,0.003826530612244898,0.003826530612244898,15.452226223619787,52.781391657358455,0.5050850876302244,0.14281399662552266,63.476610225923935,0.6074316768030998,0.12984121391595416,24.92590403168727,0.0012759170653907496,3.9672864381971267,0.5562583822166621,116.25800188328239,0.0,104.53333333333333,4.659026858778802,52.781391657358455,0.5050850876302244,0.9128903202351583,1.3140910202798957,40.04891315736652,0.3560160081833601,0.2289267557207495,0.8968355022370815,0.07309351916586117,0.016060059108505293,-0.17776051420614936,-0.644532125123672,0.9891547049441787,63.476610225923935,0.6074316768030998,1.0365209264669422,1.3373732493364596,46.72496015886224,0.28588413167744875,0.6605214588344097,0.687490176409483,0.12982056003864775,-0.05699438360541684,0.07178873532408331,-0.6419979813036495,0.9891547049441787,0.8400471982480971,0.2691181840848635,0.05042576533909673,0.12582348843604785,0.10790397447714892,0.005260919630350248,0.023537119495070577,0.10498255051456128,0.006376334452574399,0.028295877792976043,9.964803601982634,0.33246877733508007,0.11665817167844501,rl2,ucKevMbqCXuuySSS,2,3136.0,folding clothes,"{""short sleeve shirts"",""long sleeve shirts"",shorts}"
2025-09-20-18-39-18-000000,3712.0,123.73333333333333,0.0,0.0,0.0,0.0,0.0,0.0,0.0,0.0,0.0,0.0,0.0,0.0,0.0,0.0,24.17646685385344,0.015894396551724137,18.143875223902747,0.005926724137931034,0.015894396551724137,24.17646685385344,51.24002493985644,0.41422817251298655,0.36718941265982513,73.32260191793964,0.592745367162002,0.40888216988950354,14.291393145270392,0.0009431420102398275,5.5648466860513714,0.5034867698374943,124.56262685779608,0.0,123.73333333333333,4.82617812517188,51.24002493985644,0.41422817251298655,0.8343241282406783,0.9691723800863214,37.5560642441664,0.3121734522283077,0.3647595765069127,0.5039643123745918,0.05738553745300096,-0.14954747708242364,-0.19508660792303872,-0.5489934813632662,0.9857181352735112,73.32260191793964,0.592745367162002,0.8892392333003848,1.6638292308967788,42.84581967747614,0.32959100347943604,0.4087786376476288,0.560105575248599,0.07546289050266543,-0.12046019664470303,0.09906237829256404,-0.5401745537287909,0.9819455672325519,0.8428406023967847,0.2997370952587853,0.061774740619800435,0.1118340561536257,0.10655589120180783,0.004431927823481861,0.03314702275947773,0.10399967118137281,0.005675112302262409,0.02933475411707344,8.098566011299997,0.2751782750499162,0.09526792808911791,rl2,ucKevMbqCXuuySSS,3,3712.0,folding clothes,"{""short sleeve shirts"",""long sleeve shirts"",shorts}"
2025-09-20-18-44-29-000000,2350.0,78.33333333333333,0.0,0.0,0.0,0.0,0.0,0.0,0.0,0.0,0.0,0.0,0.0,0.0,0.0,0.0,29.401436334780588,0.03276595744680851,24.1141492550387,0.030638297872340424,0.03276595744680851,29.401436334780588,33.927196081855996,0.4332975233953511,0.18031274472411726,60.29666867158255,0.7700723968273633,0.23212916559496807,16.816930814305245,0.005747126436781609,9.754032382221526,0.6016849601113572,94.22386475343855,0.0,78.33333333333333,4.373658385003365,33.927196081855996,0.4332975233953511,1.115146338573337,0.8103110751425467,47.07181323921549,0.3024180233478546,0.5606627007946372,0.7157176807522774,0.12135315760874735,0.0937010813377639,-0.326743924653435,-0.6208186883495209,0.9970200085142614,60.29666867158255,0.7700723968273633,1.2001542505700065,1.8832967780074499,53.51995113310931,0.6464197728782892,0.7087215967476368,0.716906082816422,0.32843736919912797,-0.20629882897369248,-0.13695355083057756,-0.6297416997205545,0.9970200085142614,0.8662005882023,0.371711226904982,0.12209413931623758,0.09367634953293742,0.10530300077478225,0.00478263893129527,0.028973118958732974,0.10154596843954428,0.0064040894734132435,0.030478708947371452,12.895250135861513,0.5614181333878489,0.31047815133729756,rl2,ucKevMbqCXuuySSS,3,2350.0,folding clothes,"{""short sleeve shirts"",""long sleeve shirts"",shorts}"
2025-09-20-18-59-55-000000,2343.0,78.1,0.0,0.0,0.0,0.0,0.0,0.0,0.0,0.0,0.0,0.0,0.0,0.0,0.0,0.0,18.491198169177842,0.014938113529662825,17.48413410232542,0.005121638924455826,0.014938113529662825,18.491198169177842,43.27368178205782,0.5543170168495878,0.03942391736006955,53.93889348810991,0.6909337338357375,0.08867020818552704,14.269253684466857,0.0004269854824935952,4.863776258433548,0.6226253753426627,97.21257527016773,0.0,78.1,4.370712874773608,43.27368178205782,0.5543170168495878,0.8770841690421962,1.4155510151761328,37.80445301724276,0.5889042988419533,0.27005573734641075,0.6414187923073769,0.10200931062656038,0.037943935358830866,-0.18382230727856633,-0.5864842428491506,0.9957301451750641,53.93889348810991,0.6909337338357375,0.9612756853076271,1.766973200025291,43.923917877118434,0.45757625438272953,0.47199082002043724,0.6441178061068058,0.13911127653996194,-0.1186577833326779,0.12524340526819228,-0.5951801192816752,0.9987190435525192,0.8119183507080937,0.35587771461209977,0.10811676392976713,0.1230215910900556,0.10754039462161946,0.006338826831742552,0.03453277638509812,0.10670241554913396,0.00623160737356271,0.028044534442332694,9.349271629449124,0.3700942298181257,0.12879826783051454,rl2,ucKevMbqCXuuySSS,4,2343.0,folding clothes,"{""short sleeve shirts"",""long sleeve shirts"",shorts}"
2025-09-20-19-04-22-000000,2472.0,82.4,0.0,0.0,0.0,0.0,0.0,0.0,0.0,0.0,0.0,0.0,0.0,0.0,0.0,0.0,22.188501847248997,0.02063106796116505,16.13746230056291,0.0004045307443365696,0.02063106796116505,22.188501847248997,28.615716725655773,0.3474186571305841,0.21884946489989593,53.172494702103116,0.6455584140279618,0.6715774184827901,15.102963751392895,0.0006070416835289356,5.934760871483984,0.49648853557927286,81.78821142775888,0.0,82.4,4.423648309364701,28.615716725655773,0.3474186571305841,0.7587497529318721,0.7125978369914607,30.153746381759806,0.23819008097052574,0.339255650062114,0.6330104842782021,0.05115188757635251,0.11650917994560717,-0.25873468035223973,-0.6808089134268294,0.9915014164305949,53.172494702103116,0.6455584140279618,0.8937931173771064,1.5577271341107324,38.757637421428434,0.4061102792620659,0.4325910583138466,0.6745330523699522,0.11850174775310207,-0.13975334095464972,-0.0964200128955634,-0.6833232746016488,0.9975718332658843,0.8001376615784159,0.3097755262056165,0.0726996630508301,0.10968591533746042,0.10529198679315961,0.0038569189103964847,0.029927016979999624,0.10171367729284476,0.006658039303364224,0.02995589119789009,8.760459901025499,0.43040887526238075,0.10211693246602854,rl2,7UD-MlQsDB8PB3X-,4,2472.0,folding clothes,"{""short sleeve shirts"",""long sleeve shirts"",shorts}"
2025-09-20-19-53-07-000000,2226.0,74.2,0.0,0.0,0.0,0.0,0.0,0.0,0.0,0.0,0.0,0.0,0.0,0.0,0.0,0.0,20.167925966297524,0.01931716082659479,16.80253314031043,0.005840071877807727,0.01931716082659479,20.167925966297524,33.38613119698533,0.45015008355485847,0.6014410289400783,45.81826115660059,0.6177743077294461,0.5840016930740102,15.340202103693823,0.00044943820224719103,9.759142427683003,0.5339621956421523,79.20439235358592,0.0,74.2,4.320151230955794,33.38613119698533,0.45015008355485847,0.7873556651879157,0.9765170490397245,33.066890015741116,0.26666194573044777,0.47804953530430794,0.7989823799580336,0.10185237161158593,0.25558286935161306,-0.07670301249541965,-0.7105077739599138,0.9968539325842697,45.81826115660059,0.6177743077294461,0.8543165687376593,1.5524376816532524,37.7133179871168,0.5544334016740322,0.46770125813782215,0.9020658480003476,0.23391397295621272,-0.11316764504612764,-0.13247454769219885,-0.7086083421976074,0.9986516853932584,0.8725637240313303,0.37729224725150073,0.12620872653569948,0.07694226007088452,0.10424384127470325,0.006396982226625057,0.03624312110640904,0.10361557973194423,0.006097604383675522,0.029516085325593175,9.915345282211225,0.5571998962140551,0.13347461721356912,rl2,7UD-MlQsDB8PB3X-,5,2226.0,folding clothes,"{""short sleeve shirts"",""long sleeve shirts"",shorts}"
2025-09-20-19-57-29-000000,2101.0,70.03333333333333,0.0,0.0,0.0,0.0,0.0,0.0,0.0,0.0,0.0,0.0,0.0,0.0,0.0,0.0,18.600182650461907,0.031413612565445025,13.427442834900198,0.01285102332222751,0.031413612565445025,18.600182650461907,42.24121779000221,0.603445968428603,0.5279971266628335,51.39799486610576,0.7342570695157965,0.5828006495832445,16.59139772170452,0.0016666666666666668,9.906966943694552,0.6688515189721999,93.63921265610797,0.0,70.03333333333333,4.263149250436462,42.24121779000221,0.603445968428603,1.0838179927578095,1.6250820448952183,46.70863323120258,0.27444889955222607,0.4136878182180226,0.9396586418151855,0.10668523998031544,0.14412976366275834,-0.19451650847598417,-0.6824915489201935,0.9966666666666667,51.39799486610576,0.7342570695157965,1.1294849931230155,1.7592253718131683,50.64021980208703,0.4183544088155031,0.3321159575134516,0.9095520782284439,0.12637514408280026,-0.12874259988798173,-0.07296582841709057,-0.6921459188344496,0.9966666666666667,0.9187481875251553,0.3035602287391105,0.0905246126702075,0.08598829446719523,0.10683906365943718,0.006946992120810621,0.03530370015008952,0.10470338923746997,0.0067446858163518475,0.02987066220192526,10.493076285532496,0.5194187581544095,0.1689607823506541,rl2,7UD-MlQsDB8PB3X-,5,2101.0,folding clothes,"{""short sleeve shirts"",""long sleeve shirts"",shorts}"
2025-09-20-20-23-06-000000,2607.0,86.9,0.0,0.0,0.0,0.0,0.0,0.0,0.0,0.0,0.0,0.0,0.0,0.0,0.0,0.0,23.284173148783847,0.05101649405446874,20.345800423598583,0.04142692750287687,0.05101649405446874,23.284173148783847,32.208500963112016,0.3707809013405067,0.46829719000586034,56.98896308171342,0.6560509948009988,0.5003700620250258,17.706180005322874,0.00422102839600921,10.684728022564451,0.5134159480707527,89.19746404482544,0.0,86.9,4.476199804691132,32.208500963112016,0.3707809013405067,1.0174301729481068,0.7571657876261382,42.58504463576542,0.42550740391016006,0.3353860229253769,0.8234232673421502,0.11751010532339655,-0.08052224599594471,-0.26775085797664144,-0.6322938266582144,0.9750575594781274,56.98896308171342,0.6560509948009988,1.1988464940250336,1.5900400043729008,53.5311852321677,0.44706896878778934,0.5064371190965176,0.9813843742012978,0.2221975135540134,-0.22016785515377268,0.019607995687104005,-0.6391356222514029,0.9834996162701458,0.8999372541048224,0.3263510601065634,0.08534115642028271,0.1115592656902331,0.10560003847520977,0.003805012038459875,0.026868030567783183,0.10274093969716513,0.005209435610340223,0.03044555642793842,9.973047493401662,0.4841788039725622,0.2307717086552378,rl2,7UD-MlQsDB8PB3X-,6,2607.0,folding clothes,"{""short sleeve shirts"",""long sleeve shirts"",shorts}"
2025-09-20-20-27-23-000000,2050.0,68.33333333333333,0.0,0.0,0.0,0.0,0.0,0.0,0.0,0.0,0.0,0.0,0.0,0.0,0.0,0.0,27.1591282437249,0.05317073170731707,26.680272257225315,0.042439024390243905,0.05317073170731707,27.1591282437249,35.79376165346375,0.5240667884840958,0.36224262033660193,51.003433341266586,0.7467559786422633,0.3100515298757129,15.545092359541538,0.004392386530014641,11.424080243132902,0.6354113835631796,86.79719499473033,0.0,68.33333333333333,4.238925791033208,35.79376165346375,0.5240667884840958,1.067377419619004,1.232333948618007,45.74356192633071,0.46730516478419304,0.42212633043527603,0.9056288618594408,0.1786459924668447,-0.06598890369212845,-0.33724072185867443,-0.6312877258249536,0.9917032698877501,51.003433341266586,0.7467559786422633,1.2556769796625054,1.8198586607252107,56.243981241841006,0.6884057149291039,0.5605417303740978,1.0558508560061455,0.4074318662581077,-0.28586027796312075,0.06054266980932969,-0.6254328049340842,0.9970717423133236,0.8956126705232986,0.45810593252164183,0.14196040127846135,0.11868101349882153,0.10532198067149842,0.005214545427424155,0.03271708295610107,0.10364407123464683,0.006078783297649061,0.025334589412690678,12.741279298618991,0.6842682222483788,0.28228136384417485,rl2,7UD-MlQsDB8PB3X-,6,2050.0,folding clothes,"{""short sleeve shirts"",""long sleeve shirts"",shorts}"
2025-09-20-20-55-13-000000,2329.0,77.63333333333334,0.0,0.0,0.0,0.0,0.0,0.0,0.0,0.0,0.0,0.0,0.0,0.0,0.0,0.0,20.8460486363623,0.028767711464147704,19.77534064437046,0.017174753112924,0.028767711464147704,20.8460486363623,43.99116630888446,0.5668964730526348,0.3152724807380192,47.79306667507595,0.6158900344726281,0.578689399400269,27.822482984099,0.000429553264604811,7.752139041610196,0.5913932537626315,91.78423298396041,0.0,77.63333333333334,4.36479569774552,43.99116630888446,0.5668964730526348,1.001324347860616,1.4049974415611064,42.67215555832242,0.4527253285050392,0.5453212168067694,1.0465712621808052,0.25837827408503056,0.02758775613026373,-0.28324593056653924,-0.6888436191888149,0.9965635738831615,47.79306667507595,0.6158900344726281,0.9484956831449791,1.5453874939317025,41.374234752465725,0.5191409308463335,0.4449128583073616,1.0955366864800453,0.2530388203756829,-0.2205943943242458,-0.05613762791942427,-0.6884576179736569,0.9974226804123711,0.8592828057955019,0.34310444313759453,0.10778263469939038,0.0838780056522707,0.10662431449284307,0.005497910823709651,0.026846437218958713,0.10634578525288099,0.004716886470015224,0.02353755428630243,11.484692336181036,0.6691780543492112,0.1545029479750956,rl2,7UD-MlQsDB8PB3X-,7,2329.0,folding clothes,"{""short sleeve shirts"",""long sleeve shirts"",shorts}"
2025-09-20-20-59-45-000000,2435.0,81.16666666666667,0.0,0.0,0.0,0.0,0.0,0.0,0.0,0.0,0.0,0.0,0.0,0.0,0.0,0.0,24.812160931460326,0.012320328542094456,21.20239179195745,0.002053388090349076,0.012320328542094456,24.812160931460326,27.10644671598951,0.3340975355298625,0.20007599836038442,49.47526171161997,0.6098019109895642,0.13844365090114938,9.866283205220476,0.0,6.941304620602608,0.4719497232597133,76.58170842760948,0.0,81.16666666666667,4.408749704814635,27.10644671598951,0.3340975355298625,0.6188712722560065,0.6685981830891103,24.750526580060576,0.34731651470065117,0.35774390771985054,0.6984778009355068,0.0867861232365635,0.16350175234999745,-0.29397292340545317,-0.7291336002222261,0.9950698438783895,49.47526171161997,0.6098019109895642,0.7738997272824409,1.593280513474097,34.618385351635844,0.46310183964669704,0.5914172800257802,0.824101353995502,0.22571017811615116,-0.15056259811050746,-0.20024395301546977,-0.7381570253995471,0.9946589975349219,0.7536928125721835,0.3426933617176507,0.12100620369898604,0.11647343302131542,0.10352916187803292,0.004336362933141716,0.021682656042641038,0.10248516825213948,0.005499720062926715,0.028821345337298354,10.002679364197942,0.5461508150721742,0.12988481311101588,rl2,7UD-MlQsDB8PB3X-,7,2435.0,folding clothes,"{""short sleeve shirts"",""long sleeve shirts"",shorts}"
2025-09-20-21-23-13-000000,2089.0,69.63333333333334,0.0,0.0,0.0,0.0,0.0,0.0,0.0,0.0,0.0,0.0,0.0,0.0,0.0,0.0,15.389717656643771,0.0215414073719483,14.06000564716827,0.020105313547151747,0.0215414073719483,15.389717656643771,44.2215095381944,0.6353665163533677,0.20261872769319852,50.13444604329584,0.7203225006220666,0.2308536155045443,19.688865632691623,0.005507662835249042,12.111147640642155,0.6778445084877172,94.35595558149024,0.0,69.63333333333334,4.257502176606144,44.2215095381944,0.6353665163533677,1.4444389466957988,1.6338445780240225,58.4634699968888,0.28270572051405907,0.3025242444127798,1.0378085356205702,0.0887589221452007,0.08309532646330536,-0.2159252684561615,-0.7643606084998389,0.9889846743295019,50.13444604329584,0.7203225006220666,1.4223031236094767,1.6619956186192026,58.77402861431013,0.3890261799097061,0.29811020009219646,1.0775325074791908,0.12496432441910177,-0.16331972456423502,-0.08453285954454615,-0.7381748439612151,0.9913793103448276,0.9541409690035637,0.2832704598694907,0.059637130990194485,0.1320937882056872,0.1048685405680759,0.004149668496805243,0.03480001828582832,0.10355009255967271,0.004326705424773501,0.035452163676243736,11.490337021311582,0.5741437337441686,0.30003116186882606,rl2,7UD-MlQsDB8PB3X-,8,2089.0,folding clothes,"{""short sleeve shirts"",""long sleeve shirts"",shorts}"
2025-09-20-21-27-15-000000,2294.0,76.46666666666667,0.0,0.0,0.0,0.0,0.0,0.0,0.0,0.0,0.0,0.0,0.0,0.0,0.0,0.0,21.78785662228269,0.00959023539668701,23.17318351961046,0.005666957279860506,0.00959023539668701,23.17318351961046,39.053761253961966,0.5109519570950104,0.18931386213265075,52.08666147069442,0.6814652612825263,0.17846146701738314,13.33934375978015,0.0008722197993894462,8.938203494709432,0.5962086091887683,91.14042272465639,0.0,76.46666666666667,4.349847736309647,39.053761253961966,0.5109519570950104,0.9103476036925875,1.276769545556818,37.07838492411118,0.28327421098947525,0.4199393857270479,0.8958590338006616,0.10656959729020918,-0.3160412648064267,0.06881008422011432,-0.7569754510527638,0.9973833406018316,52.08666147069442,0.6814652612825263,0.9629323874962009,1.8032929068182382,41.66285944988206,0.44690078124403954,0.5597894531674683,0.9091766849160194,0.22744904397923002,0.09614096575805556,0.2713422314865748,-0.7282392298842316,0.9982555604012211,0.8761029851774449,0.464308942041789,0.13438479360679,0.13069644487029797,0.10346049628283764,0.003799249109826513,0.028259455946279738,0.10206863393867814,0.005515245435955082,0.028310281760296374,12.586114138269382,0.5969458557310425,0.17887557794781087,rl2,7UD-MlQsDB8PB3X-,8,2294.0,folding clothes,"{""short sleeve shirts"",""long sleeve shirts"",shorts}"
2025-09-21-20-44-10-000000,3255.0,108.5,0.0,0.0,0.0,0.0,0.0,0.0,0.0,0.0,0.0,0.0,0.0,0.0,0.0,0.0,22.94744624279033,0.03317972350230415,17.12812770918772,0.0,0.03317972350230415,22.94744624279033,45.419746373064335,0.41874382028024887,0.8026715556684336,46.10718742724595,0.4250816296304174,0.7765288557506372,19.805416221926126,0.0018438844499078057,4.029003010781636,0.4219127249553332,91.52693380031027,0.0,108.5,4.695924549256556,45.419746373064335,0.41874382028024887,0.8317445833195589,0.8493597767757144,35.857441638658884,0.7264297381043434,0.4242139244452119,0.8689844980835915,0.2677876620248533,-0.06205685970454996,-0.2575995412734573,-0.7026640646874951,0.9935464044253227,46.10718742724595,0.4250816296304174,0.8994240223870135,0.9549760888582817,38.88129328263035,0.5344453603029251,0.5904096849262714,0.7808484397828579,0.24639025723934413,-0.20734783489791428,0.029404852520336488,-0.7548659274294491,0.9935464044253227,0.6590041387215007,0.358698632711972,0.10219536474079607,0.14617961434470123,0.09620284098835129,0.00537760778362283,0.029417238727662776,0.09479093784943311,0.005177368897800572,0.026740642686747945,11.771095587633852,0.5123976972608677,0.11130891134748025,rl2,7UD-MlQsDB8PB3X-,1,3255.0,folding clothes,"{""short sleeve shirts"",""long sleeve shirts"",shorts}"
2025-09-21-20-50-33-000000,2730.0,91.0,0.0,0.0,0.0,0.0,0.0,0.0,0.0,0.0,0.0,0.0,0.0,0.0,0.0,0.0,27.237416817683748,0.029304029304029304,19.817327456554892,0.00402930402930403,0.029304029304029304,27.237416817683748,40.16129260077879,0.4414946053585064,0.7788083173441857,41.862302805285594,0.46019387473747436,0.75932665661141,26.430949238444136,0.001832172957127153,5.808721821031315,0.45084424004799034,82.02359540606439,0.0,91.0,4.5217885770490405,40.16129260077879,0.4414946053585064,0.8366540830368281,1.0052799540386526,35.49398057881859,0.6941390968859196,0.35209202766418457,0.8615467734634876,0.21056275694607218,-0.096377876501585,-0.3329111626978977,-0.6878384827728291,0.9959692194943203,41.862302805285594,0.46019387473747436,0.9930785230424108,0.9634418948838633,42.55747927626804,0.5858839545398951,0.5418045707046986,0.879551999270916,0.2792002410013478,-0.23171351510662955,0.09232536362496464,-0.7369616464940292,0.9941370465371931,0.7725621062121376,0.4611314492009814,0.108200408139959,0.14997111902823781,0.1007153957144318,0.0057002238137890335,0.02921403197435636,0.09693013661792253,0.006593681743928444,0.03134699181843148,10.225651820625975,0.5113155665141917,0.13662000884029754,rl2,7UD-MlQsDB8PB3X-,1,2730.0,folding clothes,"{""short sleeve shirts"",""long sleeve shirts"",shorts}"
2025-09-21-20-56-12-000000,2504.0,83.46666666666667,0.0,0.0,0.0,0.0,0.0,0.0,0.0,0.0,0.0,0.0,0.0,0.0,0.0,0.0,24.410118237905408,0.041932907348242815,17.57422848626232,0.004792332268370607,0.041932907348242815,24.410118237905408,43.74154421357954,0.5242694072742253,0.10929393726421562,45.35855119227642,0.5436502340264852,0.05120740418104177,16.6588775957927,0.0025968837395125848,4.702354869089099,0.5339598206503553,89.10009540585597,0.0,83.46666666666667,4.436356979218929,43.74154421357954,0.5242694072742253,0.870998641987965,1.2832120972649803,36.517964087476834,0.532430861145258,0.3681229967623949,0.8301062881946564,0.16270086915491497,-0.056136523799289365,-0.2725159006041531,-0.6642722786179545,0.9972033559728326,45.35855119227642,0.5436502340264852,1.0967300311898092,1.1220422526906584,46.85604527003359,0.5075254924595356,0.43062394484877586,0.7610737066715956,0.16633465996900057,-0.19911890763545054,-0.028504322438711475,-0.7327584186219238,0.9984019176987615,0.6013852045870616,0.30972614080819644,0.0829015041925039,0.1766516189927678,0.10490719593099547,0.007060241806684711,0.025938282418333444,0.10191609334097826,0.0065184967179334335,0.02998114140493642,11.678711441788643,0.4658135679715292,0.15152659075566952,rl2,7UD-MlQsDB8PB3X-,2,2504.0,folding clothes,"{""short sleeve shirts"",""long sleeve shirts"",shorts}"
2025-09-21-21-01-12-000000,3528.0,117.6,0.0,0.0,0.0,0.0,0.0,0.0,0.0,0.0,0.0,0.0,0.0,0.0,0.0,0.0,27.48716420283027,0.02040816326530612,24.280900181005492,0.01445578231292517,0.02040816326530612,27.48716420283027,48.88234935729621,0.4157840886642717,0.3117446664190506,54.383191804605346,0.46257322204087326,0.2575096842359731,26.638470173032196,0.001701162461015027,11.173407870662892,0.4391786553525725,103.26554116190155,0.0,117.6,4.775756486563625,48.88234935729621,0.4157840886642717,0.8648694434830042,0.8929985445800863,37.09554717800447,0.6625702790915966,0.5012701759114861,0.7588953394442797,0.25204942018153925,-0.07485149404384585,-0.3362525625565129,-0.6669114623752015,0.9948965126169549,54.383191804605346,0.46257322204087326,0.9652266113378111,0.9205462766081521,41.74566600311338,0.6383022833615541,0.6567282378673553,0.7806721674278378,0.32725085097358386,-0.2874734288783896,0.024473017900254284,-0.6897878399656773,0.9954635667706266,0.8902532943626517,0.430864162205314,0.094733342334721,0.010095273250612541,0.10322562798232611,0.008282897610421072,0.03141886952639948,0.09943413072020083,0.007810768120918391,0.030937911931965864,17.550814647306634,0.6770585395571763,0.15010026937211382,rl2,7UD-MlQsDB8PB3X-,2,3528.0,folding clothes,"{""short sleeve shirts"",""long sleeve shirts"",shorts}"
2025-09-21-21-35-21-000000,2994.0,99.8,0.0,0.0,0.0,0.0,0.0,0.0,0.0,0.0,0.0,0.0,0.0,0.0,0.0,0.0,33.261193121349855,0.07982631930527723,24.01897016848392,0.0006680026720106881,0.07982631930527723,33.261193121349855,46.185020223223184,0.46293037310280505,0.07182862339130278,41.799122439748004,0.4189688183068627,0.1693225347928134,27.34469884529079,0.002171734046107584,3.639385549830374,0.44094959570483383,87.98414266297118,0.0,99.8,4.613138355637268,46.185020223223184,0.46293037310280505,1.2489970843828317,1.1248587457094692,52.98578981416929,0.5993409715592861,1.0500617399811745,0.6808378053829074,0.42848188458587705,-0.048501808049795564,-0.3279143359732401,-0.5026711176588768,0.9846308052121617,41.799122439748004,0.4189688183068627,0.8409250665861712,1.0276849835734931,36.05618776536445,0.4450080543756485,0.921737615019083,0.4478726238012314,0.18370868963798903,-0.22330444335312885,0.036390572396413724,-0.5661298900782943,0.9859672569328433,0.565938373657613,0.43136260571364604,0.10434666051761307,0.003473177826580311,0.10586074577690088,0.007382468854205991,0.034145859493527775,0.1054902120307374,0.005667631523484034,0.03271532908906323,6.2115214618757495,0.22606254039804471,0.15534423736001693,rl2,7UD-MlQsDB8PB3X-,3,2994.0,folding clothes,"{""short sleeve shirts"",""long sleeve shirts"",shorts}"
2025-09-21-21-40-03-000000,3508.0,116.93333333333334,0.0,0.0,0.0,0.0,0.0,0.0,0.0,0.0,0.0,0.0,0.0,0.0,0.0,0.0,28.77443840487347,0.052451539338654506,28.89921178536023,0.011402508551881414,0.052451539338654506,28.89921178536023,48.28517582889276,0.4130468419922392,0.31252737086416726,47.54860922273503,0.4067460155922586,0.3143480716276261,24.73309372924434,0.000855431993156544,2.5322088010394883,0.40989642879224886,95.83378505162779,0.0,116.93333333333334,4.770119493057575,48.28517582889276,0.4130468419922392,0.7514942946770714,1.1183042487940067,31.60947228222353,0.479348860681057,0.5947733223438263,0.6003966368734837,0.1711754313826372,-0.07468922383246461,-0.2535302221445588,-0.4961346351119988,0.9803250641573995,47.54860922273503,0.4067460155922586,0.884379563654941,1.0121523134391701,38.21174155523448,0.379597220569849,0.9760678671300411,0.5869647059589624,0.2174778483385566,-0.2821901165694423,0.06556423924407002,-0.565234641434079,0.983176504134588,0.5419060825108174,0.4064477414622256,0.11093988298813263,0.16249456944155144,0.10554657968401499,0.007021464166348575,0.03443435062864962,0.10448125529970614,0.00680761524995445,0.031509178780375846,6.597391623326697,0.3224552771700416,0.13307343967578106,rl2,7UD-MlQsDB8PB3X-,3,3508.0,folding clothes,"{""short sleeve shirts"",""long sleeve shirts"",shorts}"
2025-09-21-22-17-10-000000,3327.0,110.9,0.0,0.0,0.0,0.0,0.0,0.0,0.0,0.0,0.0,0.0,0.0,0.0,0.0,0.0,27.901336591737962,0.01953712052900511,20.774308693263563,0.004809137360985873,0.01953712052900511,27.901336591737962,41.72148773974709,0.3763212965100459,0.7395635400839068,66.70463872423322,0.6016654124254349,0.7158408899984908,20.301178285878,0.0006013229104028864,9.043620154378802,0.4889933544677404,108.42612646398031,0.0,110.9,4.71760561531788,41.72148773974709,0.3763212965100459,0.6732652412065843,0.8630075441244615,28.60153627126056,0.5911934822797775,0.3258085958659649,0.7656492553651333,0.1474762344536103,-0.009658389469216204,-0.29525837266880955,-0.568811447632552,0.9969933854479855,66.70463872423322,0.6016654124254349,0.7980932082532056,1.5815942915043852,35.95733732759041,0.609728517010808,0.5395784378051758,0.7114130072295666,0.23405229032887206,-0.17617326619037488,0.04994003647804495,-0.6376463279098962,0.9963920625375827,0.7715622821881298,0.4118608998633958,0.12308465184582093,0.01756544774087751,0.10567499555964129,0.006122256440178039,0.028695118064048952,0.1023371436843551,0.007054446464795482,0.028611282745562114,13.542352741951253,0.5100149093230818,0.14639225847938286,rl2,7UD-MlQsDB8PB3X-,4,3327.0,folding clothes,"{""short sleeve shirts"",""long sleeve shirts"",shorts}"
2025-09-21-22-21-41-000000,3541.0,118.03333333333333,0.0,0.0,0.0,0.0,0.0,0.0,0.0,0.0,0.0,0.0,0.0,0.0,0.0,0.0,22.23597493637821,0.02795820389720418,17.988024569578794,0.005083309799491669,0.02795820389720418,22.23597493637821,47.022963334579366,0.39849968927609625,0.6931058928011693,46.069208889837725,0.39041702449015026,0.3535890250472859,16.90302597721267,0.000847457627118644,5.563973981743718,0.3944583568831233,93.09217222441708,0.0,118.03333333333333,4.779403565932293,47.022963334579366,0.39849968927609625,0.7181774721722346,0.9257943154345876,30.0925329987468,0.5451195165514946,0.364703178871423,0.7872889135032892,0.15651840574878456,-0.06507523803645837,-0.2383938569260461,-0.6254410006535134,0.9889830508474576,46.069208889837725,0.39041702449015026,0.6944731634165058,0.8610901484738971,29.922038919383947,0.35029882472008467,0.4923087041825056,0.6861780639737844,0.11833494813674904,-0.16872945661921937,0.08530854935674038,-0.6602212979535335,0.9929378531073446,0.5544381550765128,0.3583270362342551,0.07619734939438753,0.17382865638639722,0.10277977040522648,0.007917819027345263,0.034814743259047556,0.10248128630420299,0.007419336106363303,0.029084531839412717,11.049029907697234,0.4760575467212128,0.14036712492206777,rl2,7UD-MlQsDB8PB3X-,4,3541.0,folding clothes,"{""short sleeve shirts"",""long sleeve shirts"",shorts}"
2025-09-22-01-56-37-000000,3177.0,105.9,0.0,0.0,0.0,0.0,0.0,0.0,0.0,0.0,0.0,0.0,0.0,0.0,0.0,0.0,24.447859850012115,0.03147623544224111,18.62130703534237,0.0,0.03147623544224111,24.447859850012115,47.278106510879226,0.4465816106191362,0.2914277722542143,59.95324578173213,0.56630899667883,0.2418461536040306,22.58482139989785,0.0007871536523929471,8.68572248674233,0.5064453036489831,107.23135229261135,0.0,105.9,4.671893818030999,47.278106510879226,0.4465816106191362,0.7749143253623334,1.0136752364461308,33.420935714383624,0.7616798207163811,0.562121856957674,0.791562382131815,0.3389128760818119,0.1354761223385253,-0.21173082922279998,-0.5998642496409368,0.9977959697732998,59.95324578173213,0.56630899667883,0.7333361391337787,1.3722171129999619,33.003639018522314,0.5394810289144516,0.7925781086087227,0.5240415185689926,0.22407011979347422,-0.17054172659126896,0.018536220751861083,-0.7033744035725478,0.9987405541561712,0.534720160825079,0.43590943045095915,0.1269156267247061,0.03268213609643112,0.1012617953440575,0.006429528210113293,0.03127979963504848,0.1004202077076666,0.007108213679846276,0.028970618617111685,15.339924472582046,0.5365764063781838,0.18138703849985044,rl2,7UD-MlQsDB8PB3X-,5,3177.0,folding clothes,"{""short sleeve shirts"",""long sleeve shirts"",shorts}"
2025-09-22-02-02-19-000000,3805.0,126.83333333333333,0.0,0.0,0.0,0.0,0.0,0.0,0.0,0.0,0.0,0.0,0.0,0.0,0.0,0.0,20.588248712516155,0.05440210249671485,13.484932664723974,0.0007884362680683311,0.05440210249671485,20.588248712516155,48.13852178518277,0.3796413389998641,0.12046316528745081,43.46204079490421,0.34276057409230454,0.1817107656854359,22.37887296834739,0.0007886435331230284,6.409294570231324,0.36120095654608436,91.60056258008697,0.0,126.83333333333333,4.8507273321392015,48.13852178518277,0.3796413389998641,0.8193445398443076,0.7607300789865623,34.18264315808136,0.44006695225834846,0.5301649756729603,0.7849401328712702,0.18313287927007835,-0.022413169269287242,-0.23051911398423308,-0.6230092573122815,0.9952681388012619,43.46204079490421,0.34276057409230454,0.5999819650814552,0.7402856742349373,25.17731046214607,0.4496984500437975,0.5430939272046089,0.6849129684269428,0.16727526505479173,-0.1445441827827235,0.060912359809393885,-0.7100307273904887,0.9973711882229233,0.49286587985118835,0.35434476872629606,0.1020660043912614,0.033728554687327,0.10092847324234426,0.0074988383893590605,0.027215802373700942,0.0998546742358568,0.007745535190380614,0.03249615615614494,13.592987972298179,0.3925509351486861,0.14292536708272666,rl2,7UD-MlQsDB8PB3X-,5,3805.0,folding clothes,"{""short sleeve shirts"",""long sleeve shirts"",shorts}"
2025-09-22-02-19-38-000000,4240.0,141.33333333333334,0.0,0.0,0.0,0.0,0.0,0.0,0.0,0.0,0.0,0.0,0.0,0.0,0.0,0.0,27.533367738309032,0.07028301886792453,22.459562928529536,0.0,0.07028301886792453,27.533367738309032,58.246755896785544,0.41222049466939525,0.5611924056841893,56.041671767355794,0.3966148037321713,0.19006233988773724,8.96007568913038,0.0,2.5194167000392227,0.4044176492007833,114.28842766414134,0.0,141.33333333333334,4.958171724560515,58.246755896785544,0.41222049466939525,0.6655914343964376,1.1318100143714958,30.59731718944067,0.43059857934713364,0.30354219395667315,0.6231147330254316,0.08144410991749915,-0.03864033313793183,-0.25448498756488575,-0.49598443671261433,0.9778249587166785,56.041671767355794,0.3966148037321713,0.6198357641045797,1.0522317632215692,28.466393869741367,0.36615835316479206,0.3979569301009178,0.21911271661520004,0.031928065190454276,-0.2242703524246847,0.04427988055127949,-0.5829656642404789,0.9778249587166785,0.4996411117390351,0.3853495486354103,0.09063031653814403,0.13681821045125214,0.1045296854259114,0.0067250232635976915,0.031364267408338364,0.1044785647131277,0.005818122415070189,0.03027957437122472,8.181998726175966,0.19369306684164614,0.13070513625963842,rl2,7UD-MlQsDB8PB3X-,6,4240.0,folding clothes,"{""short sleeve shirts"",""long sleeve shirts"",shorts}"
2025-09-22-02-24-19-000000,3785.0,126.16666666666667,0.0,0.0,0.0,0.0,0.0,0.0,0.0,0.0,0.0,0.0,0.0,0.0,0.0,0.0,33.13437985418422,0.047291941875825624,26.33143533908004,0.0,0.047291941875825624,33.13437985418422,41.0033316640203,0.325079267949421,0.2079665209574561,67.552030813752,0.5355604979948626,0.2550141972284302,20.643716981459217,0.0002642706131078224,2.442768971612173,0.4303198829721418,108.55536247777229,0.0,126.16666666666667,4.845498562056402,41.0033316640203,0.325079267949421,0.6121663326602872,0.7594016778318258,26.573144725164507,0.469812098890543,0.23981898650527,0.6140082739293575,0.06918022712443402,-0.056393941021382885,-0.3028911579867808,-0.4676570556570666,0.9891649048625792,67.552030813752,0.5355604979948626,0.6668546068129061,1.424946569573868,31.092132978102384,0.4294848423451185,0.5442685149610043,0.25296615809202194,0.059132123849567196,-0.21975268437779327,0.032201839933921415,-0.5435350681213438,0.9918076109936576,0.43604471666964334,0.4050018902343696,0.13657053082760678,0.1439940253942583,0.10399151992136133,0.004643002945594469,0.02319650324686008,0.09938407583499444,0.006879510152781066,0.031260791787516215,8.64848556087066,0.2473622521109295,0.14890146757404593,rl2,7UD-MlQsDB8PB3X-,6,3785.0,folding clothes,"{""short sleeve shirts"",""long sleeve shirts"",shorts}"
2025-09-22-02-31-37-000000,3723.0,124.1,0.0,0.0,0.0,0.0,0.0,0.0,0.0,0.0,0.0,0.0,0.0,0.0,0.0,0.0,23.09781236350728,0.04593070104754231,24.231461319646602,0.0,0.04593070104754231,24.231461319646602,50.810490307173154,0.4095418348240716,0.7450383647862523,53.92805914256161,0.43467000920925536,0.4277559170261848,21.107410610459997,0.0010746910263299302,6.945004921853872,0.42210592201666347,104.73854944973476,0.0,124.1,4.829113417472866,50.810490307173154,0.4095418348240716,0.8179479703250015,0.925698266527499,35.27180379099197,0.44750366918742657,0.4414955717511475,0.7460749968886375,0.14740269986523188,0.07379233120537128,-0.2336741469268051,-0.554011961075485,0.9887157442235357,53.92805914256161,0.43467000920925536,0.686347394443733,0.9826446257378699,30.585215091147425,0.48007300816243514,0.5194964557886124,0.29109741747379303,0.07259859739204311,-0.20838409700706287,0.13866840890722734,-0.6161236963423707,0.9881783987103707,0.5430284986810325,0.49451430588618445,0.1187505927435843,0.08840718580138146,0.10345509643147703,0.006712862129299578,0.028511177666638146,0.10073888760356034,0.007617422415423228,0.03069498254157152,13.008609942182078,0.4241920259215712,0.1358832325558628,rl2,7UD-MlQsDB8PB3X-,7,3723.0,folding clothes,"{""short sleeve shirts"",""long sleeve shirts"",shorts}"
2025-09-22-02-36-16-000000,3476.0,115.86666666666666,0.0,0.0,0.0,0.0,0.0,0.0,0.0,0.0,0.0,0.0,0.0,0.0,0.0,0.0,23.115287626954014,0.020138089758342925,23.387774516196565,0.0,0.020138089758342925,23.387774516196565,36.94873560357452,0.3189818901028016,0.6191850279084069,58.34978695582575,0.5037391679639633,0.4036290739751852,9.361629218169252,0.0,3.227588937297533,0.4113605290333825,95.29852255940027,0.0,115.86666666666666,4.761033683819025,36.94873560357452,0.3189818901028016,0.5202428047628754,0.6755206217499319,21.784953879160422,0.46071233600378036,0.2498825117945671,0.6977861262857914,0.0803318991152788,0.013104873486999229,-0.2321839805829614,-0.5257378003240635,0.9902158273381295,58.34978695582575,0.5037391679639633,0.6400583073280339,1.2493092543581974,29.16879212598124,0.43127536587417126,0.4966416768729687,0.3314725384116173,0.07099787789996405,-0.20302102938551622,0.06163292673395554,-0.6070530049575726,0.9930935251798562,0.5353167514219404,0.4035946917262982,0.1190508854727325,0.1434254277044925,0.10539901204935667,0.006306570425021411,0.029207291191947746,0.10197405060866852,0.007377788570997809,0.028955112861166032,9.393659082839402,0.3538966749419086,0.14183361107204387,rl2,7UD-MlQsDB8PB3X-,7,3476.0,folding clothes,"{""short sleeve shirts"",""long sleeve shirts"",shorts}"
2025-09-22-03-09-27-000000,3578.0,119.26666666666667,0.0,0.0,0.0,0.0,0.0,0.0,0.0,0.0,0.0,0.0,0.0,0.0,0.0,0.0,20.74633296301367,0.043040804918949134,15.448246020455912,0.0005589714924538849,0.043040804918949134,20.74633296301367,57.97231478220249,0.48620895819571563,0.2707118605144709,44.9238273790377,0.376772385063218,0.3932224134971281,10.02865959860652,0.0001397819401733296,4.506950898110757,0.4314906716294668,102.89614216124019,0.0,119.26666666666667,4.789711499520359,57.97231478220249,0.48620895819571563,0.7887033210389298,1.3125513129408517,33.759355123529545,0.38634362630546093,0.26228668447583914,0.6701295375823975,0.0679060949085417,0.05503118452899754,-0.2096545139250599,-0.5708644840477972,0.9890970086664803,44.9238273790377,0.376772385063218,0.5656032351169393,0.8327897176778748,25.191809659754497,0.5033585671335459,0.34873636066913605,0.543794360011816,0.09545735461139745,-0.1708612473061555,-0.006397181129186634,-0.6546465450519869,0.9916130835896002,0.5012818075403648,0.34138854361599685,0.07897796440807348,0.1365506343573655,0.10501719767056752,0.005681926936279528,0.03553665117194227,0.1049247924795295,0.005833333226353749,0.032890057268755074,8.203492391751475,0.2759386388974798,0.16570096115495425,rl2,7UD-MlQsDB8PB3X-,8,3578.0,folding clothes,"{""short sleeve shirts"",""long sleeve shirts"",shorts}"
2025-09-22-03-13-58-000000,3659.0,121.96666666666667,0.0,0.0,0.0,0.0,0.0,0.0,0.0,0.0,0.0,0.0,0.0,0.0,0.0,0.0,19.402922662084062,0.03634872916097295,14.994494354581727,0.0,0.03634872916097295,19.402922662084062,54.45099761288533,0.4465636764315364,0.5882648822110372,46.88653203221378,0.3845259598049243,0.16760775058926444,18.872650641157882,0.0002733734281027884,4.558854596430112,0.41554481811823035,101.33752964509911,0.0,121.96666666666667,4.81191331593452,54.45099761288533,0.4465636764315364,0.7814762811653604,1.0910431748167755,32.533278197324314,0.5472951084375381,0.4027301426976919,0.7238673735409975,0.15954922717948022,-0.03936332134755461,-0.20385239931764185,-0.5993515220054572,0.9964461454346637,46.88653203221378,0.3845259598049243,0.5326946950041619,0.836227479948614,23.4626326406204,0.3612298429943621,0.3259904067963362,0.17539101839065552,0.020653601440175678,-0.13310945816768216,0.10715341603347278,-0.6526101358188049,0.9967195188627666,0.5581204775165615,0.3602835908320889,0.08033035872493353,0.020871252283668096,0.10637156373482878,0.005499265542862186,0.02876636178305196,0.10373054518562394,0.0063010700499098035,0.028572432097362807,13.35346730963267,0.4100178036775251,0.17818990988759267,rl2,7UD-MlQsDB8PB3X-,8,3659.0,folding clothes,"{""short sleeve shirts"",""long sleeve shirts"",shorts}"
2025-09-22-19-42-55-000000,2684.0,89.46666666666667,0.0,0.0,0.0,0.0,0.0,0.0,0.0,0.0,0.0,0.0,0.0,0.0,0.0,0.0,27.835169920294696,0.0033532041728763042,25.951900768389862,0.0033532041728763042,0.0033532041728763042,27.835169920294696,31.13315326035505,0.34811576511764875,0.9279796964262094,36.38345432496567,0.40682207594072683,0.5929645366050637,22.93258883373674,0.0016772269847185985,6.023717307810572,0.3774689205291878,67.51660758532071,0.0,89.46666666666667,4.504981458732659,31.13315326035505,0.34811576511764875,0.8278190845761384,0.6204376318797389,30.958690676328906,0.826795220375061,0.8128619622439146,0.9354048976674676,0.6286579299007892,0.2540533811581944,-0.3294668476522002,-0.8306046406930693,0.997018263138278,36.38345432496567,0.40682207594072683,0.8953751943481562,0.7939387631491166,33.731473989010695,0.7205630950629711,0.7134252674877644,0.9049560595303774,0.46520887816181433,-0.2784881625205123,-0.23682659131282388,-0.8105581637358101,0.9977636973537085,0.9056289671552886,0.5546243758628323,0.14462849125444904,0.03512975845829809,0.10382551107232008,0.007104158874487042,0.030983218038573235,0.10187738096214173,0.007179845431035785,0.027659408470878513,15.855631722980027,1.0125932573467356,0.1951692843789446,rl2,lbjSOvcmdHRbM9gk,5,2684.0,folding clothes,"{""short sleeve shirts"",""long sleeve shirts"",shorts}"
2025-09-22-19-49-07-000000,3892.0,129.73333333333332,0.0,0.0,0.0,0.0,0.0,0.0,0.0,0.0,0.0,0.0,0.0,0.0,0.0,0.0,24.285053528680677,0.0033401849948612537,22.297458105329945,0.0033401849948612537,0.0033401849948612537,24.285053528680677,41.578178145646575,0.3205719209379073,0.24786650299544033,54.890586277727245,0.42321192195626245,0.20428821394139823,22.867482748866824,0.0021845283988691853,7.703940743395303,0.3718919214470849,96.46876442337381,0.0,129.73333333333332,4.873159625094136,41.578178145646575,0.3205719209379073,0.9939244066897849,0.5611229563126685,35.39308714751078,0.27557218819856644,0.6515052691102028,0.9215297400951385,0.16544843855952363,0.28076342704829366,-0.1732787540477428,-0.7698739869348975,0.9907478797224364,54.890586277727245,0.42321192195626245,1.020865333179362,0.9002377017538319,37.61445425708174,0.5563889518380165,0.7173950765281916,0.8845038823783398,0.3530503391013673,-0.06253155000088592,-0.2871063558548631,-0.7826242543417646,0.9928039064507839,0.9315523135080105,0.3879780820515091,0.059679588713568134,0.24846935584454072,0.10646961899966668,0.006951207550849206,0.022793532942835523,0.09986907214980881,0.00831492898447086,0.03321665351966746,20.296995785059067,0.8228521393804809,0.1815670520021194,rl2,lbjSOvcmdHRbM9gk,5,3892.0,folding clothes,"{""short sleeve shirts"",""long sleeve shirts"",shorts}"
2025-09-22-20-11-49-000000,2193.0,73.1,0.0,0.0,0.0,0.0,0.0,0.0,0.0,0.0,0.0,0.0,0.0,0.0,0.0,0.0,19.971814227413194,0.0,15.185018831523715,0.0,0.0,19.971814227413194,30.43299817708011,0.41651001154762923,0.34118827607276564,32.431541340610096,0.44386233586601404,0.27642030633285924,9.783925374549009,0.0,4.54319687587014,0.43018617370682166,62.864539517690204,0.0,73.1,4.3054155323020415,30.43299817708011,0.41651001154762923,0.6076222341873929,1.0447244845180654,16.096547910891793,0.7264667972922325,0.41801074892282486,0.24278904497623444,0.07372797508264134,0.00837040834325908,-0.28045749985831636,-0.8183307491694745,0.9831204379562044,32.431541340610096,0.44386233586601404,0.5781171585652344,0.9416670907691428,16.045929798839968,0.3755295444279909,0.4640791229903698,0.21438828110694885,0.0373626080835411,-0.20812988514399153,-0.008361861407420778,-0.8115620727048201,0.9881386861313869,0.8542714063884875,0.3568672066518866,0.057322354172203806,0.21045622197523953,0.108411139658852,0.006105621354965838,0.028175716801987605,0.10518476430747636,0.006915333984149224,0.028726984531686692,11.449258754621578,0.5640794477381699,0.2364321957304517,rl2,lbjSOvcmdHRbM9gk,4,2193.0,folding clothes,"{""short sleeve shirts"",""long sleeve shirts"",shorts}"
2025-09-22-20-17-09-000000,2700.0,90.0,0.0,0.0,0.0,0.0,0.0,0.0,0.0,0.0,0.0,0.0,0.0,0.0,0.0,0.0,26.61295664170625,0.0007407407407407407,19.979222859041094,0.0,0.0007407407407407407,26.61295664170625,32.187275199747155,0.3577688981076009,0.38310684521931726,38.13072747864889,0.42383172447553424,0.23266339264521027,10.322147005386281,0.0001852537977028529,3.4166245056537945,0.3908003112915676,70.31800267839606,0.0,90.0,4.51085950651685,32.187275199747155,0.3577688981076009,0.5198088484639934,0.7793546581435131,14.933242073091996,0.6124589741230011,0.390175461769104,0.37635014206171036,0.08993506231424524,0.015381477160931186,-0.36171618963143337,-0.7578773586589981,0.9925898480918859,38.13072747864889,0.42383172447553424,0.56954959299015,0.9879662383941215,19.58631662070833,0.547365412581712,0.5065261051058769,0.37268445640802383,0.10332858070051593,-0.25330642610564136,0.11234167689877925,-0.775397534362144,0.9929603556872916,0.7684581217214748,0.5509695646392299,0.08692051142987309,0.22272148431391522,0.10432886571114101,0.00688834260181544,0.0210470674853606,0.10270209758861386,0.006269264534379171,0.027105182100272754,12.769044800349874,0.6334523812099325,0.19579037546341277,rl2,lbjSOvcmdHRbM9gk,4,2700.0,folding clothes,"{""short sleeve shirts"",""long sleeve shirts"",shorts}"
2025-09-22-20-23-21-000000,3317.0,110.56666666666666,0.0,0.0,0.0,0.0,0.0,0.0,0.0,0.0,0.0,0.0,0.0,0.0,0.0,0.0,34.56436111884415,0.0208019294543262,31.107564998634842,0.07416340066324993,0.07416340066324993,34.56436111884415,35.065239181171236,0.3172367839068568,0.15078427629182803,54.87079293360772,0.49641851266834486,0.17637894624080924,18.140168251799107,0.0009047044632086852,11.278305918619145,0.40682764828760076,89.93603211477895,0.0,110.56666666666666,4.714622319549171,35.065239181171236,0.3172367839068568,0.5674274503741263,0.6533275794217166,21.589078698086553,0.31864582747220993,0.7410689173266292,0.7527777291834354,0.17775981763543364,0.3477275380491312,-0.2346942512211658,-0.6317175857302724,0.9927623642943305,54.87079293360772,0.49641851266834486,0.7083153295660908,1.141940123144296,28.838936834407765,0.7385753504931927,0.9255359061062336,0.8343705898150802,0.5703573842564639,-0.15940867705124084,-0.2762004535127467,-0.6274287057762535,0.9951749095295537,0.8259774659392068,0.5526955698230218,0.09488906095133785,0.2962909186360857,0.10760338788038641,0.00603621066022999,0.025916367841168603,0.10105520089057556,0.007677509121409774,0.03207143946422952,17.354561232223304,0.7311714360240896,0.18654468661640802,rl2,lbjSOvcmdHRbM9gk,3,3317.0,folding clothes,"{""short sleeve shirts"",""long sleeve shirts"",shorts}"
2025-09-22-20-27-48-000000,2398.0,79.93333333333334,0.0,0.0,0.0,0.0,0.0,0.0,0.0,0.0,0.0,0.0,0.0,0.0,0.0,0.0,31.45255125963047,0.041701417848206836,26.999400276151704,0.007506255212677231,0.041701417848206836,31.45255125963047,34.08301951717571,0.4265709576617735,0.18413833132078647,40.436628934266295,0.5060904747717935,0.17300136349217385,23.51854190970153,0.002920317062995411,4.448356623553659,0.46633071621678346,74.51964845144201,0.0,79.93333333333334,4.393625770517233,34.08301951717571,0.4265709576617735,0.9359226831908702,0.9930596997861402,34.848963314675075,0.8074190020561218,0.4039534479379654,0.648333728313446,0.2114603277208534,-0.0927273130776039,-0.3764485955670215,-0.6632282241815398,0.9899874843554443,40.436628934266295,0.5060904747717935,1.0749925222540624,1.0591997878915527,42.91137432340938,0.8210780769586563,0.6867922209203243,0.6758452299982309,0.3811159079945621,-0.3223343543829497,0.0010776676272682526,-0.6583900033403887,0.9908218606591572,0.7889802638279702,0.45380925610233697,0.07885711635932692,0.11250582598540151,0.10655938875179086,0.008222094178158898,0.028328864164145692,0.10251545766255768,0.009308873965173053,0.03395238164494678,10.07111460945671,0.5230358257350108,0.2603432171113732,rl2,lbjSOvcmdHRbM9gk,3,2398.0,folding clothes,"{""short sleeve shirts"",""long sleeve shirts"",shorts}"
2025-09-22-20-35-24-000000,2717.0,90.56666666666666,0.0,0.0,0.0,0.0,0.0,0.0,0.0,0.0,0.0,0.0,0.0,0.0,0.0,0.0,24.338536385956786,0.015090172984909826,19.119010095164665,0.013986013986013986,0.015090172984909826,24.338536385956786,36.089643141785025,0.39863376077082124,0.2406579554689827,43.07560184611298,0.4757982530866676,0.23192839535138035,24.894615786666694,0.0066273932253313695,4.997502935357678,0.4372160069287445,79.165244987898,0.0,90.56666666666666,4.517067304433119,36.089643141785025,0.39863376077082124,1.5264812697193944,0.6563925792175493,58.06355917627966,0.5621840171515942,0.5004894211888313,0.9221445773728192,0.2594611947086683,-0.07752372053022338,-0.33913858029902266,-0.7666775279456971,0.9771723122238586,43.07560184611298,0.4757982530866676,1.5346386030883323,0.8506942762560749,58.76248583370503,0.37285233475267887,0.5357850231230259,0.947027200832963,0.1891863897416533,-0.2593976492566092,-0.0012382250136293382,-0.7506134443915352,0.9830633284241531,0.969436762530531,0.39195686339666647,0.06067597675633907,0.2584122111578342,0.10518825295045091,0.005838666105652367,0.029522493145691428,0.10218860088786268,0.006967631677870208,0.031713739859701134,10.474501141616573,0.4999000370172342,0.25788592486699585,rl2,lbjSOvcmdHRbM9gk,6,2717.0,folding clothes,"{""short sleeve shirts"",""long sleeve shirts"",shorts}"
2025-09-22-20-41-18-000000,4900.0,163.33333333333334,0.0,0.0,0.0,0.0,0.0,0.0,0.0,0.0,0.0,0.0,0.0,0.0,0.0,0.0,26.90067593620266,0.019591836734693877,20.79151101183313,0.019387755102040816,0.019591836734693877,26.90067593620266,58.06751408704346,0.3555879613413562,0.7209183596198512,79.71201409818575,0.4881323582252648,0.7305271123099635,21.962874346687535,0.0044907123902837316,4.810745245714734,0.4218601597833105,137.7795281852292,0.0,163.33333333333334,5.101896885374581,58.06751408704346,0.3555879613413562,1.1994021573886233,0.6734198557238464,47.34503923578032,0.653806172311306,0.34560693986713886,0.9032308086752892,0.2040939887991567,0.047433197511816204,-0.32061559586728716,-0.6940244243959232,0.9881608491528884,79.71201409818575,0.4881323582252648,1.1966456442426796,1.062651874152711,48.476872225698266,0.41644033044576645,0.6441431865096092,0.8364815693348646,0.22438384003393963,-0.2355734877307348,-0.03577511192892787,-0.7009900525326327,0.9897938354766279,0.9498871571985013,0.427899249675205,0.07070689336208644,0.22984340446427837,0.10738992909695819,0.005047349308667047,0.023900653472823233,0.10104400029182892,0.007344423362900002,0.03442921942081875,18.15645261964962,0.5364905616776773,0.215395445043103,rl2,lbjSOvcmdHRbM9gk,6,4900.0,folding clothes,"{""short sleeve shirts"",""long sleeve shirts"",shorts}"
2025-09-22-20-47-49-000000,2718.0,90.6,0.0,0.0,0.0,0.0,0.0,0.0,0.0,0.0,0.0,0.0,0.0,0.0,0.0,0.0,20.53292753668831,0.02612214863870493,15.45810010017857,0.0235467255334805,0.02612214863870493,20.53292753668831,40.61042336051383,0.44840364402481225,0.24638506319655193,44.90614366618972,0.49583522634732863,0.32098550747555576,23.638847855095147,0.004600662495399337,7.373098353234511,0.4721194351860704,85.51656702670354,0.0,90.6,4.517431271680085,40.61042336051383,0.44840364402481225,1.486535932340708,0.8134449707536575,59.106335684866856,0.25033289566636086,0.596953596919775,0.9387063048779964,0.14027756906923575,0.26656249441573776,-0.0947024263225479,-0.7814414813582435,0.9907986750092014,44.90614366618972,0.49583522634732863,1.452041823142281,0.9445904766925692,58.35530679620448,0.46539320424199104,0.4684611978009343,0.9351717908866704,0.20388489876217544,-0.08399008678113377,-0.1989543958446256,-0.7802823862608117,0.9937430990062569,0.975062688655953,0.37615578027046387,0.06058994182345798,0.26885084039209717,0.1053608267889303,0.005904328360369434,0.028322979532433068,0.10381901634484707,0.0058026781480024076,0.027756618531924612,13.314811957291354,0.5874146616568428,0.25804683991962857,rl2,lbjSOvcmdHRbM9gk,7,2718.0,folding clothes,"{""short sleeve shirts"",""long sleeve shirts"",shorts}"
2025-09-22-21-00-06-000000,2689.0,89.63333333333334,0.0,0.0,0.0,0.0,0.0,0.0,0.0,0.0,0.0,0.0,0.0,0.0,0.0,0.0,23.682244339839336,0.03681666046857568,21.529201337104148,0.03681666046857568,0.03681666046857568,23.682244339839336,50.03355345501136,0.5584101948103947,0.7028382657441737,55.92749623261362,0.6241908061675627,0.7374960096585078,23.951404688360373,0.00818452380952381,6.740585227286399,0.5913005004889788,105.96104968762498,0.0,89.63333333333334,4.506822062970316,50.03355345501136,0.5584101948103947,1.8341856145025133,0.8922366136041378,73.58598838948632,0.6193368807435036,0.4750882536172867,0.9554750984534621,0.28113868442043916,0.03574520406753445,-0.3412370254074709,-0.7897014614446078,0.9959077380952381,55.92749623261362,0.6241908061675627,1.7478740932541132,1.195490634802386,70.42123901633207,0.5996571239084005,0.5209299400448799,0.9512161614838988,0.29714028585818886,-0.28380510763792677,0.11167668985077704,-0.7669389389184996,0.9947916666666666,0.9578449724992285,0.5679046317929234,0.10888593428630199,0.20113028720056583,0.10609753649958147,0.006054932950586768,0.03303924007727596,0.10346435203549618,0.0066185195482369435,0.03063118649718491,17.935270835948344,0.7333207198446169,0.3177694907456898,rl2,lbjSOvcmdHRbM9gk,8,2689.0,folding clothes,"{""short sleeve shirts"",""long sleeve shirts"",shorts}"
2025-09-22-21-04-21-000000,3020.0,100.66666666666667,0.0,0.0,0.0,0.0,0.0,0.0,0.0,0.0,0.0,0.0,0.0,0.0,0.0,0.0,20.907848717647635,0.030132450331125826,21.79980629092248,0.031125827814569535,0.031125827814569535,21.79980629092248,41.729625821363015,0.41467001478664806,0.8232882925230773,52.353054211391125,0.5202357159131281,0.8185232240156662,21.919686479466005,0.004968532626697582,7.401538219135893,0.467452865349888,94.08268003275414,0.0,100.66666666666667,4.621699487939302,41.729625821363015,0.41467001478664806,1.367039004730097,0.759402324836308,55.1614855750138,0.5962201543152332,0.32376814633607864,0.9408745858818293,0.18162369603783377,-0.06315677529108396,-0.279155620729045,-0.7706089292631318,0.9927128188141768,52.353054211391125,0.5202357159131281,1.3212255195839349,1.1162751418582755,54.636193832774524,0.568811260163784,0.5630159787833691,0.9510496533475816,0.3045734882693345,-0.31261336153422464,0.007341069682996215,-0.7899827262864291,0.9917191122888374,0.950123737166119,0.40881354746628096,0.08138618614946319,0.2222706838821401,0.10740472859124811,0.00453202014685974,0.020610637467772114,0.10236197141192559,0.006059624109055624,0.034024954958060905,15.505551792534252,0.7543744138964956,0.23807773754642053,rl2,lbjSOvcmdHRbM9gk,8,3020.0,folding clothes,"{""short sleeve shirts"",""long sleeve shirts"",shorts}"
2025-09-23-19-20-34-000000,2139.0,71.3,0.0,0.0,0.0,0.0,0.0,0.0,0.0,0.0,0.0,0.0,0.0,0.0,0.0,0.0,33.49571033360133,0.08274894810659186,27.752219079229167,0.011220196353436185,0.08274894810659186,33.49571033360133,38.98643087244053,0.5470500122419157,0.15114085604504587,42.74869485577559,0.5998413684159344,0.21209189599809347,20.757476229837525,0.005612722170252572,9.78821083759885,0.5734456903289251,81.73512572821612,0.0,71.3,4.280824129164719,38.98643087244053,0.5470500122419157,1.2113060028589973,1.2222202096177834,42.97025796551566,0.5150080695748329,0.6422179241781123,0.7339728157967329,0.242759610314042,0.25356919393936095,-0.2598429676927404,-0.6157174196752601,0.9920486435921422,42.74869485577559,0.5998413684159344,1.3380652650226077,1.3238721400158455,49.6605108937985,0.599184587597847,0.5910767284221947,0.7057500127702951,0.24995129393172624,-0.024585234703145165,-0.3008600551247085,-0.6171867961308677,0.9929840972871843,0.9287150402766164,0.30747438199677485,0.08251827519544884,0.09484380515390903,0.10508168432199973,0.005905853870302463,0.030810489385520543,0.10401930058573135,0.005583940769696927,0.027037544452582662,13.574834776136395,0.5584610654986881,0.29155373668205,rl2,pB5ssSy__hBrm6wJ,1,2139.0,folding clothes,"{""short sleeve shirts"",""long sleeve shirts"",shorts}"
2025-09-23-19-25-08-000000,2585.0,86.16666666666667,0.0,0.0,0.0,0.0,0.0,0.0,0.0,0.0,0.0,0.0,0.0,0.0,0.0,0.0,28.62643634260423,0.0023210831721470018,26.808614082650394,0.0011605415860735009,0.0023210831721470018,28.62643634260423,20.353074008426354,0.2362972988594391,0.19268573376684364,36.449069459534115,0.42317031106270264,0.44683261750991965,16.61188635791121,0.0003869969040247678,6.540365819429391,0.32973380496107085,56.80214346796047,0.0,86.16666666666667,4.467821994836868,20.353074008426354,0.2362972988594391,0.4580483981923147,0.5013360369569865,15.417919458445857,0.3146487269550562,0.4903227826580405,0.6721044592559338,0.10369189916563912,0.2786094321734209,-0.21098836080249528,-0.6699964936066066,0.9837461300309598,36.449069459534115,0.42317031106270264,0.6354240970797973,1.0905598014153004,24.728147021512214,0.5416335240006447,0.5365062097553164,0.6575837545096874,0.19108709819443656,0.03095071515378252,-0.33109016369395966,-0.6913809304685842,0.9903250773993808,0.7361898752307774,0.31060564612216834,0.07826516567306778,0.10416616677313006,0.10617784987856074,0.0027517687247122316,0.03134887662151105,0.10231329250678507,0.004902797573638799,0.02896213700836446,8.121202174582493,0.5057355227915988,0.15644325120001273,rl2,pB5ssSy__hBrm6wJ,1,2585.0,folding clothes,"{""short sleeve shirts"",""long sleeve shirts"",shorts}"
2025-09-23-19-32-44-000000,2277.0,75.9,0.0,0.0,0.0,0.0,0.0,0.0,0.0,0.0,0.0,0.0,0.0,0.0,0.0,0.0,21.798385385196365,0.007905138339920948,24.50981302806327,0.010979358805445762,0.010979358805445762,24.50981302806327,31.951811564647137,0.4211574459312013,0.3086156007716081,40.64581664083468,0.5357532949143411,0.3798428455439097,23.040460399968435,0.0041739894551845345,9.080342603234667,0.47845537042277125,72.59762820548181,0.0,75.9,4.3425058765115985,31.951811564647137,0.4211574459312013,1.0935933734970007,0.8933076603162123,40.89374598421236,0.4736774116754532,0.3081715628504753,0.785423131659627,0.11465128415280612,-0.09545708998676175,-0.24817252166439985,-0.7105030560613228,0.9912126537785588,40.64581664083468,0.5357532949143411,1.3105123789825108,1.221568809501461,50.64891183507017,0.5698017422109842,0.6866597756743431,0.7973927799612284,0.3119878484415821,-0.22114472148009873,0.17366432807770046,-0.6967991922904734,0.9903339191564148,0.9417397038006212,0.4495168318470271,0.151876440771097,0.1166442531341609,0.10567215473837026,0.003730280391062037,0.018238970578790273,0.1015319196302028,0.005711761534115432,0.027314076595832362,10.873671530507915,0.6080037916973257,0.22024609884076785,rl2,pB5ssSy__hBrm6wJ,2,2277.0,folding clothes,"{""short sleeve shirts"",""long sleeve shirts"",shorts}"
2025-09-23-19-37-29-000000,2055.0,68.5,0.0,0.0,0.0,0.0,0.0,0.0,0.0,0.0,0.0,0.0,0.0,0.0,0.0,0.0,32.66907718646717,0.029197080291970802,24.39418177945827,0.014598540145985401,0.029197080291970802,32.66907718646717,40.56916480829919,0.5925389212507186,0.3200422144491303,40.211273578068614,0.5873116880925309,0.37614665034957995,23.357791378236172,0.005111976630963973,10.943301841016332,0.5899253046716246,80.7804383863678,0.0,68.5,4.241326752570746,40.56916480829919,0.5925389212507186,1.317274643839807,1.4377813113360944,49.00642909274934,0.6732024438679218,0.39756040275096893,0.8316060192883015,0.22256989962481635,-0.08585042764598146,-0.36662130652951785,-0.6873870985804538,0.9917234664070107,40.211273578068614,0.5873116880925309,1.4269769709349023,1.3641441756093249,53.4511098949953,0.37891123443841934,0.5678689070045948,0.7563401125371456,0.16274314552928426,-0.2753693031786132,-0.07909930926736856,-0.701383266656902,0.98539435248296,0.9419340618461296,0.36446076170705627,0.12905939966637492,0.13443969010203147,0.10576580569212073,0.003807903167587691,0.02106668420096089,0.10499237370106158,0.004904557836737159,0.025721296711422176,11.533926707304236,0.5355505350056399,0.3085986007303365,rl2,pB5ssSy__hBrm6wJ,2,2055.0,folding clothes,"{""short sleeve shirts"",""long sleeve shirts"",shorts}"
2025-09-23-20-14-31-000000,2713.0,90.43333333333334,0.0,0.0,0.0,0.0,0.0,0.0,0.0,0.0,0.0,0.0,0.0,0.0,0.0,0.0,32.90716107593921,0.016218208625138224,31.534730913449,0.009214891264283081,0.016218208625138224,32.90716107593921,28.467468482946792,0.31490562481135836,0.29867163589736373,49.40855952861325,0.546554862042182,0.3314519799358709,18.006671987290694,0.0027654867256637168,8.10533557323212,0.4307302434267702,77.87602801156004,0.0,90.43333333333334,4.515610109275448,28.467468482946792,0.31490562481135836,0.7987888405308745,0.7322931469002293,30.243179418301093,0.4425660241395235,0.3638716544955969,0.6586713846772909,0.1060706162087424,-0.32805711805814974,-0.07821424975384929,-0.567219090602339,0.9775073746312685,49.40855952861325,0.546554862042182,0.9945980437970315,1.3966270104998673,40.117116480916586,0.6454215049743652,0.46556123439222574,0.6212523709982634,0.1866759206725967,-0.2745169246458739,0.19916427066852005,-0.5923488255977422,0.980457227138643,0.8466961139394048,0.32047121906891424,0.08710792985336009,0.10813348208524139,0.10548939669122186,0.004025646774948592,0.03130037160689984,0.10373302209380099,0.004992793275759185,0.02841723277703395,8.148616178996434,0.4565443235338826,0.18986110941630635,rl2,pB5ssSy__hBrm6wJ,6,2713.0,folding clothes,"{""short sleeve shirts"",""long sleeve shirts"",shorts}"
2025-09-23-20-19-39-000000,2649.0,88.3,0.0,0.0,0.0,0.0,0.0,0.0,0.0,0.0,0.0,0.0,0.0,0.0,0.0,0.0,28.995927036391617,0.0026425066062665155,29.505258045784135,0.0022650056625141564,0.0026425066062665155,29.505258045784135,22.849311256970502,0.25886681937655404,0.07717806375900685,34.47552421890945,0.39058373359791665,0.05508528162276671,15.700942267780322,0.00037764350453172205,5.76837065431391,0.3247252764872353,57.32483547587995,0.0,88.3,4.492001487882454,22.849311256970502,0.25886681937655404,0.5182760296643796,0.646795082121835,16.73253709398911,0.4336494579911232,0.39235097728669643,0.5769005119800568,0.0981554618776671,0.04731482096690025,-0.3057774209483147,-0.5833319720575532,0.9520392749244713,34.47552421890945,0.39058373359791665,0.674624171798028,0.9381179989580214,25.08071663597137,0.42407752573490143,0.4644377318909392,0.6007570791989565,0.1183236750241582,-0.22700752837568655,-0.18388309768008554,-0.5808927951969147,0.9645015105740181,0.8057896515549082,0.3266840252327691,0.08519798118786813,0.12583554880564826,0.10456503191298203,0.005110068485054157,0.02312046269782718,0.10327700614988039,0.005779708579523632,0.031246147549161538,7.0687796644918475,0.3569415318657873,0.16647198783612685,rl2,pB5ssSy__hBrm6wJ,6,2649.0,folding clothes,"{""short sleeve shirts"",""long sleeve shirts"",shorts}"
2025-09-23-20-30-13-000000,2368.0,78.93333333333334,0.0,0.0,0.0,0.0,0.0,0.0,0.0,0.0,0.0,0.0,0.0,0.0,0.0,0.0,35.682208974576845,0.08445945945945946,32.572191479641674,0.018158783783783782,0.08445945945945946,35.682208974576845,35.517910034445386,0.45016362527814174,0.14186635596799863,38.31725804081621,0.4856433211763779,0.11453247376226698,17.443185667308605,0.001478664976763836,4.188527611041708,0.46790347322725984,73.8351680752616,0.0,78.93333333333334,4.3811929539253045,35.517910034445386,0.45016362527814174,0.8777943104329796,1.179638854502154,30.339072859199174,0.5417452957481146,0.41687966138124466,0.6002146638929844,0.13555403751855397,-0.1601886990892298,-0.35839523910387494,-0.5833407253722308,0.9780312632023659,38.31725804081621,0.4856433211763779,0.875093942489857,1.1194820494677813,30.09960748453825,0.3671323377639055,0.4461613562889397,0.5667250864207745,0.09282971749843595,-0.30989067920411284,-0.15844762536680473,-0.5673898285541155,0.975496408956485,0.8649102381058904,0.2722365042949794,0.0638828655650011,0.12225736105904504,0.10695762238557203,0.0035626774761188047,0.02458473929584254,0.10534106149323867,0.005441447797841778,0.028902493671414523,8.784394368749522,0.3683421170160709,0.29538397153013396,rl2,pB5ssSy__hBrm6wJ,3,2368.0,folding clothes,"{""short sleeve shirts"",""long sleeve shirts"",shorts}"
2025-09-23-20-34-49-000000,3036.0,101.2,0.0,0.0,0.0,0.0,0.0,0.0,0.0,0.0,0.0,0.0,0.0,0.0,0.0,0.0,33.116541368826766,0.004281949934123847,30.864386925124307,0.006258234519104084,0.006258234519104084,33.116541368826766,28.230248345473523,0.27904693586959,0.1605062232330396,54.77984688865138,0.5414811883556973,0.26170036549334624,13.56059838659802,0.00016474464579901152,5.485405870816999,0.41026406211264366,83.0100952341249,0.0,101.2,4.626931677769604,28.230248345473523,0.27904693586959,0.5485769062789682,0.6696923380877665,19.841886492901292,0.48139413446187973,0.225416487082839,0.7236271519213915,0.07852380317596493,-0.2593384168254351,-0.21424858695097337,-0.5614390138552643,0.9663920922570016,54.77984688865138,0.5414811883556973,0.6848800871693157,1.480062902343748,29.513509673644162,0.5727253034710884,0.48399730399250984,0.31565050780773163,0.08749753252447463,-0.29586330308162945,0.07326589821840833,-0.5671495121212895,0.984843492586491,0.5015068577015857,0.31938272485446684,0.08993324540780682,0.09609988048954765,0.10711156579982391,0.0017146428018749056,0.012059129335426605,0.10356836420203147,0.005362719038207945,0.026936703942544105,7.244078782257102,0.4112814977011519,0.15737111032344386,rl2,pB5ssSy__hBrm6wJ,3,3036.0,folding clothes,"{""short sleeve shirts"",""long sleeve shirts"",shorts}"
2025-09-23-21-10-33-000000,2340.0,78.0,0.0,0.0,0.0,0.0,0.0,0.0,0.0,0.0,0.0,0.0,0.0,0.0,0.0,0.0,27.80191834776162,0.002564102564102564,22.785951670118752,0.0008547008547008547,0.002564102564102564,27.80191834776162,25.275181226577644,0.32417932312840075,0.24982228503609677,35.225531356627805,0.4518024543389629,0.38866108508079283,18.984367018443244,0.001496365968362548,8.375187097217825,0.3879908887336818,60.50071258320545,0.0,78.0,4.3694478524670215,25.275181226577644,0.32417932312840075,0.6570976677594321,0.7084875823691291,24.889760360422805,0.3429811969399452,0.5583299724385142,0.6491515003144741,0.12431035857771021,0.33697166352763647,-0.12659075501938072,-0.7016107087127037,0.9803334758443779,35.225531356627805,0.4518024543389629,0.9612575922794664,1.0604574451145221,37.91230038484582,0.6420000866055489,0.4939043568447232,0.7349779531359673,0.23305168953780434,-0.07613844575766378,-0.23366918155782196,-0.6919919291757939,0.9850363403163745,0.8314267120748242,0.44056837048118275,0.1408770612049158,0.13851378401721184,0.1067931954500797,0.003744380085024045,0.022290411341388747,0.10516690035207368,0.004903049420538945,0.029915212795884716,8.656477588974518,0.4608485473170829,0.1511042189311497,rl2,pB5ssSy__hBrm6wJ,5,2340.0,folding clothes,"{""short sleeve shirts"",""long sleeve shirts"",shorts}"
2025-09-23-21-14-51-000000,1946.0,64.86666666666666,0.0,0.0,0.0,0.0,0.0,0.0,0.0,0.0,0.0,0.0,0.0,0.0,0.0,0.0,22.271140925471364,0.0,16.88486728120089,0.0025693730729701952,0.0025693730729701952,22.271140925471364,27.837749320153783,0.42937402550365733,0.16627222588160406,31.521823377783374,0.48619778988868956,0.24243937560790244,13.695509490282342,0.0012853470437017994,5.50858455289966,0.45778590769617344,59.35957269793715,0.0,64.86666666666666,4.187632496645658,27.837749320153783,0.42937402550365733,0.6376903121267995,1.087795478517974,23.892824039938418,0.4188017435371876,0.3848028685897589,0.2646675407886505,0.042652791921134185,0.06380508843721307,-0.28203991156278174,-0.7182176616215142,0.9897172236503856,31.521823377783374,0.48619778988868956,0.9217955590013762,1.0787860585268756,35.81175125463821,0.37159157171845436,0.4437478929758072,0.692555932328105,0.11419760941895225,-0.13858933613577212,-0.13573128450569172,-0.6930908487826387,0.9922879177377892,0.7585846040498073,0.2737260680030777,0.061232522684534114,0.0973657467611162,0.10660858314554861,0.004670195697975019,0.028364421228211437,0.10754820597094017,0.0030819961389264706,0.026637393697512293,8.149360898166762,0.4690907073981924,0.2191207400818056,rl2,pB5ssSy__hBrm6wJ,5,1946.0,folding clothes,"{""short sleeve shirts"",""long sleeve shirts"",shorts}"
2025-09-23-21-34-16-000000,2966.0,98.86666666666666,0.0,0.0,0.0,0.0,0.0,0.0,0.0,0.0,0.0,0.0,0.0,0.0,0.0,0.0,26.66865568040221,0.0006743088334457181,25.10948288301908,0.00033715441672285906,0.0006743088334457181,26.66865568040221,27.214119278904114,0.27535365206311074,0.23199691615648138,48.77708176721531,0.49352865194484286,0.3315998715794352,19.7657918999142,0.002360876897133221,7.089097588984678,0.3844411520039768,75.99120104611941,0.0,98.86666666666666,4.603835962974955,27.214119278904114,0.27535365206311074,0.6443837359162382,0.6407861103880331,24.480345935340978,0.40030068159103394,0.3825388075783849,0.5536180660128593,0.08477583639663051,0.2216183082806606,-0.24328535941048868,-0.6761620192890905,0.9797639123102867,48.77708176721531,0.49352865194484286,0.986368341370913,1.250693867428839,41.04229170494438,0.5459932684898376,0.5827284308616072,0.6721269227564335,0.21384780048904803,-0.10166762162245488,-0.27020162181544477,-0.6697199159563693,0.9898819561551433,0.7689552184981012,0.34707941061006226,0.09051755834867249,0.11995955806677101,0.10775025392176193,0.0034391228887031616,0.01822125965888853,0.10510796740463117,0.005716337369695649,0.028349623761919837,8.997146328171027,0.5147058600811345,0.14369339056346178,rl2,pB5ssSy__hBrm6wJ,7,2966.0,folding clothes,"{""short sleeve shirts"",""long sleeve shirts"",shorts}"
2025-09-23-21-38-55-000000,2981.0,99.36666666666666,0.0,0.0,0.0,0.0,0.0,0.0,0.0,0.0,0.0,0.0,0.0,0.0,0.0,0.0,25.31284847197347,0.0010063737001006373,20.166995854536093,0.0006709158000670916,0.0010063737001006373,25.31284847197347,30.056646068934917,0.30258368525773405,0.25031054234677075,40.17198661137943,0.40441597259777956,0.3985090727711468,17.740245760943367,0.0006711409395973154,5.330331641907516,0.3534998289277568,70.22863268031435,0.0,99.36666666666666,4.608830146819578,30.056646068934917,0.30258368525773405,0.6257959687269257,0.6699694708285331,22.183601113737538,0.44973446801304817,0.2752429246902466,0.621382612735033,0.07691861121060083,0.026760993327624303,-0.3180267497227321,-0.6937496208694208,0.9798657718120806,40.17198661137943,0.40441597259777956,0.7796494088328477,0.9022255261411136,29.94818363579353,0.3709721975028515,0.41631568036973476,0.6037340871989727,0.09324162386895839,-0.182318596042354,-0.12636323983627798,-0.6712152183265824,0.9791946308724833,0.8200818887566921,0.30715046021822984,0.07354840097609987,0.1358825464537373,0.10490246535411328,0.004271384965643486,0.026230987050450724,0.10248623720447579,0.00637041916108431,0.028258373036459686,10.091272781563795,0.33058208019990015,0.16944565566030576,rl2,pB5ssSy__hBrm6wJ,7,2981.0,folding clothes,"{""short sleeve shirts"",""long sleeve shirts"",shorts}"
2025-09-23-21-58-00-000000,2272.0,75.73333333333333,0.0,0.0,0.0,0.0,0.0,0.0,0.0,0.0,0.0,0.0,0.0,0.0,0.0,0.0,25.419611088591832,0.0044014084507042256,22.80359943573763,0.0008802816901408451,0.0044014084507042256,25.419611088591832,39.47203778516762,0.5214271834236146,0.14906083434252604,46.738001817887195,0.6174108562468587,0.4822228180661855,16.355396445760416,0.0015411712901805372,8.473014335091351,0.5694190198352366,86.21003960305481,0.0,75.73333333333333,4.340336207619672,39.47203778516762,0.5214271834236146,0.7317537186652207,1.469476838141496,29.203799938584886,0.35497926734387875,0.5654649124480784,0.5879755988717079,0.11802335435624355,0.2422614899819756,-0.22549873480279595,-0.6942408284037964,0.9876706296785557,46.738001817887195,0.6174108562468587,1.1242608534815817,1.388143220053534,45.88966644093239,0.5333505645394325,0.5059720394201577,0.673706378787756,0.18180672195244307,-0.06640923522743987,-0.27195108298300014,-0.6948835800178874,0.9850286217525319,0.6781459068451632,0.34617203801585483,0.09119351302582651,0.08933236840819228,0.10443454082566468,0.005544960217573076,0.030309671573520602,0.10550693491995651,0.005436018850955203,0.02554927837905624,9.483002455116509,0.4330494061882218,0.210219745298086,rl2,pB5ssSy__hBrm6wJ,4,2272.0,folding clothes,"{""short sleeve shirts"",""long sleeve shirts"",shorts}"
2025-09-23-22-15-03-000000,2312.0,77.06666666666666,0.0,0.0,0.0,0.0,0.0,0.0,0.0,0.0,0.0,0.0,0.0,0.0,0.0,0.0,30.165615451789186,0.0,22.36072474197791,0.0,0.0,30.165615451789186,31.664603300149032,0.4110506702745439,0.25539183027913365,45.00243052078051,0.5841942516760775,0.5624365678797209,15.739589530051518,0.0017308524448290783,6.945853529860566,0.4976224609753107,76.66703382092953,0.0,77.06666666666666,4.357563162495508,31.664603300149032,0.4110506702745439,0.738482672834255,0.986617757519173,29.698492887131184,0.749873623251915,0.4380477648228407,0.4914804920554161,0.1614417403550501,-0.1661824008488583,-0.30603357311338186,-0.6565332392288636,0.9865858935525746,45.00243052078051,0.5841942516760775,0.9380544045621464,1.4456255932153979,39.34390911092205,0.6817424241453409,0.6201845109462738,0.5868665054440498,0.24813073363962196,-0.19899068068399556,0.09205137006685435,-0.6664411437385119,0.9848550411077456,0.6640783425259806,0.43292469835488956,0.13268246037225884,0.15073787236989117,0.10500927104172872,0.004539399105670062,0.026154567742556714,0.1032261672567123,0.005633852805678282,0.029399998307210587,8.350846530021691,0.381672674454842,0.1501719523340073,rl2,pB5ssSy__hBrm6wJ,4,2312.0,folding clothes,"{""short sleeve shirts"",""long sleeve shirts"",shorts}"
2025-09-23-22-43-03-000000,2519.0,83.96666666666667,0.0,0.0,0.0,0.0,0.0,0.0,0.0,0.0,0.0,0.0,0.0,0.0,0.0,0.0,26.216452917278026,0.001984914648670107,24.008770914799463,0.0,0.001984914648670107,26.216452917278026,30.394637110716594,0.3621283214144153,0.22309516840399418,41.29170891084686,0.4919584064040531,0.22627610865259867,18.045244430089678,0.0013899920571882446,5.085095799415848,0.42704336390923425,71.68634602156345,0.0,83.96666666666667,4.4422590227139604,30.394637110716594,0.3621283214144153,0.7609657017863121,0.7666393700509476,28.96637115818587,0.2972806394100189,0.3526743093971163,0.6982993446290493,0.07321196871438468,0.3285074250823617,0.09684220715875118,-0.7203464623142822,0.9892772041302621,41.29170891084686,0.4919584064040531,0.8926701803353047,1.0937318900235693,35.48503902463813,0.45489148050546646,0.45999694615602493,0.693731440231204,0.1451623963739377,0.18910319118384522,-0.21272577551376454,-0.6889957818851532,0.9952343129467831,0.8116710088161322,0.355951314853195,0.07744581523912226,0.1817962665923774,0.10433160131839929,0.00432982492052352,0.020465135905511064,0.1018322804465688,0.00567830244711774,0.028154370910921392,10.878863256698242,0.34260021286051,0.1692080668074718,rl2,pB5ssSy__hBrm6wJ,8,2519.0,folding clothes,"{""short sleeve shirts"",""long sleeve shirts"",shorts}"
2025-09-23-22-47-12-000000,2371.0,79.03333333333333,0.0,0.0,0.0,0.0,0.0,0.0,0.0,0.0,0.0,0.0,0.0,0.0,0.0,0.0,25.699503817124512,0.0,21.85410883302409,0.0025305778152678194,0.0025305778152678194,25.699503817124512,36.36522201783286,0.4603192660485173,0.3261474123855809,36.68470420952162,0.46436334442432425,0.3226240193279266,13.48769991147953,0.0004219409282700422,7.040021961943859,0.46234130523642075,73.04992622735449,0.0,79.03333333333333,4.382443214559098,36.36522201783286,0.4603192660485173,0.637935610338749,1.256276014361314,22.939706286164725,0.2670265771448612,0.4864701107144356,0.3422297388315201,0.044455796580459436,0.3266429189264221,-0.07493828146276349,-0.7037482377045872,0.9966244725738397,36.68470420952162,0.46436334442432425,0.79537793210065,1.0647646517900795,29.23424507532101,0.4290814530104399,0.3197436574846506,0.5898730009794235,0.08092825938827163,0.10645854650972665,-0.2266590922630189,-0.6711615994635487,0.9957805907172996,0.738615985214764,0.29167348607508514,0.05381784566283883,0.1652286293407047,0.10480744193476184,0.004497484550831863,0.02151206658105108,0.10343589394418513,0.005809995009664528,0.025999417727775753,12.822864326226767,0.43875130136852375,0.24565732932861736,rl2,pB5ssSy__hBrm6wJ,8,2371.0,folding clothes,"{""short sleeve shirts"",""long sleeve shirts"",shorts}"
2025-09-24-03-12-23-000000,1920.0,64.0,0.0,0.0,0.0,0.0,0.0,0.0,0.0,0.0,0.0,0.0,0.0,0.0,0.0,0.0,50.2471987817608,0.9822916666666667,38.41280724878608,0.18958333333333333,0.9822916666666667,50.2471987817608,35.304300213934226,0.5519171476904776,0.38689297408024736,41.9077057638475,0.6551491260632754,0.3626008220002919,19.600790976671192,0.0018238665971860343,7.0398036555794015,0.6035331368768765,77.21200597778173,0.0,64.0,4.174387269895637,35.304300213934226,0.5519171476904776,1.1776059309888423,1.2947049467780731,44.557911780189585,0.22102582454681396,0.31248178984969854,0.8672504937276244,0.05989799547453614,0.907827838937131,-0.12836013771466243,-0.6861439181331661,0.9817613340281397,41.9077057638475,0.6551491260632754,1.1529058890556187,1.4648772948955888,45.82276205922799,0.3055768832564354,0.41005733981728554,0.8760666376911104,0.1097746923915945,0.5810813907417469,0.012308412363563549,-0.6528925616766477,0.982803543512246,0.9489858637549012,0.3604353521186313,0.06342440578715813,0.1863019833753721,0.1029998113617677,0.00475465897095617,0.030471663124823023,0.10220140100650367,0.00526786775256495,0.026571390953483445,7.909221680669296,0.37363424888238084,0.33806856562797294,rl2,omDamnph0YxUBJSO,1,1920.0,folding clothes,"{""short sleeve shirts"",""long sleeve shirts"",shorts}"
2025-09-24-03-15-53-000000,2308.0,76.93333333333334,0.0,0.0,0.0,0.0,0.0,0.0,0.0,0.0,0.0,0.0,0.0,0.0,0.0,0.0,38.95051297422367,0.20667244367417678,28.35194415353523,0.030329289428076257,0.20667244367417678,38.95051297422367,32.32935185490406,0.4204076964226796,0.5150736773090667,45.53075859389065,0.5920774849660684,0.6183586244271205,14.460802519159857,0.001517121803207629,5.695875204145403,0.506242590694374,77.86011044879471,0.0,76.93333333333334,4.355853760369858,32.32935185490406,0.4204076964226796,0.8192840699667016,1.0727337382875461,29.63178023875171,0.4513007551431656,0.35017029941082,0.8711651051416993,0.1376720689171557,0.4067519993345339,0.294734241498999,-0.6500623413354346,0.976592977893368,45.53075859389065,0.5920774849660684,0.8678640837313807,1.5095477799515482,34.93569827566787,0.6100052054971457,0.6450521051883698,0.8696646122261882,0.3422001034183669,0.36375101311600394,-0.05973923816613216,-0.731363962823283,0.9848287819679237,0.8066026425904038,0.4050301789325418,0.0862955001591714,0.17536634308096866,0.10662771113120881,0.004591680567577934,0.029963672279266093,0.10318687520118733,0.005191536716026899,0.03055698674443362,7.498500711120279,0.4331347834462725,0.2116365471989865,rl2,omDamnph0YxUBJSO,1,2308.0,folding clothes,"{""short sleeve shirts"",""long sleeve shirts"",shorts}"
2025-09-24-03-19-17-000000,1890.0,63.0,0.0,0.0,0.0,0.0,0.0,0.0,0.0,0.0,0.0,0.0,0.0,0.0,0.0,0.0,26.67687691118733,0.08888888888888889,19.367265126459536,0.06402116402116402,0.08888888888888889,26.67687691118733,40.39453339685248,0.6415224996853226,0.40274556214922375,42.59492591045563,0.6764678545863784,0.38094818279540904,14.863201211039623,0.0026469031233456856,5.313753233265307,0.6589951771358505,82.98945930730811,0.0,63.0,4.1588830833596715,40.39453339685248,0.6415224996853226,1.0484452099927772,1.6794915836405109,39.80628576190069,0.30477234721183777,0.2906235344707966,0.8530550934374332,0.07555851613963269,0.045008939505116176,-0.3322406055297328,-0.6593566994818431,0.9793541556379036,42.59492591045563,0.6764678545863784,1.0242649363533023,1.5822521040756827,40.53665518192307,0.23558961041271687,0.367698360234499,0.8197960816323757,0.0710155844035111,-0.17751170504818517,-0.12576826172015412,-0.6395476504938589,0.9820010587612493,0.8979086905886864,0.3149652653002692,0.05952791627298398,0.22062702500550646,0.10656768225879296,0.003989517813362386,0.030683492026784692,0.10402165575431851,0.004675745378118221,0.025398950403857215,9.88684576871554,0.35858909655090304,0.44493126848700015,rl2,omDamnph0YxUBJSO,1,1890.0,folding clothes,"{""short sleeve shirts"",""long sleeve shirts"",shorts}"
2025-09-24-03-30-47-000000,1690.0,56.333333333333336,0.0,0.0,0.0,0.0,0.0,0.0,0.0,0.0,0.0,0.0,0.0,0.0,0.0,0.0,38.30708798076702,0.15857988165680473,31.84542608969153,0.09763313609467456,0.15857988165680473,38.30708798076702,41.650468491520414,0.7397951774692789,0.7342408260331478,43.75144056713942,0.7771126210859577,0.6209281850488765,23.71159452841038,0.009473060982830076,6.915078068594163,0.7584538992776183,85.40190905865984,0.0,56.333333333333336,4.048882188145344,41.650468491520414,0.7397951774692789,1.6099057537094814,1.6898075985464749,64.8027957997629,0.36931566894054413,0.5087235681712627,1.148329883813858,0.2157477418819769,0.47322431369381546,0.3439361914771901,-0.7089405039887456,0.9869745411486086,43.75144056713942,0.7771126210859577,1.5750904424158052,1.5854514684245264,64.44456140696226,0.4014166370034218,0.43873731046915054,1.0331805907189846,0.18196010373179475,0.4349804745226569,-0.0061159133620826405,-0.6874625019023757,0.9911190053285968,0.9498057778045549,0.36418164166264744,0.07694640380912035,0.18064420847968343,0.10543562789661232,0.0037946038767686712,0.01777857579124295,0.10232294869753636,0.007051430782226221,0.030920003468161775,9.55044323117521,0.39681796499231115,0.457336220715495,rl2,omDamnph0YxUBJSO,2,1690.0,folding clothes,"{""short sleeve shirts"",""long sleeve shirts"",shorts}"
2025-09-24-03-34-16-000000,2288.0,76.26666666666667,0.0,0.0,0.0,0.0,0.0,0.0,0.0,0.0,0.0,0.0,0.0,0.0,0.0,0.0,24.84549568431715,0.07255244755244755,24.354713737786565,0.0743006993006993,0.0743006993006993,24.84549568431715,43.42289738862662,0.5696051253427191,0.858436266344505,48.43039682283185,0.6352916067708594,0.8072688143382413,24.56160758101892,0.004591167468299082,6.221725707838741,0.6024483660567893,91.85329421145848,0.0,76.26666666666667,4.347262642237542,43.42289738862662,0.5696051253427191,1.292742839224241,1.2833534016154586,49.35656092802833,0.28590525314211845,0.4579737950116396,0.9319240860641003,0.1220234501055183,0.12847231013351934,-0.347479259018897,-0.7440180045624192,0.9943156974202011,48.43039682283185,0.6352916067708594,1.2519467094531673,1.3205285295327314,49.47714611016477,0.4583939462900162,0.5147307245060802,0.8708479544147849,0.20547609420843135,-0.1803620906100589,-0.27891993636342327,-0.6987389248150232,0.9855706165282029,0.913476326964208,0.3254057471221521,0.056476505622342986,0.07719109614153617,0.10167432350340455,0.004329004426096777,0.019243142016872564,0.10104776637142557,0.005591341863294364,0.026612688680351354,11.124158761525592,0.5109060784216892,0.35977473782486336,rl2,omDamnph0YxUBJSO,2,2288.0,folding clothes,"{""short sleeve shirts"",""long sleeve shirts"",shorts}"
2025-09-24-03-55-38-000000,1616.0,53.86666666666667,0.0,0.0,0.0,0.0,0.0,0.0,0.0,0.0,0.0,0.0,0.0,0.0,0.0,0.0,34.57843402249645,0.1150990099009901,16.934606854614273,0.050742574257425746,0.1150990099009901,34.57843402249645,33.2908066878666,0.6184050777931877,0.4609958160702986,38.40916361376343,0.7134829154259461,0.5278545617906341,20.962092139543532,0.0046439628482972135,7.918136063312954,0.6659439966095669,71.69997030163003,0.0,53.86666666666667,4.00490599957486,33.2908066878666,0.6184050777931877,1.3096679352338945,1.4457384883747733,52.005766969014346,0.5796070229262114,0.69251624122262,0.9320443291217089,0.37411073521913274,0.4882581694095423,-0.2410067066155192,-0.7491466760298809,0.98328173374613,38.40916361376343,0.7134829154259461,1.2088992781171257,1.588834557253003,50.3150797392608,0.7165182456374168,0.5888670794665813,0.8672224674373865,0.36591065038006715,0.0016089840892974361,-0.18825992970283045,-0.7100600044146217,0.98328173374613,0.8130719249570832,0.4952039986106529,0.10867188503379886,0.22746985843085787,0.10300128271257791,0.004957104918843357,0.022509181249646903,0.10389144951918729,0.005374649231667331,0.023639846457808755,7.794296888313861,0.583474701270379,0.31176586257336314,rl2,omDamnph0YxUBJSO,5,1616.0,folding clothes,"{""short sleeve shirts"",""long sleeve shirts"",shorts}"
2025-09-24-03-59-06-000000,1673.0,55.766666666666666,0.0,0.0,0.0,0.0,0.0,0.0,0.0,0.0,0.0,0.0,0.0,0.0,0.0,0.0,34.35356318822346,0.1954572624028691,22.516155186471565,0.08607292289300658,0.1954572624028691,34.35356318822346,41.182790633056555,0.7389256692534072,0.5198680303927592,43.2194875524541,0.7754692742665208,0.5457385024893938,17.23333761600635,0.005083732057416268,5.568817466880125,0.757197471759964,84.40227818551065,0.0,55.766666666666666,4.0389492990005325,41.182790633056555,0.7389256692534072,1.2413606865083273,1.7674611420098514,49.883798594970024,0.38445674255490303,0.4608526360243559,0.8983586505055428,0.15916930205746965,0.4293115606951236,-0.3011974727237253,-0.6894060056511863,0.9910287081339713,43.2194875524541,0.7754692742665208,1.269487452523046,1.7060343188670892,51.68317932996015,0.2905208691954613,0.385663079097867,0.8701496198773384,0.09749432435761023,0.14299814350618015,-0.2260132605901341,-0.6666801859693156,0.9892344497607656,0.9516013101592249,0.30489487903678947,0.06508017559500007,0.17740540504496777,0.10570709526798812,0.0033099251597573983,0.023112658350416315,0.10508961909320108,0.003565594022659895,0.020723335402272725,10.169850524109608,0.41848937750763465,0.4525280360917945,rl2,omDamnph0YxUBJSO,5,1673.0,folding clothes,"{""short sleeve shirts"",""long sleeve shirts"",shorts}"
2025-09-24-04-02-36-000000,2392.0,79.73333333333333,0.0,0.0,0.0,0.0,0.0,0.0,0.0,0.0,0.0,0.0,0.0,0.0,0.0,0.0,30.840767111831017,0.05016722408026756,20.41793157008508,0.02048494983277592,0.05016722408026756,30.840767111831017,33.79717916512476,0.4240549456100973,0.5766273597610595,48.78853327988365,0.6121522368868714,0.602829243137174,20.05404760080997,0.004809703053115851,7.620831214317304,0.5181035912484845,82.58571244500841,0.0,79.73333333333333,4.391151542450882,33.79717916512476,0.4240549456100973,1.174449890977719,0.8885998492136489,45.74905637384433,0.41187699511647224,0.403250714763999,0.936375115881674,0.15552225522583432,0.42762912265227543,0.14734304232295464,-0.730065624663004,0.9857800083647009,48.78853327988365,0.6121522368868714,1.3121534714746987,1.3877150304949133,53.571333494378145,0.6180347166955471,0.5026961378753185,0.8714380282908678,0.2707415605854792,0.23248835540583737,-0.09498672378119034,-0.7545853421359905,0.9903805938937683,0.930896542513303,0.32805778360991433,0.07363131371398929,0.09552609554274814,0.10332615130503381,0.004470494294900031,0.02303576386961695,0.10165922615713283,0.004502262848826108,0.02732495781701741,9.942970985064205,0.6235436060942089,0.25750858856568326,rl2,omDamnph0YxUBJSO,5,2392.0,folding clothes,"{""short sleeve shirts"",""long sleeve shirts"",shorts}"
2025-09-24-04-07-27-000000,1624.0,54.13333333333333,0.0,0.0,0.0,0.0,0.0,0.0,0.0,0.0,0.0,0.0,0.0,0.0,0.0,0.0,22.5393127713387,0.04187192118226601,19.135476918997025,0.03140394088669951,0.04187192118226601,22.5393127713387,36.54713909231984,0.6755478575290174,0.975444160880142,38.72426891408415,0.7157905529405573,0.3556688135191063,35.07125454361346,0.005237215033887862,3.6371715798849515,0.6956692052347873,75.27140800640399,0.0,54.13333333333333,4.0097544939214815,36.54713909231984,0.6755478575290174,1.431937974606443,1.5559120160367361,56.59650409309603,0.3164153015241027,0.2770144082605839,1.4892899543046951,0.13053864365977433,-0.17515815668418233,-0.24261940173171645,-0.7104263810172512,0.9858287122612446,38.72426891408415,0.7157905529405573,1.1990573745661603,1.482573652153185,46.89100186315545,0.2928617484867573,0.3382818754762411,0.8274997677654028,0.08198025431140825,-0.22828451247216006,0.03576753975313058,-0.6798703089881725,0.9833641404805915,0.8641193513124006,0.2922953083192657,0.05372745848033132,0.067223175694202,0.10645271582208814,0.0037151125727052777,0.03133506279367798,0.10378521521245447,0.004867364195160155,0.023464153129836338,6.747811686730517,0.30894064042121155,0.34717571622246846,rl2,omDamnph0YxUBJSO,4,1624.0,folding clothes,"{""short sleeve shirts"",""long sleeve shirts"",shorts}"
2025-09-24-04-10-46-000000,2056.0,68.53333333333333,0.0,0.0,0.0,0.0,0.0,0.0,0.0,0.0,0.0,0.0,0.0,0.0,0.0,0.0,24.518319041224615,0.05544747081712062,20.57409920555056,0.05009727626459144,0.05544747081712062,24.518319041224615,36.93775564945878,0.5392373087512231,0.510783585141633,46.1238563561958,0.6733409687035884,0.5222217423399477,17.1232677992149,0.0034063260340632603,5.063199733778826,0.6062891387274058,83.06161200565458,0.0,68.53333333333333,4.241806253898562,36.93775564945878,0.5392373087512231,1.0869443604816957,1.319337441618748,42.409726276353,0.23861395940184593,0.22192937973886728,0.8415486682206392,0.04456458674539131,0.3341088876733375,0.08000198344002225,-0.7286488406988882,0.9873479318734794,46.1238563561958,0.6733409687035884,1.1266575282952258,1.4461963187992692,46.38258272432118,0.3527458179742098,0.2826550332829356,0.8430275376886129,0.08405438177122251,0.1607729579813068,-0.21259181139445302,-0.7012794783795506,0.9888077858880778,0.9215049037826774,0.3454851663942109,0.06240724468072495,0.15861725776973165,0.10322885001941315,0.005014365981009127,0.022305462028044426,0.09979915762121759,0.007175083223860275,0.02974145744115604,8.095575248426474,0.35278277503558636,0.3276174891424631,rl2,omDamnph0YxUBJSO,4,2056.0,folding clothes,"{""short sleeve shirts"",""long sleeve shirts"",shorts}"
2025-09-24-04-14-10-000000,2250.0,75.0,0.0,0.0,0.0,0.0,0.0,0.0,0.0,0.0,0.0,0.0,0.0,0.0,0.0,0.0,26.76464848437666,0.03288888888888889,23.54493914238129,0.028,0.03288888888888889,26.76464848437666,31.432867209300568,0.4192912477896919,0.34112016275791723,49.13322878940265,0.6554010065282702,0.3724617404172713,16.240099355990722,0.0031124944419742106,6.097720416311169,0.537346127158981,80.56609599870322,0.0,75.0,4.330733340286331,31.432867209300568,0.4192912477896919,0.9194566745596449,0.9591582767823255,33.64251946262499,0.30935729295015335,0.3867740258574486,0.8794448152184486,0.1052267731306842,0.24830786156157653,-0.28654365345007843,-0.7402623620869385,0.9799911071587372,49.13322878940265,0.6554010065282702,0.9904175861813713,1.5731134803693214,40.17090381092161,0.4496159628033638,0.5126876840367913,0.8539770971983671,0.19685245255739844,-0.07297789998766449,-0.2937455451082852,-0.7315744379969935,0.9888839484215207,0.8560276208494421,0.3310010449731241,0.07189066186725963,0.13847633368470788,0.10360513785305293,0.003970894970895842,0.02640952196443827,0.10054175571173371,0.005810927812709295,0.02757987473311392,7.466713706236694,0.4524543789161523,0.22527273220728702,rl2,omDamnph0YxUBJSO,4,2250.0,folding clothes,"{""short sleeve shirts"",""long sleeve shirts"",shorts}"
2025-09-24-04-35-30-000000,1973.0,65.76666666666667,0.0,0.0,0.0,0.0,0.0,0.0,0.0,0.0,0.0,0.0,0.0,0.0,0.0,0.0,42.022472154174764,0.24936644703497213,31.143715068603655,0.17029903699949317,0.24936644703497213,42.022472154174764,37.65220929262395,0.5728023726058411,0.3516280365405463,48.59019424838164,0.7392017380585443,0.38970604546742793,10.87851908094732,0.0005070993914807302,3.994710896623453,0.6560020553321927,86.24240354100559,0.0,65.76666666666667,4.201203954003663,37.65220929262395,0.5728023726058411,0.8756723178686535,1.449653049990295,34.26098764792647,0.1703878417611122,0.2847372107207775,0.697889182716608,0.03385862326045469,0.5046290211942193,-0.10236471584852685,-0.5058159600552483,0.9898580121703854,48.59019424838164,0.7392017380585443,0.871395113444756,1.6712710221156983,37.25255723842839,0.31070166174322367,0.34489835472777486,0.7073784430976957,0.0758030219546442,0.20902711269953153,-0.21753697633272195,-0.5021442960637625,0.9939148073022313,0.9155881277677885,0.32135238426584517,0.04657164623646482,0.14679497963225896,0.10210689826936326,0.004011536690686275,0.016914490822723866,0.10072778747797993,0.004175891746696917,0.020175136131976593,8.05958100904243,0.2663267883794656,0.338135644351928,rl2,omDamnph0YxUBJSO,3,1973.0,folding clothes,"{""short sleeve shirts"",""long sleeve shirts"",shorts}"
2025-09-24-04-38-51-000000,2064.0,68.8,0.0,0.0,0.0,0.0,0.0,0.0,0.0,0.0,0.0,0.0,0.0,0.0,0.0,0.0,36.49245091247646,0.03343023255813953,25.930431774326316,0.03827519379844961,0.03827519379844961,36.49245091247646,30.065426579286424,0.4372093055640295,0.2305675009424305,57.45090634252223,0.8354470141908227,0.2375430045346975,27.896977309454407,0.0004847309743092584,3.916515181067319,0.636328159877426,87.51633292180865,0.0,68.8,4.2456340097683265,30.065426579286424,0.4372093055640295,0.6621601851721987,1.1537965731819433,24.961472196972682,0.23213816434144974,0.418034290894866,0.7012447342276573,0.06804999018566182,0.4007249809404503,-0.16766891632330727,-0.5950589815981311,0.9907901114881241,57.45090634252223,0.8354470141908227,1.142067751703943,2.093129526645238,50.2494464045815,0.5326181724667549,0.7615017774514854,0.7144450424239039,0.2897715397325255,0.022795847064793803,-0.27102187578053105,-0.6277256874722256,0.9936984973339796,0.5887210648883664,0.4181772079209832,0.12339123711850704,0.12115654466994703,0.10431807571351204,0.003917774169752247,0.01861892203064658,0.10134877027339172,0.004832794378261731,0.023870870092651722,7.137785266680934,0.34521728948295577,0.24979439965651068,rl2,omDamnph0YxUBJSO,3,2064.0,folding clothes,"{""short sleeve shirts"",""long sleeve shirts"",shorts}"
2025-09-24-04-43-51-000000,1756.0,58.53333333333333,0.0,0.0,0.0,0.0,0.0,0.0,0.0,0.0,0.0,0.0,0.0,0.0,0.0,0.0,32.427330254221395,0.08599088838268792,27.52801432121013,0.058656036446469245,0.08599088838268792,32.427330254221395,37.61256186018015,0.6429497753876949,0.2700352011087702,45.76247087829396,0.7822644594580164,0.20891058661442466,18.99728630248115,0.003703703703703704,7.1712612861313625,0.7126071174228557,83.37503273847412,0.0,58.53333333333333,4.086536379774289,37.61256186018015,0.6429497753876949,1.2358897782892062,1.5111597890690174,48.29775493477291,0.40064849704504013,0.34576251171529293,0.8932858034968376,0.12374619511188734,-0.5015863890129573,-0.08547285016580243,-0.7758479970507324,0.9914529914529915,45.76247087829396,0.7822644594580164,1.2483651170521162,1.7800795693332099,51.19174479903131,0.4161972450092435,0.5022602714598179,0.8682689052075148,0.18150235998040046,-0.1951041259576942,0.32578765968092055,-0.7299912519045472,0.9943019943019943,0.9216518379230731,0.5194090268192207,0.1137296957978045,0.19529948419952997,0.10343755710261861,0.004654084415690929,0.027641354616504132,0.10205878206188276,0.00467242831340261,0.024476367316145678,9.442036359118205,0.4597507217222222,0.34447561345726707,rl2,omDamnph0YxUBJSO,7,1756.0,folding clothes,"{""short sleeve shirts"",""long sleeve shirts"",shorts}"
2025-09-24-04-47-05-000000,1381.0,46.03333333333333,0.0,0.0,0.0,0.0,0.0,0.0,0.0,0.0,0.0,0.0,0.0,0.0,0.0,0.0,34.61374001597934,0.12816799420709632,30.130943319409855,0.0774800868935554,0.12816799420709632,34.61374001597934,34.44130885041315,0.7487241054437641,0.25607490956843976,38.227961911739214,0.8310426502552004,0.37066683626636804,17.602251679792765,0.009057971014492754,8.810245650887348,0.7898833778494823,72.66927076215237,0.0,46.03333333333333,3.8508565701906585,34.44130885041315,0.7487241054437641,1.5074874096074262,1.8012661420111524,59.44215245929992,0.38443709909915924,0.2749605104327202,0.8666131608188152,0.09160536236113122,0.1568161415598429,0.4207338389983046,-0.6742915274908498,0.9920289855072464,38.227961911739214,0.8310426502552004,1.5919368134705698,1.7947925790042762,64.25601003846931,0.45179349556565285,0.3384372107684612,0.8561858525499701,0.1309140108412924,0.3896236778179603,0.05743754775052245,-0.678634412859814,0.9942028985507246,0.9532967055099126,0.4379127101358296,0.08994507937096544,0.21168994031905733,0.1068667632673627,0.0048914358050449755,0.026733711391343118,0.10301182752660465,0.006246434925845108,0.02848774001136825,8.536476882633007,0.4037074102271091,0.4663441213443392,rl2,omDamnph0YxUBJSO,7,1381.0,folding clothes,"{""short sleeve shirts"",""long sleeve shirts"",shorts}"
2025-09-24-04-50-31-000000,2230.0,74.33333333333333,0.0,0.0,0.0,0.0,0.0,0.0,0.0,0.0,0.0,0.0,0.0,0.0,0.0,0.0,29.075041799411807,0.03991031390134529,23.32869317111572,0.027354260089686097,0.03991031390134529,29.075041799411807,37.76884339806391,0.5083289824773071,0.4888198922153866,53.10012605144079,0.7146719522401184,0.49402654720932326,18.29452613568931,0.004486316733961417,6.454610401487726,0.6115004673587127,90.8689694495047,0.0,74.33333333333333,4.321922710604176,37.76884339806391,0.5083289824773071,1.1762788196356488,1.1069037206826597,45.480610794346426,0.26737605407834053,0.3550037064123899,0.8803722001612186,0.08356448042883945,0.3796180773593251,-0.15125609866921338,-0.7387419301715801,0.9914759982054733,53.10012605144079,0.7146719522401184,1.230831562317074,1.645341220896253,50.57334080694667,0.4009069502353668,0.47180011961609125,0.8732039835304022,0.1651647408633333,0.07857308402498808,-0.3065094402477546,-0.7722344696521759,0.9923732615522656,0.9041200773435746,0.3556418985219323,0.06987064690546875,0.18178913511039108,0.1044518555410829,0.0034712490013643162,0.020423127149406403,0.10148869240772061,0.004239468822904492,0.02719526695440734,9.070769237554524,0.42204488199066814,0.2788884740612843,rl2,omDamnph0YxUBJSO,7,2230.0,folding clothes,"{""short sleeve shirts"",""long sleeve shirts"",shorts}"
2025-09-24-05-09-51-000000,1599.0,53.3,0.0,0.0,0.0,0.0,0.0,0.0,0.0,0.0,0.0,0.0,0.0,0.0,0.0,0.0,27.605095666734332,0.0675422138836773,18.048695912007645,0.030644152595372107,0.0675422138836773,27.605095666734332,39.36038206153076,0.7389308271876861,0.14950915814035778,45.216465201505734,0.8488698097904707,0.1932892414065582,18.359875455134567,0.01032540675844806,6.271068803615384,0.7939003184890783,84.57684726303648,0.0,53.3,3.9945242269398897,39.36038206153076,0.7389308271876861,1.615762674757144,1.6512479606648556,61.652891571743844,0.17945872619748116,0.35461489763110876,0.7365313954651356,0.046871928371857566,0.27363392184858326,-0.1892959398745773,-0.6091578873322858,0.9881101376720901,45.216465201505734,0.8488698097904707,1.7446127101653128,1.6799151801999457,68.9499945460321,0.54207600094378,0.40806879848241806,0.7385740112513304,0.1633757489231817,-0.01855431885002478,-0.17099618432558333,-0.6010108962200764,0.9899874843554443,0.9692541679328941,0.301871208928574,0.05855829570685428,0.1920835834319751,0.10540472107640454,0.004298472177902724,0.02996583594210578,0.10377626422343213,0.003205601012237093,0.0185825602973958,9.761571549923154,0.3980473918759918,0.5577346953283142,rl2,omDamnph0YxUBJSO,6,1599.0,folding clothes,"{""short sleeve shirts"",""long sleeve shirts"",shorts}"
2025-09-24-05-17-51-000000,2097.0,69.9,0.0,0.0,0.0,0.0,0.0,0.0,0.0,0.0,0.0,0.0,0.0,0.0,0.0,0.0,27.75221866632424,0.08917501192179304,17.867331526220173,0.058178350023843584,0.08917501192179304,27.75221866632424,44.63452149192879,0.6388528839493622,0.755941325350367,53.1616222632,0.7609010820114505,0.5713896603652124,18.526993764288054,0.007872137404580152,5.928275989313469,0.6998769829804062,97.79614375512878,0.0,69.9,4.2612704335380815,44.63452149192879,0.6388528839493622,1.3770383398625476,1.4849309651502347,52.56883055532751,0.28106338158249855,0.30487277638167143,0.7632299289107323,0.0654000838473407,0.3489477549531685,0.0901130044135111,-0.6407669275363087,0.9904580152671756,53.1616222632,0.7609010820114505,1.4494358349516538,1.5502774714645262,58.45345197986085,0.46074631810188293,0.38092738948762417,0.727066183462739,0.12760803452660738,0.13098641778939768,-0.13204059299925894,-0.6103382626420503,0.9914122137404581,0.9377660660793217,0.3176059378619836,0.05838042564548717,0.014329356960149987,0.10215995797155102,0.0032118081335927758,0.016246383572133954,0.10075050571264747,0.004355679743536899,0.025410291666983706,11.128976346694479,0.3912242195043346,0.4249471181489999,rl2,omDamnph0YxUBJSO,6,2097.0,folding clothes,"{""short sleeve shirts"",""long sleeve shirts"",shorts}"
2025-09-24-05-21-13-000000,1949.0,64.96666666666667,0.0,0.0,0.0,0.0,0.0,0.0,0.0,0.0,0.0,0.0,0.0,0.0,0.0,0.0,35.93588222725002,0.07542329399692149,24.06536224230157,0.038994356080041044,0.07542329399692149,35.93588222725002,30.161112452522353,0.46449351826266455,0.12503521212201973,50.16312685225944,0.772532754398246,0.21751643307433371,15.677164976198535,0.004620123203285421,7.752450314410341,0.6185131363304552,80.3242393047818,0.0,64.96666666666667,4.18914956394041,30.161112452522353,0.46449351826266455,1.0596662818725786,1.1012949098741023,40.85073469679502,0.2649921290576458,0.4434363692998886,0.756782803684473,0.08892738861548674,0.2620846897119005,-0.37495362334882315,-0.6232615755971286,0.9933264887063655,50.16312685225944,0.772532754398246,1.2415493191217508,1.9182688027497468,52.91799132253408,0.469031497836113,0.7771406508982182,0.7472207583487034,0.27236453948782013,-0.0811515214385655,-0.229285047839071,-0.6300436121565965,0.9887063655030801,0.8510256777178435,0.39107043349426646,0.11163609561884488,0.11844248209540133,0.10413252249897867,0.00333824172672042,0.022570004801917204,0.10121508123282398,0.004831411571146645,0.02599483932252522,8.289412891058362,0.4811620517432382,0.28988527354754734,rl2,omDamnph0YxUBJSO,6,1949.0,folding clothes,"{""short sleeve shirts"",""long sleeve shirts"",shorts}"
2025-09-24-05-25-40-000000,2331.0,77.7,0.0,0.0,0.0,0.0,0.0,0.0,0.0,0.0,0.0,0.0,0.0,0.0,0.0,0.0,27.744538995702857,0.06563706563706563,17.254811829701552,0.018447018447018446,0.06563706563706563,27.744538995702857,35.86751610941738,0.46181351213842126,0.05849802598746519,51.153976033641555,0.6586348845533248,0.22927975253427035,18.826775395144807,0.00536480686695279,6.732655602584206,0.560224198345873,87.02149214305894,0.0,77.7,4.365643155423357,35.86751610941738,0.46181351213842126,1.2505086458106145,0.9271645626974909,47.4351899754985,0.23542744293808937,0.5179935917258263,0.862556628882885,0.10518870046604549,0.2948528725569185,-0.30079084796673594,-0.745770991824612,0.9888412017167382,51.153976033641555,0.6586348845533248,1.3110173885487733,1.5157169539538615,52.53450597552187,0.3974052257835865,0.575787290930748,0.8503629472106695,0.19458079650184762,-0.013478940113274607,-0.19529180663412277,-0.7272547474286808,0.9875536480686695,0.9271337054788847,0.33654082984938943,0.07216949183320914,0.1545654554948084,0.10373421285539473,0.0033133166269470253,0.019366115096742173,0.100972125012577,0.0044907777855059975,0.026176170429374757,9.936880334662717,0.49790533091788597,0.2664684475318411,rl2,omDamnph0YxUBJSO,8,2331.0,folding clothes,"{""short sleeve shirts"",""long sleeve shirts"",shorts}"
2025-09-24-05-29-17-000000,1943.0,64.76666666666667,0.0,0.0,0.0,0.0,0.0,0.0,0.0,0.0,0.0,0.0,0.0,0.0,0.0,0.0,31.675890248391706,0.13690169840452907,17.46698314543041,0.027792074112197633,0.13690169840452907,31.675890248391706,40.77350114457468,0.6298687097514112,0.3782335423054533,47.96218330566789,0.7409194125489377,0.3999921089744929,18.133717146473575,0.0038619979402677654,6.857188929726491,0.6853940611501743,88.73568445024257,0.0,64.76666666666667,4.18611312436046,40.77350114457468,0.6298687097514112,1.2171029044645882,1.4209242434843254,48.7946257049595,0.30499447509646416,0.46764980256557465,0.8567540757358074,0.12219935306867458,0.32173654472918406,-0.3243552212494584,-0.7006491786477741,0.9927909371781668,47.96218330566789,0.7409194125489377,1.1781198290617763,1.671819381911147,49.05731549826996,0.3944140449166298,0.4792105555534363,0.814105324447155,0.15387190919334778,-0.10795575718055572,-0.1433439583372796,-0.6601977627355331,0.9927909371781668,0.9333727320118632,0.47163451378819526,0.10345450678284632,0.1918757420752504,0.10168058650035365,0.005312298153542642,0.03277277447584456,0.10197975955801214,0.004716256068731457,0.026221110130653716,10.208343991240858,0.49711801754100277,0.3419282332312012,rl2,omDamnph0YxUBJSO,8,1943.0,folding clothes,"{""short sleeve shirts"",""long sleeve shirts"",shorts}"
2025-09-24-05-32-41-000000,1574.0,52.46666666666667,0.0,0.0,0.0,0.0,0.0,0.0,0.0,0.0,0.0,0.0,0.0,0.0,0.0,0.0,26.78640100699565,0.1181702668360864,18.76353067209317,0.04891994917407878,0.1181702668360864,26.78640100699565,40.64307643841967,0.7751381393214176,0.467714198702481,43.81880162570522,0.835705053255662,0.5415092868183331,19.107785665773072,0.01112523839796567,7.170686545120073,0.8054215962885399,84.46187806412489,0.0,52.46666666666667,3.9790584067643047,40.64307643841967,0.7751381393214176,1.7037785905345117,1.6159291942249159,68.45403167720565,0.34200767800211906,0.3060668706893921,0.8497987017035484,0.0889545654481612,0.24624030757813775,-0.2750038090617582,-0.669712360760758,0.9904640813731723,43.81880162570522,0.835705053255662,1.8273296287840772,1.5493118547185984,74.21966282473224,0.3369319196790457,0.4245256232097745,0.8601209493353963,0.12302846067301162,-0.043232282109468646,-0.19819596007539833,-0.6469716806860529,0.9949141767323586,0.9739278999295177,0.3078561404119973,0.06587926877047573,0.1973302113206742,0.10481736176685603,0.003614608286677676,0.023365464430532043,0.10341096400054421,0.004075288296159552,0.023734981109966746,10.912611854590605,0.45372346595856017,0.5390278129471214,rl2,omDamnph0YxUBJSO,8,1574.0,folding clothes,"{""short sleeve shirts"",""long sleeve shirts"",shorts}"
2025-09-24-13-46-02-000000,2480.0,82.66666666666667,0.0,0.0,0.0,0.0,0.0,0.0,0.0,0.0,0.0,0.0,0.0,0.0,0.0,0.0,17.111999501536502,0.03588709677419355,19.228278927329043,0.0,0.03588709677419355,19.228278927329043,51.5376448207345,0.6236907400653631,0.6830498226057258,41.00276704971695,0.4962012954786239,0.13058803145204537,13.62414897088257,0.0004033884630899556,5.718045567357248,0.5599460177719935,92.54041187045145,0.0,82.66666666666667,4.426840650463674,51.5376448207345,0.6236907400653631,0.9894436528207274,1.7021186704157942,41.80468085869415,0.6953541673719883,0.5597128998488188,0.9065189063549042,0.3528159775596362,0.029914128685355066,-0.22971798297047855,-0.7211425102976782,0.9967728922952803,41.00276704971695,0.4962012954786239,0.602901499550584,1.191242689993621,26.746123143043338,0.5961741860955954,0.6903248354792595,0.5423612371087074,0.22321085355965906,-0.24781799285462305,0.043503966403242826,-0.7553494745474909,0.9959661153691004,0.6029885777359519,0.4338337052145943,0.09771186319541847,0.05004684087963001,0.09779813661835512,0.005648135761370042,0.0302235271177054,0.10199542848745692,0.003938888787460156,0.02585746283330427,12.838318338974933,0.5420099844603076,0.1576365931749618,rl2,EwCW-BuE_nA9dzbr,1,2480.0,folding clothes,"{""short sleeve shirts"",""long sleeve shirts"",shorts}"
2025-09-24-13-50-23-000000,2665.0,88.83333333333333,0.0,0.0,0.0,0.0,0.0,0.0,0.0,0.0,0.0,0.0,0.0,0.0,0.0,0.0,20.445024682976747,0.028893058161350845,22.40168831410308,0.00075046904315197,0.028893058161350845,22.40168831410308,35.61267279496697,0.4010436125559343,0.7680857231938465,35.118080330913955,0.3954738776003824,0.7326128276125184,19.6674888904245,0.0005630630630630631,5.95000291905275,0.39825874507815834,70.73075312588092,0.0,88.83333333333333,4.497956101680942,35.61267279496697,0.4010436125559343,0.7552075345674176,0.8262975315218597,29.979880265335805,0.5177660286426544,0.4024044796824455,1.0264750830829144,0.2138674891672583,0.06496642533319305,-0.2873637946815305,-0.7466720393187005,0.9894894894894894,35.118080330913955,0.3954738776003824,0.652719874319351,0.885068014053841,27.15654316993203,0.5886695086956024,0.5979989469051361,0.759105371311307,0.267223116626583,-0.2636774475310578,0.07748395100873275,-0.7500797722048317,0.9906156156156156,0.47884068264639357,0.5233968726014413,0.10789623653946369,0.14482740081229614,0.09736544145839769,0.00542196678938424,0.029747433867997178,0.1010082913995739,0.005447908671287175,0.029298683303866924,12.861907547549935,0.5982226587670041,0.15889851466000957,rl2,EwCW-BuE_nA9dzbr,1,2665.0,folding clothes,"{""short sleeve shirts"",""long sleeve shirts"",shorts}"
2025-09-24-14-06-40-000000,2903.0,96.76666666666667,0.0,0.0,0.0,0.0,0.0,0.0,0.0,0.0,0.0,0.0,0.0,0.0,0.0,0.0,22.793811116167454,0.017912504305890458,20.930478152882053,0.0,0.017912504305890458,22.793811116167454,36.820205057303475,0.3806361653063764,0.8213860426123022,44.572703907269656,0.46077915824193305,0.30045762655703834,10.284321027799992,0.00017229496898690558,5.941552775157262,0.4207076617741547,81.39290896457314,0.0,96.76666666666667,4.582583687315296,36.820205057303475,0.3806361653063764,0.6534444352884536,0.7966426115516319,25.06864078114591,0.6940316632390022,0.48378345742821693,0.850416986271739,0.28553688970872404,0.04929316123287266,-0.33987338529130406,-0.8019666400710149,0.996209510682288,44.572703907269656,0.46077915824193305,0.566241156971625,1.105939063814478,24.062161115225102,0.5714477868750691,0.7237648777663708,0.33772051334381104,0.13967912315601808,-0.23326370483418318,-0.06627486033010911,-0.8003998947192832,0.9982770503101309,0.4745073371597869,0.43768436395226074,0.1301076568498964,0.12446976156659711,0.09726341052816777,0.004598539726674829,0.02784125662990429,0.1000757392406804,0.003834087306024102,0.024972512141379036,14.574039608208334,0.5968252834999863,0.1440105261351843,rl2,EwCW-BuE_nA9dzbr,2,2903.0,folding clothes,"{""short sleeve shirts"",""long sleeve shirts"",shorts}"
2025-09-24-14-11-01-000000,2690.0,89.66666666666667,0.0,0.0,0.0,0.0,0.0,0.0,0.0,0.0,0.0,0.0,0.0,0.0,0.0,0.0,19.95566003902894,0.05055762081784387,20.008664279474104,0.0,0.05055762081784387,20.008664279474104,56.60292463030251,0.6314941386794628,0.9357672506068925,44.44391155975032,0.4958413338759797,0.05955711682421518,11.25663384100649,0.0001859427296392711,5.116775166322954,0.5636677362777212,101.04683619005283,0.0,89.66666666666667,4.507189777627888,56.60292463030251,0.6314941386794628,1.0390604108308399,1.7662243055366897,42.90520830986767,0.6708625853061676,0.4955145213752985,1.028116942383349,0.3417688473856795,0.02273532572967523,-0.2767862191105255,-0.734570570103651,0.9973968017850502,44.44391155975032,0.4958413338759797,0.6361964086162704,1.245195667257827,28.185972693845823,0.6624629031866789,0.696316558867693,0.5549112856388092,0.2559716359585184,-0.24299766999603592,-0.030418329457358586,-0.7527831450298594,0.9977686872443288,0.5788342506832767,0.40746390635424284,0.09200769088925678,0.10305142029756656,0.10063064603092835,0.0036558580243436114,0.02311553330205944,0.1014093347656386,0.00449014133789054,0.02810231157744271,15.5655621450679,0.5895647372698002,0.16359439588802877,rl2,EwCW-BuE_nA9dzbr,2,2690.0,folding clothes,"{""short sleeve shirts"",""long sleeve shirts"",shorts}"
2025-09-24-14-37-48-000000,2867.0,95.56666666666666,0.0,0.0,0.0,0.0,0.0,0.0,0.0,0.0,0.0,0.0,0.0,0.0,0.0,0.0,28.880017763285608,0.030345308685036623,32.185223986700656,0.0,0.030345308685036623,32.185223986700656,39.013189694285856,0.4083725369255323,0.6008195480158293,39.93957800710943,0.4180695534589265,0.5590998475470543,12.775666559545579,0.00104675505931612,5.60428814003274,0.41322104519222935,78.95276770139529,0.0,95.56666666666666,4.570233616107195,39.013189694285856,0.4083725369255323,0.7549428935875954,0.8116840619763623,30.78822149581181,0.69917968288064,0.2906411290168762,0.675909973680973,0.13735191747281242,-0.21590711287166606,-0.30068677685372625,-0.6503951062182277,0.994417306350314,39.93957800710943,0.4180695534589265,0.7617989311582177,0.9340127196005376,32.61454014646747,0.57546082790941,0.781959056854248,0.34111256152391434,0.15349615213142767,-0.2611609303418782,0.2215888964124823,-0.6167345035692562,0.9961618981158409,0.6090006976058734,0.5507254378902441,0.13802786364841108,0.10558482579034452,0.09951948612538176,0.0033962769912183784,0.02152369418644967,0.10143960732538027,0.004403867605699335,0.030729464406981877,12.831841317827802,0.5264540713707909,0.162561548891397,rl2,EwCW-BuE_nA9dzbr,3,2867.0,folding clothes,"{""short sleeve shirts"",""long sleeve shirts"",shorts}"
2025-09-24-14-42-14-000000,3548.0,118.26666666666667,0.0,0.0,0.0,0.0,0.0,0.0,0.0,0.0,0.0,0.0,0.0,0.0,0.0,0.0,25.49036982891574,0.017474633596392335,28.453010661192067,0.0008455467869222097,0.017474633596392335,28.453010661192067,45.696903290802815,0.38649763144180554,0.6378468475257055,63.47077981892983,0.536826443351535,0.390694761424755,15.01851036920741,0.0009867493656611221,5.871600787479421,0.4616620373966703,109.16768310973265,0.0,118.26666666666667,4.781361882406509,45.696903290802815,0.38649763144180554,0.6524009707131402,0.8512336814925808,26.35253555373123,0.5336068421602249,0.44252224639058113,0.7392967324703932,0.17457228027659955,-0.03549954086109542,-0.32059438574718985,-0.6536915196114238,0.9966168593177333,63.47077981892983,0.536826443351535,0.8243566357140827,1.359234768946102,36.033155895691976,0.5701801106333733,0.6649922654032707,0.251067154109478,0.0951959687402795,-0.292772129286194,-0.020688749522534057,-0.632754993193448,0.9960530025373555,0.4549768150170723,0.4247995836385581,0.1367636168746604,0.11586832295494448,0.10016254555954025,0.0035155149166920478,0.02814366847714528,0.10128982500146354,0.0036211432376900914,0.02890419993434258,17.64759257743965,0.45977524893087934,0.1729413139566145,rl2,EwCW-BuE_nA9dzbr,3,3548.0,folding clothes,"{""short sleeve shirts"",""long sleeve shirts"",shorts}"
2025-09-24-14-57-32-000000,3056.0,101.86666666666666,0.0,0.0,0.0,0.0,0.0,0.0,0.0,0.0,0.0,0.0,0.0,0.0,0.0,0.0,12.461649750232482,0.0206151832460733,14.528698261998393,0.0,0.0206151832460733,14.528698261998393,58.34178912377285,0.5729144594805844,0.2104749946091404,40.682800022735165,0.3995037645440442,0.15898465513186663,11.542570952144947,0.0004909983633387888,6.349417237484378,0.4862091120123143,99.02458914650802,0.0,101.86666666666666,4.633433651260951,58.34178912377285,0.5729144594805844,0.9587384732189683,1.3919174151460143,38.07906325551726,0.4856251999735832,0.3355141539359465,0.8322098311036825,0.13559538322638745,0.043955870167442464,-0.14898586764093838,-0.7514661537874636,0.9960720130932897,40.682800022735165,0.3995037645440442,0.7009327478384632,0.8416722244838734,30.082244201912562,0.3796232305467129,0.4348907247185707,0.3006361126899719,0.04963340533974597,-0.15144280883811503,0.08222748039825283,-0.7523110825275876,0.9967266775777414,0.4557133102141601,0.3298899229523353,0.092802634373564,0.09980407055569032,0.09656863301810964,0.00607616845492982,0.02963624570950553,0.10193132696711281,0.004380496641296451,0.023671231489403463,16.457334966182366,0.4635958805468947,0.17241129352682213,rl2,EwCW-BuE_nA9dzbr,5,3056.0,folding clothes,"{""short sleeve shirts"",""long sleeve shirts"",shorts}"
2025-09-24-15-01-42-000000,2877.0,95.9,0.0,0.0,0.0,0.0,0.0,0.0,0.0,0.0,0.0,0.0,0.0,0.0,0.0,0.0,21.034470970219495,0.03023983315954119,22.750295542786695,0.0,0.03023983315954119,22.750295542786695,47.20069030726438,0.4923576874888495,0.2123795252469233,44.295743517932166,0.46205573906048847,0.2443654024813807,15.299645400421866,0.0013908205841446453,9.022495526000943,0.477206713274669,91.49643382519655,0.0,95.9,4.5736795188967205,47.20069030726438,0.4923576874888495,0.8338640914438126,0.9768940615801088,35.002941667326326,0.6837128177285194,0.41006604209542274,0.8515032399445772,0.23873375721997714,0.09288676391942585,-0.2693927173435087,-0.7369893331574013,0.9972183588317107,44.295743517932166,0.46205573906048847,0.8048645323442296,0.9557768503871863,34.232969744473365,0.6438842266798019,0.6631828993558884,0.3596204072237015,0.15356259193431682,-0.1904446151448703,0.16719527108229829,-0.7157642020972437,0.9986091794158554,0.5444660339313199,0.550160990392631,0.12744863572866236,0.12261055261921433,0.09590215744564977,0.00552834398717059,0.03181830523947614,0.10126120392386248,0.004708690833748668,0.025440423128794937,19.831981615681855,0.6892561051229866,0.19994569134812148,rl2,EwCW-BuE_nA9dzbr,5,2877.0,folding clothes,"{""short sleeve shirts"",""long sleeve shirts"",shorts}"
2025-09-24-15-16-29-000000,3625.0,120.83333333333333,0.0,0.0,0.0,0.0,0.0,0.0,0.0,0.0,0.0,0.0,0.0,0.0,0.0,0.0,24.06720065433657,0.017379310344827585,22.603555313433066,0.0,0.017379310344827585,24.06720065433657,40.14422967992105,0.3323197821185517,0.7634861710141386,49.27948257505189,0.4079427365484428,0.2881796673493309,11.597752933717253,0.0002759381898454746,3.4959590176682513,0.3701312593334973,89.42371225497294,0.0,120.83333333333333,4.802653990521724,40.14422967992105,0.3323197821185517,0.6700879834188452,0.6676164633975736,26.686066781644456,0.43219777196645737,0.42598623037338257,0.8315410353243351,0.1530952691896292,0.07847631960824646,-0.30158486678374224,-0.6886812159557795,0.9917218543046358,49.27948257505189,0.4079427365484428,0.612224724910465,0.980233589265707,26.92276221999201,0.4285064022988081,0.5494814105331898,0.2502554655075073,0.05892422655319048,-0.19967441358006205,-0.17312100955832685,-0.6911376571984127,0.9931015452538632,0.39964858837041256,0.3299204189852614,0.0859080346904491,0.10191142568042665,0.0969293862704221,0.005126042959748437,0.028901520999880456,0.10005176482155692,0.003634804418806659,0.02349294690945708,10.796538806275906,0.32190628025002355,0.13964185690083672,rl2,EwCW-BuE_nA9dzbr,6,3625.0,folding clothes,"{""short sleeve shirts"",""long sleeve shirts"",shorts}"
2025-09-24-15-20-42-000000,3084.0,102.8,0.0,0.0,0.0,0.0,0.0,0.0,0.0,0.0,0.0,0.0,0.0,0.0,0.0,0.0,20.308160750084546,0.026913099870298315,21.997884846305848,0.0,0.026913099870298315,21.997884846305848,57.16346453630136,0.5562451949688747,0.6089592677611593,48.32614723362475,0.4702511894287197,0.40740652470008326,12.433431709248591,0.0006487187804086928,4.999570460175183,0.5132481921987972,105.48961176992611,0.0,102.8,4.642465970731788,57.16346453630136,0.5562451949688747,0.916868694332003,1.4871149093402996,37.95195903528397,0.5194055959582329,0.45354095473885536,0.7140739969909191,0.16821563245742455,-0.039985947207947556,-0.22935843636516506,-0.6496311066027165,0.9948102497567305,48.32614723362475,0.4702511894287197,0.8257193443991034,1.0963058228252118,36.01341337756901,0.4374395329505205,0.5732741244137287,0.22619953751564026,0.05672468351793764,-0.240859746141782,0.04243135874478002,-0.6675469776816019,0.9980538436587739,0.44510938972151365,0.365536596936197,0.07859523180620964,0.11437665914144383,0.0971954107170325,0.005991120972049799,0.029929603799494817,0.10181147252226637,0.004173269298264149,0.025995647723500423,12.819294682435245,0.3317276639011779,0.17993465585375398,rl2,EwCW-BuE_nA9dzbr,6,3084.0,folding clothes,"{""short sleeve shirts"",""long sleeve shirts"",shorts}"
2025-09-24-15-39-38-000000,3292.0,109.73333333333333,0.0,0.0,0.0,0.0,0.0,0.0,0.0,0.0,0.0,0.0,0.0,0.0,0.0,0.0,18.826571475704856,0.026731470230862697,16.94739369947127,0.0,0.026731470230862697,18.826571475704856,50.913025039316594,0.4641114406501057,0.6699568405625538,43.21909590749458,0.3939753501138977,0.1566923208173887,13.08992390395704,0.00045578851412944393,6.215262155792775,0.42904339538200176,94.13212094681117,0.0,109.73333333333333,4.7071249085110844,50.913025039316594,0.4641114406501057,0.954685217203562,0.8520694412934857,38.46918426101591,0.4889295846223831,0.2672430966049433,0.8204427994787693,0.1072015636305155,-0.0035237823013229835,-0.274352965766693,-0.7634096509915067,0.9954421148587056,43.21909590749458,0.3939753501138977,0.6060994409216545,0.8527205010361444,26.283985000931246,0.4066762886941433,0.45388178899884224,0.2629445046186447,0.048535075361065966,-0.21583521232163966,-0.001332556147272519,-0.7639524856421595,0.9978729869340626,0.48703601738313845,0.3730261010133874,0.08662890003898133,0.09730795568325536,0.10115777774963666,0.005101634631208525,0.029996555596706193,0.10192727114243558,0.0042892406894255546,0.027122601733628487,15.772707125901718,0.4728934245497552,0.154216258965683,rl2,EwCW-BuE_nA9dzbr,7,3292.0,folding clothes,"{""short sleeve shirts"",""long sleeve shirts"",shorts}"
2025-09-24-15-44-35-000000,3184.0,106.13333333333334,0.0,0.0,0.0,0.0,0.0,0.0,0.0,0.0,0.0,0.0,0.0,0.0,0.0,0.0,22.192972142714208,0.019472361809045227,21.256076924095623,0.0,0.019472361809045227,22.192972142714208,41.34393854023682,0.3896695432633065,0.633096690634135,59.414814708860476,0.559988828547224,0.4618013213659846,13.117838144551026,0.0007854225573358467,7.173020632271473,0.4748291859052653,100.7587532490973,0.0,106.13333333333334,4.674074164635303,41.34393854023682,0.3896695432633065,0.6814500375701494,0.7539853246673855,27.46725743866753,0.25572443194687366,0.44836037512868643,0.8002363592386246,0.09175246196066042,0.2290831297974163,-0.19726254652403385,-0.7142972921187423,0.9956016336789193,59.414814708860476,0.559988828547224,0.757699916835682,1.38762391292766,32.877844366204606,0.6005013063549995,0.6731451340019703,0.3094036132097244,0.12506853085236552,-0.14063047976104365,-0.17151747534245174,-0.7240332542268101,0.9968583097706566,0.482103361039921,0.39532934860048285,0.13278008541382186,0.11453757073743999,0.09883701925689019,0.004521404759349317,0.028236529188814516,0.1009342881194986,0.00395691014283483,0.024441300391045723,18.24389454218766,0.5772006708781313,0.18117112134846886,rl2,EwCW-BuE_nA9dzbr,7,3184.0,folding clothes,"{""short sleeve shirts"",""long sleeve shirts"",shorts}"
2025-09-24-16-04-23-000000,2693.0,89.76666666666667,0.0,0.0,0.0,0.0,0.0,0.0,0.0,0.0,0.0,0.0,0.0,0.0,0.0,0.0,18.02560597891525,0.030820646119569254,18.512761694260405,0.0,0.030820646119569254,18.512761694260405,58.3358307791555,0.6501021260678548,0.3685116930123539,49.9289518027952,0.5564147674902883,0.5810054912011213,20.35923411472673,0.0016716196136701336,7.822838915587303,0.6032584467790715,108.2647825819507,0.0,89.76666666666667,4.508292111011604,58.3358307791555,0.6501021260678548,1.1625932462617594,1.80940877871567,48.32089666099614,0.33443624898791313,0.5334668289870024,0.783173244446516,0.13972644388101974,0.16888095116373492,-0.184436865294578,-0.7401452682652285,0.9992570579494799,49.9289518027952,0.5564147674902883,0.8912594884307891,1.2758671422858272,39.21652136660909,0.5186458174139261,0.6226581856608391,0.35607992857694626,0.11499211872686718,-0.1985073854978692,-0.07636659903838872,-0.7485001520722319,0.9992570579494799,0.5674345573337548,0.4146608635149121,0.09167748203038871,0.11404997612573015,0.10189495174293647,0.005066665501995871,0.03298688336763966,0.10331582470733017,0.0037421275818856313,0.023463621052051617,16.30563840429472,0.523820242770305,0.20728973523232047,rl2,EwCW-BuE_nA9dzbr,8,2693.0,folding clothes,"{""short sleeve shirts"",""long sleeve shirts"",shorts}"
2025-09-24-16-08-35-000000,2756.0,91.86666666666666,0.0,0.0,0.0,0.0,0.0,0.0,0.0,0.0,0.0,0.0,0.0,0.0,0.0,0.0,23.413710395158844,0.03664731494920174,21.87465447234124,0.0,0.03664731494920174,23.413710395158844,51.63737046386451,0.5622944152144955,0.5412284960520335,51.13624332008985,0.5568374953185826,0.5846109269312498,14.204648113870983,0.00018148820326678765,6.9924245154392,0.5595659552665391,102.77361378395435,0.0,91.86666666666666,4.531164772677595,51.63737046386451,0.5622944152144955,0.8958646636563068,1.250223172470991,36.33122100204581,0.49899718165397644,0.4066483788192272,0.817606994882226,0.16590586389145395,0.09319961538939792,-0.32938875652801014,-0.7456094291951935,0.9989110707803993,51.13624332008985,0.5568374953185826,0.7239160289985217,1.2661784907374645,30.7139600461417,0.6818667501211166,0.6664392501115799,0.5630636960268021,0.25586896197251174,-0.20269589631942253,0.10585469887530227,-0.7410991196676072,0.9989110707803993,0.6016052841197401,0.5580934444139493,0.1421387615740199,0.1149110259155444,0.1008754025127644,0.0038962846648878447,0.026560263538419768,0.10358573092127879,0.003311519937936693,0.017889696785857237,20.456746465344168,0.6433912381507125,0.23273894352046684,rl2,EwCW-BuE_nA9dzbr,8,2756.0,folding clothes,"{""short sleeve shirts"",""long sleeve shirts"",shorts}"
2025-09-24-16-24-49-000000,3307.0,110.23333333333333,0.0,0.0,0.0,0.0,0.0,0.0,0.0,0.0,0.0,0.0,0.0,0.0,0.0,0.0,25.420295140159492,0.019352887813728455,23.160504500778412,0.0,0.019352887813728455,25.420295140159492,49.231762511267235,0.4467492060913542,0.5483387111103089,68.70312808980587,0.6234403637913418,0.5844857071261356,14.264912023951236,0.0006049606775559589,7.877778495119917,0.535094784941348,117.9348906010731,0.0,110.23333333333333,4.711630097089219,49.231762511267235,0.4467492060913542,0.754562483071848,0.8882778696848068,29.574655794605356,0.5720974430441856,0.41722692735493183,0.7704067770391703,0.18389182832290007,-0.014456803084719765,-0.3519017351140717,-0.7286326803181389,0.9975801572897761,68.70312808980587,0.6234403637913418,0.8118205076859009,1.5211622913048348,35.53774596695792,0.59449209459126,0.7003612369298935,0.2953590452671051,0.122975461327223,-0.2610067540908129,-0.03566260788041997,-0.752300728744418,0.9981851179673321,0.42942996808799716,0.4243483399305486,0.1460585014152947,0.09300333804478753,0.10030037031162385,0.0033785618244109774,0.026898256869785447,0.10107639072728157,0.004022919294573889,0.02652314634352415,20.69075992752802,0.5755194616648249,0.19845213774379916,rl2,EwCW-BuE_nA9dzbr,4,3307.0,folding clothes,"{""short sleeve shirts"",""long sleeve shirts"",shorts}"
2025-09-24-16-28-59-000000,3025.0,100.83333333333333,0.0,0.0,0.0,0.0,0.0,0.0,0.0,0.0,0.0,0.0,0.0,0.0,0.0,0.0,19.062023951431282,0.048264462809917356,14.996348484106507,0.0,0.048264462809917356,19.062023951431282,68.77998341924719,0.6823411053496745,0.4838467605919412,44.82974305238733,0.44473951440860443,0.3685082868936751,17.980840681610008,0.0013227513227513227,7.382251994229958,0.5635403098791395,113.60972647163452,0.0,100.83333333333333,4.62333748994354,68.77998341924719,0.6823411053496745,1.204051249237403,1.8288257893790094,50.29879260381473,0.4850582191720605,0.42596652870997787,0.9063526019454002,0.18726927476199945,0.1662305613745712,-0.17891358907628913,-0.7149008337753124,0.9966931216931217,44.82974305238733,0.44473951440860443,0.8519873421124446,0.8799497244078598,37.066656787806274,0.5970889776945114,0.4374041464179754,0.24822737276554108,0.06482934302882003,-0.11587877162447399,-0.12592342020582006,-0.7621784686451116,0.9976851851851852,0.4977571289203544,0.3270188240266499,0.09296379390853932,0.1175062411119025,0.10184183088299148,0.005129327601854714,0.03422593616519751,0.10148097934971978,0.00522204911253149,0.027576236772183238,17.00947922731345,0.5116227521801299,0.19379782854949693,rl2,EwCW-BuE_nA9dzbr,4,3025.0,folding clothes,"{""short sleeve shirts"",""long sleeve shirts"",shorts}"
2025-09-25-18-10-53-000000,1688.0,56.266666666666666,0.0,0.0,0.0,0.0,0.0,0.0,0.0,0.0,0.0,0.0,0.0,0.0,0.0,0.0,28.261394163454092,0.052725118483412325,26.689428032519338,0.005924170616113744,0.052725118483412325,28.261394163454092,26.54854643390233,0.47211404446773547,0.7120076499559064,29.605804049730114,0.52648139981737,0.320779282847204,16.34276034363888,0.0011855364552459987,5.376791255444945,0.4992977221425528,56.15435048363244,0.0,56.266666666666666,4.047718720882045,26.54854643390233,0.47211404446773547,0.8207212799896964,0.9038533930143059,34.55997240249722,0.603714537806809,0.4597546122968197,0.7663436811417341,0.21270676846718,0.14913286217731112,-0.3069948678399255,-0.6587156171179972,0.995257854179016,29.605804049730114,0.52648139981737,0.9200374554580106,1.3361669670254466,38.646307833267734,0.6181798409670591,0.6057222448289394,0.8001295495778322,0.2996047340109231,-0.2586034938629046,0.036548999901807155,-0.6320107127390846,0.995257854179016,0.895901287010011,0.562636440946175,0.10627853415611023,0.2695663723017172,0.10146376782205788,0.0036085078092785144,0.019968509325259343,0.1033100422399917,0.004328210554527232,0.019855092192593696,7.507335021111457,0.5259475455346224,0.12198380496813463,rl2,DGNH8qVgE-stb4Fq,1,1688.0,folding clothes,"{""short sleeve shirts"",""long sleeve shirts"",shorts}"
2025-09-25-18-17-20-000000,2535.0,84.5,0.0,0.0,0.0,0.0,0.0,0.0,0.0,0.0,0.0,0.0,0.0,0.0,0.0,0.0,30.967254708104754,0.024063116370808678,27.59774395868762,0.014595660749506903,0.024063116370808678,30.967254708104754,33.920430650206534,0.4015836304286488,0.22104963299301367,49.44344527554176,0.5853604413047565,0.37817138827015756,13.347198180533256,0.0005919494869771113,6.40357441426288,0.4934720358667026,83.36387592574829,0.0,84.5,4.448516375942715,33.920430650206534,0.4015836304286488,0.7089058814087787,0.8767195915035982,28.722552395685906,0.6477074529975653,0.48870430141687393,0.8323332518339157,0.26346461873377663,0.22818383132924988,-0.31270200888418703,-0.7095671467284655,0.9968429360694554,49.44344527554176,0.5853604413047565,0.8623203760145225,1.6043546266196111,37.23546000321203,0.5904868468642235,0.7110396288335323,0.7844613250344992,0.3293635776861917,-0.2667933536239733,-0.13068477690306673,-0.6822331611294836,0.9972375690607734,0.7209156144446621,0.5842123143885151,0.11220849575711049,0.30253926260343933,0.10216479479845075,0.003294993338838244,0.02299650433080755,0.10372287139252055,0.005598849194562359,0.028426586093030087,10.645140586584123,0.5301009171604282,0.10811462792379727,rl2,DGNH8qVgE-stb4Fq,1,2535.0,folding clothes,"{""short sleeve shirts"",""long sleeve shirts"",shorts}"
2025-09-25-18-37-35-000000,1913.0,63.766666666666666,0.0,0.0,0.0,0.0,0.0,0.0,0.0,0.0,0.0,0.0,0.0,0.0,0.0,0.0,19.941076937339204,0.07004704652378463,20.341105127190975,0.00575013068478829,0.07004704652378463,20.341105127190975,46.01923411150439,0.722059112628207,0.2105912455457321,41.907378813337004,0.6575425546025679,0.13065243338242072,26.442527412343694,0.005230125523012552,4.915788787382456,0.6898008336153875,87.9266129248414,0.0,63.766666666666666,4.170791067715284,46.01923411150439,0.722059112628207,1.233161443262639,1.8205731928530187,52.05657463382665,0.5709665641188622,0.3854227866977453,0.7515970580279827,0.16539909740852243,0.10263937379789022,-0.21249035792376592,-0.6651057085169355,0.997907949790795,41.907378813337004,0.6575425546025679,1.5768186337680654,1.4466158994881704,66.13664734485451,0.8164482489228249,0.445817100815475,0.9110166355967522,0.3315978398090437,-0.1631180611650824,-0.12352243928373909,-0.6587246279439111,0.997907949790795,0.7539510961223732,0.316221653195991,0.07180184129666065,0.0480411396197952,0.10064035272330038,0.005351312710332591,0.03048963980618935,0.10173516003164035,0.00447858357410181,0.025281434325548732,9.654524120400051,0.3890349274784071,0.15609934382255264,rl2,DGNH8qVgE-stb4Fq,2,1913.0,folding clothes,"{""short sleeve shirts"",""long sleeve shirts"",shorts}"
2025-09-25-18-42-13-000000,1645.0,54.833333333333336,0.0,0.0,0.0,0.0,0.0,0.0,0.0,0.0,0.0,0.0,0.0,0.0,0.0,0.0,25.549561064992034,0.059574468085106386,25.96049579112053,0.0,0.059574468085106386,25.96049579112053,32.199001696621394,0.5875730236609743,0.5978680720321432,33.849189352533806,0.6176859370900328,0.7037405328169979,21.204830517982337,0.0018248175182481751,5.81275626049102,0.6026294803755037,66.04819104915521,0.0,54.833333333333336,4.022371062597012,32.199001696621394,0.5875730236609743,1.1274430926668864,1.1616287433866743,48.828507258987614,0.6205863133072853,0.47712796134874225,0.7867866531014442,0.23296680611385087,0.031099483113747238,-0.2951023408245737,-0.6482276004339967,1.0,33.849189352533806,0.6176859370900328,1.0912854001406354,1.5806748203155603,47.23749947699231,0.4810387659817934,0.6378768160939217,0.696441100910306,0.21369840855449088,-0.21246040966418375,0.12931933296836579,-0.6392463862069382,0.9987834549878345,0.8274404329555493,0.5211403976493696,0.13034433365142525,0.0105140962978778,0.1019038970706347,0.003495459554533506,0.02010281807924126,0.10328377565533518,0.004398593805196722,0.025443460630330123,9.708709322304331,0.4771077373527975,0.12733362436853624,rl2,DGNH8qVgE-stb4Fq,2,1645.0,folding clothes,"{""short sleeve shirts"",""long sleeve shirts"",shorts}"
2025-09-25-19-01-00-000000,1839.0,61.3,0.0,0.0,0.0,0.0,0.0,0.0,0.0,0.0,0.0,0.0,0.0,0.0,0.0,0.0,35.60104861306521,0.037520391517128875,30.495366172692403,0.01794453507340946,0.037520391517128875,35.60104861306521,29.257624981290437,0.4775455655270474,0.43374000183865413,45.09213308236183,0.7359978196250571,0.30866514300565245,22.08465195334793,0.003264417845484222,6.495645059103078,0.6067716925760523,74.34975806365227,0.0,61.3,4.131961425793407,29.257624981290437,0.4775455655270474,1.2029372855066647,1.0448230332504738,51.172903852833315,0.6457878910005093,0.4050711262971163,0.6494536008685827,0.1698905858675187,0.2511914009309377,-0.3034386076377487,-0.5675357092980168,0.9912948857453754,45.09213308236183,0.7359978196250571,1.0682157768695197,1.8616075768026235,47.98614636012251,0.5706319101154804,0.7725910022854805,0.6090794689953327,0.26852186844260306,-0.19858558484808406,-0.15963714978412805,-0.5678274217251609,0.9951033732317737,0.7454406362216642,0.5083075159495157,0.14518322934083042,0.011830425661418906,0.10110906397925559,0.004452691465065386,0.024787229270108374,0.10401255262384441,0.004751661569610894,0.0245120541035677,7.760180559070918,0.42082205348440715,0.19490733269278437,rl2,DGNH8qVgE-stb4Fq,3,1839.0,folding clothes,"{""short sleeve shirts"",""long sleeve shirts"",shorts}"
2025-09-25-19-11-49-000000,2532.0,84.4,0.0,0.0,0.0,0.0,0.0,0.0,0.0,0.0,0.0,0.0,0.0,0.0,0.0,0.0,33.64468297152433,0.14257503949447078,26.874069811490468,0.001579778830963665,0.14257503949447078,33.64468297152433,37.2880922403033,0.4419765970798494,0.2424031308085932,34.287146297759136,0.4064063172393418,0.3210292266044361,15.283945767836808,0.0003951007506914263,5.169490481321892,0.42419145715959555,71.57523853806244,0.0,84.4,4.447346100794524,37.2880922403033,0.4419765970798494,0.771290232265011,1.0192246883134553,32.611387833230694,0.4647287465631962,0.3001074381172657,0.69807746168226,0.09735985384704952,0.01925049396011078,-0.367025182442666,-0.5424818731531778,0.9838008692216516,34.287146297759136,0.4064063172393418,0.6859780846355997,0.9605294869118784,30.195046515677912,0.3687926810234785,0.4014916867017746,0.5483334939926863,0.08119020268019644,-0.23783366177392914,-0.131400860734363,-0.5887330068704947,0.9873567759778744,0.5572701225789803,0.3868078147711327,0.10982904582300516,0.14361585226672316,0.1013278609556471,0.0033025771969562895,0.02095324466485611,0.1031628633853708,0.004457649398946382,0.026149815103335222,7.195941503793094,0.3287483603939976,0.10334072189550826,rl2,DGNH8qVgE-stb4Fq,3,2532.0,folding clothes,"{""short sleeve shirts"",""long sleeve shirts"",shorts}"
2025-09-25-19-27-43-000000,1550.0,51.666666666666664,0.0,0.0,0.0,0.0,0.0,0.0,0.0,0.0,0.0,0.0,0.0,0.0,0.0,0.0,23.816063086660364,0.15419354838709678,20.373417578371033,0.0,0.15419354838709678,23.816063086660364,20.696978942653143,0.4008452990830176,0.230973904501384,24.752036072395946,0.4793809439456929,0.3307898028804694,24.193946415719605,0.001936733376371853,4.657894180594958,0.4401131215143552,45.449015015049085,0.0,51.666666666666664,3.963982744358857,20.696978942653143,0.4008452990830176,1.0901073303218274,0.8320506379041929,45.8549442318592,0.9891998767852783,0.3673674128949642,0.7347834873944521,0.2670201720469488,0.12923349284837324,-0.28690227108737154,-0.6191712312760853,0.9935442220787605,24.752036072395946,0.4793809439456929,0.6691498893123483,1.2719877204875512,31.380016233811364,0.45666854782029986,0.41352278739213943,0.27618221938610077,0.052155037651619905,-0.2095173574999095,0.00864399524471317,-0.6800276148415381,0.9941897998708844,0.6390622731474636,0.4806503927328453,0.21548436873417515,0.1981065947066031,0.09907345067856484,0.004674557326583869,0.027667834973301067,0.10277107873994663,0.004676013922629488,0.028248705524128268,6.187560000656718,0.37491607300519336,0.11264061999285327,rl2,DGNH8qVgE-stb4Fq,4,1550.0,folding clothes,"{""short sleeve shirts"",""long sleeve shirts"",shorts}"
2025-09-25-20-03-37-000000,2311.0,77.03333333333333,0.0,0.0,0.0,0.0,0.0,0.0,0.0,0.0,0.0,0.0,0.0,0.0,0.0,0.0,20.31343192966781,0.07918649935093033,14.741505988026596,0.0,0.07918649935093033,20.31343192966781,65.30018192959766,0.8480543107739954,0.23171929226113316,35.674342863789974,0.46330315407519446,0.34931225483678807,19.683481764949583,0.0025974025974025974,5.2745701338220545,0.655678732424595,100.97452479338763,0.0,77.03333333333333,4.357136085828755,65.30018192959766,0.8480543107739954,1.4996311340632793,2.1522433651305475,65.96210371950373,0.5385058633983135,0.3695850744843483,0.7782347872853279,0.15488718989670075,0.052851929309991906,-0.21514947186733951,-0.6131401881180649,0.9987012987012988,35.674342863789974,0.46330315407519446,0.6296061543563147,1.1174648558994713,28.330464789340734,0.32500994578003883,0.4896808937191963,0.35590149462223053,0.05664213597011322,-0.14052024739139565,-0.009233218377325297,-0.6910051111662249,0.9987012987012988,0.518149303909197,0.339960433061734,0.10533853883407537,0.15080557834684707,0.10370420128314992,0.003600751767693379,0.019450290012057822,0.1031967841368689,0.005444747401463194,0.030560521738699692,11.578297565234774,0.452168398456343,0.17162338448619502,rl2,DGNH8qVgE-stb4Fq,5,2311.0,folding clothes,"{""short sleeve shirts"",""long sleeve shirts"",shorts}"
2025-09-25-20-08-06-000000,2214.0,73.8,0.0,0.0,0.0,0.0,0.0,0.0,0.0,0.0,0.0,0.0,0.0,0.0,0.0,0.0,28.765601934801374,0.0980126467931346,20.909136617511077,0.0,0.0980126467931346,28.765601934801374,45.94036983987039,0.6227795278789479,0.27757327160599654,34.79785002625437,0.4717286492488166,0.36958308350328084,18.290554084248598,0.004066877541798464,7.6248969852160196,0.5472540885638822,80.73821986612477,0.0,73.8,4.314817884980432,45.94036983987039,0.6227795278789479,1.4676377898455863,1.2380542743815652,62.53075423034389,0.5606758296489716,0.3391663581132889,0.7812975309789181,0.14857339737293512,0.061375942525841706,-0.34105088530981603,-0.6019866383418293,0.9963849977406236,34.79785002625437,0.4717286492488166,0.6981292244925654,1.0955520677987962,29.976730580674523,0.4552062824368477,0.47237069718539715,0.4766029268503189,0.1024820728976189,-0.18760222042199853,-0.07599701943039668,-0.658595026723953,0.9963849977406236,0.5992736965953663,0.40685687397675796,0.08923226150964449,0.20442669669044308,0.10100397307515457,0.003358047468208624,0.02560996433267272,0.10433972273714091,0.0034729344258927373,0.022502455934222385,10.95769377437484,0.5025172009991569,0.15845230873349025,rl2,DGNH8qVgE-stb4Fq,5,2214.0,folding clothes,"{""short sleeve shirts"",""long sleeve shirts"",shorts}"
2025-09-25-21-01-27-000000,2727.0,90.9,0.0,0.0,0.0,0.0,0.0,0.0,0.0,0.0,0.0,0.0,0.0,0.0,0.0,0.0,31.293271553981445,0.045104510451045104,24.927204470505053,0.0,0.045104510451045104,31.293271553981445,40.00268530233633,0.4402349813169809,0.5793047354476002,61.88150014906131,0.6810143083168889,0.13025881323934976,23.10413343726814,0.001467351430667645,3.1474458346463656,0.5606246448169349,101.88418545139764,0.0,90.9,4.520701029361642,40.00268530233633,0.4402349813169809,1.0345524799635097,1.1032948779078833,44.095694637719454,0.623103529214859,0.564966345205903,0.8867688458412886,0.3121714746384378,0.0975530649493351,-0.3197735043547892,-0.5734726313800768,0.9926632428466617,61.88150014906131,0.6810143083168889,0.8725241312103585,1.7440347806270506,40.32366425666849,0.49821606650948524,0.6321304067969322,0.4761216901242733,0.14994858658914506,-0.22031363163062798,-0.02468206706452635,-0.6294523438566502,0.9926632428466617,0.5236563833761846,0.47281057891780404,0.11953166451350888,0.017889445018352122,0.10116227476062171,0.0034133189666924724,0.021168453509755505,0.10340464592194336,0.005445759068097612,0.03278788762954597,8.526126473780174,0.36820187370637314,0.13134026261554627,rl2,DGNH8qVgE-stb4Fq,6,2727.0,folding clothes,"{""short sleeve shirts"",""long sleeve shirts"",shorts}"
2025-09-25-21-05-37-000000,2475.0,82.5,0.0,0.0,0.0,0.0,0.0,0.0,0.0,0.0,0.0,0.0,0.0,0.0,0.0,0.0,25.142980654820278,0.07232323232323232,28.28535987028708,0.08404040404040404,0.08404040404040404,28.28535987028708,65.06989594649083,0.7890448174594683,0.4963725599156801,47.433572465133366,0.5751847914122883,0.05586589257784534,22.459426399401533,0.0028294260307194824,3.662434876299398,0.6821148044358784,112.5034684116242,0.0,82.5,4.42484663185681,65.06989594649083,0.7890448174594683,1.4233024550467308,2.0796604663823506,62.03569343049109,0.6807523928582668,0.4210206316784024,0.7429365031421185,0.21293362734073323,-0.017879300213823415,-0.24757882145092344,-0.5461044360358607,0.994341147938561,47.433572465133366,0.5751847914122883,1.1133331235428794,1.4997225052623644,48.46056954212525,0.377295745536685,1.0000093579292297,0.6219338960945606,0.23465520886782165,-0.24694015184360923,0.05817666634875808,-0.5648533672568473,0.9955537590945837,0.3941130479579809,0.4464014230213427,0.1616669038769486,0.16942329808407283,0.10309242553083671,0.003471392384768429,0.021797247258280222,0.10217543418770902,0.007539875212484618,0.0334315440521685,10.29239295946211,0.325786962215431,0.15322259827131268,rl2,DGNH8qVgE-stb4Fq,6,2475.0,folding clothes,"{""short sleeve shirts"",""long sleeve shirts"",shorts}"
2025-09-25-21-53-41-000000,1879.0,62.63333333333333,0.0,0.0,0.0,0.0,0.0,0.0,0.0,0.0,0.0,0.0,0.0,0.0,0.0,0.0,43.113833310798654,0.4390633315593401,48.782661582825796,0.660457690260777,0.660457690260777,48.782661582825796,36.1018253982147,0.5767064760098195,0.44346678393374483,33.434404587178065,0.5340959199229723,0.23891430202861783,22.53902323774942,0.001863684771033014,3.4309297924128894,0.5554011979663959,69.53622998539277,0.0,62.63333333333333,4.153137442063592,36.1018253982147,0.5767064760098195,1.1518016402466162,1.2969450583477276,48.55340333152699,0.7221356183290482,0.44254472851753235,0.7066920399665833,0.22584274195512616,-0.021880498645651714,-0.36108197270832587,-0.45390392030911947,0.9946751863684771,33.434404587178065,0.5340959199229723,0.8326987805617202,1.2182583399141607,36.350062756547935,0.524968359619379,0.6394533663988113,0.38639548793435097,0.12971017738327048,-0.3988642001117145,0.051207247006756704,-0.40393893021798755,0.9968051118210862,0.5625079384383123,0.6004247820540618,0.10385669575673476,0.23171400566178313,0.10187736131647031,0.004012857830142505,0.028549190957309525,0.10380958831206767,0.0043399765281224014,0.026329903572453434,5.922500699569223,0.2714274615483948,0.1203184107325043,rl2,DGNH8qVgE-stb4Fq,7,1879.0,folding clothes,"{""short sleeve shirts"",""long sleeve shirts"",shorts}"
2025-09-25-21-57-46-000000,2041.0,68.03333333333333,0.0,0.0,0.0,0.0,0.0,0.0,0.0,0.0,0.0,0.0,0.0,0.0,0.0,0.0,40.547360700478045,0.41793238608525235,48.381313117820895,0.6193042626163645,0.6193042626163645,48.381313117820895,50.32396932607199,0.7400583724422353,0.4213260222418773,43.43722950264691,0.6387827868036311,0.24141133741186108,11.596819294984964,0.0012254901960784314,4.357902140525514,0.6894205796229332,93.7611988287189,0.0,68.03333333333333,4.234589479733429,50.32396932607199,0.7400583724422353,0.9288841154608592,1.9772612304999784,41.49892902950299,0.5599686354398727,0.5250814594328403,0.5237713092938066,0.15400403199311966,0.06654758064194032,-0.2981163568403216,-0.3552381321295023,0.9990196078431373,43.43722950264691,0.6387827868036311,0.8690359051240378,1.635738338984748,39.4091808742404,0.47125949524343014,0.5361431278288364,0.2927919551730156,0.07397755902668553,-0.2838803068358252,-0.22382819479220606,-0.3721965501091312,0.9990196078431373,0.5285526556099085,0.4138479260810715,0.06844401097389502,0.2384281480987893,0.10299744618944304,0.0032148930831044217,0.022419747105723933,0.10371036460498664,0.0053289801066500895,0.0282547633453136,9.257288653417383,0.3362040184119917,0.15160054206589088,rl2,DGNH8qVgE-stb4Fq,7,2041.0,folding clothes,"{""short sleeve shirts"",""long sleeve shirts"",shorts}"
2025-09-25-22-39-54-000000,2536.0,84.53333333333333,0.0,0.0,0.0,0.0,0.0,0.0,0.0,0.0,0.0,0.0,0.0,0.0,0.0,0.0,23.107044377557855,0.029574132492113565,20.448699357989362,0.0,0.029574132492113565,23.107044377557855,36.306027534430925,0.4296571305849815,0.4251229248547444,42.57801696436334,0.5038818575664301,0.12916786665659377,22.197499249532097,0.0001972386587771203,3.4871628472912777,0.4667694940757058,78.88404449879427,0.0,84.53333333333333,4.448906163513426,36.306027534430925,0.4296571305849815,0.8713332123653708,1.0453761037974691,36.3389968786946,0.5905068591237068,0.29263372626155615,0.6872480232268572,0.11875798586932527,0.013861000095347195,-0.2612204052098771,-0.6786717787445214,0.9897435897435898,42.57801696436334,0.5038818575664301,0.5950482052033531,1.3104164619478562,28.22950655452891,0.3746103085577488,0.4143003597855568,0.17655430734157562,0.02740143782482182,-0.23737658223002114,0.03244117039394012,-0.7248691944728608,0.9964497041420118,0.38712668081251034,0.41662277507038553,0.08766144445061683,0.1549813030020564,0.10222984206230779,0.0030027773674074654,0.019207822462657925,0.10263222994153051,0.005112540963915698,0.03378137822420636,9.25346457558583,0.37395093348259717,0.09527295615111958,rl2,DGNH8qVgE-stb4Fq,8,2536.0,folding clothes,"{""short sleeve shirts"",""long sleeve shirts"",shorts}"
2025-09-25-22-44-19-000000,2736.0,91.2,0.0,0.0,0.0,0.0,0.0,0.0,0.0,0.0,0.0,0.0,0.0,0.0,0.0,0.0,22.33648936206049,0.08881578947368421,22.481537623817736,0.0014619883040935672,0.08881578947368421,22.481537623817736,81.43764919350362,0.8932831721408075,0.693162335548607,57.57803320066113,0.6315689199341258,0.620466092081788,16.893868432779875,0.0018281535648994515,4.870667190213755,0.7624260460374666,139.01568239416474,0.0,91.2,4.523960130562548,81.43764919350362,0.8932831721408075,1.2466781492415222,2.386223973571293,56.31076409514174,0.5889029204845428,0.5566234011203051,0.7088210955262184,0.23234953251361182,0.1371557800897822,-0.1345867057294867,-0.5086799987785148,0.9974405850091408,57.57803320066113,0.6315689199341258,0.8915022481226289,1.55838500565367,40.43870969146427,0.41634139977395535,0.5003387108445168,0.6121742371469736,0.1275230678109112,-0.1819516856738023,0.017462284958165524,-0.5871351745581439,0.9985374771480804,0.5118902897385064,0.4215379639701894,0.09415731909184023,0.16492971059746672,0.1039760953754764,0.0031746953178484615,0.018080474253336892,0.10429670548863651,0.0050447487161723184,0.027611132472872252,15.084119876574466,0.43298861729562754,0.17715209842441773,rl2,DGNH8qVgE-stb4Fq,8,2736.0,folding clothes,"{""short sleeve shirts"",""long sleeve shirts"",shorts}"
2025-09-26-17-40-42-000000,3897.0,129.9,0.0,0.0,0.0,0.0,0.0,0.0,0.0,0.0,0.0,0.0,0.0,0.0,0.0,0.0,23.120516920565386,0.003849114703618168,20.48958329506335,0.0,0.003849114703618168,23.120516920565386,64.27733025520563,0.4949486415955258,0.6370152980519836,54.84668463540089,0.4223307338454894,0.23060200704056671,21.404435054195268,0.0002566735112936345,4.691018209046281,0.4586396877205076,119.12401489060652,0.0,129.9,4.874433672915854,64.27733025520563,0.4949486415955258,0.8292668923910897,1.3316067673885998,33.52155426099227,0.7777979522943497,0.6252974728122354,0.9184341728687286,0.4466851384124286,0.04613432131515525,-0.23108312809124504,-0.6742407843744928,0.9699691991786448,54.84668463540089,0.4223307338454894,0.6752302278893257,1.0658438443679141,27.764555535604508,0.519456391222775,0.6159421466290951,0.642775934189558,0.20565942846028756,-0.20662608355296164,0.018809259199497576,-0.6816018177074501,0.9638090349075975,0.5144236582182528,0.3902210175154517,0.08861352987588539,0.143047787482561,0.10490450085108566,0.008631811058629629,0.03212923971166967,0.1015584467810874,0.008645843167977386,0.03424243890110955,15.168365347668395,0.5916301876775242,0.1448072186858932,rl2,B9BG1frBKz-C2vUD,1,3897.0,folding clothes,"{""short sleeve shirts"",""long sleeve shirts"",shorts}"
2025-09-26-17-45-46-000000,3759.0,125.3,0.0,0.0,0.0,0.0,0.0,0.0,0.0,0.0,0.0,0.0,0.0,0.0,0.0,0.0,19.811632260173898,0.005852620377760042,13.588216948785725,0.0,0.005852620377760042,19.811632260173898,54.050040256201285,0.43147983174189436,0.22537090106251345,49.664822425267914,0.39647277082438465,0.1777328560965595,7.472989988686239,0.0,2.962763430158916,0.4139763012831395,103.7148626814692,0.0,125.3,4.838660029356445,54.050040256201285,0.43147983174189436,0.7042296277596376,1.037767331192082,29.120415133137588,0.5092922188341618,0.3520216206088662,0.6537701599299908,0.11720913828525002,-0.053836261165551555,-0.21176019511548552,-0.644148210318272,0.9755188930282065,49.664822425267914,0.39647277082438465,0.5845866332867397,1.0287053598845233,25.082754918543678,0.42910706251859665,0.5088453814387321,0.2942761182785034,0.06425493938072298,-0.0962978855905701,0.060821979027443934,-0.6355035925449035,0.9643427354976051,0.38103300644921645,0.30204668098431187,0.06625269439307718,0.06999888456115522,0.10474642598236818,0.007401163301099816,0.032621681407039985,0.10399256381188623,0.007276569184090278,0.02772062881515658,10.811426383911073,0.34806089544385166,0.1137072540501079,rl2,B9BG1frBKz-C2vUD,1,3759.0,folding clothes,"{""short sleeve shirts"",""long sleeve shirts"",shorts}"
2025-09-26-17-51-49-000000,3535.0,117.83333333333333,0.0,0.0,0.0,0.0,0.0,0.0,0.0,0.0,0.0,0.0,0.0,0.0,0.0,0.0,18.540278270771353,0.004243281471004243,15.156661192727467,0.0,0.004243281471004243,18.540278270771353,46.47250927843587,0.39450347435004984,0.41479336070469414,53.50350932760371,0.4541893830866189,0.1762241933879255,8.324781203604145,0.0,3.6778202200083387,0.42434642871833433,99.97601860603959,0.0,117.83333333333333,4.7777219511862405,46.47250927843587,0.39450347435004984,0.6883100350980472,0.9573073091938112,27.300130355976655,0.554854728281498,0.5090287383645773,0.8543065935373306,0.2412877933347017,-0.11679151638567743,-0.16421356978827872,-0.6343611047388472,0.9770797962648556,53.50350932760371,0.4541893830866189,0.630460257612019,1.1871154785173068,26.936964587173666,0.5550628937780857,0.49022746086120605,0.3317018896341324,0.09025843030855696,-0.03415780389636012,0.13319869421087727,-0.6647114102287374,0.9748160724391625,0.3017644247627202,0.34206029397966636,0.07320380758706009,0.11687753970800273,0.1038374043231693,0.0074326633332289305,0.02571910540104165,0.10107383848686106,0.007956225722392754,0.03143131747678127,10.879864392396382,0.45028585856881387,0.1162584299707131,rl2,B9BG1frBKz-C2vUD,2,3535.0,folding clothes,"{""short sleeve shirts"",""long sleeve shirts"",shorts}"
2025-09-26-17-56-04-000000,3740.0,124.66666666666667,0.0,0.0,0.0,0.0,0.0,0.0,0.0,0.0,0.0,0.0,0.0,0.0,0.0,0.0,19.520567556289542,0.009358288770053475,15.205865157817126,0.0,0.009358288770053475,19.520567556289542,63.770735602912076,0.5116667740271094,0.2618363595329087,53.22054572520664,0.42701694885161795,0.43123791611875534,9.786583379632889,0.0,7.76158029205808,0.46934186143936363,116.99128132811872,0.0,124.66666666666667,4.833632898779901,63.770735602912076,0.5116667740271094,0.8044355361264258,1.3508901508515314,32.58444326584435,0.5809666886925697,0.49283741414546967,0.6447920762002468,0.18461823457787668,0.0589219470767374,-0.1583920255627727,-0.5947767705591843,0.9743246857448515,53.22054572520664,0.42701694885161795,0.6813696668607883,1.05982261328248,28.88521991272952,0.4127185642719269,0.6758034154772758,0.33805232495069504,0.09428841029180292,-0.11731139883264541,0.003370673651219486,-0.6072879696633408,0.9617544798074351,0.47095898230583916,0.26605102037434275,0.05453196392252015,0.11970444897241349,0.10631414251277574,0.0070252862058932065,0.028285452481069284,0.10588045553967938,0.006315057847262814,0.025775179730373438,14.426600484601524,0.6129089229134099,0.14913940052902525,rl2,B9BG1frBKz-C2vUD,2,3740.0,folding clothes,"{""short sleeve shirts"",""long sleeve shirts"",shorts}"
2025-09-26-18-23-35-000000,3565.0,118.83333333333333,0.0,0.0,0.0,0.0,0.0,0.0,0.0,0.0,0.0,0.0,0.0,0.0,0.0,0.0,27.71625631354293,0.015988779803646564,23.25036819267362,0.015427769985974754,0.015988779803646564,27.71625631354293,52.23517003910799,0.439689983494175,0.2084607954229346,64.46230608122086,0.5426120040506806,0.5486858663409084,20.083800135125443,0.0023849607182940516,4.753628369185587,0.49115099377242777,116.69747612032884,0.0,118.83333333333333,4.786101888492992,52.23517003910799,0.439689983494175,0.9097566801618013,1.0577500590753448,35.41642351259641,0.5665513016283512,0.2877013012766838,0.6426148042082787,0.10474463657092298,-0.1258901448481485,-0.3115816476850197,-0.6491874707165223,0.9814814814814815,64.46230608122086,0.5426120040506806,0.979300803487005,1.3021518512724364,39.52669441693351,0.5672057466581464,0.6910486221313477,0.6701158154755831,0.26266311810990167,-0.18045273016796018,0.17226328771070906,-0.648710729333286,0.9806397306397306,0.8512765813507209,0.5009980353624295,0.13713169809366485,0.09998588786144984,0.10450217399217203,0.007554725759180994,0.03222344047824151,0.10343970901213824,0.00788829780746829,0.03139064236187954,15.026731303116572,0.5715939557365656,0.2203955440229163,rl2,B9BG1frBKz-C2vUD,4,3565.0,folding clothes,"{""short sleeve shirts"",""long sleeve shirts"",shorts}"
2025-09-26-18-27-57-000000,3859.0,128.63333333333333,0.0,0.0,0.0,0.0,0.0,0.0,0.0,0.0,0.0,0.0,0.0,0.0,0.0,0.0,26.793833906047208,0.026690852552474734,21.50013125497446,0.025654314589271834,0.026690852552474734,26.793833906047208,50.75108817320347,0.39464298734994924,0.23410960137699122,81.82786398952909,0.6362975426868515,0.1422446736573705,24.093973794659664,0.00414722654224987,6.843218485274376,0.5154702650184003,132.57895216273255,0.0,128.63333333333333,4.864709952493592,50.75108817320347,0.39464298734994924,1.082004764073833,0.8854931708415287,44.253669159654855,0.5881785191595554,0.5253614615648985,0.7600394412875175,0.2348569957372914,0.12412800688931758,-0.2826162230012971,-0.6194270024398049,0.981078278900985,81.82786398952909,0.6362975426868515,1.3494093309415254,1.5741663747904011,57.40069358007198,0.6734512448310852,0.600076362490654,0.9150275774300098,0.369782933232382,-0.1998289354744286,-0.04378042022083151,-0.625288341752862,0.9862623120787973,0.8901936469022318,0.42760795338806995,0.12561158009910595,0.11255068187356179,0.10376425303324834,0.007109346047641458,0.03299786918461299,0.1023785593688393,0.008185667208653477,0.032522914245712964,15.497820604900227,0.463240124960917,0.22343554192533663,rl2,B9BG1frBKz-C2vUD,4,3859.0,folding clothes,"{""short sleeve shirts"",""long sleeve shirts"",shorts}"
2025-09-26-18-36-44-000000,2999.0,99.96666666666667,0.0,0.0,0.0,0.0,0.0,0.0,0.0,0.0,0.0,0.0,0.0,0.0,0.0,0.0,23.594993858057258,0.02634211403801267,19.013488127727268,0.012670890296765588,0.02634211403801267,23.594993858057258,28.982365026086676,0.29001699492414945,0.804763586753842,51.05337647285621,0.51087434762698,0.7811652415875528,7.878255885088215,0.0,3.931461480923538,0.4004456712755648,80.03574149894288,0.0,99.96666666666667,4.614790429365082,28.982365026086676,0.29001699492414945,0.5917158406006474,0.6446077328711078,23.385088904179362,0.41418306715786457,0.5188315184786916,0.8064463976770639,0.17329825805305385,0.21372952055969846,-0.2951783159159704,-0.8115512254551952,0.9749833222148099,51.05337647285621,0.51087434762698,0.6740060554584781,1.3082330753001108,29.9122525460255,0.5425171181559563,0.6739219427108765,0.8730296790599823,0.319192039148911,-0.15775461222916823,-0.20076172988521443,-0.8172738298912889,0.9833222148098733,0.8053598731881123,0.39617107075207403,0.07708541055467184,0.17360461568437555,0.09842627352330867,0.002817163455404995,0.017133651906094213,0.09794084409146273,0.0046932842881152225,0.030820074801094763,7.697520017023586,0.4919782244486279,0.08160704005286132,rl2,5ES9O8onNvOcpl1T,1,2999.0,folding clothes,"{""short sleeve shirts"",""long sleeve shirts"",shorts}"
2025-09-26-18-41-35-000000,2327.0,77.56666666666666,0.0,0.0,0.0,0.0,0.0,0.0,0.0,0.0,0.0,0.0,0.0,0.0,0.0,0.0,21.423884681061757,0.059733562526858616,17.812409857051737,0.03180060163300387,0.059733562526858616,21.423884681061757,47.19127568391838,0.608657897900925,0.6302937519456175,49.82836848319087,0.6426702727840611,0.6535128227172745,17.739841098261806,0.00021496130696474635,2.7526273911800034,0.6256640853424931,97.01964416710925,0.0,77.56666666666666,4.363947521273976,47.19127568391838,0.608657897900925,0.9570767589131062,1.7326150472296469,40.6892420775443,0.6454128809273243,0.4086137758567929,0.8588666450232267,0.22650425748419453,-0.1036476467635609,-0.26051483964079253,-0.7421783280367177,0.9969905417024936,49.82836848319087,0.6426702727840611,0.9903449866459035,1.8753123436378996,42.65847238198212,0.5437839291989803,0.5606837309896946,0.8199809789657593,0.25000465852753684,-0.2065729725390327,0.021941121639282617,-0.7495343846056433,0.9969905417024936,0.8702156019425299,0.3150005632725773,0.0548023175538182,0.16878394054265825,0.10103225221262056,0.003059316433687251,0.02600922229103922,0.10087174730841907,0.0048345386291629,0.030182213646140973,11.19551233822926,0.4468711752567636,0.1060960881434595,rl2,5ES9O8onNvOcpl1T,1,2327.0,folding clothes,"{""short sleeve shirts"",""long sleeve shirts"",shorts}"
2025-09-26-18-43-07-000000,3839.0,127.96666666666667,0.0,0.0,0.0,0.0,0.0,0.0,0.0,0.0,0.0,0.0,0.0,0.0,0.0,0.0,30.449305273553485,0.03985412867934358,21.66899942401419,0.03256056264652253,0.03985412867934358,30.449305273553485,55.64240196187275,0.43493279282339303,0.08537793603582382,63.572678608429285,0.49692036431810277,0.12577366684933647,23.630604510467908,0.001563314226159458,4.075931022822707,0.4659265785707479,119.21508057030204,0.0,127.96666666666667,4.8595539730383575,55.64240196187275,0.43493279282339303,0.8664076855170231,1.0864216502846722,33.877270630212784,0.45354377664625645,0.3502367418259382,0.3931342251598835,0.06244846533815614,0.1363930181197688,-0.2633681616945545,-0.5268787689852463,0.964304325169359,63.572678608429285,0.49692036431810277,1.0052997143013536,1.1766382878377775,41.15257212610298,0.592724870890379,0.8195400238037109,0.6696311458945274,0.32528120049749126,-0.08055844043453562,-0.15071949848013244,-0.5111112088189617,0.9645648775403857,0.8194403411273917,0.2549542626930522,0.0662951256145811,0.05155008596669161,0.10547555495225902,0.0076630269135407525,0.032934338289813306,0.10497810171789447,0.006481483161116674,0.02842123536352581,11.338268121595938,0.3568886677320035,0.23930393233631037,rl2,B9BG1frBKz-C2vUD,3,3839.0,folding clothes,"{""short sleeve shirts"",""long sleeve shirts"",shorts}"
2025-09-26-18-47-40-000000,4026.0,134.2,0.0,0.0,0.0,0.0,0.0,0.0,0.0,0.0,0.0,0.0,0.0,0.0,0.0,0.0,36.529191475336326,0.09090909090909091,27.743219701424863,0.07004470938897168,0.09090909090909091,36.529191475336326,72.3850816366049,0.5395161364218999,0.12354206995293138,92.53415999061755,0.6896956024145408,0.21079337882787264,19.379203990116867,0.0072049689440993785,6.099506710766579,0.6146058694182203,164.91924162722245,0.0,134.2,4.906755163608864,72.3850816366049,0.5395161364218999,1.3130052079500885,1.2527091324572275,53.74844320572701,0.5646200329065323,0.49588871374726295,0.6849903529509902,0.19178955971893177,0.10396937986903385,-0.386629462186608,-0.5274563629010861,0.9875776397515528,92.53415999061755,0.6896956024145408,1.434899720154915,1.5713848811192155,61.32087366991869,0.672178715467453,0.600934274494648,0.6859864462167025,0.27709409204462615,-0.2561020297581266,-0.03946544567746489,-0.519287888131276,0.9838509316770186,0.9114349886461014,0.5121298866654949,0.13577633084057153,0.08553205197726957,0.10196192654551763,0.009250437146347004,0.03279370279696808,0.10172550396288285,0.008247947618438728,0.03261738194701885,16.104946098094995,0.4579802989628367,0.28458745799706653,rl2,B9BG1frBKz-C2vUD,3,4026.0,folding clothes,"{""short sleeve shirts"",""long sleeve shirts"",shorts}"
2025-09-26-18-58-59-000000,2752.0,91.73333333333333,0.0,0.0,0.0,0.0,0.0,0.0,0.0,0.0,0.0,0.0,0.0,0.0,0.0,0.0,20.333378481124065,0.03306686046511628,14.415908159083852,0.005087209302325582,0.03306686046511628,20.333378481124065,39.64174459665067,0.4322981962557325,0.6975549738519548,49.349815386504396,0.5381659256979759,0.6326808818568748,12.56605135894531,0.0005452562704471102,3.408911411293915,0.48523206097685423,88.99155998315507,0.0,91.73333333333333,4.5297279908212325,39.64174459665067,0.4322981962557325,0.8209250780433106,1.0933887618097429,33.940508970361925,0.36233512684702873,0.540060181170702,0.8243744075298309,0.1613158710857381,0.24086077572767037,-0.2070539023030548,-0.8284728475453786,0.9869138495092693,49.349815386504396,0.5381659256979759,0.8550074654553904,1.537159241614647,37.027795826178775,0.5493363551795483,0.5564929805696011,0.8535818941891193,0.2609415433775657,-0.0956593237754342,-0.17641761128311903,-0.8149586441401435,0.990185387131952,0.8891986139188797,0.35114801277052354,0.06140156258735425,0.14520144085619247,0.09984393700951649,0.0031624342455313726,0.019446674867660885,0.09820634623916807,0.00590946128230702,0.030852095606413263,10.888859509103767,0.5460134761732438,0.07825215248913515,rl2,5ES9O8onNvOcpl1T,2,2752.0,folding clothes,"{""short sleeve shirts"",""long sleeve shirts"",shorts}"
2025-09-26-19-04-09-000000,3606.0,120.2,0.0,0.0,0.0,0.0,0.0,0.0,0.0,0.0,0.0,0.0,0.0,0.0,0.0,0.0,26.159122698757933,0.08458125346644481,20.81673985074513,0.07792567942318358,0.08458125346644481,26.159122698757933,62.21213260059703,0.5177153891866604,0.5686433230636884,89.88353718592512,0.7479906007150495,0.09988748174541118,25.11641074066439,0.0048543689320388345,8.189094319972192,0.6328529949508549,152.09566978652214,0.0,120.2,4.797442073635214,62.21213260059703,0.5177153891866604,1.346886366893352,1.1105764419942468,55.221815699513726,0.6771052554249763,0.709682097658515,0.8649242101237178,0.4156215792051576,0.27922214300661485,-0.21083413663121245,-0.6759568993709837,0.99500693481276,89.88353718592512,0.7479906007150495,1.4897059332766711,1.7716243266166238,62.62536933032486,0.8602828606963158,0.7551306299865246,0.9739294983446598,0.6326898644575281,-0.18068278126554957,-0.12181972280440799,-0.6510189723862537,0.9975034674063801,0.904298643527645,0.50058265808146,0.15365537720076244,0.10994651866392155,0.1028678408838406,0.006878453253897737,0.03130699947715192,0.10072341575059691,0.00787623944980187,0.03330869296265779,16.360311471103593,0.5639947445557134,0.2345920746854004,rl2,B9BG1frBKz-C2vUD,5,3606.0,folding clothes,"{""short sleeve shirts"",""long sleeve shirts"",shorts}"
2025-09-26-19-06-11-000000,2801.0,93.36666666666666,0.0,0.0,0.0,0.0,0.0,0.0,0.0,0.0,0.0,0.0,0.0,0.0,0.0,0.0,20.881251947522216,0.022134951802927526,14.117370759494829,0.005355230274901821,0.022134951802927526,20.881251947522216,35.003541297286866,0.37503794247093064,0.464613672599569,57.386502854671875,0.6148553877286272,0.5000523027611194,22.267672215467353,0.0008928571428571428,9.675081540215745,0.49494666509977897,92.39004415195873,0.0,93.36666666666666,4.547187903449744,35.003541297286866,0.37503794247093064,0.7248617365937556,0.8914044024518827,28.408713699107466,0.5189241655170918,0.3605784922838211,0.8602889757603407,0.16097115925272737,-0.051135428044685655,-0.29857249823503623,-0.789939385859089,0.9875,57.386502854671875,0.6148553877286272,0.9758703644119642,1.5589416025058866,42.631888324145805,0.5153623037040234,0.5105964206159115,0.8743128199130297,0.23006855309882146,-0.16795925326372393,0.049663353340196704,-0.794467513689885,0.9903571428571428,0.765797613618004,0.38464836181983525,0.08271646733988189,0.16226177766671768,0.0994952714502634,0.0036319120320522985,0.025383437175249893,0.09919558266101809,0.004834876711404976,0.03205361498823908,11.607055290992355,0.5609322377549979,0.10907746369992637,rl2,5ES9O8onNvOcpl1T,2,2801.0,folding clothes,"{""short sleeve shirts"",""long sleeve shirts"",shorts}"
2025-09-26-19-08-33-000000,4110.0,137.0,0.0,0.0,0.0,0.0,0.0,0.0,0.0,0.0,0.0,0.0,0.0,0.0,0.0,0.0,25.04704175030101,0.07347931873479319,18.88589022317823,0.08321167883211679,0.08321167883211679,25.04704175030101,75.70762585021652,0.5527448954749319,0.19812430103532766,86.90201268844778,0.6344756341332279,0.32784791477011893,20.278934286305848,0.0068143100511073255,7.68185315227236,0.5936102648040799,162.60963853866429,0.0,137.0,4.927253685157205,75.70762585021652,0.5527448954749319,1.2415241139899875,1.2826534542325159,50.6260003583863,0.6497535146772861,0.4152154177427292,0.6811769120395184,0.18377313674325063,0.06933383420766887,-0.2740920855063229,-0.6265925415304383,0.9880749574105622,86.90201268844778,0.6344756341332279,1.3476024903367223,1.4407616539550254,55.97073103066988,0.5566673902794719,0.8940840363502502,0.7071889098733664,0.3519731728814275,-0.1813994769750213,0.043827662501834536,-0.6070745538453369,0.9856412752494524,0.8965204615316519,0.42165132856342985,0.09613979768340247,0.1313067536418522,0.10497812586654996,0.008340452249100598,0.03462565670554238,0.10489684532889314,0.006821076379681713,0.02949633937475203,18.69168383965178,0.5539917727732022,0.2788809826413427,rl2,B9BG1frBKz-C2vUD,5,4110.0,folding clothes,"{""short sleeve shirts"",""long sleeve shirts"",shorts}"
2025-09-26-19-28-55-000000,2789.0,92.96666666666667,0.0,0.0,0.0,0.0,0.0,0.0,0.0,0.0,0.0,0.0,0.0,0.0,0.0,0.0,26.272939369692594,0.0,21.09127236298152,0.02187163858013625,0.02187163858013625,26.272939369692594,45.08025856295486,0.48508169185389016,0.17509346096487416,57.213162993389204,0.615636617575924,0.39159934281084563,35.15288877129322,0.0037661406025824963,5.224769933201018,0.5503591547149072,102.29342155634407,0.0,92.96666666666667,4.5429401094519575,45.08025856295486,0.48508169185389016,0.843278930215166,1.3506692681326804,30.28707681196559,0.6038302890956402,0.48536998219788074,0.33949701488018036,0.09950015743689841,0.06422307912638299,-0.3217829787294261,-0.7128392389119633,0.9838593974175036,57.213162993389204,0.615636617575924,1.5291763987563423,1.4810384330095376,62.15754653652493,0.6104328725486994,1.0641728714108467,0.5971181802451611,0.3878916139703665,-0.21503410776379173,-0.07946758389651884,-0.6992882469093962,0.9870875179340028,0.6808545179974638,0.38297448365263626,0.14776135568209653,0.09557363756499343,0.10337956328487537,0.004218781189590311,0.022254011908892687,0.10204654657899591,0.006314925589632343,0.03133058436610865,10.70234328200251,0.3703006256709589,0.2126190188343814,rl2,5ES9O8onNvOcpl1T,3,2789.0,folding clothes,"{""short sleeve shirts"",""long sleeve shirts"",shorts}"
2025-09-26-19-33-12-000000,2734.0,91.13333333333334,0.0,0.0,0.0,0.0,0.0,0.0,0.0,0.0,0.0,0.0,0.0,0.0,0.0,0.0,28.020880199799382,0.03511338697878566,26.084384847981184,0.056327724945135334,0.056327724945135334,28.020880199799382,40.386363995996064,0.443319033984589,0.14402806039956584,51.75062097677355,0.5680638965617294,0.11143970465527502,29.22993831955398,0.004573728503476033,5.174415103461558,0.5056914652731592,92.13698497276961,0.0,91.13333333333334,4.523236803225405,40.386363995996064,0.443319033984589,1.1271809688291783,1.1133812289965124,45.35724646022039,0.7513724714517593,0.5235720686614513,0.7330345567315817,0.28837406407994637,0.11717090135829927,-0.3778770343075563,-0.7127114079671898,0.9780461031833151,51.75062097677355,0.5680638965617294,1.567982470422701,1.3038948376712034,65.03991066389419,0.6748307002708316,0.8789904378354549,0.6557567343115807,0.38897504680511363,-0.31773153181005903,0.03467963742869007,-0.6909273148772539,0.9849981705085986,0.8973014016463258,0.615175858234658,0.19517809248950052,0.11434647065391916,0.10219800957371995,0.004268329358842898,0.02796136134021214,0.10108336546414934,0.005956318008339519,0.035062491411508176,8.882599553623773,0.38571868641270046,0.19430349909902728,rl2,5ES9O8onNvOcpl1T,3,2734.0,folding clothes,"{""short sleeve shirts"",""long sleeve shirts"",shorts}"
2025-09-26-19-33-15-000000,3974.0,132.46666666666667,0.0,0.0,0.0,0.0,0.0,0.0,0.0,0.0,0.0,0.0,0.0,0.0,0.0,0.0,19.31147784207255,0.035732259687971814,16.631038530688095,0.03824861600402617,0.03824861600402617,19.31147784207255,50.766512482260325,0.3833363640744549,0.25337561692201543,76.66923249098089,0.578927000938693,0.27463361235500283,22.339486602435482,0.005285678328718852,8.581176437607693,0.4811316825065739,127.43574497324121,0.0,132.46666666666667,4.893851758772956,50.766512482260325,0.3833363640744549,1.238570230474711,0.8111778426924972,50.282368562366955,0.8234959542751312,0.571271865745075,0.6566082611680031,0.3088948364989675,0.10867845440057501,-0.22036850738097624,-0.7004155922891074,0.9786055877170904,76.66923249098089,0.578927000938693,1.312550984577334,1.3896895886620575,55.48737312473436,0.6071244105696678,0.49586551636457443,0.7290742676705122,0.2194893096974121,-0.1770251253767433,-0.023385184200079366,-0.6569999727014139,0.9859048577900831,0.8892218094400655,0.36553373154300345,0.0798130135797864,0.09572543350169674,0.10158243229564001,0.005779290268757627,0.03270135566605176,0.09952724953923396,0.007266684644964613,0.031567176011069384,12.086025302812676,0.430344659602467,0.1875957083864751,rl2,B9BG1frBKz-C2vUD,8,3974.0,folding clothes,"{""short sleeve shirts"",""long sleeve shirts"",shorts}"
2025-09-26-19-37-28-000000,3466.0,115.53333333333333,0.0,0.0,0.0,0.0,0.0,0.0,0.0,0.0,0.0,0.0,0.0,0.0,0.0,0.0,16.824499792027666,0.0,15.035780221441728,0.0,0.0,16.824499792027666,48.868145603809566,0.42310082773861096,0.41108597671598207,54.10881749607563,0.46847461035563315,0.24353227592942023,8.369170582656338,0.0,3.4800864350579483,0.445787719047122,102.9769630998852,0.0,115.53333333333333,4.758177355113271,48.868145603809566,0.42310082773861096,0.6079975052016318,1.131503765286452,21.191139199678243,0.46056269854307175,0.23216317128390074,0.4813917949795723,0.05147315304884968,-0.04174697915639189,-0.19021863363300592,-0.6857382390181659,0.9795093795093796,54.10881749607563,0.46847461035563315,0.6331476390402528,1.1964120925350628,23.82659528267655,0.324989459477365,0.3386529888957739,0.27774716168642044,0.03056847815971471,-0.13907748417454824,0.0816841749995689,-0.6470581032744186,0.96998556998557,0.782067543169478,0.2985882337795899,0.05999657244407615,0.13330691606760112,0.10576842275188017,0.006239805728053634,0.028681179688467798,0.10587025436963192,0.005878566240590203,0.027944058321727597,9.171710869549761,0.3160734032886483,0.17752676953762625,rl2,B9BG1frBKz-C2vUD,8,3466.0,folding clothes,"{""short sleeve shirts"",""long sleeve shirts"",shorts}"
2025-09-26-19-47-50-000000,3278.0,109.26666666666667,0.0,0.0,0.0,0.0,0.0,0.0,0.0,0.0,0.0,0.0,0.0,0.0,0.0,0.0,12.936824749053345,0.0,10.740088538134907,0.0,0.0,12.936824749053345,34.063904010698266,0.3118453220387391,0.3427180146011735,32.651071667829754,0.2989112450518439,0.16760921709265267,9.487522580030847,0.0,4.715808506310443,0.3053782835452915,66.71497567852802,0.0,109.26666666666667,4.702901674481427,34.063904010698266,0.3118453220387391,0.5387164322573639,0.7500236134728518,14.623340184191413,0.2868043053895235,0.4290259163826704,0.22093132138252258,0.02718482140510617,0.17125486543821428,-0.14620441940810977,-0.8462322007289669,0.9697894415624047,32.651071667829754,0.2989112450518439,0.5953706620555295,0.7424103663238558,18.932448281187792,0.3039023168385029,0.4185251537710428,0.17148935794830322,0.021811862435800487,-0.14947786223986587,-0.09796400980372508,-0.8348127420516622,0.9673481843149222,0.7443186714889121,0.3441383725920571,0.0850838896485131,0.15132922013155475,0.09881867377440173,0.0051764778254804215,0.033743067528850645,0.09494550729880638,0.0066857602856275535,0.028742391769303183,10.151106211152424,0.2935664372567633,0.1716654316323944,rl2,5ES9O8onNvOcpl1T,3,3278.0,folding clothes,"{""short sleeve shirts"",""long sleeve shirts"",shorts}"
2025-09-26-19-52-12-000000,3463.0,115.43333333333334,0.0,0.0,0.0,0.0,0.0,0.0,0.0,0.0,0.0,0.0,0.0,0.0,0.0,0.0,19.164009937525506,0.007219174126479931,17.6263464485355,0.003753970545769564,0.007219174126479931,19.164009937525506,39.00970035908432,0.3380389979123425,0.9295623733916576,76.58345081999396,0.6636347558058402,0.9189229588585202,25.411468124238013,0.0014442518775274408,6.927652180078083,0.5008368768590913,115.59315117907828,0.0,115.43333333333334,4.757318863144676,39.00970035908432,0.3380389979123425,0.8073885155112447,0.710131915600646,31.38401789622765,0.5278219282627106,0.5257856538519263,0.9663236793130636,0.26817530481887014,0.03329069204649982,-0.2887938875479636,-0.8113247717297984,0.9968226458694396,76.58345081999396,0.6636347558058402,0.9851157437592206,1.731172759417485,40.782399865751934,0.842335470020771,0.5776710398495197,1.0282051237300038,0.5003172171929037,-0.16460029962641373,0.09887074003475263,-0.8092273343665084,0.9959560947429231,0.6972965780624901,0.46602219390516136,0.14091382284503529,0.12948659398906548,0.10328933180887975,0.0037924589538597354,0.026817339182362662,0.10038249201767345,0.005810758260072273,0.032731743407603764,16.236980905970235,0.6853420053789138,0.17317142523209947,rl2,5ES9O8onNvOcpl1T,8,3463.0,folding clothes,"{""short sleeve shirts"",""long sleeve shirts"",shorts}"
2025-09-26-19-53-43-000000,3115.0,103.83333333333333,0.0,0.0,0.0,0.0,0.0,0.0,0.0,0.0,0.0,0.0,0.0,0.0,0.0,0.0,34.12643381008573,0.03723916532905297,31.25953934842037,0.03723916532905297,0.03723916532905297,34.12643381008573,60.80207398932539,0.5857617918046762,0.49058200530958074,76.91871576175791,0.7410280901903459,0.5575737730164594,19.631416344432015,0.008349389852280027,9.093461692815799,0.6633949409975112,137.72078975108332,0.0,103.83333333333333,4.6523717874723856,60.80207398932539,0.5857617918046762,1.4520465478733295,1.2541454292771501,58.12419484177945,0.36361418664455414,0.6302400324493647,0.8143863445147872,0.1866282088051316,0.32160068405657577,-0.24177591722555022,-0.5932576314505805,0.9877970456005138,76.91871576175791,0.7410280901903459,1.531433343081866,1.6879151876310343,63.250993904412766,0.6248676851391792,0.6370434761047363,0.8719303167890757,0.3470874546708193,-0.25219615358608155,-0.1897363547475285,-0.5486416798773376,0.9845857418111753,0.9195128996061604,0.5836387368565871,0.1302069931769222,0.08406170146463797,0.102536394960351,0.006529463194444705,0.034295130649322755,0.10308142031143076,0.007515123255962338,0.03366283805865278,14.70495586960006,0.5365816318540547,0.34670854683740737,rl2,B9BG1frBKz-C2vUD,6,3115.0,folding clothes,"{""short sleeve shirts"",""long sleeve shirts"",shorts}"
2025-09-26-19-56-45-000000,3127.0,104.23333333333333,0.0,0.0,0.0,0.0,0.0,0.0,0.0,0.0,0.0,0.0,0.0,0.0,0.0,0.0,17.456643520514366,0.0,13.330093791268887,0.0,0.0,17.456643520514366,55.79818563639988,0.5354912249174653,0.30507659454401265,61.04311488629615,0.5858264384481398,0.37314305723032726,12.92531288460015,0.0011196417146513116,6.746326299523709,0.5606588316828025,116.84130052269603,0.0,104.23333333333333,4.656180106895836,55.79818563639988,0.5354912249174653,0.7557527155901008,1.4192330684911298,26.970741282171904,0.5807032063603401,0.5033318377099931,0.28040964901447296,0.08195993020663031,0.1088552979578487,-0.23356337361238583,-0.8261399332530437,0.9977607165706974,61.04311488629615,0.5858264384481398,0.991680931421673,1.349097365997653,37.77038325774884,0.4274655804038048,0.5729405954480171,0.2729087471961975,0.0668387319366926,-0.17376334904649882,0.02273592799607201,-0.8214792204067125,0.9974408189379399,0.7789161852152713,0.3971443500677637,0.10145921609290896,0.13920113964427044,0.10654345427725628,0.003550945979708179,0.031117051535941062,0.1047345101798726,0.005333285444574271,0.03293923055649253,18.78787019746863,0.4377443779017759,0.24319214443384887,rl2,5ES9O8onNvOcpl1T,8,3127.0,folding clothes,"{""short sleeve shirts"",""long sleeve shirts"",shorts}"
2025-09-26-19-58-43-000000,3248.0,108.26666666666667,0.0,0.0,0.0,0.0,0.0,0.0,0.0,0.0,0.0,0.0,0.0,0.0,0.0,0.0,25.579044988474447,0.008004926108374385,19.80906575606699,0.008004926108374385,0.008004926108374385,25.579044988474447,35.43208590935882,0.3273675938653417,0.23730120442427752,62.769527111819876,0.5799463545902668,0.3659836877759617,17.98922389848846,0.0012319063751154912,5.974690082543402,0.4536569742278042,98.2016130211787,0.0,108.26666666666667,4.693791377641619,35.43208590935882,0.3273675938653417,0.710384325539363,0.8027114417673664,26.82352486558737,0.6653937436640263,0.362447340041399,0.8045324170961976,0.19402923788042165,0.0757438014373252,-0.2716284334915346,-0.5940033916843909,0.9772097320603634,62.769527111819876,0.5799463545902668,0.8297601372010933,1.500763835404349,34.79093859779864,0.5177516862750053,0.5430135428905487,0.7068599946796894,0.19873098553309956,-0.1739911704689489,-0.020025716564273825,-0.5646725825990064,0.983061287342162,0.7660756243138006,0.36777935918178095,0.08029965210242934,0.15750913332823807,0.1034226857915294,0.005043990891029294,0.024166401822276945,0.10167362912734611,0.008322155414209807,0.033304547040315366,8.423832744587312,0.4354937232288065,0.1944807613398666,rl2,B9BG1frBKz-C2vUD,6,3248.0,folding clothes,"{""short sleeve shirts"",""long sleeve shirts"",shorts}"
2025-09-26-20-12-50-000000,2637.0,87.9,0.0,0.0,0.0,0.0,0.0,0.0,0.0,0.0,0.0,0.0,0.0,0.0,0.0,0.0,20.52609668385296,0.0,18.50536859593154,0.0,0.0,20.52609668385296,35.340608618582024,0.40220723010525833,0.078533492880127,46.00262310538943,0.5235503388322014,0.32769859276609176,12.772483497615884,0.0013277693474962064,5.683240318719193,0.46287878446872993,81.34323172397146,0.0,87.9,4.487512142519859,35.340608618582024,0.40220723010525833,0.6031583578376851,1.036647367450896,22.327625205844164,0.22779296338558197,0.5507435407489538,0.42524560540914536,0.053349401415581775,0.2692941645648405,-0.1384472775490316,-0.7742929393520941,0.9984825493171472,46.00262310538943,0.5235503388322014,0.8781433813007857,1.2628045451506944,34.917907567616076,0.5722412765026093,0.6000691130757332,0.4036931023001671,0.1386218795070126,-0.210232916843269,-0.08662086434746309,-0.7882680946994244,0.9973444613050075,0.8200793720966549,0.49044156797874894,0.14183622251071784,0.12712867111889123,0.10206429699212265,0.004459616575247001,0.025912337241152092,0.10137190132214866,0.005001792258887144,0.03283122159043493,12.985719165376315,0.49008065789734123,0.17089926975766168,rl2,5ES9O8onNvOcpl1T,5,2637.0,folding clothes,"{""short sleeve shirts"",""long sleeve shirts"",shorts}"
2025-09-26-20-13-41-000000,3317.0,110.56666666666666,0.0,0.0,0.0,0.0,0.0,0.0,0.0,0.0,0.0,0.0,0.0,0.0,0.0,0.0,24.166235594009333,0.006331022007838408,19.822949704225554,0.008742839915586373,0.008742839915586373,24.166235594009333,64.44571249889196,0.5830432373241131,0.35311099845114274,69.77357013325692,0.6312446031356177,0.1680817622612883,17.351809335799345,0.0016586248492159229,4.873559394154177,0.6071439202298653,134.2192826321489,0.0,110.56666666666666,4.714622319549171,64.44571249889196,0.5830432373241131,0.8846973622858588,1.467776258089212,34.450269624189445,0.4793805554509163,0.2935069240629673,0.694178681820631,0.09767199032886145,0.03549880637650546,-0.28538122539343086,-0.6692212758923299,0.9927623642943305,69.77357013325692,0.6312446031356177,0.9285451388139867,1.5724695188877704,37.93174297579562,0.37160843424499035,0.686575073748827,0.5882801897823811,0.15009209463590029,-0.19514988878315648,-0.00565493500497451,-0.6270863097750677,0.9939686369119421,0.7969580039492449,0.37551867573872566,0.07682490210456186,0.16249803350554834,0.10530232636254427,0.006864631696920816,0.032586300355946785,0.10595127078069079,0.006842398448767792,0.028885039445180505,12.819801431170255,0.3966516131146192,0.2509445208639731,rl2,B9BG1frBKz-C2vUD,7,3317.0,folding clothes,"{""short sleeve shirts"",""long sleeve shirts"",shorts}"
2025-09-26-20-17-33-000000,2572.0,85.73333333333333,0.0,0.0,0.0,0.0,0.0,0.0,0.0,0.0,0.0,0.0,0.0,0.0,0.0,0.0,24.681413607981916,0.008164852255054433,13.855430573757003,0.0007776049766718507,0.008164852255054433,24.681413607981916,29.821276682379903,0.34797289010945043,0.5878671678608045,55.45512457098678,0.6470843007116311,0.5353083044593296,25.22369916007576,0.0013613380007779074,10.151927756256187,0.4975285954105408,85.27640125336669,0.0,85.73333333333333,4.462838277410295,29.821276682379903,0.34797289010945043,0.7709622424616756,0.7536810486618364,29.45430371749436,0.3704885710030794,0.4439697749912739,0.7197220139205456,0.1183839990611392,0.20915588971320107,-0.3275427015702505,-0.8053989305869208,0.9953325554259043,55.45512457098678,0.6470843007116311,0.9532723515438989,1.6770086794363308,40.15986521361378,0.5531203970313072,0.6856870800256729,0.9346131440252066,0.354468399894474,-0.13608199029380216,-0.05468256168839092,-0.8362552012913624,0.9968883702839362,0.5999507127248176,0.4654771353140026,0.1354006051630103,0.15409533633987152,0.10257934293102368,0.0039571036785743295,0.02215439459102571,0.10064500601333376,0.006087701640262932,0.03219752058037091,12.483073611162737,0.6207435527875687,0.16269546327843826,rl2,5ES9O8onNvOcpl1T,5,2572.0,folding clothes,"{""short sleeve shirts"",""long sleeve shirts"",shorts}"
2025-09-26-20-18-17-000000,3559.0,118.63333333333334,0.0,0.0,0.0,0.0,0.0,0.0,0.0,0.0,0.0,0.0,0.0,0.0,0.0,0.0,16.597272830860238,0.0,13.176532637844344,0.00449564484405732,0.00449564484405732,16.597272830860238,51.84449871104356,0.43713742589412785,0.14753080229442952,64.44358738575356,0.5433692022407551,0.17117721115988843,24.339718251276608,0.0005621135469364812,2.4532440079473985,0.4902533140674415,116.28808609679712,0.0,118.63333333333334,4.784431509485452,51.84449871104356,0.43713742589412785,0.5894656668290821,1.102112234990497,19.19536357235362,0.44293296709656715,0.25326817110180855,0.29416170716285706,0.03299930225672306,-0.04245162561973366,-0.21288459885621563,-0.7295694215457136,0.9887577290612704,64.44358738575356,0.5433692022407551,0.9627322313199904,1.2988240195716645,39.01084199848958,0.33828036300837994,0.6347237378358841,0.8303827757481486,0.17829528598211888,-0.10191594682613989,0.09350195944265698,-0.6673048934800813,0.9876335019673974,0.6444519470132631,0.32447950339476883,0.06973806587958736,0.14291021946605093,0.10330067321323316,0.006292049983112936,0.03229635040574501,0.10434062381416624,0.00673534547299054,0.028934175230710277,11.264680421283899,0.2726996761004232,0.21904821423152268,rl2,B9BG1frBKz-C2vUD,7,3559.0,folding clothes,"{""short sleeve shirts"",""long sleeve shirts"",shorts}"
2025-09-26-20-32-15-000000,3764.0,125.46666666666667,0.0,0.0,0.0,0.0,0.0,0.0,0.0,0.0,0.0,0.0,0.0,0.0,0.0,0.0,24.0887593604844,0.0,14.502669889239758,0.0,0.0,24.0887593604844,61.59531227261308,0.4910601563057115,0.21434337768817133,70.95942428963025,0.5657142515782375,0.11482769982280196,10.340869260229535,0.00026574541589157585,3.234089489522373,0.5283872039419745,132.55473656224333,0.0,125.46666666666667,4.839978768832804,61.59531227261308,0.4910601563057115,0.6737461138685116,1.38919091854084,23.222918761421056,0.3762113321572542,0.37894920632243156,0.23366831243038177,0.033312919627306495,0.22067180842727296,-0.26111550539718126,-0.739401654283913,0.9891044379484454,70.95942428963025,0.5657142515782375,0.7917711651322489,1.305674133092714,29.91425327819351,0.34032934717833996,0.46314367838203907,0.24357175827026367,0.03839211805924099,-0.0300129754326527,-0.16978634192157852,-0.7448297538393742,0.9909646558596864,0.8326385018970832,0.2740919280477261,0.0583545088044875,0.1174014001175439,0.1064876083483449,0.0034187217543572347,0.034602671436137364,0.10443871991781976,0.003748205748620867,0.023183233707207554,12.196191203863808,0.25973071911137463,0.27224671424734337,rl2,5ES9O8onNvOcpl1T,6,3764.0,folding clothes,"{""short sleeve shirts"",""long sleeve shirts"",shorts}"
2025-09-26-20-36-20-000000,2552.0,85.06666666666666,0.0,0.0,0.0,0.0,0.0,0.0,0.0,0.0,0.0,0.0,0.0,0.0,0.0,0.0,28.73529274025622,0.0,18.43880301535595,0.0,0.0,28.73529274025622,33.92566259197288,0.39896898383347174,0.1805075652619511,45.840820778729224,0.5390923650967766,0.29767658405364866,10.953795889244365,0.0009800078400627205,3.540706814014715,0.4690306744651241,79.7664833707021,0.0,85.06666666666666,4.455122189744432,33.92566259197288,0.39896898383347174,0.5167619888843229,1.0505432418820657,19.43608638601237,0.2861149236559868,0.49329893849790096,0.25137828290462494,0.0354795781404288,0.28762312258117856,-0.3199249237070012,-0.7537344574379417,0.9894159153273226,45.840820778729224,0.5390923650967766,0.8631462640099418,1.315402745160052,35.4547496828884,0.552828673273325,0.5192979108542204,0.2825327068567276,0.08111027353844319,-0.20614368474726977,-0.0911669595469301,-0.744586516300152,0.9898079184633477,0.7589150285868789,0.54961377782576,0.1609517068947498,0.11384574628177078,0.10322435699291813,0.00478207041195793,0.026753053275359526,0.10226319214342659,0.005199408366942274,0.030810183519198744,9.656892758550125,0.3385350333348037,0.16715529132243856,rl2,5ES9O8onNvOcpl1T,6,2552.0,folding clothes,"{""short sleeve shirts"",""long sleeve shirts"",shorts}"
2025-09-26-20-50-48-000000,3627.0,120.9,0.0,0.0,0.0,0.0,0.0,0.0,0.0,0.0,0.0,0.0,0.0,0.0,0.0,0.0,20.80204123165552,0.0,18.61774607954431,0.0,0.0,20.80204123165552,41.44168575305452,0.34287109006939753,0.23084322207624505,86.32649357233558,0.7142291249779558,0.6055320893245952,11.357981245285472,0.0004136789851075565,5.789071695640713,0.5285501075236766,127.7681793253901,0.0,120.9,4.803201036487226,41.44168575305452,0.34287109006939753,0.4692465434913146,0.7574486216615719,16.19493700314926,0.4462919272482395,0.3563363468274474,0.24240680038928986,0.0385499619438972,-0.08631909446472927,-0.2874244121936832,-0.7640365117347895,0.9964147821290679,86.32649357233558,0.7142291249779558,0.8633534696230816,1.8182932395706435,36.5047411081812,0.7491163238883018,0.579967800527811,0.32270173728466034,0.14020207676820404,-0.15941439229273605,0.13815307467949525,-0.7990296612947415,0.9986210700496415,0.6750315109715521,0.4583988509863424,0.14346297140419756,0.14070902392989823,0.10512643302556383,0.0034149924753925478,0.019229649097303375,0.10123204773389102,0.005688028523853534,0.03230677718810193,18.99061176948386,0.5062209806987762,0.193494024139323,rl2,5ES9O8onNvOcpl1T,4,3627.0,folding clothes,"{""short sleeve shirts"",""long sleeve shirts"",shorts}"
2025-09-26-20-54-50-000000,3433.0,114.43333333333334,0.0,0.0,0.0,0.0,0.0,0.0,0.0,0.0,0.0,0.0,0.0,0.0,0.0,0.0,21.796113612251656,0.0005825808330905913,14.247015490068378,0.0005825808330905913,0.0005825808330905913,21.796113612251656,65.0472518077222,0.5685948584591102,0.21960832848760545,83.30320919819488,0.7281749055786266,0.4647235951258885,15.03983034725389,0.003642191142191142,5.976035636712587,0.6483848820188685,148.35046100591708,0.0,114.43333333333334,4.748693162740267,65.0472518077222,0.5685948584591102,0.7679060890225207,1.5295755576296197,29.514200982887473,0.5764201395213604,0.36096380092203617,0.36035311222076416,0.07497752054767128,0.01885531078904711,-0.26639170431093295,-0.7359096594729959,0.9973776223776224,83.30320919819488,0.7281749055786266,1.2143100782226472,1.5562275353194017,49.26902676878414,0.3825431512668729,0.6465835198760033,0.43199753761291504,0.10685290495042081,-0.17549430965203136,-0.013801620370207919,-0.7989365159119666,0.9976689976689976,0.8058317895998818,0.3409692130191313,0.07779833806277957,0.14271584884213928,0.10639174321968517,0.005049191517300839,0.02734411371483622,0.10390302265323544,0.0056915833074338,0.028579597446831792,19.364356230212504,0.3904841259443601,0.26999956284911486,rl2,5ES9O8onNvOcpl1T,4,3433.0,folding clothes,"{""short sleeve shirts"",""long sleeve shirts"",shorts}"
2025-09-27-20-24-52-000000,3237.0,107.9,0.0,0.0,0.0,0.0,0.0,0.0,0.0,0.0,0.0,0.0,0.0,0.0,0.0,0.0,21.481950892646342,0.0074142724745134385,16.18900834252775,0.002162496138399753,0.0074142724745134385,21.481950892646342,27.576323181968228,0.2556519454446992,0.15616240868355893,40.64607529980148,0.37681775617862934,0.4204730853687811,21.24038704946938,0.0007725587144622991,5.204400864769488,0.31623485081166425,68.22239848176972,0.0,107.9,4.690430029938915,27.576323181968228,0.2556519454446992,0.640944808787478,0.5516769358415814,25.17916201111567,0.4434630200266838,0.5204671919345856,0.8904788140207529,0.20552959204038873,0.3055595625485393,0.011868030393068472,-0.72932868366523,0.9826946847960445,40.64607529980148,0.37681775617862934,0.6151404282284763,0.9167463552414659,24.951825106090975,0.5525745749473572,0.48966197296977043,0.8661568202078342,0.23436017078927524,0.04142921387914489,-0.18917660183884788,-0.7671341484364791,0.9935105067985167,0.8332869075514192,0.36109218339823046,0.0947791782618343,0.149643616438511,0.09834821538525083,0.004866149998049493,0.029330858776241572,0.09641112358827156,0.006769552076507743,0.03163858120887458,8.976704631578322,0.4001715312764983,0.13035005475599076,rl2,F1_iXodjWgQOjiF3,1,3237.0,folding clothes,"{""short sleeve shirts"",""long sleeve shirts"",shorts}"
2025-09-27-20-29-18-000000,2767.0,92.23333333333333,0.0,0.0,0.0,0.0,0.0,0.0,0.0,0.0,0.0,0.0,0.0,0.0,0.0,0.0,24.619736414635767,0.0845681243223708,18.121884060343437,0.054210336104083844,0.0845681243223708,24.619736414635767,45.616156434822784,0.4947522389894011,0.17122764042465993,52.3412287843876,0.5676922861647244,0.18639436214606217,16.66328086351471,0.005242227042660882,7.259128495876037,0.5312222625770628,97.95738521921038,0.0,92.23333333333333,4.535105311539804,45.616156434822784,0.4947522389894011,1.147006346011902,1.0764064903475394,47.058580152519845,0.5331884548068047,0.36983634158968925,0.5929745584726334,0.11693011635208106,0.1047243062052694,-0.33335470360810465,-0.6951663070636016,0.9895155459146783,52.3412287843876,0.5676922861647244,1.1116635012089542,1.1941466351402354,46.92766787935422,0.41453006118535995,0.5500721614807844,0.616310752928257,0.14053206953336003,-0.19276001743425691,-0.07827419891116978,-0.7141486365128649,0.9913232104121475,0.9387391303544367,0.4185922986344911,0.060028303315352145,0.19809523404081572,0.10375621611125879,0.005802677343410608,0.030596731081365527,0.10022635292021967,0.0070185910590454025,0.033354405919054725,10.68513366006594,0.3845311080138317,0.2642518563841549,rl2,F1_iXodjWgQOjiF3,1,2767.0,folding clothes,"{""short sleeve shirts"",""long sleeve shirts"",shorts}"
2025-09-27-20-44-44-000000,2877.0,95.9,0.0,0.0,0.0,0.0,0.0,0.0,0.0,0.0,0.0,0.0,0.0,0.0,0.0,0.0,30.50270634572904,0.08029197080291971,21.873945707030362,0.05769899200556135,0.08029197080291971,30.50270634572904,49.532187784650745,0.5166778976145766,0.45202673241704244,53.52868102445635,0.5583659355819507,0.5109706854368243,24.92395733259388,0.005563282336578581,10.047271582331595,0.5375219165982636,103.06086880910709,0.0,95.9,4.5736795188967205,49.532187784650745,0.5166778976145766,1.2974119507574016,0.8673069759664489,53.38264582958815,0.7393983285874128,0.9846120551228523,0.7240404114127159,0.5271162680313637,-0.30870747334671167,-0.3277373737835241,-0.7291597490900397,0.9986091794158554,53.52868102445635,0.5583659355819507,1.1823511875075572,1.0858408883996353,49.060284599280955,0.6820993656292558,0.8671534955501556,0.6489314325153828,0.3838331105141513,-0.19778407033277773,0.18833470903211563,-0.7373251767364856,0.9989568845618915,0.836920053495572,0.548565877663631,0.12764980925925593,0.0252093797674743,0.10127040139079602,0.0053561763806810195,0.03265895351269882,0.10141626755440857,0.0050914164488119066,0.028086811393784272,15.490392850546433,0.6474279706025721,0.24072713029751996,rl2,F1_iXodjWgQOjiF3,2,2877.0,folding clothes,"{""short sleeve shirts"",""long sleeve shirts"",shorts}"
2025-09-27-20-49-54-000000,4050.0,135.0,0.0,0.0,0.0,0.0,0.0,0.0,0.0,0.0,0.0,0.0,0.0,0.0,0.0,0.0,29.463174981087214,0.04987654320987654,22.573417843075575,0.04271604938271605,0.04987654320987654,29.463174981087214,58.65309261711221,0.4345746551033258,0.2945172952598194,81.53592236331907,0.6041189604592672,0.37218848577101005,19.810034345864562,0.0030871820202519142,6.726615119147331,0.5193468077812964,140.1890149804313,0.0,135.0,4.912654885736052,58.65309261711221,0.4345746551033258,0.8603467245636313,0.8955239272556715,35.83912507272317,0.5894555151462555,0.9200722258538008,0.7187131606042385,0.38978807986250663,-0.06702851704885195,-0.43220480493971225,-0.7166962368363216,0.996789330698938,81.53592236331907,0.6041189604592672,1.033660214862053,1.3902749792539026,45.41937581218044,0.7266722414642572,0.846731785684824,0.751662440598011,0.4624952573228182,-0.2735981318114302,-0.048005859404805916,-0.7509133145176334,0.998271178068659,0.6862553327706518,0.4746115678201817,0.11503860672938324,0.048738066415987026,0.09937294302464048,0.0053724307062238815,0.031752671950311256,0.09810459378289484,0.006570983746057526,0.03260618438485488,18.427828643320996,0.6509305387094295,0.2047378627357635,rl2,F1_iXodjWgQOjiF3,2,4050.0,folding clothes,"{""short sleeve shirts"",""long sleeve shirts"",shorts}"
2025-09-27-21-06-03-000000,3412.0,113.73333333333333,0.0,0.0,0.0,0.0,0.0,0.0,0.0,0.0,0.0,0.0,0.0,0.0,0.0,0.0,25.900713398618173,0.0,21.644235489827146,0.18757327080890973,0.18757327080890973,25.900713398618173,43.627324911149756,0.3837055840910269,0.07502119773933068,56.320485257451445,0.4953428782537506,0.05933721734200127,27.940971840732548,0.0008795074758135445,3.371458232039276,0.43952423117238876,99.9478101686012,0.0,113.73333333333333,4.742610595109329,43.627324911149756,0.3837055840910269,0.6181753269331846,0.9141704933858996,23.709590687808742,0.3901386931538582,0.3885800577700138,0.30910713970661163,0.04686067821247196,0.17328949767390892,-0.26302566242230685,-0.6330515925880579,0.9873937261800059,56.320485257451445,0.4953428782537506,1.2125974164494089,1.0258487581333575,50.632336289108316,1.1189992483705282,0.7817862182855606,0.5636534355580807,0.49309427864743793,-0.28320055377504766,-0.10673713450722537,-0.6123770428592162,0.989152741131633,0.4863364557997832,0.4993831361668046,0.3527822563670449,0.12058984727633434,0.10322702339137932,0.004370427810997103,0.029464784481310166,0.10001422300802679,0.005295536021551164,0.030786903713189345,9.726311627098994,0.2550119970040454,0.22414188526665374,rl2,F1_iXodjWgQOjiF3,3,3412.0,folding clothes,"{""short sleeve shirts"",""long sleeve shirts"",shorts}"
2025-09-27-21-10-46-000000,3776.0,125.86666666666666,0.0,0.0,0.0,0.0,0.0,0.0,0.0,0.0,0.0,0.0,0.0,0.0,0.0,0.0,33.304429447809845,0.003707627118644068,28.096346449581162,0.009004237288135594,0.009004237288135594,33.304429447809845,39.16344580622537,0.31123268190377773,0.3160131964767101,62.39133764487892,0.4958251998268523,0.6978111310877759,27.44948119663184,0.001456953642384106,3.8803675002266393,0.403528940865315,101.55478345110429,0.0,125.86666666666666,4.8431366661939395,39.16344580622537,0.31123268190377773,0.47230178230587927,0.6689158465556484,17.041975619846195,0.3657262483611703,0.2587096616625786,0.3313789814710617,0.03135405658285212,0.08914701875508368,-0.42542151185502375,-0.6424967875719955,0.9888741721854305,62.39133764487892,0.4958251998268523,1.3262842209942438,1.0436383979087562,55.71267887097031,0.765636139549315,0.8141159191727638,0.6978291049599648,0.4349684438016523,-0.21150287624815542,-0.26220827930364204,-0.633974384245664,0.990728476821192,0.6136164647477047,0.3533150621428613,0.08433264423823247,0.13102023507064106,0.10091003560646804,0.005424098682814495,0.027612722422591926,0.09688594286493211,0.006805172655993042,0.02970192204071284,11.01118558411713,0.310294746174387,0.19898401237608504,rl2,F1_iXodjWgQOjiF3,3,3776.0,folding clothes,"{""short sleeve shirts"",""long sleeve shirts"",shorts}"
2025-09-27-21-42-08-000000,4415.0,147.16666666666666,0.0,0.0,0.0,0.0,0.0,0.0,0.0,0.0,0.0,0.0,0.0,0.0,0.0,0.0,17.833373579245766,0.006568516421291053,19.13203860115103,0.0006795016987542468,0.006568516421291053,19.13203860115103,54.37013606750837,0.3695296968793047,0.4406476844839318,77.15785181424494,0.524407692439363,0.19397198930534626,18.389796232332593,0.0006796556411418215,4.530836591810409,0.44696869465933387,131.5279878817533,0.0,147.16666666666666,4.998337766285849,54.37013606750837,0.3695296968793047,0.6196986461724506,0.8210560356509335,23.82330844798736,0.4271385297179222,0.7320119738578796,0.6518090404570103,0.20380147047944758,-0.23697771233499118,0.11015340260714915,-0.7629765557296077,0.9934299954689624,77.15785181424494,0.524407692439363,0.6475074968884732,1.229827119679217,27.172130969058287,0.486257903277874,0.6120835244655609,0.6586122624576092,0.19602306486584517,0.07532517531709898,0.2529233878832268,-0.7755763736082028,0.9943362029904849,0.7653071268389414,0.36734005229655114,0.07902510265265303,0.11340237208688018,0.1001026472970003,0.004428266006917725,0.03370982945829061,0.0931250877404749,0.007374275297991413,0.03408959324385291,14.494262480900574,0.5236620803147344,0.19652701182798363,rl2,F1_iXodjWgQOjiF3,4,4415.0,folding clothes,"{""short sleeve shirts"",""long sleeve shirts"",shorts}"
2025-09-27-21-46-02-000000,3601.0,120.03333333333333,0.0,0.0,0.0,0.0,0.0,0.0,0.0,0.0,0.0,0.0,0.0,0.0,0.0,0.0,22.053799823710584,0.03526798111635657,16.4511243688291,0.038322688142182725,0.038322688142182725,22.053799823710584,80.63225430695661,0.6719354525579719,0.33947466896569317,94.78276211698915,0.7898563509749096,0.2769151734496634,18.709661441979545,0.006527777777777778,6.035620093109406,0.7308959017664407,175.41501642394576,0.0,120.03333333333333,4.79606598975218,80.63225430695661,0.6719354525579719,1.1403218004431548,1.474481176371372,47.25615914512125,0.5361207649111748,0.5178028454538435,0.508878767490387,0.14126721777358484,0.07409884658003558,-0.28028886008196113,-0.6984917393424418,0.9972222222222222,94.78276211698915,0.7898563509749096,1.4347247952865783,1.572090512428254,61.31170196551972,0.5232356619089842,0.634498193860054,0.5642235279083252,0.18731774399442241,-0.19358082872320673,-0.022401204487191573,-0.7158880284662811,0.9983333333333333,0.8449907614043409,0.40156920736578366,0.08724721801048013,0.13117023588131774,0.10380655998504677,0.0047814128527741105,0.029742736573487596,0.1018309908815129,0.005639009722870895,0.0313481546783763,18.788242311325288,0.4330966719948847,0.33703637647524276,rl2,F1_iXodjWgQOjiF3,4,3601.0,folding clothes,"{""short sleeve shirts"",""long sleeve shirts"",shorts}"
2025-09-27-22-01-47-000000,3878.0,129.26666666666668,0.0,0.0,0.0,0.0,0.0,0.0,0.0,0.0,0.0,0.0,0.0,0.0,0.0,0.0,22.827028050509817,0.0033522434244455906,18.68868975632067,0.0,0.0033522434244455906,22.827028050509817,75.52884546405087,0.5844378034360397,0.2827323349462023,88.59728510546122,0.6855606275893311,0.2651948980316457,20.437954321139895,0.0033531080732525148,6.98523851198871,0.6349992155126853,164.1261305695121,0.0,129.26666666666668,4.869583631500518,75.52884546405087,0.5844378034360397,0.8332889358822444,1.1638086415830278,33.51262961217767,0.789341326802969,0.5397036802023649,0.652340829372406,0.2779039900591698,-0.12100877959757675,-0.2853808655896353,-0.7690548838623917,0.9984524116584989,88.59728510546122,0.6855606275893311,1.1069942009387488,1.3739081606581938,46.09782019027313,0.6116062067449093,0.7060737982392311,0.5115692466497421,0.2209156119740077,-0.10935767918922472,0.1687559033538967,-0.7460322908657522,1.0,0.7805829736289178,0.48774586333057574,0.1281768854192921,0.06936737985392995,0.10229769338767822,0.0044385102036519535,0.028329626764940885,0.09901618901697688,0.006260640822654695,0.032337377848170104,24.593726850871796,0.5822960091757469,0.299689954233433,rl2,F1_iXodjWgQOjiF3,8,3878.0,folding clothes,"{""short sleeve shirts"",""long sleeve shirts"",shorts}"
2025-09-27-22-06-08-000000,4675.0,155.83333333333334,0.0,0.0,0.0,0.0,0.0,0.0,0.0,0.0,0.0,0.0,0.0,0.0,0.0,0.0,24.692132258671723,0.03914438502673797,16.673790572476015,0.005989304812834224,0.03914438502673797,24.692132258671723,86.1787762452681,0.5531372031146861,0.21626220758743553,111.65983775204442,0.7166870202313507,0.3820758726372824,14.781638400640913,0.002888318356867779,9.049497020265521,0.6349121116730184,197.8386139973125,0.0,155.83333333333334,5.055183670357325,86.1787762452681,0.5531372031146861,0.8376467744511594,1.2153103013353095,34.42182877454953,0.7324936613440514,0.6739407181739807,0.7121232002973557,0.3515448193057455,-0.1767774660381324,-0.29367991346054095,-0.718428263585357,0.998288403936671,111.65983775204442,0.7166870202313507,0.9935302524028783,1.628650163057501,43.10352959482885,0.6733026094734669,0.663353830575943,0.7034618631005287,0.3141927047362977,-0.127096722293807,0.10108444200932325,-0.7212944909348527,0.998502353444587,0.7361707767391986,0.43895237049923097,0.1143548851170072,0.08215064208681172,0.10143285277646111,0.005241923329064097,0.030701709454656403,0.09791394383482738,0.008407434319012674,0.033354969333845325,25.608267428065222,0.6658799849111656,0.2514845066234388,rl2,F1_iXodjWgQOjiF3,8,4675.0,folding clothes,"{""short sleeve shirts"",""long sleeve shirts"",shorts}"
2025-09-27-22-20-20-000000,3879.0,129.3,0.0,0.0,0.0,0.0,0.0,0.0,0.0,0.0,0.0,0.0,0.0,0.0,0.0,0.0,21.287691076953625,0.0002577984016499098,11.166830087328925,0.0,0.0002577984016499098,21.287691076953625,76.23425695342182,0.5897441228990857,0.3458203211140936,86.4653019153491,0.6688909379733039,0.7517551955247779,17.681202838193087,0.003223310985043837,8.678563662458023,0.629317530436195,162.6995588687709,0.0,129.3,4.869839484130799,76.23425695342182,0.5897441228990857,0.8715274518830136,1.2808285209510788,33.62419461065561,0.48131774086505175,0.5170549489557743,0.6190295219421387,0.15405646569787612,0.2546235235939996,0.17752234458117347,-0.7766932735095229,0.9979370809695719,86.4653019153491,0.6688909379733039,1.1784191414976342,1.3100534847858207,47.0391055827316,0.841637521982193,0.391444556415081,0.573183573782444,0.1888378655536973,0.10295901379780184,-0.07557811130156922,-0.7912143457389947,0.9987106756059825,0.8099508383015442,0.3225712570802149,0.05487087292290057,0.11844664700685362,0.104441174867343,0.004369875074957196,0.027852628995152853,0.10117132825345262,0.004784825582896841,0.02787680292463525,25.188810536466722,0.5811314783859403,0.292216892373209,rl2,F1_iXodjWgQOjiF3,5,3879.0,folding clothes,"{""short sleeve shirts"",""long sleeve shirts"",shorts}"
2025-09-27-22-24-24-000000,4533.0,151.1,0.0,0.0,0.0,0.0,0.0,0.0,0.0,0.0,0.0,0.0,0.0,0.0,0.0,0.0,19.462024233213885,0.00044120891242003087,16.423175004930506,0.0,0.00044120891242003087,19.462024233213885,67.26037972520592,0.4452364059479651,0.11012250033721811,96.59413332699333,0.6394139452360548,0.4033767467542985,15.203709212613711,0.0012135922330097086,9.10616167878909,0.5423251755920099,163.85451305219925,0.0,151.1,5.024538199265247,67.26037972520592,0.4452364059479651,0.6855148168337213,0.9783434594435655,25.9261308808337,0.4741054307669401,0.5194829776883125,0.5185489878058434,0.1277132751154453,0.2675256490959695,0.004033464430905336,-0.769190706933949,0.999117387466902,96.59413332699333,0.6394139452360548,0.8181642060277828,1.421842941938953,35.03440366697713,0.5856909900903702,0.6473595574498177,0.6561432778835297,0.24877846924727495,0.039541711554731684,-0.20624175122728203,-0.7817693569576427,0.999558693733451,0.6601639238377474,0.33557602253520535,0.07253163226671241,0.11509669107670378,0.09835739346549,0.004679696772002825,0.027155971910424098,0.09002568478128628,0.008237396202485921,0.035673780154867274,21.95037531574976,0.6040429829797828,0.21750786589304022,rl2,F1_iXodjWgQOjiF3,5,4533.0,folding clothes,"{""short sleeve shirts"",""long sleeve shirts"",shorts}"
2025-10-03-17-01-49-000000,3044.0,101.46666666666667,0.0,0.0,0.0,0.0,0.0,0.0,0.0,0.0,0.0,0.0,0.0,0.0,0.0,0.0,22.81407743094808,0.011498028909329829,21.582177894502152,0.0,0.011498028909329829,22.81407743094808,43.609008739746386,0.42992778908721385,0.07882031193458983,50.31941214905143,0.4960835900333693,0.3133992459230006,15.847493839248028,0.001643115346697338,9.720153733124796,0.4630056895602916,93.92842088879782,0.0,101.46666666666667,4.629537542436386,43.609008739746386,0.42992778908721385,0.7110146619637072,0.9816502402537595,26.708291249551777,0.40335772186517715,0.5415019916836172,0.6635459288954735,0.1449310447136302,0.15678140818252767,-0.28232055319499993,-0.7547063997918532,0.994413407821229,50.31941214905143,0.4960835900333693,0.9029880678695683,1.12603358675256,34.967116950816866,0.5811886861920357,0.5080431438982487,0.4941413328051567,0.14590458128733597,-0.26550075842976895,-0.0008516375034969972,-0.7561630608560457,0.9980282615839632,0.8449477773865062,0.5183217950585947,0.1335289617781598,0.11676387090310583,0.1036012877004362,0.0048766625587968295,0.023374723251917695,0.1032030145505817,0.0051457679119830515,0.032625291280111685,14.556293877971086,0.5697744090605605,0.17600386803101428,rl2,5ES9O8onNvOcpl1T,7,3044.0,folding clothes,"{""short sleeve shirts"",""long sleeve shirts"",shorts}"
2025-10-03-17-06-00-000000,4110.0,137.0,0.0,0.0,0.0,0.0,0.0,0.0,0.0,0.0,0.0,0.0,0.0,0.0,0.0,0.0,28.874972044752653,0.00413625304136253,25.088872148938574,0.00024330900243309004,0.00413625304136253,28.874972044752653,59.45710847808555,0.43409911276285384,0.3802662153142754,84.7846594402468,0.6190167396464843,0.17232365747650796,16.454529913780544,0.0014602092966658554,6.292153728608981,0.5265579262046691,144.24176791833236,0.0,137.0,4.927253685157205,59.45710847808555,0.43409911276285384,0.7341496054472598,0.9462426533880015,29.02089117723863,0.7067326158285141,0.5202675741165876,0.46674706786870956,0.17161825906330483,-0.030944888035646684,-0.38691174619017654,-0.6745194087933449,0.9963494767583354,84.7846594402468,0.6190167396464843,0.8109846977299409,1.5096424170648088,34.318121641329235,0.6070140097290277,0.6640168391168118,0.47466791421175003,0.19132322092250928,-0.2650031881959805,-0.07364899499579845,-0.6748586107398907,0.9973229496227792,0.6568399463450988,0.4364749808585863,0.11192828419048287,0.11458828179162552,0.09652795476533176,0.008615949769050262,0.032904610932418046,0.09330772573335187,0.009835312319146283,0.034345370639205786,16.13899510607721,0.46286837217638366,0.24132875400639903,rl2,F1_iXodjWgQOjiF3,6,4110.0,folding clothes,"{""short sleeve shirts"",""long sleeve shirts"",shorts}"
2025-10-03-17-06-02-000000,3562.0,118.73333333333333,0.0,0.0,0.0,0.0,0.0,0.0,0.0,0.0,0.0,0.0,0.0,0.0,0.0,0.0,21.28757097698554,0.00028074115665356543,22.327430949039556,0.00028074115665356543,0.00028074115665356543,22.327430949039556,36.24205769805832,0.30532483317656545,0.19344436804765014,74.86579160936475,0.6307143353779675,0.3340050167219342,26.13399323357948,0.0015445099691098006,8.129600479143386,0.4680195842772666,111.10784930742307,0.0,118.73333333333333,4.785267047759935,36.24205769805832,0.30532483317656545,0.5175350997355321,0.6236760163950387,17.166878363565605,0.2988099567592144,0.5342931561172009,0.4979875236749649,0.07950476133663249,0.23651258646552897,-0.16909238747210603,-0.7534112518026814,0.997191800056164,74.86579160936475,0.6307143353779675,0.9748974701397133,1.544027219496988,37.76025636154965,0.8690073490142822,0.7552660070359707,0.3778495639562607,0.2479946506514044,-0.21739996469473485,-0.16395089820389866,-0.7827299257582456,0.9988767200224656,0.7622294484423762,0.47903075009499396,0.13704888986380587,0.135882848697486,0.10416422389246954,0.004175458198140051,0.024138302689739058,0.10392399375620368,0.006189198952063083,0.03243264279874512,16.246295211632546,0.5996249850564285,0.17837779455714664,rl2,5ES9O8onNvOcpl1T,7,3562.0,folding clothes,"{""short sleeve shirts"",""long sleeve shirts"",shorts}"
2025-10-03-17-09-59-000000,3765.0,125.5,0.0,0.0,0.0,0.0,0.0,0.0,0.0,0.0,0.0,0.0,0.0,0.0,0.0,0.0,26.67855026675542,0.0015936254980079682,19.697777899206464,0.0,0.0015936254980079682,26.67855026675542,74.33877177319866,0.5924981809766098,0.23578222111716268,97.96655299439249,0.7808173724313962,0.563515607275046,18.588202692518156,0.005712008501594049,5.325502796062997,0.686657776704003,172.30532476759115,0.0,125.5,4.840242308167575,74.33877177319866,0.5924981809766098,0.8101823343336118,1.4845631762108573,32.15966052147195,0.4891948625445366,0.5038434453308582,0.5256361179053783,0.12955754194638888,0.23950638420543427,-0.2446131744937771,-0.659339176747666,0.9970775770456961,97.96655299439249,0.7808173724313962,1.4776307898734684,1.5383794308613572,61.06367449363785,0.6941104270517826,0.852127730846405,0.5738447420299053,0.33941237602715324,-0.14123539847840033,-0.12591720464394168,-0.6478392646458757,0.9960148777895855,0.6916967179136959,0.43582694167950614,0.0913274663349583,0.14617131641226463,0.10259878251178699,0.004443096503863119,0.0232090153978559,0.10451338131144357,0.003960363359288808,0.027335671118404764,16.944215925649843,0.387312066836756,0.307983347555608,rl2,F1_iXodjWgQOjiF3,6,3765.0,folding clothes,"{""short sleeve shirts"",""long sleeve shirts"",shorts}"
2025-10-03-17-25-15-000000,3887.0,129.56666666666666,0.0,0.0,0.0,0.0,0.0,0.0,0.0,0.0,0.0,0.0,0.0,0.0,0.0,0.0,26.786320288650582,0.0030872137895549268,15.010604661453982,0.0010290712631849757,0.0030872137895549268,26.786320288650582,71.87357409174555,0.5548654716295333,0.6558616530269065,80.09447113194022,0.6183309660211546,0.5226749549921282,48.855912506625025,0.0021873391662377765,8.59179603014648,0.586598218825344,151.96804522368578,0.0,129.56666666666666,4.871883952003676,71.87357409174555,0.5548654716295333,1.318019628134716,1.1084249598684779,52.71503913086332,0.6521731149405241,0.5826124348677695,1.7189060151576996,0.6531226912566555,0.22486183221722925,-0.3055709283927119,-0.7408561689713512,0.9981986618630982,80.09447113194022,0.6183309660211546,1.2141372305060263,1.315688788231755,50.498154892473686,0.6224792562425137,0.5806370191276073,1.4103176146745682,0.5097374416379626,-0.15518984611843145,-0.035442294253063694,-0.7272373178337898,0.997941327843541,0.8739510951292145,0.4912243973678277,0.10201056903149262,0.09782136797138216,0.09398419016263844,0.0073572671648789644,0.033104506717927196,0.09365118820639949,0.009094520679678636,0.03095915882521963,22.25295592619553,0.6137454366315007,0.27782308685596674,rl2,F1_iXodjWgQOjiF3,7,3887.0,folding clothes,"{""short sleeve shirts"",""long sleeve shirts"",shorts}"
2025-10-03-17-29-31-000000,4257.0,141.9,0.0,0.0,0.0,0.0,0.0,0.0,0.0,0.0,0.0,0.0,0.0,0.0,0.0,0.0,19.411687375732654,0.0,17.6946637811551,0.0,0.0,19.411687375732654,78.89516886201308,0.5561219609634381,0.3442488288509438,93.42526232210108,0.6585427325336073,0.22667779644833674,11.959048991371448,0.0019971804511278194,5.558174990598448,0.6073323467485227,172.32043118411417,0.0,141.9,4.9621450849358215,78.89516886201308,0.5561219609634381,0.7057674745634352,1.2438576740680847,26.804405301533976,0.40729679353535175,0.4176550086122006,0.30990032106637955,0.05271700286351083,0.18748803348108753,-0.19431978358381985,-0.7221920180532864,0.9976503759398496,93.42526232210108,0.6585427325336073,1.08339354158,1.2976209529026068,42.726387079031106,0.3830007538199425,0.507005543448031,0.3127851337194443,0.0607377136812191,-0.1077812200235822,-0.2035541774450098,-0.7184724623408708,0.9978853383458647,0.7374536038788495,0.32118497529026724,0.06006579508626112,0.09561194558442435,0.10175347196438912,0.004516764610978027,0.029472520197961788,0.10046248127358225,0.005657399968354048,0.028338044784288766,20.88759991299945,0.3178552789090798,0.33868917805057286,rl2,F1_iXodjWgQOjiF3,7,4257.0,folding clothes,"{""short sleeve shirts"",""long sleeve shirts"",shorts}"
2025-10-12-01-38-11-933000,2089.0,69.63333333333334,0.0,0.0,0.0,0.0,0.0,0.0,0.0,0.0,0.0,0.0,0.0,0.0,0.0,0.0,30.032443811634742,0.11680229775011967,21.873232311807254,0.013882240306366683,0.11680229775011967,30.032443811634742,53.24772344672066,0.7650534977977107,0.6092990444427963,54.6665429178358,0.7854388350263765,0.5875257268203851,18.07329890128923,0.0011973180076628352,6.9939215507966095,0.7752461664120436,107.91426636455645,0.0,69.63333333333334,4.257502176606144,53.24772344672066,0.7650534977977107,1.1631458287703798,2.013007192808968,50.00691025583839,0.5849901624023914,0.4133108928799629,0.8276160387322307,0.20010332842372988,-0.10319957061540987,-0.368639086459194,-0.6537453502571757,0.9961685823754789,54.6665429178358,0.7854388350263765,1.156713809507355,2.148817633318596,49.88623797309953,0.36914332397282124,0.48564836382865906,0.8346731457859278,0.14963506942646496,-0.23526719464421586,-0.049471431605387126,-0.666393822255197,0.9952107279693486,0.9455591876847276,0.3522919777907176,0.07965756375046773,0.21074612963107553,0.10434537097720645,0.004284184790999141,0.023469936497429983,0.10504214837229624,0.00376883035297642,0.02610644403404848,7.501258923840998,0.44405528206090145,0.13281369127140952,rl2,w06Lr-M7fxyxM1_2,1,2089.0,folding clothes,"{""short sleeve shirts"",""long sleeve shirts"",shorts}"
2025-10-12-01-38-27-674000,2249.0,74.96666666666667,0.0,0.0,0.0,0.0,0.0,0.0,0.0,0.0,0.0,0.0,0.0,0.0,0.0,0.0,35.06876816780574,0.08581591818586039,23.11826227325843,0.00755891507336594,0.08581591818586039,35.06876816780574,46.81818691424839,0.6247978680727098,0.6304564096295561,58.076461185979156,0.7750417418057717,0.545515513668393,21.301365669554876,0.002224199288256228,7.816139143839159,0.6999198049392408,104.89464810022756,0.0,74.96666666666667,4.330294647583529,46.81818691424839,0.6247978680727098,1.0899583137720603,1.52151288946534,45.90681731418096,0.6560348868370056,0.519609933719039,0.7988202217966318,0.2723036298119378,0.021712271313204957,-0.4606402548607281,-0.6658296392201092,0.9968861209964412,58.076461185979156,0.7750417418057717,1.1644123949678038,1.9177260715355975,50.00206112853641,0.5751188918948174,0.5865607596933842,0.8136729300022125,0.274486195248936,-0.22022708850093237,0.006883655181297475,-0.6776544869007363,0.9977758007117438,0.8529316407686277,0.5432022829470843,0.11615475492501028,0.16573015972063657,0.10324527314615432,0.004215920289990339,0.02231024002859404,0.10252128849390624,0.005495636921317717,0.0266791454347097,10.301823056155216,0.5990257938583416,0.22848808066670095,rl2,w06Lr-M7fxyxM1_2,1,2249.0,folding clothes,"{""short sleeve shirts"",""long sleeve shirts"",shorts}"
2025-10-12-01-39-14-013000,2232.0,74.4,0.0,0.0,0.0,0.0,0.0,0.0,0.0,0.0,0.0,0.0,0.0,0.0,0.0,0.0,33.2206186801592,0.07123655913978495,21.217601154276146,0.035842293906810034,0.07123655913978495,33.2206186801592,51.259157526201925,0.68927598645722,0.5931642487961397,57.48462836256054,0.772989175650747,0.5136515792599969,28.277855971997454,0.00291349170775437,8.400010758075178,0.7311325810539835,108.74378588876246,0.0,74.4,4.32280727501391,51.259157526201925,0.68927598645722,1.4768713862341507,1.5362804697203778,63.22300622858961,0.7703796625137329,0.5446630988735706,0.9398186895996332,0.3943454544683448,0.10360193229071783,-0.3475975847111345,-0.578323856349081,0.9986553115194979,57.48462836256054,0.772989175650747,1.236234015637822,1.9692423256705698,53.54679395099149,0.5570686645805836,0.6245502531528473,0.9389497488737106,0.3266769323426215,-0.11857897150672399,0.10868571233366825,-0.5627470918612698,0.9982070820259973,0.784268996387803,0.5337858804292898,0.1089890477004012,0.1723323199392742,0.10376692938789311,0.004989281029350605,0.031110803839118753,0.10278478163544098,0.005485834250349247,0.03384177060616947,12.957021571564356,0.5987822396964282,0.3067337685227855,rl2,w06Lr-M7fxyxM1_2,2,2232.0,folding clothes,"{""short sleeve shirts"",""long sleeve shirts"",shorts}"
2025-10-12-01-39-29-633000,2633.0,87.76666666666667,0.0,0.0,0.0,0.0,0.0,0.0,0.0,0.0,0.0,0.0,0.0,0.0,0.0,0.0,27.913286181154547,0.01785036080516521,18.364477782517422,0.004177744018230156,0.01785036080516521,27.913286181154547,43.21599356243311,0.4925835132496175,0.5824938536319607,68.49429796419457,0.7807100831785095,0.5079615659657518,21.241629547185894,0.0005699088145896656,8.209964648864645,0.6366467982140636,111.71029152662769,0.0,87.76666666666667,4.486011204151777,43.21599356243311,0.4925835132496175,0.8371943463973566,1.1892676894775405,33.96552663408766,0.6177058517932892,0.4561773771420121,0.9057024903595448,0.2552119591080724,0.06180400172396334,-0.37325199021636996,-0.712681784565135,0.9958206686930091,68.49429796419457,0.7807100831785095,0.8817930670902991,2.0873056104077823,39.360753577379704,0.6931778285652399,0.6116575337946415,0.8519608043134212,0.3612206813394865,-0.1659810401537649,0.002280948785842144,-0.7235507513285023,0.9984802431610942,0.6524827117232838,0.47938931026930925,0.12236342988477242,0.1829353717196114,0.10358159919992799,0.0033904021879253383,0.0209346364883162,0.10246743861170628,0.006634451203713152,0.03131030979841681,11.048581000155263,0.5668561305184685,0.17311476634499462,rl2,w06Lr-M7fxyxM1_2,2,2633.0,folding clothes,"{""short sleeve shirts"",""long sleeve shirts"",shorts}"
2025-10-12-01-39-44-736000,2019.0,67.3,0.0,0.0,0.0,0.0,0.0,0.0,0.0,0.0,0.0,0.0,0.0,0.0,0.0,0.0,23.20227524281241,0.01733531451213472,22.344548462109064,0.005448241703813769,0.01733531451213472,23.20227524281241,54.01910982975277,0.803059115407623,0.6543801091016335,53.123009973207644,0.7897375119902028,0.5589938881807125,25.022672713811062,0.003468780971258672,8.060581742270864,0.7963983136989128,107.14211980296042,0.0,67.3,4.223909766576744,54.01910982975277,0.803059115407623,1.6308083574569006,1.9843331361742975,70.74695990601823,0.690231442451477,0.3457584078423679,0.8393580121919513,0.20031558012646777,-0.011724617543485921,-0.2647021764101956,-0.6815913125195454,0.998017839444995,53.123009973207644,0.7897375119902028,1.0452792939028792,2.1917102168211993,45.370714150590615,0.5107708144932985,0.5168489590287209,0.8134412933140993,0.21474147637135407,-0.21370961072284095,0.10635247414122052,-0.6832192918537586,0.9990089197224975,0.6351671969332967,0.4610562636534596,0.08280721648675309,0.2272407944165711,0.10378010491728773,0.006022661293803304,0.030289723777722308,0.10335884877391896,0.0067003678317216755,0.03074947050633728,9.717868498484748,0.5563584949716684,0.2079111577131176,rl2,w06Lr-M7fxyxM1_2,2,2019.0,folding clothes,"{""short sleeve shirts"",""long sleeve shirts"",shorts}"
2025-10-12-01-48-33-473000,2414.0,80.46666666666667,0.0,0.0,0.0,0.0,0.0,0.0,0.0,0.0,0.0,0.0,0.0,0.0,0.0,0.0,20.355998558492765,0.008699254349627174,23.793965096838388,0.01739850869925435,0.01739850869925435,23.793965096838388,39.83699580052196,0.4952796825593282,0.585154260104239,58.91523364339019,0.7324728592215937,0.5460346653595067,14.247763305142842,0.0018648984666390386,9.834519955052022,0.6138762708904609,98.75222944391214,0.0,80.46666666666667,4.4001939386293305,39.83699580052196,0.4952796825593282,0.8371006168120708,1.2081837356684668,33.542906571315214,0.6103988811373711,0.4153242842294276,0.8110276851803064,0.2056064495510484,-0.04278591029460186,-0.24609381923249088,-0.6969639647755133,0.997513468711148,58.91523364339019,0.7324728592215937,0.882691768376185,1.7615111531866785,38.07242287730213,0.6074969340115786,0.6934975311160088,0.8279835414141417,0.34882749862407697,-0.2695872323832906,0.07915497686272048,-0.7130459735328957,0.997513468711148,0.7979100476991693,0.43833530530118414,0.10488031296583082,0.17259071137945772,0.10351306348028746,0.003054606970663742,0.018024901233001295,0.10240837152856899,0.006545389857194153,0.030133503789896973,12.651036038426632,0.6761349350738584,0.22828365493831743,rl2,w06Lr-M7fxyxM1_2,5,2414.0,folding clothes,"{""short sleeve shirts"",""long sleeve shirts"",shorts}"
2025-10-12-01-48-48-267000,2319.0,77.3,0.0,0.0,0.0,0.0,0.0,0.0,0.0,0.0,0.0,0.0,0.0,0.0,0.0,0.0,21.693149796021043,0.01078050884001725,17.335861511299285,0.00517464424320828,0.01078050884001725,21.693149796021043,41.92634580201129,0.5426187981278424,0.46313780750296646,46.68728433207322,0.604235776515184,0.4437893235774975,17.144485527994085,0.0010785159620362382,8.136351142600558,0.5734272873215133,88.6136301340845,0.0,77.3,4.360547602996758,41.92634580201129,0.5426187981278424,0.9724260993215611,1.3223365923498613,39.213856262803986,0.28534140437841415,0.45367942191660404,0.9228794267401099,0.11946999345313197,0.24939341780558105,-0.0855446670103824,-0.6862525704126835,0.9987057808455565,46.68728433207322,0.604235776515184,0.9475213794276596,1.5300619095054873,38.95028330261226,0.4679086282849312,0.495868107303977,0.9795361664146185,0.22727292746437544,-0.09465792481580676,-0.17416977252058283,-0.6887146254717089,0.999137187230371,0.9311994850311575,0.3629990755081471,0.05991193002954947,0.18364031956762983,0.10229606198996173,0.003604525554198177,0.0201516240570115,0.10231592869667848,0.005427169440858181,0.02840670707383658,9.764315110538421,0.5361256008228802,0.13464578968733298,rl2,w06Lr-M7fxyxM1_2,5,2319.0,folding clothes,"{""short sleeve shirts"",""long sleeve shirts"",shorts}"
2025-10-12-01-49-22-409000,2562.0,85.4,0.0,0.0,0.0,0.0,0.0,0.0,0.0,0.0,0.0,0.0,0.0,0.0,0.0,0.0,15.210639047507112,0.00078064012490242,20.03752374569342,0.00156128024980484,0.00156128024980484,20.03752374569342,45.96020276538467,0.5383858191962281,0.5365056160999557,53.05269957599661,0.6214685619991793,0.541398532319825,12.95927794434427,0.0005857087075361187,6.8614788021619,0.5799271905977038,99.01290234138128,0.0,85.4,4.45898767581001,45.96020276538467,0.5383858191962281,0.9343530952567338,1.4415805120831116,40.64427914540635,0.3477511964738369,0.19687525182962418,0.7637922540307045,0.05229197070834422,-0.05706213632268449,-0.1608004173857162,-0.6738552046513693,0.9953143303397111,53.05269957599661,0.6214685619991793,0.9346606575995149,1.5938870724036958,42.12137552953264,0.28354732133448124,0.31752977310679853,0.785033481195569,0.07068026700753174,-0.1925729343814486,0.13883614290531912,-0.6734212583278442,0.9960952752830925,0.9277947838691865,0.3355667618981437,0.04865090917753706,0.1553177942814246,0.10205771341488823,0.002717069181962746,0.015723991936474002,0.10168761800349704,0.004843822405990595,0.027747883323111316,8.375375667359219,0.38767153018652023,0.10836628148083621,rl2,w06Lr-M7fxyxM1_2,4,2562.0,folding clothes,"{""short sleeve shirts"",""long sleeve shirts"",shorts}"
2025-10-12-01-50-21-394000,2193.0,73.1,0.0,0.0,0.0,0.0,0.0,0.0,0.0,0.0,0.0,0.0,0.0,0.0,0.0,0.0,21.607195588768214,0.0,18.16470775554313,0.0,0.0,21.607195588768214,52.561352334173904,0.7193615739166136,0.5022901881444216,54.49320834027202,0.7458012090365695,0.48251635875988774,9.296646841572937,0.0,2.937073536961546,0.7325813914765915,107.05456067444592,0.0,73.1,4.3054155323020415,52.561352334173904,0.7193615739166136,0.9550153961717999,1.9629525178885427,42.6630208694847,0.5726155154407024,0.43287436151877046,0.654652401804924,0.16226906768089325,0.10629016450001967,-0.23180128056899976,-0.6755251140778352,0.9936131386861314,54.49320834027202,0.7458012090365695,0.9527552469208247,1.9627901950096516,43.325857723236304,0.40956114046275616,0.3917930293828249,0.6440531685948372,0.10334683236382966,-0.19651976957275097,0.0009069356893121728,-0.6709812078650444,0.9958941605839416,0.8662643515219227,0.39825265092526513,0.0879058357262123,0.18231333818676432,0.10405600093615183,0.003656938472787583,0.02412558030226869,0.10229472452235201,0.007222147680779279,0.031111801597099947,6.88188701580748,0.26428051705993644,0.11113162582824578,rl2,w06Lr-M7fxyxM1_2,4,2193.0,folding clothes,"{""short sleeve shirts"",""long sleeve shirts"",shorts}"
2025-10-12-01-51-04-211000,2354.0,78.46666666666667,0.0,0.0,0.0,0.0,0.0,0.0,0.0,0.0,0.0,0.0,0.0,0.0,0.0,0.0,37.462265361661025,0.05989804587935429,25.583680545779004,0.0,0.05989804587935429,37.462265361661025,35.78785301771588,0.4562837188829054,0.3889112965047411,44.93833089871772,0.5729493952237703,0.33321219206041347,7.995024473788932,0.0,1.131173046475418,0.5146165570533379,80.7261839164336,0.0,78.46666666666667,4.375337646523085,35.78785301771588,0.4562837188829054,0.6383538655036649,1.2211256399302421,28.14829814754567,0.5764585733413696,0.3236363045871258,0.4914662204682827,0.09168937436312644,-0.07612451281479245,-0.4223500797754516,-0.5507438817396191,0.9915002124946877,44.93833089871772,0.5729493952237703,0.6978112208191006,1.5857899977677812,32.169672312545444,0.4484960697591305,0.5798483118414879,0.4739730916917324,0.1232612947805579,-0.21499971410310245,0.051660142450813185,-0.5388898323167404,0.9906502337441564,0.792914594862782,0.5066513144761488,0.12237020296898764,0.16425660567879533,0.10259852668397025,0.003336846810344711,0.01718672782353961,0.1016439103853222,0.005886508309270291,0.031771766038010546,5.910837236471858,0.2658654230514009,0.12141049601688075,rl2,w06Lr-M7fxyxM1_2,3,2354.0,folding clothes,"{""short sleeve shirts"",""long sleeve shirts"",shorts}"
2025-10-12-01-51-26-218000,2106.0,70.2,0.0,0.0,0.0,0.0,0.0,0.0,0.0,0.0,0.0,0.0,0.0,0.0,0.0,0.0,29.734609083133424,0.02849002849002849,22.239466107391436,0.0,0.02849002849002849,29.734609083133424,37.95923968042388,0.5409867887946396,0.33750952285767466,40.391972679173335,0.5756575678742043,0.35014459887870547,10.632687877586111,0.00023752969121140142,4.704978165375016,0.5583221783344221,78.35121235959721,0.0,70.2,4.26549281841793,37.95923968042388,0.5409867887946396,0.8068352912880606,1.3979693344574742,35.11096896318258,0.3062727823853493,0.4298143945634365,0.4960872307419777,0.06530514655815435,-0.29723458680264997,-0.09325963791583843,-0.5643870632879697,0.9800475059382423,40.391972679173335,0.5756575678742043,0.8190384658339458,1.5856144352748167,36.3454531894823,0.30720622930675745,0.326075054705143,0.47028443962335587,0.04710946834054905,-0.11519933299578068,0.15979040680146223,-0.5650948690655593,0.9743467933491686,0.8978801481937949,0.32214530327219193,0.05791816435187855,0.12001583617452345,0.10374367498053078,0.0034646082772178083,0.017981259679371128,0.103649646471639,0.004342749207676761,0.02620195525303176,4.574414698523158,0.34153062793353944,0.1446979603413471,rl2,w06Lr-M7fxyxM1_2,3,2106.0,folding clothes,"{""short sleeve shirts"",""long sleeve shirts"",shorts}"
2025-10-12-01-51-49-249000,2613.0,87.1,0.0,0.0,0.0,0.0,0.0,0.0,0.0,0.0,0.0,0.0,0.0,0.0,0.0,0.0,28.79345675626271,0.017604286261002678,20.56011788530524,0.0,0.017604286261002678,28.79345675626271,26.5299481761368,0.3047084400015712,0.3915796741702433,48.21023758532556,0.5537163581775524,0.3487198161635655,9.079576232532178,0.0,2.4579198329873835,0.4292123990895618,74.74018576146236,0.0,87.1,4.478472532942134,26.5299481761368,0.3047084400015712,0.6185979835662716,0.7595039818466641,25.80103195775154,0.34489403665065765,0.22883017361164093,0.5315743163228035,0.04195299445904177,0.023550482275063536,-0.3390815206060248,-0.6007475810951649,0.9754977029096478,48.21023758532556,0.5537163581775524,0.7215678337185597,1.5485301939017269,33.63730486699603,0.42892877105623484,0.4194602407515049,0.5147704444825649,0.09261675997041896,-0.17808599720526896,-0.05506680918842708,-0.5901268008516134,0.9758805513016845,0.7411489595278435,0.3614196249744924,0.0764544747051115,0.14388222829525044,0.1027353865357721,0.0030104904122186453,0.017734946974849952,0.10096412005114608,0.005367234563581596,0.030986329818756778,4.495035432883647,0.2588339433591272,0.09733224955749074,rl2,w06Lr-M7fxyxM1_2,3,2613.0,folding clothes,"{""short sleeve shirts"",""long sleeve shirts"",shorts}"
2025-10-12-04-18-32-000000,1992.0,66.4,0.0,0.0,0.0,0.0,0.0,0.0,0.0,0.0,0.0,0.0,0.0,0.0,0.0,0.0,42.20397564544397,0.3017068273092369,35.4456800305677,0.06224899598393574,0.3017068273092369,42.20397564544397,36.16725497074413,0.5449611497349693,0.652440847359857,45.42163236871863,0.6844043049028423,0.6507851445989661,9.816422088633807,0.0,6.479369204598183,0.6146827273189058,81.58888733946276,0.0,66.4,4.210645017918261,36.16725497074413,0.5449611497349693,0.7732633774259745,1.2159192645745946,32.20792997603001,0.48780883103609085,0.6037714388221502,0.8458652580156922,0.2491284987696618,0.3134484738737988,-0.17881946925200212,-0.4374481520688453,0.9924660974384731,45.42163236871863,0.6844043049028423,0.8357653093826753,1.5685373397197098,35.85871019447675,0.5373624786734581,0.5028360085561872,0.8537478828802705,0.23068712079336462,-0.04849565786685436,-0.302561467416663,-0.46337450484148635,0.9909593169261678,0.8243707266091678,0.3976905973175082,0.08650165647541531,0.08740245508417238,0.10254584664425119,0.003476951231877199,0.020547078764900986,0.10276597595165823,0.005747529431996793,0.03514508466631923,5.4039956678550265,0.3853676488332896,0.1897350532114536,rl2,4OOitkcdBEpTp3V5,1,1992.0,folding clothes,"{""short sleeve shirts"",""long sleeve shirts"",shorts}"
2025-10-12-04-25-04-000000,1883.0,62.766666666666666,0.0,0.0,0.0,0.0,0.0,0.0,0.0,0.0,0.0,0.0,0.0,0.0,0.0,0.0,44.98092262755876,0.49814126394052044,41.55755670559941,0.3308550185873606,0.49814126394052044,44.98092262755876,39.02601425782426,0.6220937448112261,0.06823463534692763,48.84295948107251,0.778580650601581,0.6627592780362959,12.7640319335504,0.00026567481402763017,5.544560615941253,0.7003371977064036,87.86897373889677,0.0,62.766666666666666,4.155230587778098,39.02601425782426,0.6220937448112261,0.8738745444357923,1.6024904584202069,39.69090860927709,0.5136393243446946,0.4902952164411545,0.574227649718523,0.1446105648700453,-0.2861602175822536,-0.16152123976885863,-0.35800137624443906,0.9909670563230606,48.84295948107251,0.778580650601581,0.9320096418338991,1.9732643731663655,43.937698881591885,0.3726166132837534,0.6702357986941934,0.879088660585694,0.21954447539098307,-0.17819176811158094,0.28244262503087125,-0.3912290436858301,0.9925611052072264,0.7973376577561901,0.47195251226825036,0.1173602437530214,0.09973593336177695,0.10347716897565408,0.004225775089915172,0.02404050960167145,0.10416824435762562,0.00507649644689899,0.03518465609110216,5.27410983384444,0.3710489516106466,0.18463189676566963,rl2,4OOitkcdBEpTp3V5,1,1883.0,folding clothes,"{""short sleeve shirts"",""long sleeve shirts"",shorts}"
2025-10-12-04-31-48-000000,2972.0,99.06666666666666,0.0,0.0,0.0,0.0,0.0,0.0,0.0,0.0,0.0,0.0,0.0,0.0,0.0,0.0,44.95234979795903,0.4956258411843876,40.10829421006645,0.29946164199192465,0.4956258411843876,44.95234979795903,42.06352717042272,0.4247411023603775,0.36724103786000406,72.6985895370047,0.7340820215786403,0.5369289081309551,9.227205543670339,0.0,3.5672919706651216,0.5794115619695089,114.76211670742741,0.0,99.06666666666666,4.605836630531252,42.06352717042272,0.4247411023603775,0.5848228500458224,1.2123884021070435,25.987304538489,0.4762832075357437,0.5142293013632298,0.5137744508683681,0.12583301224755294,-0.04132249965464062,-0.3803779356768242,-0.38361481541496967,0.9909121507909795,72.6985895370047,0.7340820215786403,0.7932784501209498,1.905638110587484,39.1841820056875,0.6351737305521965,0.5840202271938324,0.43920728377997875,0.16292583333125552,-0.3093293140119651,-0.057794355133368516,-0.4155680847925812,0.987209693705823,0.6538409071165747,0.44703774500705595,0.10878344281681321,0.19076206196736661,0.10112845846527545,0.0036690224401633373,0.029899137596542516,0.10249357976374282,0.005092446035591604,0.0264329742381096,6.747809505977948,0.32049802670349675,0.13737022405532856,rl2,4OOitkcdBEpTp3V5,1,2972.0,folding clothes,"{""short sleeve shirts"",""long sleeve shirts"",shorts}"
2025-10-12-04-36-08-000000,1947.0,64.9,0.0,0.0,0.0,0.0,0.0,0.0,0.0,0.0,0.0,0.0,0.0,0.0,0.0,0.0,40.960662938200294,0.3235747303543914,33.032330777283384,0.02157164869029276,0.3235747303543914,40.960662938200294,38.90123209393792,0.5997106694851683,0.4333224524533726,43.684224191833444,0.6734464161125404,0.370196970802364,11.878544632062834,0.00025693730729701953,7.064286358810551,0.6365785427988543,82.58545628577136,0.0,64.9,4.188138441508461,38.90123209393792,0.5997106694851683,0.8361560117181969,1.3871154965108936,37.49134310298413,0.664531234651804,0.3819378688931465,0.5111227342858911,0.12972787901261154,-0.07911947408607818,-0.28561955315941534,-0.35460659273544687,0.9856115107913669,43.684224191833444,0.6734464161125404,0.8919709722616423,1.6714336893611854,40.83348404159945,0.44575724960304797,0.4858396537601948,0.5100090058986098,0.11045088975857502,-0.2203419564673787,0.01544394860143287,-0.3773704984585999,0.986125385405961,0.8633772974476926,0.3439492955940014,0.05427692565870051,0.16688777217666997,0.10280982715459082,0.003843883904052323,0.027008663144110517,0.10286871512616723,0.004737771308653215,0.0336799527335155,5.494222171744301,0.351075746819182,0.20084564020329118,rl2,4OOitkcdBEpTp3V5,1,1947.0,folding clothes,"{""short sleeve shirts"",""long sleeve shirts"",shorts}"
2025-10-12-16-21-45-000000,2202.0,73.4,0.0,0.0,0.0,0.0,0.0,0.0,0.0,0.0,0.0,0.0,0.0,0.0,0.0,0.0,45.512445154440016,0.5386012715712988,39.684011345362435,0.16621253405994552,0.5386012715712988,45.512445154440016,41.743022677838866,0.5689644163267451,0.450108761908139,52.00344860412085,0.7088157465350412,0.47360320085200597,10.176593004896468,0.00022716946842344388,7.138386843412136,0.6388900814308931,93.74647128195971,0.0,73.4,4.309455941839047,41.743022677838866,0.5689644163267451,0.825340672197187,1.2341151835265833,35.68500121743261,0.4721215395256877,0.6030642413534224,0.5734344655647874,0.16326804201842995,-0.35239867863417024,-0.20665877179976902,-0.4070382139245412,0.9940935938209905,52.00344860412085,0.7088157465350412,0.8793489550783548,1.6448496272481006,39.3197338196428,0.5144478250294924,0.5636027157306671,0.6166422563837841,0.17879184034142395,-0.3060521480113904,0.15444064215979209,-0.43691280036846425,0.9936392548841436,0.792802767202768,0.37880749022425586,0.06649197374866403,0.2339075531022094,0.10253813570789175,0.003501413005788411,0.020947815136474757,0.10236701899000837,0.005027443413067431,0.03277351919549483,5.426565773856153,0.3365688225603223,0.1683172137305305,rl2,4OOitkcdBEpTp3V5,2,2202.0,folding clothes,"{""short sleeve shirts"",""long sleeve shirts"",shorts}"
2025-10-12-16-27-30-000000,2587.0,86.23333333333333,0.0,0.0,0.0,0.0,0.0,0.0,0.0,0.0,0.0,0.0,0.0,0.0,0.0,0.0,44.859350742178215,0.49168921530730575,40.134077615595544,0.21028218013142636,0.49168921530730575,44.859350742178215,38.72906362225945,0.44929308146472674,0.4229839158024987,61.236501663140054,0.7104002513125296,0.3503800229792189,10.28757717595831,0.00019334880123743234,6.436732401030483,0.5798466663886281,99.9655652853995,0.0,86.23333333333333,4.468586520867991,38.72906362225945,0.44929308146472674,0.6750703923973966,1.1994010750633701,28.308767210134036,0.5393201392143965,0.48486157320439816,0.5723848147317767,0.1496761169471652,-0.30701756333175556,-0.19588027654628254,-0.38351778766434824,0.9895591647331786,61.236501663140054,0.7104002513125296,0.7861037502764185,1.751969055476282,37.47235727874809,0.5645046215504408,0.6144018843770027,0.5240498455241323,0.18175762454521985,-0.29007210980187836,0.13552069521900073,-0.42076640157965034,0.9949729311678268,0.7710270099625512,0.34810327753674997,0.07455662624141791,0.19383938757485789,0.1013380769699979,0.0047281370360155745,0.030886062654825436,0.10149846885581847,0.005560008549691781,0.03300944568421921,6.651966906582015,0.42141288312625663,0.1819150151405739,rl2,4OOitkcdBEpTp3V5,2,2587.0,folding clothes,"{""short sleeve shirts"",""long sleeve shirts"",shorts}"
2025-10-12-16-35-00-000000,1483.0,49.43333333333333,0.0,0.0,0.0,0.0,0.0,0.0,0.0,0.0,0.0,0.0,0.0,0.0,0.0,0.0,48.869271638704305,0.6547538772757923,38.32768035719794,0.22184760620364127,0.6547538772757923,48.869271638704305,32.619054449185,0.6603047459349191,0.28008461508923327,43.85797174625134,0.887813193243954,0.18764479453835126,16.22722472260484,0.0016869095816464238,5.398751786180456,0.7740589695894367,76.47702619543634,0.0,49.43333333333333,3.9206523321262003,32.619054449185,0.6603047459349191,0.9373405510945351,1.5317658412149269,40.14371400252098,0.5730228573083878,0.38720377534627914,0.6097551640123129,0.13529041098294492,-0.2087919220990242,-0.22948587141285473,-0.30880444221680864,0.9912280701754386,43.85797174625134,0.887813193243954,1.090227931421463,2.163872105219935,47.59163978039707,0.4811359392479062,0.7091926634311676,0.6167219392955303,0.21043667492726817,-0.2286792480187718,0.13655889008654767,-0.3478554077276901,0.9919028340080972,0.8177561605084329,0.3845829873959064,0.0766314086820374,0.023395181410785715,0.10250536469756369,0.0054137880601866865,0.02976656622280162,0.10356718995139276,0.005031152673217248,0.027781091056569757,4.873246218086105,0.35850113614471046,0.24278386055012333,rl2,4OOitkcdBEpTp3V5,2,1483.0,folding clothes,"{""short sleeve shirts"",""long sleeve shirts"",shorts}"
2025-10-12-16-41-01-000000,2095.0,69.83333333333333,0.0,0.0,0.0,0.0,0.0,0.0,0.0,0.0,0.0,0.0,0.0,0.0,0.0,0.0,40.03163050229194,0.3064439140811456,33.47278159011456,0.04009546539379475,0.3064439140811456,40.03163050229194,42.15193385941966,0.6038959005647516,0.31754508116955543,50.047259663076964,0.717009450760415,0.2992314884338185,14.344789924582157,0.0002387774594078319,4.810693557188223,0.6604526756625833,92.19919352249661,0.0,69.83333333333333,4.260329699696362,42.15193385941966,0.6038959005647516,0.9207544133264711,1.4121011956136327,42.216025234486246,0.47814156115055084,0.7463641986250877,0.3991617225110531,0.14244794305140504,-0.23877293361542049,-0.13433554660154368,-0.36151069902363714,0.9856733524355301,50.047259663076964,0.717009450760415,0.9108462287237665,1.874896605528341,43.272229075895844,0.5168091841042042,0.5598279479891062,0.4084917698055506,0.11818656473379266,-0.1702714196973656,0.1555926136802804,-0.40469168869151706,0.9880611270296084,0.7864404369498608,0.3159300960164217,0.07222324760031901,0.13518692725159695,0.10058958499994711,0.0068207620359294506,0.03391372806635945,0.10121696753663366,0.007281784570567143,0.030818467522388412,5.279030180460269,0.2849892504525237,0.1699625190328472,rl2,4OOitkcdBEpTp3V5,2,2095.0,folding clothes,"{""short sleeve shirts"",""long sleeve shirts"",shorts}"
2025-10-12-16-50-06-000000,1990.0,66.33333333333333,0.0,0.0,0.0,0.0,0.0,0.0,0.0,0.0,0.0,0.0,0.0,0.0,0.0,0.0,45.1439677391525,0.5050251256281407,41.46953307372607,0.3487437185929648,0.5050251256281407,45.1439677391525,37.928009656321606,0.572066510653418,0.3071870856250288,51.69593551497576,0.7797275341625304,0.3059601340026973,9.499557114024174,0.0,3.364384364928214,0.6758970224079741,89.62394517129736,0.0,66.33333333333333,4.209655408733095,37.928009656321606,0.572066510653418,0.838160866543313,1.4198460101494936,37.69498652693889,0.5394175127148628,0.26946161687374115,0.4355480782687664,0.06330792153382556,-0.21936609055004527,-0.30130636760562507,-0.3698393283907942,0.9889391654097537,51.69593551497576,0.7797275341625304,0.9669081311265472,1.7942668870825829,46.34916653067736,0.5473318435251713,0.4699086472392082,0.4267224334180355,0.10975128855442404,-0.25107986234764956,0.21142642145962384,-0.378363369181565,0.9949723479135244,0.8036174278503165,0.5205554831080986,0.11781144207971574,0.21343104700218607,0.10031221536482114,0.0037230753044362524,0.021316328600184203,0.10267279549037013,0.005153796649559276,0.025725484779296773,4.717103403464697,0.2682774389308486,0.17146404636728677,rl2,4OOitkcdBEpTp3V5,3,1990.0,folding clothes,"{""short sleeve shirts"",""long sleeve shirts"",shorts}"
2025-10-12-16-57-37-000000,2571.0,85.7,0.0,0.0,0.0,0.0,0.0,0.0,0.0,0.0,0.0,0.0,0.0,0.0,0.0,0.0,46.17926835342794,0.6394399066511085,42.86431572456926,0.37728510307273433,0.6394399066511085,46.17926835342794,33.11828231551603,0.3865947352005763,0.23714543563533141,57.5342972172656,0.6716065823027112,0.24506398350422787,10.292274415705041,0.0001945525291828794,3.8048340275822103,0.5291006587516438,90.65257953278163,0.0,85.7,4.462453883786496,33.11828231551603,0.3865947352005763,0.6613024395692075,0.9947928913875823,27.140777920612596,0.5264301933348179,0.30640067160129547,0.5184022805187851,0.08361754383101841,-0.11990429805856138,-0.3465197493406596,-0.3580750850097572,0.982101167315175,57.5342972172656,0.6716065823027112,0.7595885447327225,1.6502234165933019,35.30976192996288,0.43457421846687794,0.4432000406086445,0.4915977641940117,0.09468335719767369,-0.327270775507427,-0.0897537474654081,-0.3856973305840128,0.9828793774319066,0.7593829833396812,0.34606929514230467,0.07040362426197351,0.19137467552244403,0.10278253930358262,0.002735135159476191,0.016860207866629964,0.10212190664604301,0.00512878362625167,0.027675052872042583,4.717813997997835,0.21680589699458133,0.11703126273832427,rl2,4OOitkcdBEpTp3V5,3,2571.0,folding clothes,"{""short sleeve shirts"",""long sleeve shirts"",shorts}"
2025-10-12-17-08-49-000000,1758.0,58.6,0.0,0.0,0.0,0.0,0.0,0.0,0.0,0.0,0.0,0.0,0.0,0.0,0.0,0.0,46.433396322700105,0.5415244596131968,40.12260459246477,0.29465301478953354,0.5415244596131968,46.433396322700105,34.26148997017279,0.5849998287451245,0.2588980272493939,49.51849987649623,0.8455065431388087,0.2800567646851251,11.860351616546708,0.0002845759817871372,5.2927096209464635,0.7152531859419665,83.77998984666903,0.0,58.6,4.087655574071304,34.26148997017279,0.5849998287451245,0.9041780586422911,1.4091632654969262,38.36336273661965,0.4079072270542383,0.31167640164494514,0.6056555844843388,0.07700005709421556,-0.15848247940277,-0.26072374061152626,-0.29772767018520435,0.9954467842914058,49.51849987649623,0.8455065431388087,1.0091144636551845,2.1319335167910562,45.023018372925215,0.3653793577104807,0.5920867174863815,0.5034227406140417,0.10890859519098556,-0.21389335597387438,0.1763271978758539,-0.32584766584538044,0.9954467842914058,0.7992788046728132,0.4507268548715304,0.11074128933764951,0.15130431010569487,0.1036171968202016,0.0038605491089950517,0.02096436006202476,0.10459784395247881,0.00456836786952171,0.025237446004714434,4.7883550058338304,0.21833889702542852,0.19229714699297318,rl2,4OOitkcdBEpTp3V5,3,1758.0,folding clothes,"{""short sleeve shirts"",""long sleeve shirts"",shorts}"
2025-10-12-19-17-44-000000,6709.0,223.63333333333333,0.0,0.0,0.0,0.0,0.0,0.0,0.0,0.0,0.0,0.0,0.0,0.0,0.0,0.0,27.963203393133693,0.005067819347145625,22.23751311933083,0.004471605306304963,0.005067819347145625,27.963203393133693,59.449657701884774,0.26587503444492294,0.42153629775057455,94.84763952670431,0.4241844343770318,0.43576243292966305,26.59578872033444,0.0013416815742397137,8.792462471842823,0.34502973441097734,154.2972972285891,0.0,223.63333333333333,5.414469443284061,59.449657701884774,0.26587503444492294,0.8065404196411388,0.4842364447625668,30.358736868560896,0.5728624537587166,0.5803011027164757,0.8928657500073314,0.2968177841742306,0.08240321453148215,-0.380399840168136,-0.7309459571783952,0.9874776386404294,94.84763952670431,0.4241844343770318,0.8624301700351267,0.983181890795912,33.725289163225575,0.6440818589180708,0.8253719806671143,0.9630655013024807,0.5119724771402495,-0.252727019461198,-0.08714780838418663,-0.7713236298991228,0.9897137745974955,0.9133634748558176,0.45694561883497786,0.12937690194518234,0.1499744111356771,0.10331576887342024,0.005012539817121971,0.031542985397776266,0.10003813297018757,0.006904647084492312,0.03473629483735312,28.420792321431705,0.6768993052935404,0.12341908916845967,rl2,cbb43DO-bmnqDXr5,1,6709.0,folding clothes,"{""short sleeve shirts"",""long sleeve shirts"",shorts}"
2025-10-12-19-30-48-000000,4552.0,151.73333333333332,0.0,0.0,0.0,0.0,0.0,0.0,0.0,0.0,0.0,0.0,0.0,0.0,0.0,0.0,32.228804753285246,0.008567662565905097,21.47407127521564,0.004393673110720563,0.008567662565905097,32.228804753285246,55.46471585395669,0.3656210669344542,0.3327193155396921,73.41879260662424,0.483973583431933,0.35380912656127556,18.278335032959113,0.0024170511975390024,12.914771777625957,0.42479732518319363,128.8835084605809,0.0,151.73333333333332,5.028693481351286,55.46471585395669,0.3656210669344542,0.8526907602076405,0.7639306326093623,31.395087283318173,0.4894627258181572,0.5386284179985523,0.7944788672029972,0.20945524358651846,0.16125331213472735,-0.4242718759285833,-0.7239229396719695,0.995165897604922,73.41879260662424,0.483973583431933,0.9201262014166699,1.1461986632549315,35.64854754233846,0.6961334496736526,0.7763049900531769,0.8211777936667204,0.4437742276729226,-0.23999971093246567,-0.029408193567506062,-0.7604799082294853,0.996704021094265,0.8901959783246588,0.5736600375805827,0.14218258982804458,0.14875446391360694,0.10355917008819229,0.006605242575504961,0.032613163159536426,0.10211764236399251,0.007244827415220621,0.033175194163164654,25.33103686724896,0.7750793627610241,0.17028269014455533,rl2,cbb43DO-bmnqDXr5,1,4552.0,folding clothes,"{""short sleeve shirts"",""long sleeve shirts"",shorts}"
2025-10-12-19-55-02-000000,6997.0,233.23333333333332,0.0,0.0,0.0,0.0,0.0,0.0,0.0,0.0,0.0,0.0,0.0,0.0,0.0,0.0,37.00529542205513,0.15106474203229955,33.92255897395684,0.04487637558953837,0.15106474203229955,37.00529542205513,88.98723592892593,0.3815919207929928,0.37587922180363526,115.55375110333961,0.4955135124499983,0.3124678316669165,18.864173053056856,0.000714694110920526,5.074391922251638,0.4385527166214956,204.54098703226555,0.0,233.23333333333332,5.456317769530043,88.98723592892593,0.3815919207929928,0.7391121569236703,1.093150699661845,24.326267934731188,0.6893975846469402,0.6011072024703026,0.6326012313365936,0.26215112279030933,0.06339579304725217,-0.44374221671152764,-0.612100934883697,0.9832761578044596,115.55375110333961,0.4955135124499983,0.7737899105468334,1.2371808583284802,28.57379284383068,0.5882796319201589,0.7322812117636204,0.6571581680327654,0.2830946185623711,-0.2739415557600363,-0.2714613831183977,-0.6300015148324861,0.9902801600914809,0.8450827782066638,0.39825083627978597,0.07700111447656585,0.09396001526436616,0.10683661838225421,0.006996124140860461,0.02639703910463316,0.10285298439906211,0.007583347492894946,0.03410290342845759,28.088812943480182,0.5954321166479692,0.1818252751867616,rl2,cbb43DO-bmnqDXr5,3,6997.0,folding clothes,"{""short sleeve shirts"",""long sleeve shirts"",shorts}"
2025-10-12-20-04-24-000000,5542.0,184.73333333333332,0.0,0.0,0.0,0.0,0.0,0.0,0.0,0.0,0.0,0.0,0.0,0.0,0.0,0.0,36.10336941173083,0.027066041140382534,31.186966500221963,0.007398051245037893,0.027066041140382534,36.10336941173083,57.27667058273629,0.31010650017724034,0.34582603371847787,96.70794706846772,0.5235947323685312,0.3218015910572643,22.404342957626838,0.001173073452445407,4.865065014276588,0.4168506162728858,153.98461765120402,0.0,184.73333333333332,5.224311953237541,57.27667058273629,0.31010650017724034,0.7278793591081222,0.6759378156174443,27.681846591389913,0.5390117913484573,0.34238478541374207,0.7260264307260513,0.13398776868644655,-0.09565744681911659,-0.42471362858639644,-0.5979058235488464,0.9888106839920592,96.70794706846772,0.5235947323685312,0.7799133941717584,1.3355112149509116,31.443946510934374,0.6128276027739048,0.6489908061921597,0.6647523269057274,0.2643849497731356,-0.3292734077935,-0.05838010340418228,-0.6339898125538405,0.9906154123804367,0.8008532509869123,0.45641028862118677,0.14116183179812114,0.10427238869847,0.10609007963316246,0.006402367112487209,0.026080867474762695,0.10176502144357732,0.00739354328693778,0.03248074310437141,22.158682234557546,0.5111114853379932,0.15060462046044717,rl2,cbb43DO-bmnqDXr5,3,5542.0,folding clothes,"{""short sleeve shirts"",""long sleeve shirts"",shorts}"
2025-10-12-20-15-26-000000,5872.0,195.73333333333332,0.0,0.0,0.0,0.0,0.0,0.0,0.0,0.0,0.0,0.0,0.0,0.0,0.0,0.0,34.26684181147281,0.005619891008174387,21.639096370693135,0.0008514986376021798,0.005619891008174387,34.26684181147281,56.236625243027,0.2873613962341697,0.5328399448568153,82.39371838134977,0.42102053337429624,0.34364388755294084,21.46200436009602,0.0005961505706012604,4.37105527270461,0.35419096480423296,138.63034362437676,0.0,195.73333333333332,5.28184917384073,56.236625243027,0.2873613962341697,0.6085352463278196,0.7005787341798954,20.0117156796681,0.5348947560414672,0.37616100162267685,0.7343837413936853,0.14776281692217166,0.12326736084524319,-0.4346475690363447,-0.6639797839825232,0.967126554249702,82.39371838134977,0.42102053337429624,0.7724984510661405,1.0546549048360125,29.316330683330236,0.6674788072705269,0.6293249763548374,0.6842100843787193,0.2874100301403525,-0.18173925276564648,-0.19693284878075537,-0.6944104274059202,0.9775166070516096,0.8086065910437027,0.39871230790002743,0.08207295597361008,0.0225724602242502,0.10420325108540762,0.006769779531158323,0.028219752666010733,0.10159567575897509,0.007308569354615769,0.036969068523813126,16.60626207849808,0.43073345233767385,0.14661044038533233,rl2,cbb43DO-bmnqDXr5,6,5872.0,folding clothes,"{""short sleeve shirts"",""long sleeve shirts"",shorts}"
2025-10-12-20-39-19-000000,6005.0,200.16666666666666,0.0,0.0,0.0,0.0,0.0,0.0,0.0,0.0,0.0,0.0,0.0,0.0,0.0,0.0,30.648759490072344,0.0004995836802664446,20.99250870595531,0.00033305578684429644,0.0004995836802664446,30.648759490072344,82.14253666656077,0.41043905729460745,0.1372831329288463,98.51064112280613,0.4922250555769793,0.5046896275933296,34.33649353974529,0.00033311125916055963,11.531150892835011,0.4513320564357934,180.6531777893669,0.0,200.16666666666666,5.304133751869476,82.14253666656077,0.41043905729460745,0.8261227034087173,1.1943017667909268,30.736317194216006,0.6707993112504482,1.094654694199562,0.4874514937400818,0.35793251943954957,-0.08140800929008724,-0.3620414478128945,-0.6528089981330721,0.987508327781479,98.51064112280613,0.4922250555769793,0.7301176558134206,1.255152638761566,28.037961727968696,0.3784717842936516,0.968105137348175,0.6209000907838345,0.22749809049801378,-0.24107427114805363,-0.0873617902281585,-0.6926742987581633,0.9913391072618255,0.8018697218058437,0.34576760599304873,0.062020919023953305,0.060973715701393864,0.10479394453551909,0.0070205681226556205,0.029646081944620206,0.1017744151427391,0.008869671299356995,0.035709185846501165,24.000501005185335,0.6353745311707222,0.20150625563040445,rl2,cbb43DO-bmnqDXr5,6,6005.0,folding clothes,"{""short sleeve shirts"",""long sleeve shirts"",shorts}"
2025-10-12-20-52-11-000000,5227.0,174.23333333333332,0.0,0.0,0.0,0.0,0.0,0.0,0.0,0.0,0.0,0.0,0.0,0.0,0.0,0.0,37.21468053817456,0.025062177157069064,26.494400636617282,0.0001913143294432753,0.025062177157069064,37.21468053817456,47.51924632318298,0.2727855701675258,0.28707341385810964,91.7118198665419,0.526474281667864,0.2514305051054876,16.99566415339884,0.0003827018752391887,8.977731053595452,0.39962992591769503,139.23106618972488,0.0,174.23333333333332,5.166118419157293,47.51924632318298,0.2727855701675258,0.496433925787994,0.6167921364628544,16.642971970483387,0.4511620793491602,0.6347946133464575,0.7472240161150694,0.2140014146676324,0.24098279290022415,-0.475797429339084,-0.7038094737843714,0.9894756984309223,91.7118198665419,0.526474281667864,0.686908222132424,1.3285291766050165,26.438715536503285,0.701567068696022,0.9054274596273899,0.7531214710325003,0.47839638143916374,-0.12267327304262762,-0.30007342154310074,-0.7483729423485769,0.9931113662456946,0.7241688393740879,0.4274570363682173,0.14796279486180314,0.12566536196295092,0.1056461496227069,0.0062893526043717694,0.028228437063531772,0.10112673247879575,0.007436008870062397,0.03249395729250086,21.8349993008708,0.6993628776340811,0.12281202317656893,rl2,cbb43DO-bmnqDXr5,5,5227.0,folding clothes,"{""short sleeve shirts"",""long sleeve shirts"",shorts}"
2025-10-12-21-23-35-000000,6914.0,230.46666666666667,0.0,0.0,0.0,0.0,0.0,0.0,0.0,0.0,0.0,0.0,0.0,0.0,0.0,0.0,24.506337945366393,0.0017356089094590686,19.289977285543927,0.0,0.0017356089094590686,24.506337945366393,67.07184683972419,0.29106833577198404,0.34935075374268687,89.37229129849814,0.3878444581158606,0.3173816226159726,7.564897462709644,0.0,6.830640584405327,0.3394563969439223,156.44413813822234,0.0,230.46666666666667,5.444435874678031,67.07184683972419,0.29106833577198404,0.49404202638745787,0.7002889967252136,15.789007317177001,0.7150598913431168,0.3577202670276165,0.46536075323820114,0.11903528568284258,-0.11411277701825524,-0.3194512865665868,-0.7710303637385799,0.9824967452625488,89.37229129849814,0.3878444581158606,0.5548301429281387,1.000194793646499,19.89862485646907,0.5478489920496941,0.7077853977680206,0.444953054189682,0.17253478127111976,-0.2594647924644085,-0.01635182765657033,-0.7927679236140991,0.9879936351800954,0.7802783996846914,0.3473018362054735,0.07576269022236662,0.02550019791830955,0.10447625632057275,0.008587184322715965,0.029326744314487244,0.10108774748428898,0.008667616211720306,0.033357306344878296,26.654504180628216,0.5411196257715001,0.14547848518293963,rl2,cbb43DO-bmnqDXr5,5,6914.0,folding clothes,"{""short sleeve shirts"",""long sleeve shirts"",shorts}"
2025-10-12-21-34-53-000000,7098.0,236.6,0.0,0.0,0.0,0.0,0.0,0.0,0.0,0.0,0.0,0.0,0.0,0.0,0.0,0.0,40.13244788391246,0.03353057199211045,21.771615566025204,0.003663003663003663,0.03353057199211045,40.13244788391246,90.08614894347727,0.38080660396002786,0.5501522176318091,115.23769532075138,0.4871256671301313,0.5170565609826933,20.480781372204177,0.0009158799492743413,5.547375628129761,0.4339661355450795,205.32384426422865,0.0,236.6,5.47058858748849,90.08614894347727,0.38080660396002786,0.7170312753858721,1.2079527208164824,25.07729794899179,0.6783763654530048,0.4499516412615776,0.7741843983530998,0.23630938180696068,0.27971762844494413,-0.4675330595305165,-0.678300023764355,0.9809778779766098,115.23769532075138,0.4871256671301313,0.8509832559886875,1.3135624581618346,33.70485242268805,0.43494734168052673,0.9061734415590763,0.8130045216530561,0.32043575624375964,-0.05282360062440193,-0.2719489442772614,-0.7093967596435314,0.9880231083556432,0.7914890192968503,0.41191216856587787,0.06628229403282657,0.18776270740831094,0.1060583595134552,0.008636616834542971,0.03486931595836751,0.10508628442869754,0.006824620111135738,0.03198912249331247,25.2877812768149,0.4844371405489367,0.1718049196064471,rl2,cbb43DO-bmnqDXr5,7,7098.0,folding clothes,"{""short sleeve shirts"",""long sleeve shirts"",shorts}"
2025-10-12-21-50-03-000000,8106.0,270.2,0.0,0.0,0.0,0.0,0.0,0.0,0.0,0.0,0.0,0.0,0.0,0.0,0.0,0.0,31.834827729607696,0.000616827041697508,22.873085419552844,0.0,0.000616827041697508,31.834827729607696,67.62496790265659,0.2503083327673903,0.1772026856230829,118.12325123735218,0.4372236319704584,0.11046808688625025,14.624409924696607,0.00030845157310302283,7.243938262300782,0.3437659823689243,185.74821914000876,0.0,270.2,5.60285655606624,67.62496790265659,0.2503083327673903,0.47681789438402755,0.6070336863572666,16.279746557527705,0.5609715394675732,0.3428111746907234,0.6235609613358974,0.11991533260013705,0.1800129239884238,-0.38731835182648644,-0.7006922533885913,0.9802590993214065,118.12325123735218,0.4372236319704584,0.5766247233147879,1.1524753753127874,24.12307677141738,0.43663643673062325,0.647871695458889,0.61099037155509,0.17283963767572866,-0.1287806591310518,-0.24909783285583398,-0.7413025365265988,0.9902529302899444,0.65259330141863,0.3649218964755425,0.08017797999072403,0.13980993182731574,0.10555558425269047,0.00783009836897197,0.029086506143499516,0.10256887057250814,0.007301016007091778,0.029816333943166545,26.899946336464268,0.4401087465051497,0.1255391842157415,rl2,cbb43DO-bmnqDXr5,7,8106.0,folding clothes,"{""short sleeve shirts"",""long sleeve shirts"",shorts}"
2025-10-12-23-35-41-000000,6062.0,202.06666666666666,0.0,0.0,0.0,0.0,0.0,0.0,0.0,0.0,0.0,0.0,0.0,0.0,0.0,0.0,25.977186331110055,0.00791817881887166,23.955667702827398,0.021280105575717585,0.021280105575717585,25.977186331110055,84.11804744907928,0.41635727165028524,0.18305408753973124,116.60692125725713,0.5771667443850378,0.19397771024814378,27.840148732203694,0.0023923444976076554,7.497655090604215,0.49676200801766146,200.72496870633643,0.0,202.06666666666666,5.313534332352897,84.11804744907928,0.41635727165028524,0.7798021155723087,1.0495988320457483,28.38177364463924,0.4908953048288822,0.42527901381254196,0.6042610332369804,0.12615004780695527,0.021862919107896832,-0.3486317015145157,-0.7131075916381038,0.9839960402573833,116.60692125725713,0.5771667443850378,1.1977605967549396,1.3801908163910321,49.104245062496204,0.6367210932075977,0.6663748137652874,0.9446503033395857,0.4008103059022496,-0.32127366641659877,-0.02182053290284861,-0.7478311894211206,0.9912555683880547,0.8244309352298642,0.48959303115917346,0.11657611347852158,0.033147120251782444,0.10415433032834157,0.008096999715602281,0.03391631913248011,0.1015024675383157,0.008709758683872422,0.03452488204857612,26.590892000397556,0.5391644856212343,0.17772131056945098,rl2,cbb43DO-bmnqDXr5,4,6062.0,folding clothes,"{""short sleeve shirts"",""long sleeve shirts"",shorts}"
2025-10-12-23-59-23-433000,1992.0,66.4,0.0,0.0,0.0,0.0,0.0,0.0,0.0,0.0,0.0,0.0,0.0,0.0,0.0,0.0,42.204284023012846,0.3017068273092369,35.44603063183087,0.06224899598393574,0.3017068273092369,42.204284023012846,36.16721496615908,0.5449605469536778,0.6524366537586005,45.42157908012675,0.6844035019607244,0.6507950723827546,9.816739278778439,0.0,6.479365998208767,0.6146820244572011,81.58879404628583,0.0,66.4,4.210645017918261,36.16721496615908,0.5449605469536778,0.7732637311873494,1.2159251187031666,32.207975788846376,0.48778906650841236,0.6037674080580473,0.8458714624866843,0.24911856901902715,0.31345341291211276,-0.17881936690657063,-0.43744757860930766,0.9924660974384731,45.42157908012675,0.6844035019607244,0.8357657166500645,1.5685217412171315,35.85872361725668,0.537361390888691,0.5028448272496462,0.8537549395114183,0.23069260634278635,-0.04849078412444507,-0.3025610701110982,-0.46337398754977005,0.9909593169261678,0.8243696291621159,0.397690597461506,0.08650165674621767,0.08740240487328028,0.10254584668658799,0.003476951262348036,0.02054707260300738,0.10276597722202403,0.00574753063095801,0.0351450924462344,5.4039832203805584,0.3853690562090915,0.18973512037568172,rl2,4OOitkcdBEpTp3V5,1,1992.0,folding clothes,"{""short sleeve shirts"",""long sleeve shirts"",shorts}"
2025-10-12-23-59-38-361000,1889.0,62.96666666666667,0.0,0.0,0.0,0.0,0.0,0.0,0.0,0.0,0.0,0.0,0.0,0.0,0.0,0.0,44.950078985585506,0.49761778718898886,41.5349032884589,0.3292747485442033,0.49761778718898886,44.950078985585506,39.10593536480563,0.6213866848221233,0.06848026465050652,48.89980378872339,0.7770095941004777,0.6660143893104774,12.756849082544463,0.0005296610169491525,6.517127832408311,0.6991981394613005,88.00573915352902,0.0,62.96666666666667,4.158362114345545,39.10593536480563,0.6213866848221233,0.8557068027736936,1.5986327048333009,38.99857437157544,0.5147636104375124,0.49009180068969727,0.5854059336706996,0.14768704301458316,-0.286023948852381,-0.16159800491513918,-0.35854007815406,0.9904661016949152,48.89980378872339,0.7770095941004777,0.9104897737770091,1.9824145594011098,43.21772668694611,0.3917769258841872,0.6707015419378877,0.8475837726145983,0.22271567911616555,-0.178329680891251,0.28202630653184857,-0.391628747253766,0.993114406779661,0.7836000844057353,0.4715139839260295,0.11744890558933596,0.10210854821062629,0.10346571939371542,0.004194457667514756,0.022286014524876024,0.10425869557258974,0.004857472919708728,0.029204539654003353,5.282104365950396,0.37102987969046264,0.18518729512352333,rl2,4OOitkcdBEpTp3V5,1,1889.0,folding clothes,"{""short sleeve shirts"",""long sleeve shirts"",shorts}"
2025-10-12-23-59-52-539000,2973.0,99.1,0.0,0.0,0.0,0.0,0.0,0.0,0.0,0.0,0.0,0.0,0.0,0.0,0.0,0.0,44.964028296266555,0.49747729566094856,40.19977414001924,0.30339724184325595,0.49747729566094856,44.964028296266555,41.94003822123854,0.42335166441357874,0.3405066560099613,72.70458446735688,0.7338955363461329,0.5231184906723958,7.730064174650192,0.0,3.5672105619464385,0.5786236003798557,114.64462268859542,0.0,99.1,4.6061696863211745,41.94003822123854,0.42335166441357874,0.5818433967491407,1.2110494116045254,25.865869540065802,0.4711046852171421,0.5139826033264399,0.49676813557744026,0.12028724387451117,-0.0413541897515501,-0.38067696786655086,-0.38370607687323893,0.990578734858681,72.70458446735688,0.7338955363461329,0.8040651814044728,1.8857499006811684,39.55292902291379,0.6350163538008928,0.5847751013934612,0.4185929987579584,0.15544105781853446,-0.309347028376361,-0.05780799535769486,-0.4153029697747031,0.9865410497981157,0.6615807851311145,0.44736035947098135,0.10859011702547472,0.19016500579006337,0.10111328709854359,0.0036804911607467385,0.03008479959300414,0.10255927204229044,0.00509281412866633,0.027039369333772545,6.755502028591495,0.3205066476619651,0.13774209803322954,rl2,4OOitkcdBEpTp3V5,1,2973.0,folding clothes,"{""short sleeve shirts"",""long sleeve shirts"",shorts}"
2025-10-13-00-00-06-022000,1947.0,64.9,0.0,0.0,0.0,0.0,0.0,0.0,0.0,0.0,0.0,0.0,0.0,0.0,0.0,0.0,40.96137636765429,0.3235747303543914,33.032533781249235,0.02157164869029276,0.3235747303543914,40.96137636765429,38.90123568879645,0.5997107249043645,0.43332720436253175,43.68421756152924,0.6734463138981898,0.370196331329987,11.878491903612886,0.00025693730729701953,7.06427085704078,0.6365785194012771,82.58545325032568,0.0,64.9,4.188138441508461,38.90123568879645,0.5997107249043645,0.8361568650020029,1.3871303652676494,37.49136134712276,0.664532694965601,0.3819406107068062,0.5111246583983302,0.12972958373205623,-0.07911917096712785,-0.2856217814570185,-0.35460574094600245,0.9856115107913669,43.68421756152924,0.6734463138981898,0.8919710555552428,1.67143320507402,40.83348785550607,0.44575827568769455,0.4858454465866089,0.5100111616775393,0.11045292782615236,-0.22034136225714798,0.015441873625095618,-0.37736960438821077,0.986125385405961,0.8633774362376808,0.3439492909703545,0.05427692255118543,0.16688774538400097,0.10280982679354614,0.0038438787875709475,0.027008651502614986,0.10286871507086288,0.004737771315281783,0.03367995787226441,5.494225704962988,0.3510747591841099,0.2008457012446205,rl2,4OOitkcdBEpTp3V5,1,1947.0,folding clothes,"{""short sleeve shirts"",""long sleeve shirts"",shorts}"
2025-10-13-00-00-19-171000,2185.0,72.83333333333333,0.0,0.0,0.0,0.0,0.0,0.0,0.0,0.0,0.0,0.0,0.0,0.0,0.0,0.0,45.64450663838851,0.5437070938215103,39.703102049226906,0.16750572082379864,0.5437070938215103,45.64450663838851,41.47466047065518,0.569706874596912,0.4086693615845344,51.9272912163797,0.7132869672579629,0.4730897629133869,14.52418858988925,0.0006868131868131869,6.5075290370328585,0.6414969209274375,93.40195168703488,0.0,72.83333333333333,4.30181030081708,41.47466047065518,0.569706874596912,0.8437246601179236,1.2401532596447007,36.48776821596244,0.4691027905791998,0.548214468639344,0.5599246183410287,0.14399521894066875,-0.35185485137733086,-0.20775186473618792,-0.40569080181539197,0.9926739926739927,51.9272912163797,0.7132869672579629,0.9073467925606232,1.6489999024334272,40.476859022399076,0.49299766309559345,0.5604276098310947,0.6191409879829735,0.17106215522582688,-0.3062903189353935,0.15372011743133485,-0.43599454877243826,0.9935897435897436,0.8110920910456088,0.37902299313530896,0.06637559005589501,0.23390754409353506,0.10250528031707727,0.003530398027407663,0.0209478516498392,0.10242190904082481,0.004977016279504499,0.03280867656058116,5.342058378045715,0.3213868508664938,0.16641760296487704,rl2,4OOitkcdBEpTp3V5,2,2185.0,folding clothes,"{""short sleeve shirts"",""long sleeve shirts"",shorts}"
2025-10-13-00-00-33-262000,2584.0,86.13333333333334,0.0,0.0,0.0,0.0,0.0,0.0,0.0,0.0,0.0,0.0,0.0,0.0,0.0,0.0,44.839112850266815,0.48955108359133126,40.152753771440075,0.21323529411764705,0.48955108359133126,44.839112850266815,39.25446339251397,0.4559171125727522,0.4192991576809814,61.59029702668235,0.7153344602402132,0.355327634234006,12.701863556471402,0.0007742934572202865,6.4367273124552025,0.5856257864064827,100.84476041919632,0.0,86.13333333333334,4.467439512522012,39.25446339251397,0.4559171125727522,0.7389001611244098,1.1970030107800838,31.512294687326882,0.6017871890217066,0.48534815944731236,0.6616245359182358,0.1932448494642743,-0.30706256770546153,-0.1959801393099008,-0.38337099615335984,0.989159891598916,61.59029702668235,0.7153344602402132,0.8168038993070327,1.753677040008207,38.999194619630686,0.5726168751716614,0.61426942050457,0.6040195431560278,0.21245845992398135,-0.2901469047005424,0.13570805922474402,-0.4206014947108665,0.994579945799458,0.7883619623862238,0.3483763365220712,0.07457452844630573,0.19420528034547394,0.10133741069257317,0.0047321071752907526,0.030790990403857688,0.10147925016743886,0.005562147812545257,0.03258705780610614,6.930825607313243,0.42760255855440227,0.19700138416469784,rl2,4OOitkcdBEpTp3V5,2,2584.0,folding clothes,"{""short sleeve shirts"",""long sleeve shirts"",shorts}"
2025-10-13-00-00-46-425000,1475.0,49.166666666666664,0.0,0.0,0.0,0.0,0.0,0.0,0.0,0.0,0.0,0.0,0.0,0.0,0.0,0.0,48.81123026892154,0.6508474576271186,38.32715816827531,0.21694915254237288,0.6508474576271186,48.81123026892154,32.12555501683641,0.6538444033277424,0.2648698791139076,42.848939559236044,0.8720951063616563,0.18811814412655126,10.396627076715012,0.0010176390773405698,5.236663730873873,0.7629697548446993,74.97449457607246,0.0,49.166666666666664,3.915350795520821,32.12555501683641,0.6538444033277424,0.9014873719379228,1.5445765033784455,38.72744491514303,0.5709553193300962,0.38580448366701603,0.5340679511427879,0.11764295132154043,-0.21014170404902455,-0.22940143115060815,-0.31058499199985445,0.991180461329715,42.848939559236044,0.8720951063616563,0.9890936616570054,2.1391319726876676,43.57066972039422,0.49130229745060205,0.5850119963288307,0.4892565314657986,0.14062100549368386,-0.23005204385935754,0.13750565228778552,-0.34960486757774223,0.9925373134328358,0.8033232875964956,0.3855341734649174,0.07503574623829862,0.1792039698345122,0.10247054294700608,0.005422197526487494,0.02831999035050964,0.10358860358651638,0.004979570109559776,0.024869977530250734,4.538964360472991,0.3460669596682961,0.21842108892170578,rl2,4OOitkcdBEpTp3V5,2,1475.0,folding clothes,"{""short sleeve shirts"",""long sleeve shirts"",shorts}"
2025-10-13-00-01-00-898000,2095.0,69.83333333333333,0.0,0.0,0.0,0.0,0.0,0.0,0.0,0.0,0.0,0.0,0.0,0.0,0.0,0.0,40.03271192501489,0.3064439140811456,33.47243054061804,0.04009546539379475,0.3064439140811456,40.03271192501489,42.151927738059634,0.6038958128661838,0.3175213309473969,50.047286598479985,0.7170098366544411,0.2991779804871766,14.344768112549682,0.0002387774594078319,4.810201660546392,0.6604528247603125,92.19921433653963,0.0,69.83333333333333,4.260329699696362,42.151927738059634,0.6038958128661838,0.9207536593948082,1.4121014011832358,42.216005876101846,0.4781341105699539,0.746329577639699,0.3991606626659632,0.14243873765998571,-0.23877325103682664,-0.13434372245829201,-0.3615117453554365,0.9856733524355301,50.047286598479985,0.7170098366544411,0.9108460132553272,1.8748973146406023,43.272214954897294,0.5168071463704109,0.5598103739321232,0.4084935989230871,0.11818291783880092,-0.1702714391211648,0.15558449714395955,-0.40469275411920785,0.9880611270296084,0.78644041896174,0.3159300927671737,0.0722232435865679,0.13518692953715658,0.10058958580114796,0.006820762044652282,0.03391373870366317,0.10121696736491365,0.007281784728809107,0.030818471222735885,5.279017783399613,0.28497886803471956,0.16996255917034986,rl2,4OOitkcdBEpTp3V5,2,2095.0,folding clothes,"{""short sleeve shirts"",""long sleeve shirts"",shorts}"
2025-10-13-00-01-17-454000,1990.0,66.33333333333333,0.0,0.0,0.0,0.0,0.0,0.0,0.0,0.0,0.0,0.0,0.0,0.0,0.0,0.0,45.140399762256166,0.5050251256281407,41.470452139771496,0.3487437185929648,0.5050251256281407,45.140399762256166,37.92792475213952,0.5720652300473532,0.30715765127808287,51.69588929853694,0.7797268370820052,0.3059316889945767,9.49945685495838,0.0,3.3647946411510734,0.6758960335646791,89.62381405067646,0.0,66.33333333333333,4.209655408733095,37.92792475213952,0.5720652300473532,0.8381557703500219,1.4198755502068117,37.69473991644642,0.5394185483455658,0.26944641023874283,0.43554188683629036,0.0633035705010044,-0.21936912724757615,-0.301298277415148,-0.3698443514046882,0.9889391654097537,51.69588929853694,0.7797268370820052,0.9669060474982055,1.7942919101481376,46.349080956410226,0.5473308525979519,0.4699128922075033,0.42673865519464016,0.10975625350658964,-0.2510782209898921,0.2114348400676981,-0.3783603237193059,0.9949723479135244,0.8036181820137772,0.5205554982148513,0.11781146343568542,0.21343113069695868,0.10031221177233286,0.003723100692676724,0.02131670236245728,0.10267279566940753,0.005153796715077751,0.02572547160110568,4.717137782332629,0.2683026194285381,0.1714641960783792,rl2,4OOitkcdBEpTp3V5,3,1990.0,folding clothes,"{""short sleeve shirts"",""long sleeve shirts"",shorts}"
2025-10-13-00-01-37-879000,2583.0,86.1,0.0,0.0,0.0,0.0,0.0,0.0,0.0,0.0,0.0,0.0,0.0,0.0,0.0,0.0,46.173817926365025,0.6384049554781263,42.87772454575615,0.37824235385210997,0.6384049554781263,46.173817926365025,33.29072981873705,0.38680166326960164,0.2362260068441438,57.817435854061756,0.6717750099232581,0.24638693283513327,9.193913155292343,0.0,3.1235138977571837,0.5292883365964299,91.1081656727988,0.0,86.1,4.467056883858457,33.29072981873705,0.38680166326960164,0.6338152673844499,0.996210312279019,26.436152690703945,0.5220097508281469,0.31833356618881226,0.5021999012678862,0.08345217747284103,-0.1196903434599722,-0.3461849019666928,-0.3576440094759961,0.9821843532145623,57.817435854061756,0.6717750099232581,0.7431377154055927,1.6718773738785127,34.93493223188507,0.44365979731082916,0.44362265430390835,0.48771498911082745,0.09599086286159639,-0.3267050637253151,-0.08917485270515112,-0.38489487096580755,0.982571649883811,0.7486042060816077,0.34601319934321767,0.07019958278623088,0.1911386604835853,0.10277967910472809,0.0027573681310187064,0.017467197768840134,0.10210441285917857,0.005125047836842746,0.027842395655146387,4.6751079175549295,0.21027737921491174,0.11435083933755198,rl2,4OOitkcdBEpTp3V5,3,2583.0,folding clothes,"{""short sleeve shirts"",""long sleeve shirts"",shorts}"
2025-10-13-00-02-22-038000,1758.0,58.6,0.0,0.0,0.0,0.0,0.0,0.0,0.0,0.0,0.0,0.0,0.0,0.0,0.0,0.0,46.433673409811846,0.5415244596131968,40.12175044840026,0.29465301478953354,0.5415244596131968,46.433673409811846,34.26144753577961,0.5849991041965784,0.2589079606874832,49.518464985397195,0.8455059473886829,0.28006374868797435,11.859432476609792,0.0002845759817871372,5.291773662692015,0.7152525257926308,83.77991252117681,0.0,58.6,4.087655574071304,34.26144753577961,0.5849991041965784,0.9041729519150642,1.4091770423395835,38.363131224020556,0.40791446156799793,0.3116749729961157,0.6056613121181726,0.0770017979797444,-0.15848257642454416,-0.2607235633180105,-0.2977263023245092,0.9954467842914058,49.518464985397195,0.8455059473886829,1.0091109861883873,2.131905389309024,45.02286200314592,0.3653910830616951,0.5920851454138756,0.5034299739636481,0.10891336587062368,-0.21389307987699296,0.17632743048619912,-0.3258463045506949,0.9954467842914058,0.7992769862715825,0.45072685145478164,0.11074128427403124,0.15130428528259893,0.10361719758492575,0.0038605521893516825,0.020964375611581154,0.10459784368694583,0.0045683680267115485,0.02523744281343028,4.788330140411036,0.21834371521741758,0.19229726986328616,rl2,4OOitkcdBEpTp3V5,3,1758.0,folding clothes,"{""short sleeve shirts"",""long sleeve shirts"",shorts}"
2025-10-13-00-04-59-000000,7163.0,238.76666666666668,0.0,0.0,0.0,0.0,0.0,0.0,0.0,0.0,0.0,0.0,0.0,0.0,0.0,0.0,29.44675645256454,0.004607008236772302,27.534434046483764,0.024431104285913722,0.024431104285913722,29.44675645256454,108.51575146230584,0.4545479675885473,0.15384759578064405,139.08865121888505,0.582610937805997,0.1546534955261415,43.783145124974304,0.003351019268360793,3.557136407135301,0.5185794526972722,247.6044026811909,0.0,238.76666666666668,5.479666228205201,108.51575146230584,0.4545479675885473,1.3670472350485552,1.2426128716324663,54.914718726814385,0.6170146092772484,0.4181399345397949,1.628617599606514,0.42018081362676113,-0.034603683867078454,-0.35543623640269983,-0.6637392730159448,0.982127897235409,139.08865121888505,0.582610937805997,1.1666652188728894,1.376226206610042,46.92366149408215,0.4756795447319746,0.6318826545029879,0.5726365447044373,0.17211945832247993,-0.34125223753938216,-0.12169487312765766,-0.7203967396576079,0.9893884389835241,0.6043268171212984,0.4095786071794046,0.07973556626230768,0.14728923838910374,0.10597112845571645,0.006748613962406271,0.027916679646591183,0.10240640444359125,0.008431320099754577,0.03250230536830165,27.14855099507006,0.46886814968871915,0.20909835327908574,rl2,cbb43DO-bmnqDXr5,4,7163.0,folding clothes,"{""short sleeve shirts"",""long sleeve shirts"",shorts}"
2025-10-13-00-26-50-123000,1608.0,53.6,0.0,0.0,0.0,0.0,0.0,0.0,0.0,0.0,0.0,0.0,0.0,0.0,0.0,0.0,49.18259433670521,0.6486318407960199,42.6200813307501,0.32649253731343286,0.6486318407960199,49.18259433670521,29.339221388654114,0.54771415162391,0.07180744960894381,35.09857557038424,0.6552316534608135,0.10948051062927919,8.51121071667246,0.0,5.0932689106282165,0.6014729025423617,64.43779695903835,0.0,53.6,4.000033882750859,29.339221388654114,0.54771415162391,0.7943309269449339,1.3159160542692288,36.03206191495818,0.5041028819978237,0.3009394146502018,0.4318798165768385,0.06551807977492959,-0.16996257542227095,-0.22977693102366537,-0.251297185046596,0.9813316739265713,35.09857557038424,0.6552316534608135,0.7968109016621356,1.7711088790161764,37.42618561539924,0.4469783119857311,0.4013428967446089,0.4020354198291898,0.07212176536556199,-0.24297608520641034,0.075827501722863,-0.2902831244004418,0.9670192906036092,0.7988709862426281,0.32837231602923866,0.044347188983246244,0.22933910684171785,0.10142928362799644,0.003849990573668126,0.029812866455087836,0.10255748577144136,0.005342142930918335,0.026672153182074637,4.182510432104716,0.4134817924267227,0.18548286050671522,rl2,4OOitkcdBEpTp3V5,4,1608.0,folding clothes,"{""short sleeve shirts"",""long sleeve shirts"",shorts}"
2025-10-13-00-27-04-770000,1781.0,59.36666666666667,0.0,0.0,0.0,0.0,0.0,0.0,0.0,0.0,0.0,0.0,0.0,0.0,0.0,0.0,52.91497579294306,0.8820887142055025,48.82511590331011,0.7439640651319483,0.8820887142055025,52.91497579294306,29.85766209347379,0.5032190240473111,0.2199011771591494,41.89456861334881,0.7060882350564407,0.2752177117826489,10.39460655934057,0.0002808988764044944,3.420468513999423,0.604653629551876,71.7522307068226,0.0,59.36666666666667,4.100437076221258,29.85766209347379,0.5032190240473111,0.7447143750263657,1.229041307813636,33.430537641569536,0.621379904448986,0.18426449596881866,0.3142352048307657,0.035979382580778124,-0.2034808751143377,-0.3137501039380675,-0.273836823113384,0.9938202247191011,41.89456861334881,0.7060882350564407,0.8452580081142168,1.57486990481064,40.38166349145073,0.5681745857000351,0.4306895826011896,0.35154595598578453,0.08602571236432903,-0.2763103184727915,0.1881120326841336,-0.2888063873472356,0.994943820224719,0.7800598562512397,0.5129162269810558,0.0983295464649963,0.23357754075690437,0.1006313202166932,0.004376036019616643,0.03285089840437504,0.10234003238363751,0.005907476319578894,0.02961322291551728,4.39372407182116,0.30970584891037223,0.15176788184209594,rl2,4OOitkcdBEpTp3V5,4,1781.0,folding clothes,"{""short sleeve shirts"",""long sleeve shirts"",shorts}"
2025-10-13-00-27-19-744000,2082.0,69.4,0.0,0.0,0.0,0.0,0.0,0.0,0.0,0.0,0.0,0.0,0.0,0.0,0.0,0.0,50.11377908467702,0.7761767531219981,44.51017507324958,0.46829971181556196,0.7761767531219981,50.11377908467702,32.05723685165481,0.4621418094904585,0.19187168935266946,43.65883262417378,0.6293921089501266,0.17291149713255505,7.327940843596544,0.0,4.807852755037478,0.5457669592202926,75.71606947582859,0.0,69.4,4.254193263163997,32.05723685165481,0.4621418094904585,0.6605589427077625,1.0878145006596616,29.632237280583617,0.4552882928401232,0.2688579447567463,0.3088499251753092,0.03780566293727008,-0.22412239829450487,-0.24531621220239816,-0.28118680898407894,0.9827006246996636,43.65883262417378,0.6293921089501266,0.7279291505833795,1.691218003895165,34.71552740690703,0.522862883284688,0.39113086089491844,0.3358157202601433,0.0686769374028663,-0.2833610934256348,0.10649933158449103,-0.31084962929514,0.9908697741470447,0.7495782960253413,0.36629476235037123,0.062176321128054955,0.18264606371043193,0.10081501523117012,0.003587941409231232,0.021426902543042872,0.10216957496039825,0.0054281331917818065,0.025344541092180345,4.325640223520616,0.2972970527707182,0.14233332266646403,rl2,4OOitkcdBEpTp3V5,4,2082.0,folding clothes,"{""short sleeve shirts"",""long sleeve shirts"",shorts}"
2025-10-13-00-27-33-211000,2122.0,70.73333333333333,0.0,0.0,0.0,0.0,0.0,0.0,0.0,0.0,0.0,0.0,0.0,0.0,0.0,0.0,51.689068205470555,0.8760603204524033,44.42607412096541,0.47973609802073514,0.8760603204524033,51.689068205470555,29.5338865569949,0.4177353119801259,0.3864341387449432,57.21267494389424,0.8092316116533839,0.4367043092971035,8.479741780440676,0.0,3.2726988026866835,0.613483461816755,86.74656150088914,0.0,70.73333333333333,4.272955539619519,29.5338865569949,0.4177353119801259,0.5711678688869257,1.0413181985794517,24.50354740215952,0.6048373356461525,0.21129712462425232,0.3606152255088091,0.046086766419367785,-0.19948428810041302,-0.2870489154695678,-0.2669731015348272,0.9882131070249882,57.21267494389424,0.8092316116533839,0.8126164761202057,2.008068027348322,38.476881365719485,0.620224729180336,0.49476838298141956,0.4392715338617563,0.13479819534474877,-0.2558237681771882,0.10605795872703982,-0.30959669838885057,0.9933993399339934,0.6126748008874338,0.41915342886614937,0.1144347566176128,0.17280253433427,0.09957648730551268,0.0040055145405764265,0.02731593541997565,0.10191975415850478,0.005365222847539044,0.026138980175388432,4.927262433973156,0.2306224048952622,0.11632603579995407,rl2,4OOitkcdBEpTp3V5,4,2122.0,folding clothes,"{""short sleeve shirts"",""long sleeve shirts"",shorts}"
2025-10-13-00-35-50-000000,7045.0,234.83333333333334,0.0,0.0,0.0,0.0,0.0,0.0,0.0,0.0,0.0,0.0,0.0,0.0,0.0,0.0,34.101820915032825,0.0056777856635912,30.476986589621294,0.00454222853087296,0.0056777856635912,34.101820915032825,77.81884634289513,0.3314260917499792,0.09547007113092529,135.96793404827247,0.5790797872584007,0.44641679454317046,12.46121920791504,0.00021294718909710392,4.984992593281935,0.45525293950419,213.7867803911676,0.0,234.83333333333334,5.463125340849283,77.81884634289513,0.3314260917499792,0.5661309166385552,0.8527765455173855,20.660565703780538,0.4342898838222027,0.41889508068561554,0.35475990921258926,0.06453859528201031,0.05351140847967672,-0.41764325647911676,-0.6216836682135455,0.987649063032368,135.96793404827247,0.5790797872584007,0.7591376779279051,1.497114943177181,30.60350947068603,0.6193624064326286,0.6280221110209823,0.6963950283825397,0.2708790625265089,-0.2926700889238013,-0.19677262625340908,-0.6537033762528995,0.9909142532651902,0.647636430367571,0.4390543084422755,0.12582550958291566,0.12722323244752748,0.10697655210070338,0.005803063955300083,0.033627023761244226,0.10164214154471041,0.007963873623531187,0.03504588156199094,24.116580697541636,0.4169310145327726,0.13079365425126055,rl2,cbb43DO-bmnqDXr5,16,7045.0,folding clothes,"{""short sleeve shirts"",""long sleeve shirts"",shorts}"
2025-10-13-00-43-42-000000,6058.0,201.93333333333334,0.0,0.0,0.0,0.0,0.0,0.0,0.0,0.0,0.0,0.0,0.0,0.0,0.0,0.0,28.8294659707781,0.0,23.531168740526166,0.0,0.0,28.8294659707781,79.43650298963627,0.3934447894484214,0.11435560731356867,99.74878945326776,0.4940504678220296,0.062010332043176436,8.001121512621783,0.0,2.3030739706964085,0.44374762863522543,179.18529244290403,0.0,201.93333333333334,5.312877517879366,79.43650298963627,0.3934447894484214,0.5767932681211849,1.2125085114833665,19.933701341947256,0.5592706389725208,0.3656386435031891,0.2728380933403969,0.05579292302743127,-0.032345578007273355,-0.32235350274471963,-0.6038475891015009,0.9841505695889053,99.74878945326776,0.4940504678220296,0.5954139909691544,1.3408074877513092,23.3844609626066,0.359549205750227,0.45411245431751013,0.3127099350094795,0.05105795613553296,-0.2508489331928475,-0.10549122553489038,-0.6409604492304879,0.9891035165923725,0.7052240111243167,0.32829372708031573,0.04895365876517798,0.16722929513625276,0.1052874521688822,0.00641908903193037,0.028554240226124586,0.10101517090947096,0.009391581046036233,0.03568310502083649,19.080334510763215,0.32463680842191434,0.19735295358924484,rl2,cbb43DO-bmnqDXr5,16,6058.0,folding clothes,"{""short sleeve shirts"",""long sleeve shirts"",shorts}"
2025-10-13-00-57-30-000000,8208.0,273.6,0.0,0.0,0.0,0.0,0.0,0.0,0.0,0.0,0.0,0.0,0.0,0.0,0.0,0.0,27.715920161722824,0.007675438596491228,21.264191720065185,0.007309941520467836,0.007675438596491228,27.715920161722824,112.01515382286324,0.4094619976466306,0.1664962171642008,153.48782006674145,0.5610618498845187,0.14914460129301574,16.40920840131178,0.0010357012306567565,6.798320673333947,0.4852619237655746,265.5029738896047,0.0,273.6,5.6153154933338705,112.01515382286324,0.4094619976466306,0.717233394955453,1.0884355402167407,28.400278509658055,0.5809340551495552,0.378911517560482,0.5206734389066696,0.11461199343449388,0.07995451482085032,-0.3551030592202276,-0.6782128607280566,0.9893992932862191,153.48782006674145,0.5610618498845187,0.88103513503506,1.3708881680288427,36.98094961485225,0.5815729759633541,0.601878073066473,0.5185638889670372,0.18151604090928458,-0.2662718257520504,-0.028946331501871175,-0.7148610796901029,0.9926891677835994,0.7641352767389343,0.48831674422396515,0.10921774407557702,0.12252375375069066,0.10363361514603255,0.00719607737497977,0.03189070912044181,0.10119667407666436,0.008447412904963697,0.03547183218760325,34.603280218713,0.5075526523493169,0.174917631969324,rl2,cbb43DO-bmnqDXr5,14,8208.0,folding clothes,"{""short sleeve shirts"",""long sleeve shirts"",shorts}"
2025-10-13-01-18-34-000000,6488.0,216.26666666666668,0.0,0.0,0.0,0.0,0.0,0.0,0.0,0.0,0.0,0.0,0.0,0.0,0.0,0.0,32.966686106046296,0.005394574599260173,17.71781799213643,0.0027743526510480886,0.005394574599260173,32.966686106046296,96.78426754303021,0.44759180303544116,0.1517546576367734,152.30617745378862,0.7043603088659872,0.1339507938478113,19.905323381265113,0.0010790812394018807,8.464864376652555,0.5759760559507142,249.09044499681883,0.0,216.26666666666668,5.381125477735352,96.78426754303021,0.44759180303544116,0.7944561703251917,1.0217543561140154,32.38565716169733,0.4780472032725811,0.39419902488589287,0.8331564757972956,0.15700478976673587,0.10075403934513459,-0.4419126610120049,-0.6974626175632055,0.996916910744566,152.30617745378862,0.7043603088659872,0.9540440624362075,1.7794138674647593,41.84658709327091,0.5904703587293625,0.6735713854432106,0.8383511882275343,0.33343233566719455,-0.16467788077194104,-0.11269344161191794,-0.7428829273370895,0.9978418375211963,0.712978021145814,0.4469177647946229,0.12161116030684867,0.03749329765371195,0.10433469527852741,0.005530540692723123,0.033714130064040435,0.10176502866800721,0.006806605535511074,0.031550174752458096,32.50926611166306,0.5580113836700806,0.1816059328260452,rl2,cbb43DO-bmnqDXr5,14,6488.0,folding clothes,"{""short sleeve shirts"",""long sleeve shirts"",shorts}"
2025-10-13-02-24-10-000000,5958.0,198.6,0.0,0.0,0.0,0.0,0.0,0.0,0.0,0.0,0.0,0.0,0.0,0.0,0.0,0.0,28.303265456427134,0.0018462571332661967,13.377705079571,0.0003356831151393085,0.0018462571332661967,28.303265456427134,77.89370324128085,0.3922798551684447,0.5475861643591522,91.34128390099532,0.46000310844886005,0.5543836274695186,19.382975086826335,0.00016786973308712439,5.47936104175362,0.4261414818086524,169.23498714227617,0.0,198.6,5.296315363877364,77.89370324128085,0.3922798551684447,0.6419228469541114,1.0523607953736642,21.26589432492528,0.5098864212632179,0.5194588974118233,0.7481431309133768,0.1981569589444378,0.10249148541186086,-0.330179297046679,-0.6787123525294483,0.9890884673493369,91.34128390099532,0.46000310844886005,0.644851895384948,1.1417723193303422,23.51268611342684,0.47992072999477386,0.5230734944343567,0.7770139835774899,0.19505678327699708,-0.1071287538039055,-0.11502804220851857,-0.7104662287900285,0.9944602988081249,0.8145850823834833,0.3212696932161385,0.05417376294843449,0.17102042303930345,0.10702495105828407,0.005720787591727968,0.03443352817499734,0.10271775517538796,0.008896164596245515,0.035343617461367285,26.147746933253856,0.4628487714676435,0.20980244336688986,rl2,cbb43DO-bmnqDXr5,8,5958.0,folding clothes,"{""short sleeve shirts"",""long sleeve shirts"",shorts}"
2025-10-13-02-33-23-000000,6097.0,203.23333333333332,0.0,0.0,0.0,0.0,0.0,0.0,0.0,0.0,0.0,0.0,0.0,0.0,0.0,0.0,30.537261368424186,0.010496965720846317,21.048928938775877,0.03493521403969165,0.03493521403969165,30.537261368424186,69.00961869712822,0.3396142652417727,1.2953821486884836,119.95170161057574,0.5903134921780302,0.8719165847859763,31.537548360849033,0.0014763779527559055,22.376298628533807,0.46496387870990147,188.96132030770394,0.0,203.23333333333332,5.319263131063499,69.00961869712822,0.3396142652417727,0.7323550827175999,0.7699517132202485,27.151760952180556,1.0135887637734413,0.7984779253602028,0.8104527518153191,0.6559223099815016,0.28676952826730173,-0.28849267482767343,-0.6861982677948804,0.9958989501312336,119.95170161057574,0.5903134921780302,1.0236787613992775,1.4988985500377627,41.51217795054991,0.7708537615835667,1.1071449890732765,0.8266733288764954,0.705521772850495,-0.1007237683334604,-0.19676791075924677,-0.7104294992713277,0.9973753280839895,0.7154843625520201,0.4365188550578544,0.15267499838817797,0.08374814947609825,0.10434117526187756,0.005024841385396932,0.0339999280618966,0.10096545315157977,0.006730946566087428,0.03465632137036666,31.98951663866367,1.0018908196349703,0.1670292002236327,rl2,cbb43DO-bmnqDXr5,8,6097.0,folding clothes,"{""short sleeve shirts"",""long sleeve shirts"",shorts}"
2025-10-13-02-48-34-000000,5935.0,197.83333333333334,0.0,0.0,0.0,0.0,0.0,0.0,0.0,0.0,0.0,0.0,0.0,0.0,0.0,0.0,32.73667117420208,0.0,21.02908176579846,0.0,0.0,32.73667117420208,78.08650961729703,0.39477507389937827,0.08344208874011712,92.62108374529424,0.4682562373371801,0.11043486352812963,6.19874062549079,0.0,1.596512655245746,0.4315156556182792,170.70759336259127,0.0,197.83333333333334,5.292466952869861,78.08650961729703,0.39477507389937827,0.5826950255554338,1.2669687644297618,19.81491805826172,0.5339647866785526,0.2827552668750286,0.24503108114004135,0.03699512483365665,0.020439426678294834,-0.3917824703851666,-0.6059197092894857,0.9674755645433097,92.62108374529424,0.4682562373371801,0.5882202241985619,1.269401107504794,21.10886815754646,0.3491017837077379,0.39390599727630615,0.20006193220615387,0.02751117375366046,-0.17686948563617974,-0.16196654977440902,-0.6390969179715041,0.975901584091675,0.7058522473208239,0.31818249184911374,0.05164787017087989,0.1542577288146029,0.10348405825806392,0.004758843228210131,0.02485502265921416,0.10174267146266765,0.006538329465074165,0.03061648621524897,14.464724398508348,0.23014627393631862,0.19043082112823487,rl2,cbb43DO-bmnqDXr5,11,5935.0,folding clothes,"{""short sleeve shirts"",""long sleeve shirts"",shorts}"
2025-10-13-02-56-33-000000,4908.0,163.6,0.0,0.0,0.0,0.0,0.0,0.0,0.0,0.0,0.0,0.0,0.0,0.0,0.0,0.0,32.377339190763415,0.0010187449062754685,21.013146900851545,0.0010187449062754685,0.0010187449062754685,32.377339190763415,49.45960171412605,0.30238191388297975,0.0895250667291826,69.28763025861673,0.4236048314160387,0.12129236398112886,12.683672468032164,0.0002037905033625433,4.026009315642358,0.3629933726495092,118.74723197274278,0.0,163.6,5.103518288242969,49.45960171412605,0.30238191388297975,0.5111701845686312,0.8099560457349211,16.124616600532324,0.20288574323058128,0.34253041073679924,0.3448772206902504,0.023967082760407578,0.23193600898594902,-0.33956008270753285,-0.6369068986753695,0.9708579580191563,69.28763025861673,0.4236048314160387,0.6051917146629997,1.0600210455586123,22.53083601887504,0.3505822066217661,0.4499694323167205,0.45215216651558876,0.07132758143733432,-0.11834262075610823,-0.21641902381804914,-0.6522233554578789,0.9757489300998573,0.7608006863397582,0.37634746492549975,0.06698021544511641,0.14226872561235823,0.09987998776636502,0.004961459495792395,0.024984657065509355,0.09874325358333164,0.007640055863231329,0.0339625739070438,12.475124638200482,0.2878985399201103,0.16746849665133087,rl2,cbb43DO-bmnqDXr5,11,4908.0,folding clothes,"{""short sleeve shirts"",""long sleeve shirts"",shorts}"
2025-10-13-03-51-05-413000,2429.0,80.96666666666667,0.0,0.0,0.0,0.0,0.0,0.0,0.0,0.0,0.0,0.0,0.0,0.0,0.0,0.0,35.08421610142854,0.026759983532317826,28.193268427713317,0.01399752984767394,0.026759983532317826,35.08421610142854,31.88818998476525,0.39400564231588037,0.548756795483718,57.68896448307204,0.7127961015206594,0.6401218365332997,8.106144643549548,0.0,2.0632704160114197,0.5534008719182699,89.57715446783729,0.0,80.96666666666667,4.406312660554037,31.88818998476525,0.39400564231588037,0.5686215578033822,1.031655574023045,23.13225388995795,0.36693583242595196,0.5462837591767311,0.5403325594961643,0.10831024830585499,0.2423537155178507,-0.33473453643824175,-0.577725902495744,0.9954695222405272,57.68896448307204,0.7127961015206594,0.7622049036401317,1.8044823018883942,34.74430844192311,0.6848097741603851,0.7509729117155075,0.6020960286259651,0.30964208620984784,-0.14835817255685546,-0.201800953649119,-0.5769071332687039,0.992998352553542,0.674801390463964,0.44724760401012115,0.12802241068832929,0.14493383615496444,0.10353058515951044,0.0028849849361979926,0.013093439236688278,0.10117152100776265,0.006259915009103932,0.03186213408211144,6.650972659027023,0.35570510260432353,0.13827411955660046,rl2,w06Lr-M7fxyxM1_2,16,2429.0,folding clothes,"{""short sleeve shirts"",""long sleeve shirts"",shorts}"
2025-10-13-03-51-22-623000,2175.0,72.5,0.0,0.0,0.0,0.0,0.0,0.0,0.0,0.0,0.0,0.0,0.0,0.0,0.0,0.0,32.72031484886542,0.08137931034482758,23.98249377195742,0.0,0.08137931034482758,32.72031484886542,43.66630912296282,0.6025709630583646,0.34161156365012413,44.29323440352337,0.6112221858811874,0.3286417764002472,10.67527948373134,0.00022999080036798528,2.4087295717682053,0.606896574469776,87.95954352648619,0.0,72.5,4.297285406218791,43.66630912296282,0.6025709630583646,0.8142714792065728,1.6278560088184704,35.13252387145325,0.3363595511764288,0.6204489879310131,0.49772001057863235,0.103871151571582,0.31173876745262363,-0.09441142628350745,-0.502632321645131,0.9894204231830727,44.29323440352337,0.6112221858811874,0.7859749647930144,1.584166755828115,34.76506065876767,0.4562046155333519,0.41936990385875106,0.46579229086637497,0.08911467576543851,-0.10370782234288495,-0.19896451639664497,-0.527633374292275,0.9935602575896965,0.7850138278759141,0.44716206891219845,0.1068375491480237,0.20099240098009818,0.10347972465562431,0.004612435673662527,0.020999952530794175,0.10173546568044448,0.006841654505565582,0.0316436799379803,5.835939418149984,0.22081538906702755,0.12481923875384228,rl2,w06Lr-M7fxyxM1_2,16,2175.0,folding clothes,"{""short sleeve shirts"",""long sleeve shirts"",shorts}"
2025-10-13-03-52-23-515000,2256.0,75.2,0.0,0.0,0.0,0.0,0.0,0.0,0.0,0.0,0.0,0.0,0.0,0.0,0.0,0.0,38.9062248930132,0.09929078014184398,28.61996568244225,0.0031028368794326243,0.09929078014184398,38.9062248930132,45.37803641023433,0.6036989322869312,0.29223213691095673,57.34191061474366,0.7628635558502482,0.33640024249273415,14.83458101854677,0.0015521064301552106,1.8214058377327857,0.6832812440685897,102.71994702497798,0.0,75.2,4.333361462692601,45.37803641023433,0.6036989322869312,1.0043531782838968,1.4993451210237738,42.689012094098985,0.3991104867309332,0.44296881556510925,0.5912409089505672,0.10452754939226067,0.21608162310935478,-0.3746012205882196,-0.5338304545086353,0.9982261640798226,57.34191061474366,0.7628635558502482,0.8986382659132134,1.914083848602647,40.27473064226572,0.571792084723711,0.42065322771668434,0.5136422943323851,0.12354442203529693,-0.19512645591459904,-0.14895090342326242,-0.5261205462004052,0.9982261640798226,0.7223036777323796,0.479822023582288,0.1222198311521444,0.11776226959269324,0.10166608518661695,0.0035498451888411817,0.018434502203882194,0.09938556929390453,0.005592918361796733,0.03146727376148015,7.896106018460824,0.301582699340339,0.14091336661045856,rl2,w06Lr-M7fxyxM1_2,13,2256.0,folding clothes,"{""short sleeve shirts"",""long sleeve shirts"",shorts}"
2025-10-13-03-52-56-528000,2325.0,77.5,0.0,0.0,0.0,0.0,0.0,0.0,0.0,0.0,0.0,0.0,0.0,0.0,0.0,0.0,30.758091354261488,0.043010752688172046,20.191829972830753,0.0,0.043010752688172046,30.758091354261488,50.09595679728864,0.6466775834417638,0.34122912707861885,50.89885255393546,0.6570419864965852,0.3229597094372623,13.449879925222055,0.0021514629948364886,2.5967109035993454,0.6518597849691745,100.9948093512241,0.0,77.5,4.363098624788363,50.09595679728864,0.6466775834417638,1.0844548413160828,1.633787067702059,48.546204392538456,0.22524938359856606,0.3466286747716367,0.5123559851199389,0.04000367697784187,0.274221871123519,-0.1375574550689799,-0.5065148037567895,0.9827882960413081,50.89885255393546,0.6570419864965852,1.0050752836786114,1.66676397147654,45.94462545864643,0.27428910322487354,0.29091823217459023,0.44237008690834045,0.03529923119288827,-0.030586747910466887,-0.16306089620296194,-0.506381692312738,0.9858003442340791,0.9248471731808786,0.3122752243269871,0.05043288848793527,0.17171679185934952,0.10190818113081507,0.0039778014851897855,0.02124719786757008,0.10175828342298848,0.004395747513049694,0.029461874037578897,4.580730778583753,0.17856892343886094,0.1040820377803093,rl2,w06Lr-M7fxyxM1_2,13,2325.0,folding clothes,"{""short sleeve shirts"",""long sleeve shirts"",shorts}"
2025-10-13-03-53-27-758000,2495.0,83.16666666666667,0.0,0.0,0.0,0.0,0.0,0.0,0.0,0.0,0.0,0.0,0.0,0.0,0.0,0.0,35.22410373693549,0.022044088176352707,30.202987049809906,0.04168336673346693,0.04168336673346693,35.22410373693549,36.201787623807846,0.4354665712567103,0.32461608943907694,68.64454511223151,0.8257162603716701,0.28175919193987287,15.735755536932789,0.0016038492381716118,1.370801046642558,0.6305914158141903,104.84633273603936,0.0,83.16666666666667,4.432798960047305,36.201787623807846,0.4354665712567103,0.894298739785757,1.0362672881846715,35.48992238784175,0.48325952515006065,0.3034155201166868,0.5180052947252989,0.07595430836783158,-0.3076720340494701,-0.26666972873907885,-0.5626268563183671,0.9935846030473136,68.64454511223151,0.8257162603716701,0.9662826153042191,2.062594478107319,42.97605721723337,1.0288430005311966,0.5565751045942307,0.5985059849917889,0.342721524954344,-0.2222815144914417,0.13060903532589987,-0.5559155813125307,0.9959903769045709,0.5638395653009899,0.4496153627059625,0.14528828825224815,0.12535423658218497,0.1032356900344387,0.003281726449390251,0.01794711401438126,0.10116984721231738,0.006712046027798005,0.03339309426782752,6.986957743968604,0.3047231850531417,0.13337644300514134,rl2,w06Lr-M7fxyxM1_2,13,2495.0,folding clothes,"{""short sleeve shirts"",""long sleeve shirts"",shorts}"
2025-10-13-03-53-53-876000,2418.0,80.6,0.0,0.0,0.0,0.0,0.0,0.0,0.0,0.0,0.0,0.0,0.0,0.0,0.0,0.0,25.47298088754517,0.03391232423490488,11.505479922153805,0.0012406947890818859,0.03391232423490488,25.47298088754517,48.57916360041081,0.6029685180026166,0.5011290328959911,56.963947973596646,0.7070411415837399,0.4627472423878503,22.713861223536917,0.0014480761274306992,7.306042096391013,0.6550048297931782,105.54311157400745,0.0,80.6,4.401829261970061,48.57916360041081,0.6029685180026166,0.987155457199808,1.6212932494621528,42.25686884127565,0.400957316160202,0.3565324153751135,0.7879706677049398,0.11264377977248824,0.06091994259851569,-0.3402006473520122,-0.6992292934843795,0.9958626396359123,56.963947973596646,0.7070411415837399,1.0690768442142946,1.7982709574262958,46.572550073949785,0.6089502749964595,0.8058501593768597,0.7834172388538718,0.38444060399905866,-0.09693769073692313,-0.04301398826131163,-0.6878534519164442,0.9987587918907737,0.8690473400126965,0.3436621875189558,0.07140021355844088,0.14348816354893004,0.10220624863953683,0.003064279020440546,0.01767296393228411,0.10144115710645031,0.004937697625773541,0.02599967009981799,10.557291132533852,0.5740707943880061,0.1636859175845218,rl2,w06Lr-M7fxyxM1_2,11,2418.0,folding clothes,"{""short sleeve shirts"",""long sleeve shirts"",shorts}"
2025-10-13-03-54-21-206000,2680.0,89.33333333333333,0.0,0.0,0.0,0.0,0.0,0.0,0.0,0.0,0.0,0.0,0.0,0.0,0.0,0.0,27.419487168384457,0.01828358208955224,20.6263398266316,0.005970149253731343,0.01828358208955224,27.419487168384457,44.56116210354836,0.4990051747317845,0.49078223391934633,68.4135804563178,0.7661095235869854,0.4397533310442124,17.160295064681275,0.0013064576334453153,8.428253019219852,0.632557349159385,112.97474255986617,0.0,89.33333333333333,4.503506532211591,44.56116210354836,0.4990051747317845,0.8705939907087803,1.2566604641109231,36.38141248932135,0.5037266593426466,0.37818569876253605,0.873033064417541,0.1663147357253169,-0.256719185057124,-0.26125752248092377,-0.6808922113881989,0.9985069055617768,68.4135804563178,0.7661095235869854,0.9252438122779713,1.9716656202393064,41.99357086525478,0.8059131391346455,0.5744167491793633,0.8648487441241741,0.4003644338763716,-0.15701948966863113,0.1309638299381935,-0.6913391016284699,0.9988801791713325,0.7764336051330923,0.4461692690876874,0.1259719791191206,0.20066431798791876,0.10186667981172491,0.0033024360059912897,0.022244151488911013,0.09944373764502147,0.007182748875962445,0.033247560350391156,12.419569168136956,0.6425476979124453,0.2421998557520921,rl2,w06Lr-M7fxyxM1_2,11,2680.0,folding clothes,"{""short sleeve shirts"",""long sleeve shirts"",shorts}"
2025-10-13-03-55-38-230000,2370.0,79.0,0.0,0.0,0.0,0.0,0.0,0.0,0.0,0.0,0.0,0.0,0.0,0.0,0.0,0.0,20.02119322561498,0.009282700421940928,15.60508089242673,0.0008438818565400844,0.009282700421940928,20.02119322561498,37.3058927747105,0.4724258266109391,0.5492283983653738,57.49617557502006,0.7281069089280718,0.5052074288708408,8.156416398371857,0.0,5.106873732956136,0.6002663677695055,94.80206834973056,0.0,79.0,4.382026634673881,37.3058927747105,0.4724258266109391,0.7943154055206749,1.2757524983316202,31.728358520672902,0.32805795036256313,0.2677511777728796,0.6947736535221338,0.06102746049832274,-0.21964835174861147,-0.1470026579367209,-0.7167943672603193,0.9945124525116082,57.49617557502006,0.7281069089280718,0.8308049416727707,1.7961119583078748,38.239700601762046,0.4136040825396776,0.4126333501189947,0.7220363207161427,0.12322765592308083,-0.08630322321280759,0.15503174563357017,-0.7097697295075605,0.9953566905867455,0.7506940007349249,0.34342678414394273,0.07367698928745188,0.14479821082597713,0.103812496556991,0.0025040352610187283,0.017533711615119504,0.10193255566291308,0.006170299548546891,0.029983543768829682,6.342762603837544,0.35108145444929456,0.12679243725123063,rl2,w06Lr-M7fxyxM1_2,8,2370.0,folding clothes,"{""short sleeve shirts"",""long sleeve shirts"",shorts}"
2025-10-13-03-55-42-588000,413.0,13.766666666666667,0.0,0.0,0.0,0.0,0.0,0.0,0.0,0.0,0.0,0.0,0.0,0.0,0.0,0.0,21.974314813473736,0.012106537530266344,17.413992850809603,0.0,0.012106537530266344,21.974314813473736,5.456323947995392,0.3973051418443247,0.5826208859176175,8.730779628884061,0.6357363807439851,0.4935254761796585,7.991764257100339,0.0,0.6889240049781123,0.5165207612941549,14.187103576879453,0.0,13.766666666666667,2.69237238838298,5.456323947995392,0.3973051418443247,0.744976881104673,0.9155725261426876,31.934217937185654,0.3515161816030741,0.2368774302303791,0.6452160626649857,0.05372472183756415,-0.005736292851750556,-0.3103934893199664,-0.7241497819760665,0.9830097087378641,8.730779628884061,0.6357363807439851,0.7995195237245148,1.727556961902862,38.36842909997723,0.3167525343596935,0.3599037863314152,0.5830693617463112,0.06647016171744324,-0.20444567519134096,-0.036810820996953,-0.7111610984632669,0.9902912621359223,0.7501273838087172,0.3502089930672398,0.07128922596413613,0.18301855106529538,0.10354219032430191,0.0022130420317401853,0.012430694177084117,0.10185279924830948,0.005830937009611055,0.029889445325784608,1.0345295138431982,0.2307233352025363,0.10273791683708623,rl2,w06Lr-M7fxyxM1_2,8,413.0,folding clothes,"{""short sleeve shirts"",""long sleeve shirts"",shorts}"
2025-10-13-03-56-06-797000,2493.0,83.1,0.0,0.0,0.0,0.0,0.0,0.0,0.0,0.0,0.0,0.0,0.0,0.0,0.0,0.0,22.44232645054518,0.026875250701965503,15.046104161135888,0.00681909346169274,0.026875250701965503,22.44232645054518,47.30509772459075,0.5694835199589577,0.5706693914424387,55.90421987354338,0.6730042520892061,0.4994728273609665,9.966039952159548,0.0,5.748091968563513,0.6212438860240819,103.20931759813413,0.0,83.1,4.432006566978902,47.30509772459075,0.5694835199589577,0.9467772405076766,1.5893109398017586,39.839867045103944,0.36501726135611534,0.21696115657687187,0.7842211909592152,0.062106057802648905,-0.06618333188424651,-0.288122174816824,-0.695827289082101,0.9951845906902087,55.90421987354338,0.6730042520892061,0.9053657685227559,1.8169410716930374,40.18962801290798,0.2869564788416028,0.4198649898171425,0.7597948908805847,0.09154235193302147,-0.15121304640240857,0.05964769756419019,-0.6764021606961205,0.9979935794542536,0.9012478583449084,0.36567455165456525,0.06850665283960727,0.18793593988391716,0.10317445983972583,0.0028314367323059426,0.01857901884562492,0.1029825930323397,0.004815110465312495,0.0304117651814515,8.402220665347444,0.381456926254107,0.16602750084225848,rl2,w06Lr-M7fxyxM1_2,8,2493.0,folding clothes,"{""short sleeve shirts"",""long sleeve shirts"",shorts}"
2025-10-13-03-56-28-534000,1871.0,62.36666666666667,0.0,0.0,0.0,0.0,0.0,0.0,0.0,0.0,0.0,0.0,0.0,0.0,0.0,0.0,25.973954718842567,0.00427578834847675,17.372048203168905,0.003206841261357563,0.00427578834847675,25.973954718842567,39.121551581280045,0.6276184745659901,0.05806964082508091,45.43770152437355,0.72894708327872,0.04000567638085711,14.129462028036645,0.0010695187165775401,8.10598759843405,0.678282778922355,84.5592531056536,0.0,62.36666666666667,4.148937960826274,39.121551581280045,0.6276184745659901,0.9822373288295975,1.6020411153162615,38.65556473956322,0.3182583209127188,0.5182706099003553,0.8340814560651779,0.1375766767109839,0.2830339209756499,-0.18438965451798114,-0.6916244644542259,0.9978609625668449,45.43770152437355,0.72894708327872,0.9411422246909195,1.7382182658707468,38.73927282107078,0.4671439863741398,0.4717725273221731,0.7930336128920317,0.17477326716724895,-0.182639326193912,-0.0711025348499259,-0.6838667978324048,0.9973262032085561,0.8886978422529944,0.48931557206609233,0.1206543756802377,0.21250628448107797,0.10259768389215138,0.0033065893941827914,0.018044668183077775,0.10154771289359313,0.005573029937044828,0.029186818504300827,8.777864450477413,0.4968716097166686,0.17782990037502808,rl2,w06Lr-M7fxyxM1_2,8,1871.0,folding clothes,"{""short sleeve shirts"",""long sleeve shirts"",shorts}"
2025-10-13-03-56-52-773000,2216.0,73.86666666666666,0.0,0.0,0.0,0.0,0.0,0.0,0.0,0.0,0.0,0.0,0.0,0.0,0.0,0.0,14.53697119361588,0.0018050541516245488,16.55448377116783,0.0013537906137184115,0.0018050541516245488,16.55448377116783,51.037085433000684,0.6912472067675037,0.5844131479240116,49.704682088354446,0.6732011118061549,0.6230795239182576,15.065333167763416,0.0009029345372460496,3.4398381462816214,0.6822241592868293,100.74176752135513,0.0,73.86666666666666,4.315708753636233,51.037085433000684,0.6912472067675037,1.0543418216165712,1.8821820382683323,45.77007848138245,0.3377097938209772,0.33137598633766174,0.6688426416367292,0.07484945501573671,0.057865915606924695,-0.1499600665320885,-0.653123482439788,0.9918735891647855,49.704682088354446,0.6732011118061549,0.9996265738450889,1.8299084180046312,43.673407846787946,0.2685368172824383,0.2881815219298005,0.7127749994397163,0.05515976742531271,-0.19517829311197954,0.021289486836112273,-0.648410563061303,0.9914221218961625,0.9481589638833819,0.31316023137940047,0.05987383429503169,0.19580321846505824,0.10343375064127103,0.003318959310656117,0.01876070903071622,0.10310855152907493,0.004144883257499709,0.024690225692473783,5.592684472108054,0.24877034420384506,0.11187253516384325,rl2,w06Lr-M7fxyxM1_2,8,2216.0,folding clothes,"{""short sleeve shirts"",""long sleeve shirts"",shorts}"
2025-10-13-03-58-47-763000,2387.0,79.56666666666666,0.0,0.0,0.0,0.0,0.0,0.0,0.0,0.0,0.0,0.0,0.0,0.0,0.0,0.0,43.80539805727343,0.2999581064097193,35.06613768530779,0.08169250104733976,0.2999581064097193,43.80539805727343,38.098376780716336,0.4790240165219991,0.6266901954333944,57.185579132106,0.7190139874112237,0.5856904868515069,9.513633859752748,0.0,6.757612609620469,0.5990190019666115,95.28395591282234,0.0,79.56666666666666,4.389084999041327,38.098376780716336,0.4790240165219991,0.8217691746033055,1.2195212781288736,32.42912701852923,0.521225530654192,0.24327197670936584,0.7386301215738058,0.09365797822493398,-0.14388650348960141,-0.685784168388487,-0.6721666331282397,0.9928751047778709,57.185579132106,0.7190139874112237,0.8478262975909027,1.777796650177689,37.179884095039924,0.4812961658462882,0.4301084540784359,0.7410735040903091,0.15340929248455165,-0.2354789845646208,-0.3685729012711057,-0.6640454043743872,0.9979044425817267,0.7905380811706322,0.34802820266716306,0.07596824822436488,0.12821539989663003,0.10387373749068363,0.002905150465659978,0.025077808101485508,0.10162938962419109,0.006418906272519142,0.032458712574458135,7.341612048798866,0.4729015183322139,0.15632780989415335,rl2,w06Lr-M7fxyxM1_2,7,2387.0,folding clothes,"{""short sleeve shirts"",""long sleeve shirts"",shorts}"
2025-10-13-03-59-26-539000,2360.0,78.66666666666667,0.0,0.0,0.0,0.0,0.0,0.0,0.0,0.0,0.0,0.0,0.0,0.0,0.0,0.0,31.914194117210315,0.025423728813559324,23.432259418090716,0.000847457627118644,0.025423728813559324,31.914194117210315,36.32340469282986,0.46193392996392374,0.3460780381014166,60.210689581071755,0.7657145771225743,0.5153259250401374,11.881092196986561,0.000211954217888936,6.966302081204776,0.6138242535432489,96.53409427390162,0.0,78.66666666666667,4.377851263263401,36.32340469282986,0.46193392996392374,0.7114547691679255,1.2573441752131114,30.08387035391482,0.5004548169672489,0.3158338703215122,0.6369498539716005,0.10067666447312515,0.008246048401362437,-0.3822738959627636,-0.5987399317600401,0.9940652818991098,60.210689581071755,0.7657145771225743,0.8452869036551269,1.976108652813873,39.57702503583938,0.5693045137450099,0.613419096916914,0.7267877850681543,0.25381047334496804,-0.18797361108600713,-0.024918190591162813,-0.5955352832204109,0.9978804578211107,0.6590358892849674,0.44333461353524,0.11545701008431548,0.12057908056074437,0.10409803105434777,0.00290507473393966,0.01744527549113535,0.10149713767364406,0.006990262421147919,0.03207878521562742,8.76863087093183,0.4569515478037442,0.17383645675219517,rl2,w06Lr-M7fxyxM1_2,6,2360.0,folding clothes,"{""short sleeve shirts"",""long sleeve shirts"",shorts}"
2025-10-13-15-48-09-742000,2792.0,93.06666666666666,0.0,0.0,0.0,0.0,0.0,0.0,0.0,0.0,0.0,0.0,0.0,0.0,0.0,0.0,30.92235657103135,0.04083094555873926,16.48421732378263,0.0053724928366762174,0.04083094555873926,30.92235657103135,26.828358564658018,0.28837361409521334,0.5444588061723313,37.595348108744545,0.404106213995821,0.14219475007167803,13.006485853064024,0.00035829451809387314,2.29073211987835,0.3462399140455171,64.42370667340256,0.0,93.06666666666666,4.544003750750604,26.828358564658018,0.28837361409521334,0.4728511781398315,0.6684247515820074,19.48747091058569,0.6686163917183876,0.3129957839846611,0.710040396079421,0.14859307316837075,0.057206607437065474,-0.35248607411356186,-0.5808863922337172,0.9853099247581512,37.595348108744545,0.404106213995821,0.6493522949278456,1.0254405471758263,28.155978029735746,0.5424980036914349,0.3845358956605196,0.7293384540826082,0.15214726262822734,-0.14018458618422958,-0.07379738078439095,-0.5869771066071054,0.9838767466857757,0.4649815732427868,0.36019423261815126,0.06433413193807273,0.09763312545164887,0.09508182797250954,0.008553322844666162,0.030618887779273615,0.09663267019429554,0.008355791768590977,0.030663372949660664,8.053392362674924,0.46460954911815117,0.0925668075242597,rl2,__zQ0kS-xjtwKdGt,10,2792.0,folding clothes,"{""short sleeve shirts"",""long sleeve shirts"",shorts}"
2025-10-13-15-48-25-302000,2547.0,84.9,0.0,0.0,0.0,0.0,0.0,0.0,0.0,0.0,0.0,0.0,0.0,0.0,0.0,0.0,30.612153785769426,0.06674519042010207,16.86252558129869,0.0,0.06674519042010207,30.612153785769426,40.24242386542885,0.4741840989642048,0.40605232155357596,30.255806003005386,0.3565098900589793,0.34354677776000564,20.730555853457208,0.0009819324430479183,6.377928197598188,0.4153469945115921,70.49822986843424,0.0,84.9,4.45318382899021,40.24242386542885,0.4741840989642048,0.9003262781598244,1.1758787323283901,38.77301239907988,0.4166645873337984,0.3974807411432266,0.6868487615138292,0.11375324681468453,0.27203383788460606,-0.19780038725988794,-0.5738484268634342,0.9823252160251374,30.255806003005386,0.3565098900589793,0.5890493389614613,0.9003235292909724,25.49747909512989,0.3370038643479347,0.5561009906232357,0.5516637302935123,0.10338629721524911,-0.036111129581098945,-0.16912831342532283,-0.6009038147616372,0.9791830322073841,0.48616853611997646,0.3303628323624286,0.07630134482376465,0.023454070744137114,0.10341984474373021,0.006081521308462924,0.031660041238332506,0.10575129309002892,0.004485128403763554,0.028994649002147377,7.4158702718885845,0.364548153863164,0.12018059071958107,rl2,__zQ0kS-xjtwKdGt,10,2547.0,folding clothes,"{""short sleeve shirts"",""long sleeve shirts"",shorts}"
2025-10-13-15-48-40-837000,2883.0,96.1,0.0,0.0,0.0,0.0,0.0,0.0,0.0,0.0,0.0,0.0,0.0,0.0,0.0,0.0,24.95665420959515,0.04231703087062088,16.995845274777228,0.000693721817551162,0.04231703087062088,24.95665420959515,41.2813600007694,0.4297157529573497,0.13193580056360293,38.37865961928766,0.39950027362200896,0.3818760488420823,21.667005853814004,0.002775850104094379,9.280993722727581,0.41460801328967933,79.66001962005706,0.0,96.1,4.575741375297279,41.2813600007694,0.4297157529573497,1.1814542338094454,0.8397094491154318,49.72799479934215,0.544614989310503,0.4743084227666259,0.719911489635706,0.1859642795514116,-0.094190981038796,-0.255873303162782,-0.6051095054387022,0.9944482997918113,38.37865961928766,0.39950027362200896,0.8745009350688634,0.8811294085601896,36.903379458727535,0.5036581959575415,0.367060374468565,0.6571338623762131,0.1214862862046334,-0.1622332903168313,0.052865929309509056,-0.6079767052842704,0.9941013185287995,0.6470032851553088,0.33905409667770253,0.08270163700944291,0.012952464698043304,0.09810158907575268,0.008920995613897491,0.03200808154513257,0.10039383598263803,0.008989069744964676,0.03162028535453393,12.144064216430827,0.5269663072969984,0.15123184106984772,rl2,__zQ0kS-xjtwKdGt,10,2883.0,folding clothes,"{""short sleeve shirts"",""long sleeve shirts"",shorts}"
2025-10-13-16-22-05-280000,2575.0,85.83333333333333,0.0,0.0,0.0,0.0,0.0,0.0,0.0,0.0,0.0,0.0,0.0,0.0,0.0,0.0,42.16176397072073,0.33864077669902914,34.90891942735471,0.028737864077669904,0.33864077669902914,42.16176397072073,45.07579720770221,0.525358941814711,0.4654851148836141,57.02756751670235,0.6646569640641299,0.48927390443402474,17.62104419837677,0.00019425019425019425,5.43630990112603,0.5950079529394204,102.10336472440456,0.0,85.83333333333333,4.4639905725253115,45.07579720770221,0.525358941814711,0.8950512048040903,1.1374784193391145,39.30127968355905,0.6805772483348846,0.6204808717593551,0.655128600075841,0.2766510885510615,-0.2033711513251211,-0.23911668600496447,-0.37347855699944843,0.9933954933954934,57.02756751670235,0.6646569640641299,0.8400583742883568,1.6759512228478761,39.064626758987295,0.5214596278965473,0.4714239854365587,0.7058247855165973,0.17351190194828797,-0.2352565687549418,0.08549527221999596,-0.41196937960314844,0.9953379953379954,0.7454061376370595,0.34601899137652053,0.0672201647523845,0.0921191301216798,0.10160709658701247,0.0037939535618111333,0.02805529202414017,0.10157708964255624,0.005585657987378931,0.032400534497526556,5.789046916518593,0.3996829328227556,0.15817957343841482,rl2,4OOitkcdBEpTp3V5,5,2575.0,folding clothes,"{""short sleeve shirts"",""long sleeve shirts"",shorts}"
2025-10-13-16-22-15-663000,2143.0,71.43333333333334,0.0,0.0,0.0,0.0,0.0,0.0,0.0,0.0,0.0,0.0,0.0,0.0,0.0,0.0,19.814838395214824,0.04713019132057863,13.917887484168602,0.0013999066728884741,0.04713019132057863,19.814838395214824,56.56638567219703,0.7922462979299305,0.5991324677945292,59.35633184452816,0.8313211742931114,0.5526986843323592,14.483638301409524,0.0028011204481792717,6.063942630890596,0.811783736111521,115.92271751672519,0.0,71.43333333333334,4.2826665985942745,56.56638567219703,0.7922462979299305,1.2992898141208837,2.176259657430256,57.02566397329822,0.4677940905094147,0.3327343799173832,0.8074410986155272,0.12567915706269445,-0.10004749987013656,-0.23223482327413195,-0.7008020467256559,0.9827264239028944,59.35633184452816,0.8313211742931114,1.263399406033098,2.2709540542627376,55.104275764616,0.41996471770107746,0.42142290994524956,0.8252897895872593,0.14606205932059885,-0.13549911813808077,0.050532941515300515,-0.7086613477049964,0.9836601307189542,0.8774340221602606,0.29890048770269917,0.054573242024559224,0.14371642241444565,0.10062311615124354,0.004407964097408823,0.030613988850121523,0.10307647710932005,0.005131804314607494,0.03036353777252089,5.229582241345293,0.37881081893924473,0.11479241979308778,rl2,4OOitkcdBEpTp3V5,6,2143.0,folding clothes,"{""short sleeve shirts"",""long sleeve shirts"",shorts}"
2025-10-13-16-22-29-635000,2103.0,70.1,0.0,0.0,0.0,0.0,0.0,0.0,0.0,0.0,0.0,0.0,0.0,0.0,0.0,0.0,45.13280935398504,0.5059438896814075,37.207981865141385,0.2244412743699477,0.5059438896814075,45.13280935398504,31.78127999138447,0.45358629864012096,0.20865468373386467,45.355884230481834,0.6473247035749071,0.4766493104441146,10.535899483216621,0.0002378686964795433,2.8687155422340793,0.550455501107514,77.1371642218663,0.0,70.1,4.264087336809195,31.78127999138447,0.45358629864012096,0.7039152217680182,1.0901887030923023,31.271892320058914,0.46341464575380087,0.28847124613821507,0.3997214064002037,0.0534354772417356,-0.3056885578004883,-0.2060046942808935,-0.3701176129164607,0.9895337773549001,45.355884230481834,0.6473247035749071,0.7950076174034643,1.496704715486681,37.82698003534152,0.40102607011795044,0.5372617077082396,0.5021438077092171,0.10818987176287023,-0.11376818115887184,0.27668751112759027,-0.3938444891862157,0.9866793529971456,0.7415211103317384,0.5265189310748627,0.10974370807646674,0.20673041354850216,0.09921438140643572,0.004445729918070369,0.02564755423529383,0.10372241578375935,0.00432772824993599,0.026024390425337343,4.263397459934098,0.19823643867662358,0.1080484103056123,rl2,4OOitkcdBEpTp3V5,5,2103.0,folding clothes,"{""short sleeve shirts"",""long sleeve shirts"",shorts}"
2025-10-13-16-22-42-479000,1856.0,61.86666666666667,0.0,0.0,0.0,0.0,0.0,0.0,0.0,0.0,0.0,0.0,0.0,0.0,0.0,0.0,36.518387723655664,0.13092672413793102,28.496938268924364,0.0010775862068965517,0.13092672413793102,36.518387723655664,33.24848418717886,0.5377113345635395,0.29623270247149736,41.76718103862804,0.675480016797219,0.2812190579056445,10.287102359588967,0.0005390835579514825,1.7793279619799525,0.6065956756803792,75.0156652258069,0.0,61.86666666666667,4.141016081531247,33.24848418717886,0.5377113345635395,0.9110648931180053,1.1727513271244745,40.44419368596666,0.3619756083935499,0.3992434600368142,0.37994599901139736,0.054908425822545404,-0.17454441085534073,-0.18751271733319677,-0.3485940678410457,0.9929919137466308,41.76718103862804,0.675480016797219,0.8887165562744375,1.732985919223244,41.307693402613246,0.34236066322773695,0.4479227168485522,0.36147766187787056,0.05543300373102518,-0.15398427618743754,0.11325362959938691,-0.3819427949131531,0.9897574123989218,0.856750607135718,0.3103070693902251,0.04572618840376253,0.13893655075008104,0.10150564505518346,0.0034075106101615405,0.020525758995867893,0.10367622700419123,0.004677051111706147,0.023609479127670807,3.7012324288499654,0.16475979305217436,0.13710873480810087,rl2,4OOitkcdBEpTp3V5,5,1856.0,folding clothes,"{""short sleeve shirts"",""long sleeve shirts"",shorts}"
2025-10-13-16-22-55-437000,3000.0,100.0,0.0,0.0,0.0,0.0,0.0,0.0,0.0,0.0,0.0,0.0,0.0,0.0,0.0,0.0,40.920870290533394,0.21833333333333332,34.478163565036006,0.018666666666666668,0.21833333333333332,40.920870290533394,40.23395428033722,0.4024737007036068,0.1691028737892465,66.44939010248433,0.6647154728491264,0.4674335658132803,12.910340590103514,0.0005001667222407469,4.941927843117766,0.5335945867763665,106.68334438282156,0.0,100.0,4.61512051684126,40.23395428033722,0.4024737007036068,0.7052907946782154,1.0234506132111472,30.861589377417157,0.48344478011131287,0.2694542557001114,0.57132413610816,0.07442425468608645,-0.25484482816699894,-0.19573007067355017,-0.3792758268620819,0.9849949983327776,66.44939010248433,0.6647154728491264,0.7918652439249997,1.6470668985268158,38.01316777575233,0.541376231238246,0.4162113945931196,0.560404634103179,0.1262742704446584,-0.236011262102363,0.10995751391031566,-0.4114072127342224,0.9886628876292097,0.7467375738388291,0.3277694438606031,0.07144739760986742,0.12775048340428924,0.1005911384605821,0.003447789625438356,0.023482730454844544,0.1012749862868697,0.005248623239838383,0.02790020550882205,6.540585991635027,0.3077876862582389,0.1371800961167404,rl2,4OOitkcdBEpTp3V5,5,3000.0,folding clothes,"{""short sleeve shirts"",""long sleeve shirts"",shorts}"
2025-10-13-16-23-05-802000,3184.0,106.13333333333334,0.0,0.0,0.0,0.0,0.0,0.0,0.0,0.0,0.0,0.0,0.0,0.0,0.0,0.0,20.821042402841112,0.02858040201005025,16.313709899378814,0.008165829145728644,0.02858040201005025,20.821042402841112,53.14007948978933,0.5008490055588062,0.30535089321921943,72.87379105783799,0.6868406320248633,0.12961937688700326,22.112756768718455,0.000942507068803016,6.786258235406433,0.5938448187918347,126.01387054762732,0.0,106.13333333333334,4.674074164635303,53.14007948978933,0.5008490055588062,0.9970427545622966,1.0717449903384246,41.561787511357934,0.45344818755984306,0.2526509128510952,0.9369859215803444,0.10734494742959944,0.03973889658484964,-0.2860631581387674,-0.7382704169308385,0.9915174363807728,72.87379105783799,0.6868406320248633,1.0174170998280416,1.6537678618187228,44.69478315279964,0.39654043689370155,0.4890437684953213,0.8691046824678779,0.16854167275264498,-0.1816210995370349,-0.06822581940823465,-0.7449307336902536,0.9943449575871819,0.8522107261119549,0.3275289384449307,0.07449297387969933,0.11985144940481872,0.10086987627381742,0.0037496895214357093,0.030157399595614115,0.1013070322810898,0.004728203605432517,0.03222724867616307,9.780760399383936,0.4463900571038742,0.15516341111562457,rl2,4OOitkcdBEpTp3V5,6,3184.0,folding clothes,"{""short sleeve shirts"",""long sleeve shirts"",shorts}"
2025-10-13-16-23-16-056000,2226.0,74.2,0.0,0.0,0.0,0.0,0.0,0.0,0.0,0.0,0.0,0.0,0.0,0.0,0.0,0.0,25.09041103437289,0.02425876010781671,17.125073118128785,0.004941599281221923,0.02425876010781671,25.09041103437289,51.300025305314,0.691685734453672,0.4549000010025676,57.942916523693455,0.7812528070610354,0.4781875657497305,12.264860055802833,0.00044943820224719103,5.0382405740741225,0.7364692707573537,109.24294182900746,0.0,74.2,4.320151230955794,51.300025305314,0.691685734453672,1.0798300454413128,1.5775041784290018,44.735681073839395,0.4928892347961664,0.3592669200152159,0.8999419314786792,0.15936063486057161,-0.13975514486676413,-0.30551644612140516,-0.7191631735535966,0.9950561797752809,57.942916523693455,0.7812528070610354,1.0181154586043208,2.033608967517047,44.87864068128175,0.41908480506390333,0.5029308088123798,0.8649679478257895,0.18230986521766696,-0.14608057961913842,0.13993215749804266,-0.6887403326477229,0.9964044943820225,0.8787037933484797,0.4550835487482291,0.11006229195776895,0.13852650848735484,0.10048847537587573,0.0035814201500986038,0.028415516254745407,0.10164935402187136,0.005303618446370761,0.030399489395695034,9.86958604700976,0.47888874387199293,0.2078147268827152,rl2,4OOitkcdBEpTp3V5,6,2226.0,folding clothes,"{""short sleeve shirts"",""long sleeve shirts"",shorts}"
2025-10-13-16-23-27-391000,2161.0,72.03333333333333,0.0,0.0,0.0,0.0,0.0,0.0,0.0,0.0,0.0,0.0,0.0,0.0,0.0,0.0,20.64528311831456,0.041647385469689956,14.951969027448783,0.006941230911614993,0.041647385469689956,20.64528311831456,60.50801491604213,0.8403890960561406,0.3160889423569162,62.193112120815385,0.8637932239002137,0.24128051681225268,14.350024016953839,0.001851851851851852,6.995687474320552,0.8520911599781772,122.70112703685751,0.0,72.03333333333333,4.290915957933311,60.50801491604213,0.8403890960561406,1.3121752203364359,2.385237935441525,59.45100511633654,0.3826919998973608,0.3119991086423397,0.8596954215317965,0.1026472575172188,0.1971006351352869,-0.1714406281232966,-0.7049119736963072,0.9921296296296296,62.193112120815385,0.8637932239002137,1.3061764123188466,2.3806264041780354,59.820421240202656,0.49904942885041237,0.3443003869615495,0.8524833153933287,0.1464761652271871,-0.07931811803999697,-0.127255043043705,-0.6863216484695577,0.9921296296296296,0.8806662353819018,0.29220912643183833,0.057561179863016475,0.12796420957619106,0.10146661760968889,0.003387588471791414,0.02043354074852391,0.1039912731808286,0.0039288561912527,0.020795955483701153,6.94559346391035,0.3820033800852584,0.16965113822573089,rl2,4OOitkcdBEpTp3V5,6,2161.0,folding clothes,"{""short sleeve shirts"",""long sleeve shirts"",shorts}"
2025-10-13-16-37-33-020000,2271.0,75.7,0.0,0.0,0.0,0.0,0.0,0.0,0.0,0.0,0.0,0.0,0.0,0.0,0.0,0.0,38.09561532111099,0.24658740642888596,25.013981314149255,0.025979744605900485,0.24658740642888596,38.09561532111099,38.79473209270019,0.5127057104762139,0.4140436710668917,45.59727832664181,0.6026072025547377,0.43934835960746876,8.090394706898554,0.0,2.175112051756388,0.5576564565154757,84.392010419342,0.0,75.7,4.33990170837321,38.79473209270019,0.5127057104762139,0.7241182705470616,1.4506669446940728,32.238917430671236,0.5534743275493383,0.4375805202871561,0.522001663222909,0.12642336577529817,0.15495729357502838,-0.2926690445672384,-0.4328191689006863,0.9907488986784141,45.59727832664181,0.6026072025547377,0.7698231696233463,1.5222398066905742,35.30680951238738,0.4269693437963724,0.5150920432060957,0.5289853475987911,0.11633896019921999,-0.16171858627070274,-0.07833450522879384,-0.4401470801540011,0.9885462555066079,0.7833646281900659,0.3996369601032798,0.09863587794545735,0.23459927624247456,0.10317271714189492,0.006172203333517898,0.030495602718980955,0.10326636935493566,0.00754250651673102,0.02954711899321756,5.688321068873421,0.3124302205512638,0.11902416662394284,rl2,__zQ0kS-xjtwKdGt,11,2271.0,folding clothes,"{""short sleeve shirts"",""long sleeve shirts"",shorts}"
2025-10-13-16-38-08-386000,3440.0,114.66666666666667,0.0,0.0,0.0,0.0,0.0,0.0,0.0,0.0,0.0,0.0,0.0,0.0,0.0,0.0,28.255770865679708,0.0375,19.03166491343059,0.009593023255813954,0.0375,28.255770865679708,40.464823719061656,0.35299351892173586,0.21115843406940038,53.87398010625597,0.46996784041514367,0.1691204138777482,24.09093867704531,0.002035475428903751,10.721851367885844,0.4114806796684397,94.33880382531763,0.0,114.66666666666667,4.750712491278749,40.464823719061656,0.35299351892173586,1.0056447342153478,0.7566415198835224,42.87872846505149,0.7217507511377335,0.43498213624116033,0.7387383412569761,0.2319259297355507,0.0733883090647544,-0.2970447693919278,-0.576936996100622,0.997092177958709,53.87398010625597,0.46996784041514367,0.9347313090544707,1.1905605426739572,40.92094948864838,0.4076064769178629,0.6001026704907417,0.6743103601038456,0.16494018145882297,-0.1698288254037792,-0.08115864486036264,-0.587003361042264,0.9941843559174178,0.8757448624582409,0.3438546126547062,0.07374437523475168,0.015264591442617832,0.09364946701567324,0.009962161951780258,0.03297285660057582,0.0963876549834282,0.009135610500060532,0.0320352722151684,13.6335350607469,0.6893435996061488,0.13709389278615391,rl2,__zQ0kS-xjtwKdGt,10,3440.0,folding clothes,"{""short sleeve shirts"",""long sleeve shirts"",shorts}"
2025-10-13-16-38-26-806000,3116.0,103.86666666666666,0.0,0.0,0.0,0.0,0.0,0.0,0.0,0.0,0.0,0.0,0.0,0.0,0.0,0.0,43.917335150512926,0.3741976893453145,23.770344038290744,0.027599486521181,0.3741976893453145,43.917335150512926,34.1667680004072,0.3290539454292829,0.37401596689070626,46.689902857606114,0.44966198578753885,0.3867656185649939,14.879672260016694,0.0004815409309791332,2.688698427233856,0.38935796560841085,80.85667085801332,0.0,103.86666666666666,4.652689701956068,34.1667680004072,0.3290539454292829,0.6411320770660128,0.7617326482316006,27.460168115164795,0.4322030395269394,0.25933878123760223,0.478304211050272,0.05361168865654091,0.26873696258767427,-0.413539320379926,-0.4842807735855642,0.9733547351524879,46.689902857606114,0.44966198578753885,0.725829977844174,1.1850416913908637,32.1558263451083,0.3552881795912981,0.3937333463691175,0.5021953228861094,0.07025150303059606,0.07948208619343997,-0.1950457132163198,-0.47804463117602203,0.9781701444622793,0.8464045530946468,0.30345472462977535,0.05922799155864223,0.08068458001946582,0.09764221106331732,0.008663265239432852,0.031609288694877696,0.0987305772776429,0.008606064721083079,0.03246584689018647,4.799022823043617,0.18910055188024275,0.08665593362749484,rl2,__zQ0kS-xjtwKdGt,11,3116.0,folding clothes,"{""short sleeve shirts"",""long sleeve shirts"",shorts}"
2025-10-13-16-38-43-697000,3337.0,111.23333333333333,0.0,0.0,0.0,0.0,0.0,0.0,0.0,0.0,0.0,0.0,0.0,0.0,0.0,0.0,32.25122265734944,0.03536110278693437,24.96254710619423,0.0029967036260113876,0.03536110278693437,32.25122265734944,30.827652014849992,0.27722708646447836,0.4032749548330152,54.31181162799327,0.4884155721941841,0.37483742491407634,7.369793173825507,0.0,2.2305819525032256,0.3828213293293312,85.13946364284327,0.0,111.23333333333333,4.7205800374989195,30.827652014849992,0.27722708646447836,0.47956533876122326,0.6658330564175489,20.2940380499301,0.4675078969448805,0.32956969924271107,0.5678367707878351,0.08749026643473604,-0.14363364700634332,-0.2629178054002804,-0.46715510961679746,0.9826139088729017,54.31181162799327,0.4884155721941841,0.6170016105881461,1.351527658141971,28.648511433128906,0.5261989310383797,0.4241348169744015,0.5227722954005003,0.11667194831189735,-0.19253019353452355,0.061459493824230355,-0.47026602112891025,0.9907074340527577,0.7085848519107659,0.34245634119359203,0.06798552129102459,0.1703927682855828,0.09843232523010036,0.007221330250317043,0.029710917226919112,0.09956863694631334,0.006883425785334606,0.03125614603920976,6.724771803968139,0.31437392359088906,0.10641783459945144,rl2,__zQ0kS-xjtwKdGt,11,3337.0,folding clothes,"{""short sleeve shirts"",""long sleeve shirts"",shorts}"
2025-10-13-16-39-00-562000,2697.0,89.9,0.0,0.0,0.0,0.0,0.0,0.0,0.0,0.0,0.0,0.0,0.0,0.0,0.0,0.0,35.567325063430005,0.06488691138301816,25.33090612082987,0.0,0.06488691138301816,35.567325063430005,42.76240740804386,0.47584281240404896,0.12913151927986485,48.67154228597012,0.5415972806302314,0.1404342088311688,11.385119698719556,0.000370919881305638,0.9111183711882349,0.5087200465171401,91.43394969401399,0.0,89.9,4.509760001183433,42.76240740804386,0.47584281240404896,0.7062369812784391,1.3926374318709296,31.524003925324767,0.4117584191262722,0.27982786670327187,0.441327229142189,0.050850376515425545,0.07989082405185496,-0.2888620334297894,-0.44360489915458307,0.9688427299703264,48.67154228597012,0.5415972806302314,0.8035010472152708,1.3981215992643174,36.771586463925395,0.2933884225785732,0.3647203231230378,0.4444014821201563,0.04755305628780264,-0.15151153812768517,-0.10506701332250297,-0.4466392107758206,0.9710682492581603,0.7753767999825448,0.30826373186811756,0.05448315234948103,0.1932012237015451,0.10529866025588,0.0052100153040883675,0.025543347073318914,0.10471009063948163,0.005992430151835241,0.026517931552976978,4.027737628748263,0.12289514916139613,0.09469274688647998,rl2,__zQ0kS-xjtwKdGt,11,2697.0,folding clothes,"{""short sleeve shirts"",""long sleeve shirts"",shorts}"
2025-10-13-17-49-55-711000,2996.0,99.86666666666666,0.0,0.0,0.0,0.0,0.0,0.0,0.0,0.0,0.0,0.0,0.0,0.0,0.0,0.0,25.750522609659413,0.04539385847797063,18.71995182763736,0.002336448598130841,0.04539385847797063,25.750522609659413,56.23320896599543,0.5632708744507054,0.39183810231039995,46.74057731359617,0.4681860832747529,0.06277268141492869,21.24639179384002,0.002003338898163606,5.38807823777947,0.5157284788627292,102.9737862795916,0.0,99.86666666666666,4.613799512686146,56.23320896599543,0.5632708744507054,1.1899819257407265,1.3563998366959158,51.330894675597115,0.4854709096252918,0.43738514045253396,0.7343622110784054,0.15593282839194236,0.06259118816821534,-0.24698833183539926,-0.5594420550833736,0.9886477462437395,46.74057731359617,0.4681860832747529,0.8480808646986928,1.0937687490295411,36.71955811156472,0.29462205804884434,0.37556256726384163,0.6359380260109901,0.07036591712885791,-0.16902100989279226,-0.0470253795118064,-0.5807315984576722,0.9839732888146911,0.6964869144555643,0.32446968671444215,0.08391346061826223,0.009079281574784081,0.10603117286236514,0.004096174945109215,0.022793611429214003,0.10658613040470621,0.004487852704419592,0.019907330819736113,9.738738639193015,0.3284474484180117,0.17620897732580124,rl2,__zQ0kS-xjtwKdGt,8,2996.0,folding clothes,"{""short sleeve shirts"",""long sleeve shirts"",shorts}"
2025-10-13-17-50-15-502000,2164.0,72.13333333333334,0.0,0.0,0.0,0.0,0.0,0.0,0.0,0.0,0.0,0.0,0.0,0.0,0.0,0.0,34.80755180264398,0.066543438077634,32.83014727202528,0.06007393715341959,0.066543438077634,34.80755180264398,27.84256082023193,0.3861658920975302,0.3658593869258967,38.262988257528505,0.5306933184123231,0.335624321424129,18.301156763915348,0.0016181229773462784,3.144825215912677,0.4584296052549268,66.10554907776043,0.0,72.13333333333334,4.29228425917302,27.84256082023193,0.3861658920975302,0.6775222514976401,0.8609043592416823,28.137237009197804,0.6262645125389099,0.35711424984037876,0.5094299875199795,0.1139329884738198,-0.13294660434593375,-0.28521856460840805,-0.46973873600243227,0.986130374479889,38.262988257528505,0.5306933184123231,0.9296483896416741,1.2243262412601024,39.37185858049002,0.612852843478322,0.6772890165448189,0.5338800475001335,0.22160212910735924,-0.2302264719689351,0.17353260351295774,-0.48179573424990235,0.9884419787332409,0.7803195788831887,0.48231304324681457,0.1436719259137254,0.022659028738346486,0.10089622568885241,0.00792075344808584,0.03459040954534809,0.10219678016840865,0.007646654576993717,0.030517200617215703,6.4876041636199195,0.38333300364311057,0.1430395065427635,rl2,__zQ0kS-xjtwKdGt,13,2164.0,folding clothes,"{""short sleeve shirts"",""long sleeve shirts"",shorts}"
2025-10-13-17-50-36-573000,2919.0,97.3,0.0,0.0,0.0,0.0,0.0,0.0,0.0,0.0,0.0,0.0,0.0,0.0,0.0,0.0,32.61358058441414,0.023980815347721823,33.86430391771504,0.14559780746831105,0.14559780746831105,33.86430391771504,30.71274523878667,0.31575817586141197,0.3257300581166968,60.58658299661555,0.6228915318363489,0.34661887249385104,10.724235807529912,0.0003427004797806717,5.809733638819864,0.46932485384888045,91.29932823540221,0.0,97.3,4.5880240271531205,30.71274523878667,0.31575817586141197,0.515682493356848,0.7206900367037192,22.308164852926694,0.7337513491511345,0.37869807705283165,0.5506653841584921,0.1530135141729545,0.0072686490132184665,-0.26362876463078444,-0.441124572002901,0.9910897875257025,60.58658299661555,0.6228915318363489,0.811830536760522,1.7348655226565297,37.61398460437027,0.6546883545815945,0.768045149743557,0.5717593617737293,0.2874978829976183,-0.2678804494499262,0.04575258737139377,-0.46814571354702833,0.9921178889650446,0.645030039564213,0.45129911633106756,0.12982350836139858,0.19664509364214394,0.09932209810832963,0.006825212483060481,0.03075004592672631,0.09940049276840895,0.007273457630002655,0.03401392622663539,9.211972076813497,0.41082494286858956,0.14688130531941984,rl2,__zQ0kS-xjtwKdGt,13,2919.0,folding clothes,"{""short sleeve shirts"",""long sleeve shirts"",shorts}"
2025-10-13-17-50-56-268000,3018.0,100.6,0.0,0.0,0.0,0.0,0.0,0.0,0.0,0.0,0.0,0.0,0.0,0.0,0.0,0.0,38.205798867231564,0.20112657388999336,36.56683235157765,0.2229953611663353,0.2229953611663353,38.205798867231564,48.84465319500645,0.485694264451506,0.31258548265341307,62.30162502060641,0.619505717805168,0.3615163213313381,15.076072169139293,0.0018230029830957905,3.1736296893054994,0.552599991128337,111.14627821561285,0.0,100.6,4.6210435351443815,48.84465319500645,0.485694264451506,0.9316746748341763,1.2447037203994558,39.92701743455305,0.658063966780901,0.6234389860183001,0.5364466533064842,0.22008406965705266,-0.16225524841035693,-0.24765841353050316,-0.4152395469312432,0.9771295989393437,62.30162502060641,0.619505717805168,1.0239904805570146,1.5578109100740967,44.9909083661875,0.7388772200793028,0.6753408312797546,0.5430123247206211,0.2709598680810622,-0.2878140667732489,0.07433892504937743,-0.42674906396555773,0.979449784554193,0.8063077100113177,0.36466206370756526,0.09008735410987062,0.007574726466564387,0.10465553150618898,0.006700859421486917,0.030629242102752474,0.10541006011996902,0.0065870333481081005,0.027949652018827306,7.417194719280861,0.5044467974190603,0.14353854291907495,rl2,__zQ0kS-xjtwKdGt,13,3018.0,folding clothes,"{""short sleeve shirts"",""long sleeve shirts"",shorts}"
2025-10-13-17-51-16-579000,3471.0,115.7,0.0,0.0,0.0,0.0,0.0,0.0,0.0,0.0,0.0,0.0,0.0,0.0,0.0,0.0,32.480011627763346,0.04119850187265917,31.054917469543575,0.0299625468164794,0.04119850187265917,32.480011627763346,43.91350267103083,0.37965564268902735,0.4974051601030598,58.512443714209724,0.5058712713044069,0.5773616544255327,16.623028535226517,0.003170028818443804,5.286691534363544,0.44276345699671704,102.42594638524055,0.0,115.7,4.75960653929251,43.91350267103083,0.37965564268902735,0.9932251696619325,0.7665664897657304,42.45504622515162,0.5824769958853722,0.48891794960945845,0.5041029322892427,0.1435601765088926,0.05869669219824018,-0.2783768831029332,-0.4558546154992454,0.9778097982708934,58.512443714209724,0.5058712713044069,0.9493514602351727,1.243808469117625,41.69651961402769,0.5895737335085869,0.6841541603207588,0.7474325438961387,0.30148388459195874,-0.21377052554715284,-0.14300200805327845,-0.4563474105328946,0.9838616714697407,0.8323774832068068,0.3294679652705515,0.060407467979952306,0.014969847509815906,0.101687575508631,0.007623520064394493,0.03630728323844898,0.10184216899238825,0.008105724365303445,0.03080657785283493,7.746309671121804,0.40572139829218956,0.1417550649368599,rl2,__zQ0kS-xjtwKdGt,13,3471.0,folding clothes,"{""short sleeve shirts"",""long sleeve shirts"",shorts}"
2025-10-13-17-52-54-347000,2914.0,97.13333333333334,0.0,0.0,0.0,0.0,0.0,0.0,0.0,0.0,0.0,0.0,0.0,0.0,0.0,0.0,21.13006036037417,0.008236101578586136,23.968573180992347,0.05319148936170213,0.05319148936170213,23.968573180992347,42.308493971413256,0.4357208441958112,0.4337791463889977,49.80443839055432,0.5129190359480362,0.42255381608922943,31.43628262923752,0.0027463096464126332,2.801226978164174,0.4743199400719237,92.11293236196758,0.0,97.13333333333334,4.5863270981866116,42.308493971413256,0.4357208441958112,1.1793406955504613,0.8919050492486276,48.900460915023245,0.47292112186551094,0.6167436353862286,0.7030361406505108,0.20505531882403727,-0.07297731150745804,-0.1768038495360345,-0.5548624377186342,0.9769996567112942,49.80443839055432,0.5129190359480362,1.1656728810905346,1.2391820074615956,50.71306831590174,0.47928524762392044,0.5564959868788719,1.1142482459545135,0.2971926452361256,-0.19583370827436294,0.136411594310932,-0.5346109863043383,0.9749399244764847,0.6744256747910153,0.36302396731756664,0.13814319805962877,0.016472823345624762,0.10353085430759972,0.0060876376124173615,0.027088290233229284,0.10378578772726411,0.005955652086027945,0.02651611411769525,6.088420323098343,0.3257520750740569,0.13950512793691935,rl2,__zQ0kS-xjtwKdGt,12,2914.0,folding clothes,"{""short sleeve shirts"",""long sleeve shirts"",shorts}"
2025-10-13-17-53-08-337000,2783.0,92.76666666666667,0.0,0.0,0.0,0.0,0.0,0.0,0.0,0.0,0.0,0.0,0.0,0.0,0.0,0.0,23.10319276811056,0.01006108515989939,24.284216969669153,0.019044196909809557,0.019044196909809557,24.284216969669153,25.17071042445847,0.2714310973162308,0.5362748979002974,43.986203421469924,0.4743300153285758,0.7174821997796399,6.6390555375351346,0.0,1.9789604433007144,0.37288055632240324,69.15691384592839,0.0,92.76666666666667,4.5408094268277015,25.17071042445847,0.2714310973162308,0.4751845979077761,0.5984210943759835,18.748021916237178,0.6731980815529823,0.33582057408057153,0.5495548322796822,0.12423993067625355,-0.07889749920728542,-0.19952545756342957,-0.5197060247766074,0.9766355140186916,43.986203421469924,0.4743300153285758,0.6043180773813136,1.27630130744154,26.39647524284489,0.6054934710264206,0.518335372209549,0.7318442054092884,0.22968834052283132,-0.17086945124826536,0.12080275418800815,-0.5367348044869756,0.9777138749101366,0.7006517310150747,0.3544873857710504,0.07069995018589392,0.18351519264343288,0.1012963159142323,0.006521781747636291,0.03162189472243222,0.10119060078604805,0.006845836353565255,0.030727107071075954,4.634675461202395,0.36581072425267785,0.10728590368217164,rl2,__zQ0kS-xjtwKdGt,12,2783.0,folding clothes,"{""short sleeve shirts"",""long sleeve shirts"",shorts}"
2025-10-13-17-53-22-578000,2848.0,94.93333333333334,0.0,0.0,0.0,0.0,0.0,0.0,0.0,0.0,0.0,0.0,0.0,0.0,0.0,0.0,27.06416001528573,0.10042134831460674,21.40486076411282,0.021067415730337078,0.10042134831460674,27.06416001528573,44.298297297008936,0.46678922336152734,0.5650590965766334,52.84631394281438,0.5568631606197512,0.47066903381471376,15.662834697335358,0.00035124692658939234,3.093598962287983,0.5118261919906393,97.14461123982332,0.0,94.93333333333334,4.563653505785158,44.298297297008936,0.46678922336152734,0.7628523162394772,1.240637676238282,33.53641049272801,0.5333126746118069,0.49107689037919044,0.6411551181226969,0.16791694168584928,0.18341811997371235,-0.13035667523091138,-0.46651429824499685,0.9683877766069547,52.84631394281438,0.5568631606197512,0.8329552162396321,1.4405853536814437,38.02398896231508,0.5385740473866463,0.46763286367058754,0.5836422983556986,0.1469931867411283,-0.12131484429151856,-0.11968149389472886,-0.5029420682825567,0.9715489989462592,0.7658918388645019,0.3330462448357179,0.09443079712617006,0.17254929151327286,0.10550392365246951,0.005908013166820802,0.026405831018534,0.10606216298925594,0.005183479057241964,0.023300820269535658,4.384167444609358,0.18581051709165117,0.11563761250779897,rl2,__zQ0kS-xjtwKdGt,12,2848.0,folding clothes,"{""short sleeve shirts"",""long sleeve shirts"",shorts}"
2025-10-13-17-53-37-475000,2591.0,86.36666666666666,0.0,0.0,0.0,0.0,0.0,0.0,0.0,0.0,0.0,0.0,0.0,0.0,0.0,0.0,25.890438965731505,0.023928984947896564,29.504622521993223,0.02277113083751447,0.023928984947896564,29.504622521993223,34.79402753242578,0.4030196239277118,0.40096735352404406,45.94836571956294,0.53222045235015,0.4414842047294499,12.8024219074873,0.0003861003861003861,6.199838905875927,0.46762003813893077,80.74239325198872,0.0,86.36666666666666,4.470113821661251,34.79402753242578,0.4030196239277118,0.6894275184988194,0.9583868627713923,30.033405321852555,0.6379624288529158,0.4574816431850195,0.7134865317493677,0.20823539673151611,0.18413843426584553,-0.1728109718804614,-0.5198272210195379,0.9861003861003861,45.94836571956294,0.53222045235015,0.7323924834148872,1.3523078683959913,33.03484162038261,0.8640661388635635,0.4768655300140381,0.5646326150745153,0.2326531183430321,-0.2520625210934707,0.009097731493021474,-0.5218427677716828,0.9837837837837838,0.6308570248489064,0.48683457749587955,0.14962481267765929,0.17415781246986636,0.1020773905978248,0.0064638301865552646,0.026128805960717136,0.10248493387156629,0.006313357385124352,0.027900862189785464,6.32232551314047,0.4664165852640945,0.11445133604027002,rl2,__zQ0kS-xjtwKdGt,12,2591.0,folding clothes,"{""short sleeve shirts"",""long sleeve shirts"",shorts}"
2025-10-14-02-53-00-652000,2045.0,68.16666666666667,0.0,0.0,0.0,0.0,0.0,0.0,0.0,0.0,0.0,0.0,0.0,0.0,0.0,0.0,46.162247486270296,0.5828850855745721,41.31066460086552,0.34963325183374083,0.5828850855745721,46.162247486270296,38.89153324184184,0.5708150671503205,0.32928819400408765,52.38009384164302,0.7687880700828232,0.45785687612710013,13.502591214210229,0.0004892367906066536,7.056857198061363,0.6698015686165718,91.27162708348486,0.0,68.16666666666667,4.236519051002643,38.89153324184184,0.5708150671503205,0.9047265736317942,1.3864074442989924,40.56870268100116,0.48479432240128517,0.4972422905266285,0.5846533421427011,0.14093667456745765,-0.20460418391526475,-0.3108180925457267,-0.34904196373685686,0.9926614481409002,52.38009384164302,0.7687880700828232,0.9787016702028829,1.8271481247468153,45.935800143615936,0.5006742365658283,0.46520038694143295,0.6746228039264679,0.15712899360371377,-0.2468435582511291,0.18486403181457559,-0.3498307320141304,0.9936399217221135,0.7544598125491538,0.506549832571378,0.127533483707013,0.026166844765725124,0.0999000071841393,0.003926238184282943,0.025990173791988036,0.10205167728854307,0.0053268705168519745,0.027059766277526084,5.3718215624611485,0.2806230694332982,0.17148686452261822,rl2,4OOitkcdBEpTp3V5,8,2045.0,folding clothes,"{""short sleeve shirts"",""long sleeve shirts"",shorts}"
2025-10-14-02-53-17-389000,2179.0,72.63333333333334,0.0,0.0,0.0,0.0,0.0,0.0,0.0,0.0,0.0,0.0,0.0,0.0,0.0,0.0,37.81202385489906,0.1372189077558513,28.625677474390955,0.0013767783386874712,0.1372189077558513,37.81202385489906,42.723830262551246,0.5884825105034607,0.42262396118768875,49.915073657768446,0.6875354498315213,0.3266843567363808,10.627057283787668,0.0002295684113865932,1.5535603620231004,0.638008980167491,92.63890392031969,0.0,72.63333333333334,4.299097821757962,42.723830262551246,0.5884825105034607,0.9033835762855055,1.416147311591784,41.48558745974727,0.4122151266783476,0.3519302597269416,0.5328773017972708,0.07730503057719049,0.16383311509087634,-0.22320229017456542,-0.3583980197828056,0.9738292011019284,49.915073657768446,0.6875354498315213,0.9403492858173507,1.886498411766146,44.119780627859555,0.36198206059634686,0.3306192932650447,0.3880302179604769,0.046438778615728225,-0.13852823854728802,-0.12859929861029534,-0.375956782797619,0.9701561065197429,0.8340892579689291,0.3253086947083125,0.06205822207022655,0.1582727060727225,0.10139341722875705,0.004384610347607993,0.030877082433709638,0.10238698393437051,0.004311337184515575,0.02245167794317529,4.627695688560608,0.1553876918508352,0.13610053695546293,rl2,4OOitkcdBEpTp3V5,8,2179.0,folding clothes,"{""short sleeve shirts"",""long sleeve shirts"",shorts}"
2025-10-14-03-22-18-000000,2708.0,90.26666666666667,0.0,0.0,0.0,0.0,0.0,0.0,0.0,0.0,0.0,0.0,0.0,0.0,0.0,0.0,32.40058189141648,0.01883308714918759,24.103394010910474,0.01070901033973412,0.01883308714918759,32.40058189141648,42.41930323923772,0.4701067961496607,0.31401935467438846,57.357225833643284,0.6356545160728845,0.34715828386599795,14.657001248226743,0.001847063169560399,5.216986549182521,0.5528806561112726,99.776529072881,0.0,90.26666666666667,4.513785624186239,42.41930323923772,0.4701067961496607,0.8723211039124358,1.1478172083923592,34.04399092852047,0.25130032002925873,0.4704989669844508,0.680143604055047,0.08041782711084611,0.30564664239050104,-0.24937298633481486,-0.6249306813237344,0.9656446250461765,57.357225833643284,0.6356545160728845,0.9646751434047799,1.5899908320462428,41.71558523580534,0.5054758246988058,0.5017727967351675,0.6920840609818697,0.17553606134747438,-0.21093440571272995,-0.17991763660808038,-0.6245173850761206,0.9704469892870337,0.8692259520399578,0.5244996851899109,0.1256768464740825,0.20533919677165444,0.10248421194402518,0.005336621482759196,0.022080385998761193,0.10240070519684964,0.0049241796923192,0.027014947187139787,7.884740627601386,0.29442668602668576,0.2513032819551683,rl2,omDamnph0YxUBJSO,13,2708.0,folding clothes,"{""short sleeve shirts"",""long sleeve shirts"",shorts}"
2025-10-14-03-27-35-000000,2329.0,77.63333333333334,0.0,0.0,0.0,0.0,0.0,0.0,0.0,0.0,0.0,0.0,0.0,0.0,0.0,0.0,32.396542071976775,0.008587376556462,23.6432369240325,0.0038643194504079004,0.008587376556462,32.396542071976775,42.126362577972486,0.5428654971388208,0.2188100584150918,50.66927857922812,0.6529546208663417,0.2327811953087964,14.027689019860636,0.001288659793814433,4.251191525026093,0.5979100590025813,92.7956411572006,0.0,77.63333333333334,4.36479569774552,42.126362577972486,0.5428654971388208,0.8921112970308867,1.35636308601471,34.85514283124586,0.34080891869962215,0.3209832012653351,0.6612678840756416,0.07233869774266548,0.18277458757235673,-0.3100030417780013,-0.5953559468033656,0.9768041237113402,50.66927857922812,0.6529546208663417,0.9146363832857504,1.5671935847336287,38.93857905424031,0.3319415142759681,0.34596003498882055,0.6675218120217323,0.07665720220349338,-0.16399775595776497,-0.18894124829858946,-0.6140207071281161,0.9841065292096219,0.8790529459487554,0.37624759880669884,0.06919316057381322,0.22509668397797233,0.10734525614898907,0.003993477967407414,0.022262864646488828,0.10468287294356503,0.004486336063293648,0.03002110051949658,7.945659756519657,0.29112277582802537,0.3138619472562485,rl2,omDamnph0YxUBJSO,13,2329.0,folding clothes,"{""short sleeve shirts"",""long sleeve shirts"",shorts}"
2025-10-14-03-33-04-000000,3390.0,113.0,0.0,0.0,0.0,0.0,0.0,0.0,0.0,0.0,0.0,0.0,0.0,0.0,0.0,0.0,38.76758099304678,0.17020648967551621,25.855619646911812,0.004129793510324484,0.17020648967551621,38.76758099304678,41.508561879102814,0.367440795624988,0.4138705385856108,76.88195531866863,0.680572044721174,0.5969973580605051,10.299432923617438,0.00014753614635585718,3.2501792517439907,0.5240064201730811,118.39051719777144,0.0,113.0,4.736198448394496,41.508561879102814,0.367440795624988,0.5999295234978073,0.9922099868534104,23.012402531071313,0.3862679563462734,0.38945854268968105,0.6173505615442991,0.09287135111152679,0.36199991314350505,-0.28409126638970544,-0.5645789474551085,0.9822956624372972,76.88195531866863,0.680572044721174,0.8901439415418407,1.8914604724931323,40.78394053075469,0.6572499051690102,0.6414692420512438,0.6494397781789303,0.2738074463733921,-0.05179935883398231,-0.26359313660621325,-0.6266658580672424,0.9858365299498377,0.6405092813676956,0.44051107194687317,0.11905776867937767,0.1554800724435007,0.10543609459715815,0.004427972165296745,0.0269731432846788,0.10295286957226528,0.004536832411290863,0.02461014930831565,8.402787146549231,0.3583281865445573,0.1832343350472276,rl2,omDamnph0YxUBJSO,13,3390.0,folding clothes,"{""short sleeve shirts"",""long sleeve shirts"",shorts}"
2025-10-14-03-41-18-000000,2935.0,97.83333333333333,0.0,0.0,0.0,0.0,0.0,0.0,0.0,0.0,0.0,0.0,0.0,0.0,0.0,0.0,27.498480632529212,0.018398637137989778,19.6684039957548,0.014310051107325384,0.018398637137989778,27.498480632529212,55.31945451975261,0.5656385942714991,0.17393970140814943,70.1613033913187,0.7173957401975327,0.13524863835350412,17.053283191401505,0.004771642808452625,4.367457788783014,0.6415171672345159,125.48075791107131,0.0,97.83333333333333,4.59343492976967,55.31945451975261,0.5656385942714991,1.1240747033102223,1.2593344889625198,43.809302713810034,0.21050463244318962,0.3746341001242399,0.685640836134553,0.05407115403601864,0.2193513500458185,-0.2474602029885735,-0.6340648426063473,0.9788684389911384,70.1613033913187,0.7173957401975327,1.2627204891633488,1.5378470449029824,52.55091098113794,0.4250221624970436,0.5087308175861835,0.6753177866339684,0.14601847616903685,-0.1125667293040396,-0.18193429098117483,-0.627458246704667,0.9832992501704159,0.9196431673939196,0.3436854345169202,0.05240068951725403,0.15858606628517738,0.10260650109573821,0.005112543169703833,0.02044696642425406,0.10158906354539478,0.004929451614215444,0.0235515723540191,9.966430298501232,0.30191890285904965,0.29471171382415945,rl2,omDamnph0YxUBJSO,16,2935.0,folding clothes,"{""short sleeve shirts"",""long sleeve shirts"",shorts}"
2025-10-14-03-46-49-000000,3204.0,106.8,0.0,0.0,0.0,0.0,0.0,0.0,0.0,0.0,0.0,0.0,0.0,0.0,0.0,0.0,34.85323669644963,0.018414481897627965,31.069196175728063,0.010611735330836454,0.018414481897627965,34.85323669644963,46.125176075217496,0.4320185083535825,0.08308260169839865,88.76465446432123,0.8313892082203052,0.135724814704803,16.90859109744585,0.0032781767093349986,5.104377864022794,0.6317038582869439,134.8898305395387,0.0,106.8,4.680277658474897,46.125176075217496,0.4320185083535825,0.9434055614546947,1.0442400071503737,36.56462725167599,0.30703531950712204,0.45627105608582497,0.6850741468369961,0.09597294802767889,-0.055642611535241915,0.45074966358609225,-0.638903646140979,0.99344364658133,88.76465446432123,0.8313892082203052,1.2199632334260642,2.236054436397744,54.44417437747097,0.5510145211592317,0.6652193162590265,0.6937992237508297,0.2543089854607058,0.2779534928838998,0.21425725350119149,-0.6435428902730067,0.9912581954417733,0.7740182651768466,0.42379102224167037,0.12736461289092102,0.13758009469057458,0.10363838984203072,0.00537695684288185,0.021299897282434976,0.10305876597983046,0.005263063766095636,0.022637585309440197,9.83961706714368,0.4056862554426105,0.21543196121109923,rl2,omDamnph0YxUBJSO,16,3204.0,folding clothes,"{""short sleeve shirts"",""long sleeve shirts"",shorts}"
2025-10-14-03-52-11-000000,2455.0,81.83333333333333,0.0,0.0,0.0,0.0,0.0,0.0,0.0,0.0,0.0,0.0,0.0,0.0,0.0,0.0,42.70930823941502,0.3230142566191446,33.23837194772379,0.0505091649694501,0.3230142566191446,42.70930823941502,52.16064925248725,0.6376607488079127,0.362127400778078,61.86463618576967,0.7562913959140547,0.37483012268145877,16.56028367826493,0.005093724531377343,5.3047486176318115,0.6969760723609837,114.02528543825692,0.0,81.83333333333333,4.4168305568685735,52.16064925248725,0.6376607488079127,1.2305315652307385,1.4270661844072365,47.35055930281283,0.5537367910146713,0.5879679322242737,0.6773002687841654,0.22051506661177506,0.49621060416861124,-0.287468692502519,-0.6079285038305093,0.9902200488997555,61.86463618576967,0.7562913959140547,1.2176957251085492,1.589474764640889,49.622363787675276,0.3212019093334675,0.45395825896412134,0.6849670205265284,0.0998765889712809,0.19976598793894904,-0.3113535170968766,-0.5982941073443278,0.988997555012225,0.869038634380899,0.3055063121946478,0.04800042417145016,0.18924167012955548,0.1059843090955346,0.0045558667005028254,0.025925261992134005,0.10532350779225115,0.004039205552690273,0.022329600356559426,11.817011392180568,0.38348511174551586,0.4261434820577218,rl2,omDamnph0YxUBJSO,16,2455.0,folding clothes,"{""short sleeve shirts"",""long sleeve shirts"",shorts}"
2025-10-14-04-00-10-000000,1212.0,40.4,0.0,0.0,0.0,0.0,0.0,0.0,0.0,0.0,0.0,0.0,0.0,0.0,0.0,0.0,28.698161934550182,0.0462046204620462,25.193270923380016,0.039603960396039604,0.0462046204620462,28.698161934550182,29.916841659837285,0.7411273739018319,0.527524830436016,35.73269563167769,0.885203029686483,0.4887230876497748,12.76638953566594,0.00495458298926507,4.3777928853885095,0.8131652017941575,65.64953729151497,0.0,40.4,3.7232808808312687,29.916841659837285,0.7411273739018319,1.2598189572859122,1.7554182858986074,50.464533409293644,0.30955622531473637,0.4480426600202918,0.6915814988315105,0.09591847730796219,0.2721324746616849,-0.1351653621565161,-0.6079727156939163,0.9876135425268373,35.73269563167769,0.885203029686483,1.2984915831408828,1.9893321880690933,55.53647730180669,0.350528571754694,0.37691090255975723,0.680976209230721,0.08996924229060756,-0.06098291362641939,-0.2646407038818664,-0.5992958004895302,0.9867877786952931,0.9279460696602991,0.3675578752254421,0.06466301176566075,0.1591786196337069,0.10576959162801515,0.004967535916379146,0.0260498704879885,0.10396165455891636,0.005293252006574386,0.028343696336706775,5.154727904664393,0.23983668043410242,0.39655916514573847,rl2,omDamnph0YxUBJSO,3,1212.0,folding clothes,"{""short sleeve shirts"",""long sleeve shirts"",shorts}"
2025-10-14-04-15-30-000000,2888.0,96.26666666666667,0.0,0.0,0.0,0.0,0.0,0.0,0.0,0.0,0.0,0.0,0.0,0.0,0.0,0.0,21.565563664894913,0.06336565096952909,15.112612657207107,0.022506925207756233,0.06336565096952909,21.565563664894913,64.70231507468358,0.6723482688744399,0.11023651965410253,74.7064260621243,0.7763050855087387,0.09649703928846061,19.84127166490984,0.008313127814340146,5.345933296801128,0.7243266771915892,139.40874113680786,0.0,96.26666666666667,4.577456347420576,64.70231507468358,0.6723482688744399,1.6639270923017775,1.398901639797312,66.80650684259787,0.3452724665403366,0.5000532642006874,0.9347101002931595,0.1613820208516677,0.20397519625960708,-0.2818208635027502,-0.8312369380313954,0.9875303082784898,74.7064260621243,0.7763050855087387,1.6036780602099838,1.5933832721077166,66.64767522746622,0.4038746543228626,0.4518094640225172,0.9416974587365985,0.17183567038515987,-0.13234717209956937,-0.16423836910089096,-0.7940019762802643,0.9882230689296848,0.9430054141837206,0.36253435480561874,0.06430472598203776,0.18667038715315099,0.10368389549821151,0.0037242276638287646,0.032016688097497095,0.10108257815728124,0.005953140813403204,0.02920616791485818,13.509433582513491,0.5041835431983512,0.3874229129886859,rl2,omDamnph0YxUBJSO,10,2888.0,folding clothes,"{""short sleeve shirts"",""long sleeve shirts"",shorts}"
2025-10-14-04-21-05-000000,3913.0,130.43333333333334,0.0,0.0,0.0,0.0,0.0,0.0,0.0,0.0,0.0,0.0,0.0,0.0,0.0,0.0,27.383152083663596,0.0350115001277792,18.224054187785484,0.01507794531050345,0.0350115001277792,27.383152083663596,52.160709940853735,0.40000544433170043,0.485548837325376,79.04248889616366,0.6061540559521753,0.5238959807202264,22.085918591222146,0.004729038854805726,8.010332110665859,0.503079750141938,131.2031988370174,0.0,130.43333333333334,4.878499752215472,52.160709940853735,0.40000544433170043,1.289922677635865,0.7319909113710323,51.07605574484963,0.43823011964559555,0.4901491622440517,0.872135947458446,0.18733316714386675,-0.3534513292803222,-0.2556420045868757,-0.815517992864406,0.9775051124744376,79.04248889616366,0.6061540559521753,1.2660977467502526,1.465907704845704,53.080160174242124,0.5761888027191162,0.5931898765265942,0.9870143295265734,0.3373510006791108,-0.22553997507226983,0.054826397435319585,-0.7939981415941826,0.9831288343558282,0.9118587233941141,0.34480060304816335,0.08189511201153046,0.1346915456654247,0.10307718583374814,0.0033587040382129134,0.02375431340853111,0.10197191505438745,0.005380227424659632,0.030118184398266745,13.132393846693247,0.5819251475653902,0.24627210858243248,rl2,omDamnph0YxUBJSO,10,3913.0,folding clothes,"{""short sleeve shirts"",""long sleeve shirts"",shorts}"
2025-10-14-04-29-19-106000,3032.0,101.06666666666666,0.0,0.0,0.0,0.0,0.0,0.0,0.0,0.0,0.0,0.0,0.0,0.0,0.0,0.0,39.47804947395915,0.20052770448548812,34.21268011896258,0.016490765171503958,0.20052770448548812,39.47804947395915,41.82331814240206,0.41395563981262345,0.16206455220113072,70.51049091436325,0.6978933445829418,0.3570780423295215,12.467876540531567,0.0003299241174529858,5.406407177923099,0.5559244921977827,112.3338090567653,0.0,101.06666666666666,4.6256261945554735,41.82331814240206,0.41395563981262345,0.7098564967129237,1.0877859339032419,30.394130809319286,0.4685719236731529,0.2890652660280466,0.6799276545643806,0.09209475104850287,-0.1890332018127198,-0.2261213584302981,-0.3632702741982037,0.9864731111844276,70.51049091436325,0.6978933445829418,0.8341095173629238,1.8151195711439905,39.817520227463355,0.49974510446190834,0.3986741881817579,0.691294401884079,0.1377303677079067,-0.23429646702006576,0.0651335475737072,-0.39045448544359024,0.9914219729462224,0.7234105517761665,0.31744269915679013,0.07596643000081929,0.06053083369331449,0.10182148768789284,0.0037760484667899476,0.0349317516852317,0.10144084470175915,0.005591204651912484,0.03205032755274363,6.1034151169262,0.3004917531808871,0.12332227236410148,rl2,4OOitkcdBEpTp3V5,8,3032.0,folding clothes,"{""short sleeve shirts"",""long sleeve shirts"",shorts}"
2025-10-14-04-29-38-501000,2357.0,78.56666666666666,0.0,0.0,0.0,0.0,0.0,0.0,0.0,0.0,0.0,0.0,0.0,0.0,0.0,0.0,44.31227771312521,0.46627068307170133,37.55346517830853,0.16207042851081885,0.46627068307170133,44.31227771312521,37.96811860001128,0.48346500764021155,0.34066507434059,51.538214691544006,0.6562591004865536,0.4569321748781136,8.69582544005661,0.0,4.024344348873269,0.5698620540633825,89.50633329155528,0.0,78.56666666666666,4.3765952446766745,37.96811860001128,0.48346500764021155,0.7611374334878535,1.1581529752467308,33.95174277200442,0.47050887160003185,0.2959963046014309,0.4981653243303299,0.06937893039887234,-0.13845115612582237,-0.2556390522611333,-0.2908419508180365,0.9889643463497453,51.538214691544006,0.6562591004865536,0.8428258593569037,1.5751922598693895,39.2148283261291,0.4267190685495734,0.4588167145848274,0.530012484639883,0.10376894008950503,-0.21308063152556356,0.07818281370761189,-0.3068903211147023,0.9944821731748726,0.7754707322295419,0.34907828249815426,0.06877742105745681,0.1409851485843148,0.10072381895601706,0.004227746247951977,0.025335197038071924,0.10231622986685862,0.004425688635280705,0.028648647000366873,5.340919636883076,0.268793138187631,0.13912110292655736,rl2,4OOitkcdBEpTp3V5,7,2357.0,folding clothes,"{""short sleeve shirts"",""long sleeve shirts"",shorts}"
2025-10-14-04-29-58-059000,2252.0,75.06666666666666,0.0,0.0,0.0,0.0,0.0,0.0,0.0,0.0,0.0,0.0,0.0,0.0,0.0,0.0,49.14307646778883,0.6420959147424512,42.47185297434924,0.41563055062166965,0.6420959147424512,49.14307646778883,41.678618444722325,0.5554680379127809,0.5005763592243653,58.587090641199495,0.780814180024871,0.5835826160612221,8.365138595052644,0.0,3.376910951905879,0.668141108968826,100.26570908592183,0.0,75.06666666666666,4.331610148759865,41.678618444722325,0.5554680379127809,0.8369263638710115,1.4232947391882493,37.68192161131461,0.47931598126888275,0.38067022897303104,0.6293553188443184,0.1148330049567942,-0.18717979141395227,-0.23648090033087263,-0.27868302513185234,0.986228342958685,58.587090641199495,0.780814180024871,0.9716685165274342,2.0441037228510077,46.16966508421429,0.47988848201930523,0.4549807980656624,0.6925383638590574,0.15120885720487148,-0.22925895595506204,0.11936136933317733,-0.29861381184061586,0.9924478009773434,0.7742819067458273,0.3692738596038073,0.10209414309951435,0.05377463128085514,0.10033093929927331,0.00547504014267085,0.0307534494101476,0.10196108244331027,0.005898340523323442,0.02926699106993977,6.189936626275321,0.40599335160449085,0.16030365348121045,rl2,4OOitkcdBEpTp3V5,7,2252.0,folding clothes,"{""short sleeve shirts"",""long sleeve shirts"",shorts}"
2025-10-14-04-30-14-819000,2423.0,80.76666666666667,0.0,0.0,0.0,0.0,0.0,0.0,0.0,0.0,0.0,0.0,0.0,0.0,0.0,0.0,47.368713798769036,0.6128765992571192,47.777833477674704,0.620305406520842,0.620305406520842,47.777833477674704,35.27026951187142,0.43687369337578136,0.2634930783539051,63.76428876851969,0.7898136511377336,0.13767236157569937,9.840788527574501,0.0,5.634654743212339,0.6133436722567573,99.03455828039111,0.0,80.76666666666667,4.403869662596334,35.27026951187142,0.43687369337578136,0.681453955468846,1.1174501069575726,27.83427422136886,0.3129389062523842,0.5579642746597528,0.6456785053014755,0.11274110369563381,0.1930427510488134,-0.2668046329861943,-0.29481803472344104,0.990503715937242,63.76428876851969,0.7898136511377336,0.864465931030266,1.976449698705932,39.393171667043205,0.5208718031644821,0.6150097204372287,0.6407496156170964,0.20525851489345373,-0.2216578395587511,-0.23401324637166945,-0.31526063612362065,0.9954582989265071,0.6520751551593554,0.4457608687604486,0.12113445125396806,0.08537403586840393,0.10031216694643243,0.003568527147809747,0.027283051696072258,0.10111758134733288,0.005548329731251417,0.03346515603790158,5.9499969540529465,0.3008475309109422,0.1488368724360875,rl2,4OOitkcdBEpTp3V5,7,2423.0,folding clothes,"{""short sleeve shirts"",""long sleeve shirts"",shorts}"
2025-10-14-04-30-33-706000,2372.0,79.06666666666666,0.0,0.0,0.0,0.0,0.0,0.0,0.0,0.0,0.0,0.0,0.0,0.0,0.0,0.0,45.87124004551676,0.551433389544688,37.259843163651354,0.14839797639123103,0.551433389544688,45.87124004551676,39.69883962473999,0.5023050142312104,0.5961716542191933,52.37194887255815,0.6626564597961808,0.5815875423214946,10.002994390704446,0.00021088148460565162,4.817565033328895,0.5824807370136955,92.07078849729814,0.0,79.06666666666666,4.382859620977773,39.69883962473999,0.5023050142312104,0.8105727820628102,1.1774004794592217,35.86848558005742,0.47701900638639927,0.3867600057274103,0.6765950657427311,0.12482629137586773,-0.15184807029401987,-0.2853524317701063,-0.3148445641939194,0.9856600590468156,52.37194887255815,0.6626564597961808,0.8723731095526772,1.6130265739005132,40.35179244683812,0.47351823654025793,0.40012336894869804,0.6514799669384956,0.1234331158308694,-0.2428291238966896,0.06393050362304131,-0.33748274455380955,0.9924082665541966,0.7797925234324842,0.3698052618013042,0.07063034822147896,0.0815987704381337,0.101222653656285,0.004430720141388631,0.029897381329617542,0.10120488393264489,0.005458179268197422,0.030394532882321787,4.81669830576508,0.2617265244698781,0.1387458717236099,rl2,4OOitkcdBEpTp3V5,7,2372.0,folding clothes,"{""short sleeve shirts"",""long sleeve shirts"",shorts}"
2025-10-14-04-31-24-089000,2238.0,74.6,0.0,0.0,0.0,0.0,0.0,0.0,0.0,0.0,0.0,0.0,0.0,0.0,0.0,0.0,37.910144660895355,0.3248436103663986,38.08002870600032,0.25603217158176944,0.3248436103663986,38.08002870600032,47.537003760747325,0.637510108548243,0.056015393368519656,64.59178388914823,0.8662286619018538,0.25578928054936667,12.827294310349915,0.0006705409029950827,6.342124763570175,0.7518693852250484,112.12878764989556,0.0,74.6,4.3254562831854875,47.537003760747325,0.637510108548243,0.920068207202271,1.6257755508041285,41.40945611354262,0.4487178474664688,0.3567635314539075,0.5843447335064411,0.09354550677551339,-0.020531734949355684,-0.26366335083959397,-0.3057011292246108,0.9950827000447027,64.59178388914823,0.8662286619018538,1.0380474735133034,2.287612334616961,49.31644052732837,0.44792463071644306,0.45121878758072853,0.5636336337774992,0.11391712594968642,-0.23408963446071748,0.06387376699529956,-0.31560353770852295,0.994188645507376,0.7552124669554212,0.40733238076588635,0.10268837447146345,0.08969458606874098,0.09955634354872886,0.004687881426208265,0.027337140892531156,0.10228078106662486,0.005779791812145161,0.029253804473819187,6.68831220199088,0.32453227223433806,0.17537336677604876,rl2,4OOitkcdBEpTp3V5,8,2238.0,folding clothes,"{""short sleeve shirts"",""long sleeve shirts"",shorts}"
2025-10-15-20-26-47-000000,2037.0,67.9,0.0,0.0,0.0,0.0,0.0,0.0,0.0,0.0,0.0,0.0,0.0,0.0,0.0,0.0,20.97629985950463,0.008836524300441826,19.119481689096567,0.008836524300441826,0.008836524300441826,20.97629985950463,34.60588446253996,0.5099098889372293,0.8322107630478902,35.46413727265106,0.5225560501864105,0.9270184701895118,27.205939584656285,0.0014734774066797642,7.4584481232122135,0.51623296956182,70.07002173519102,0.0,67.9,4.232656178019613,34.60588446253996,0.5099098889372293,1.1353989827672044,1.1253793061208963,41.138607906038054,0.7303800508379936,0.36070533469319344,0.9106257930397987,0.2399061688444201,-0.05097708430426505,-0.2910701173440419,-0.8125455501842759,0.9941060903732809,35.46413727265106,0.5225560501864105,1.0227664871723419,1.0327631163201416,37.59150011297524,0.6264264136552811,0.6180043816566467,0.9058747785165906,0.3506951696651563,-0.25416861622556347,-0.01630784409372369,-0.7794217671677799,0.993614931237721,0.9180425631972516,0.3510234296559015,0.06731311082592016,0.22981159922748765,0.10930903531316764,0.004454317361341927,0.01876938313864983,0.10693405662983936,0.005618877528753929,0.02208187548429892,14.019852583595386,0.6289390324328015,0.2924703610804566,rl2,lbjSOvcmdHRbM9gk,1,2037.0,folding clothes,"{""short sleeve shirts"",""long sleeve shirts"",shorts}"
2025-10-15-20-30-56-000000,2311.0,77.03333333333333,0.0,0.0,0.0,0.0,0.0,0.0,0.0,0.0,0.0,0.0,0.0,0.0,0.0,0.0,20.5060070026442,0.009519688446559932,15.852129743373537,0.009519688446559932,0.009519688446559932,20.5060070026442,33.31571659485769,0.4326716440890609,0.8576134337776657,36.12167573949669,0.4691126719415154,0.8010068867915389,27.36165767136386,0.003463203463203463,9.819522738362457,0.4508921580152881,69.43739233435437,0.0,77.03333333333333,4.357136085828755,33.31571659485769,0.4326716440890609,1.4801407327477538,0.7106599980786065,58.39870843674583,0.7433321848511696,0.42617437057197094,0.9657105735968798,0.3059266085833836,-0.14646414476468972,-0.2503480015412031,-0.8411998134893246,0.9939393939393939,36.12167573949669,0.4691126719415154,1.3789109852079438,0.814692832271899,53.9557171777663,0.6842877566814423,0.5462493598461151,0.9105801107361913,0.34036733223108906,-0.14709185735269742,0.1445448064527985,-0.8100022427130802,0.9939393939393939,0.9515842397208552,0.4056482836048032,0.06765462491951872,0.2464976784918323,0.10549551027828906,0.005002856667287994,0.02261460459738858,0.10377935370373942,0.005888374976172675,0.02769304969780012,13.419271239614613,0.7171378739060038,0.289122820080923,rl2,lbjSOvcmdHRbM9gk,1,2311.0,folding clothes,"{""short sleeve shirts"",""long sleeve shirts"",shorts}"
2025-10-15-20-36-36-000000,2992.0,99.73333333333333,0.0,0.0,0.0,0.0,0.0,0.0,0.0,0.0,0.0,0.0,0.0,0.0,0.0,0.0,19.976591961252588,0.00033422459893048126,19.309067621481745,0.001002673796791444,0.001002673796791444,19.976591961252588,35.22250241609305,0.3532848787973225,0.4233975363511178,46.715389459653956,0.46855957331648906,0.45580842504253444,14.413370963286049,0.0006686726847208291,7.048872174259468,0.41092222605690576,81.937891875747,0.0,99.73333333333333,4.612476761170529,35.22250241609305,0.3532848787973225,0.5814803493477522,0.8013453360693991,19.202272745516378,0.41882331669330597,0.7160984463989735,0.6715734377503395,0.20141745013397802,0.1901030426317039,-0.19157896402363078,-0.8016539416425329,0.9923102641257104,46.715389459653956,0.46855957331648906,0.6480941707070053,1.0750723605044992,23.68479245992937,0.4200386218726635,0.8490600734949112,0.7478607408702374,0.2667155762213676,-0.19080009890183616,-0.1740667632327136,-0.7962433015678656,0.995987963891675,0.7934669333460094,0.4112389192428492,0.06844452550828631,0.2734059435134388,0.10558731195742643,0.004690307526383506,0.02288618327959703,0.10015228243083653,0.006335913849443233,0.032730176547998036,16.80574067779326,0.6806512424799931,0.20570932829673358,rl2,lbjSOvcmdHRbM9gk,2,2992.0,folding clothes,"{""short sleeve shirts"",""long sleeve shirts"",shorts}"
2025-10-15-20-40-40-000000,2106.0,70.2,0.0,0.0,0.0,0.0,0.0,0.0,0.0,0.0,0.0,0.0,0.0,0.0,0.0,0.0,22.341833357365736,0.006647673314339981,18.52491165558483,0.006647673314339981,0.006647673314339981,22.341833357365736,36.9996713118847,0.5273112300981192,0.1692607859798087,40.40113007526098,0.5757880770821042,0.5181721551356369,27.677015540705277,0.0030878859857482186,10.194269504263117,0.5515496535901118,77.40080138714568,0.0,70.2,4.26549281841793,36.9996713118847,0.5273112300981192,1.3359110329793822,1.1105304286562085,51.24101409252239,0.534840646199882,0.7452061846852303,1.0153388064354658,0.40468009264433324,0.15081350200262067,-0.270233312671145,-0.7713062654374077,0.9980997624703087,40.40113007526098,0.5757880770821042,1.3241294183179984,1.1801970656932368,50.98212355146099,0.39586158376187086,0.8479868769645691,1.0815254412591457,0.36305233077659027,-0.21419043469367458,-0.1279063314844928,-0.7591417080722528,0.9985748218527316,0.9561912084011976,0.4051684595965624,0.07329318796466613,0.2766896489700805,0.10785506650053976,0.006520241335528918,0.026107040040713847,0.10480492943743064,0.007432931357191757,0.0321335124154359,16.21098944959241,0.725774257183654,0.3317696026221204,rl2,lbjSOvcmdHRbM9gk,2,2106.0,folding clothes,"{""short sleeve shirts"",""long sleeve shirts"",shorts}"
2025-10-21-00-09-38-000000,5268.0,175.6,0.0,0.0,0.0,0.0,0.0,0.0,0.0,0.0,0.0,0.0,0.0,0.0,0.0,0.0,38.81264994008626,0.06340167046317388,38.334526710500654,0.07441154138192863,0.07441154138192863,38.81264994008626,69.83423925469998,0.3977647954511107,0.8046841634706318,85.55200323525307,0.4872906962326927,0.7775242462336711,22.04623821367075,0.001139168407062844,12.377389270864757,0.44252774584190163,155.38624248995305,0.0,175.6,5.173887288169859,69.83423925469998,0.3977647954511107,0.9048032295025938,0.8791245182602105,34.08034700085873,0.7561359209939837,1.1835413798689842,0.9304548450745642,0.8326809298238618,0.4347240366633902,-0.35464271994800173,-0.6966797699706736,0.9933548509588,85.55200323525307,0.4872906962326927,0.8382420996873242,1.1673321579599163,32.61550458538483,0.9513294324278831,0.8036364782601595,0.9201337499544024,0.7034634468832902,-0.040913590201407946,-0.5600947466933139,-0.7151666583244787,0.9962027719764572,0.8384449945518286,0.5292661975344883,0.12140168840515497,0.046267084197262505,0.10250332826362396,0.006303563719603473,0.031379047727975715,0.10067797698261362,0.008262414112016966,0.03437030138181915,29.777868796228205,0.7335033254905949,0.1923815736894904,rl2,cbb43DO-bmnqDXr5,2,5268.0,folding clothes,"{""short sleeve shirts"",""long sleeve shirts"",shorts}"
2025-10-21-00-28-58-000000,7090.0,236.33333333333334,0.0,0.0,0.0,0.0,0.0,0.0,0.0,0.0,0.0,0.0,0.0,0.0,0.0,0.0,30.770070977509093,0.00465444287729196,28.8525529750855,0.006205923836389281,0.006205923836389281,30.770070977509093,111.26145375699501,0.4708483019762802,0.9806159032246285,129.13334813694988,0.5464805253362247,0.9253435720581837,14.140382786974053,0.0006347862886161659,6.664989930040473,0.5086644136562525,240.39480189394487,0.0,236.33333333333334,5.469465622743866,111.26145375699501,0.4708483019762802,0.7216666043763678,1.1992732176850607,23.007417039922412,0.7633325383067131,0.5311395302414894,1.35483618080616,0.5492994780656059,-0.08490530664353449,-0.36784669928678293,-0.6476723982137463,0.9946395824516857,129.13334813694988,0.5464805253362247,0.8254653924943872,1.244639261786751,26.989631275854965,0.5653333961963654,0.7437542378902435,1.2595601752400398,0.5296061449197899,-0.36207813762669544,-0.15207706810670907,-0.7035775571633314,0.9954859641698406,0.8184981968874097,0.37337707855041213,0.06601482970582279,0.12075826759038447,0.10452818938804682,0.004735970522881771,0.03159025715529677,0.10035928514831749,0.008134998316653548,0.03379842040423443,39.32015887056646,0.6816970913198747,0.2628287765621117,rl2,cbb43DO-bmnqDXr5,2,7090.0,folding clothes,"{""short sleeve shirts"",""long sleeve shirts"",shorts}"
2025-10-29-21-54-36-189000,2834.0,94.46666666666667,0.0,0.0,0.0,0.0,0.0,0.0,0.0,0.0,0.0,0.0,0.0,0.0,0.0,0.0,36.61010621969524,0.07974594213126324,22.72704819595854,0.043048694424841216,0.07974594213126324,36.61010621969524,51.017254641654105,0.5402462545886422,0.027862875534713612,62.24360997916064,0.659127532430222,0.06193465642866946,10.869484993097497,0.00035298270384751147,5.783870788579157,0.599686893509432,113.26086462081474,0.0,94.46666666666667,4.558777146418381,51.017254641654105,0.5402462545886422,0.9551387455702397,1.2607265004895127,40.27571898298951,0.3705178964883089,0.40618187189102173,0.9321622187271714,0.14028822591441625,0.14223038822467698,-0.6069874017011051,-0.7734412117851353,0.9908224496999647,62.24360997916064,0.659127532430222,0.9305505753970931,1.581056306710326,41.46014267380642,0.5096831787377596,0.39998052606824785,0.9394568097777665,0.19152080862588883,-0.2835005255529083,-0.16315514798069997,-0.7677895513935975,0.9872926226614895,0.8805914999211106,0.6184257698472224,0.1203693316388355,0.22828203458894977,0.10209436839358692,0.003624840457387202,0.022033141394199346,0.10273215202578768,0.0038915063793068688,0.029134636443255188,8.795667234134598,0.3413523571212322,0.18101827685181024,rl2,CizpI2XpvnTL3SW5,1,2834.0,folding clothes,"{""short sleeve shirts"",""long sleeve shirts"",shorts}"
2025-10-29-21-54-36-190000,2605.0,86.83333333333333,0.0,0.0,0.0,0.0,0.0,0.0,0.0,0.0,0.0,0.0,0.0,0.0,0.0,0.0,31.490845213833456,0.09904030710172745,21.12183995146179,0.05796545105566219,0.09904030710172745,31.490845213833456,60.25008600679526,0.6941254148248301,0.6069295924896054,69.74388889367245,0.8035010241206502,0.6007914042805717,12.273082239554858,0.00019201228878648233,5.356513838694552,0.7488132194727403,129.99397490046772,0.0,86.83333333333333,4.475441079313307,60.25008600679526,0.6941254148248301,1.0906394177403027,1.994480215897725,46.977149973456854,0.42409004271030426,0.20558318495750427,0.7740504611283541,0.0674861945203213,-0.10072297442225371,-0.45116265356941093,-0.6961317443065417,0.9773425499231951,69.74388889367245,0.8035010241206502,1.142475618167591,2.0457799142283397,50.76068694614274,0.37314941734075546,0.39357503689825535,0.8823900762945414,0.12958983230614707,-0.26790414846818644,-0.0640104181608564,-0.7255380609964741,0.9804147465437788,0.9126615103705428,0.42991630843180406,0.06426340902671925,0.2735064251046054,0.10323660716762216,0.0038893831552171427,0.02619025266348876,0.10431367024883408,0.004293644944134685,0.030031188483341312,4.958097772107333,0.2652915852704796,0.12191889579338419,rl2,CizpI2XpvnTL3SW5,1,2605.0,folding clothes,"{""short sleeve shirts"",""long sleeve shirts"",shorts}"
2025-10-29-21-54-36-194000,2619.0,87.3,0.0,0.0,0.0,0.0,0.0,0.0,0.0,0.0,0.0,0.0,0.0,0.0,0.0,0.0,29.776122665727925,0.09431080565101184,17.49612183792633,0.03169148529973272,0.09431080565101184,29.776122665727925,52.02124181402936,0.5961181262111844,0.26837254582130154,57.51135748664663,0.6590300705116116,0.33838387346381005,13.867250886918566,0.0003819709702062643,5.240544811234942,0.627574098361398,109.532599300676,0.0,87.3,4.480740107609915,52.02124181402936,0.5961181262111844,1.0152794997594625,1.6662180354249612,43.257405685056,0.3434454221278429,0.37568753957748413,0.771176889538765,0.09950353942445926,0.17228449579312652,-0.42129577350677905,-0.732726968565985,0.9682964094728801,57.51135748664663,0.6590300705116116,1.0532753182769368,1.6369158924177183,45.5624130891083,0.23497498873621225,0.3848270205780864,0.7731917146593332,0.06991564803560144,-0.12733745057869783,-0.2045960359175061,-0.7632195313346265,0.9717341482047365,0.9466813993146072,0.3746127848197663,0.06159930711894949,0.23132229267751653,0.10095239785494226,0.0032392651114414375,0.02259531653078145,0.10289603337859292,0.0044491819683217925,0.0283450266663796,4.436982101006726,0.30017175466349905,0.11185199647005578,rl2,CizpI2XpvnTL3SW5,1,2619.0,folding clothes,"{""short sleeve shirts"",""long sleeve shirts"",shorts}"
2025-10-29-21-54-36-195000,3259.0,108.63333333333334,0.0,0.0,0.0,0.0,0.0,0.0,0.0,0.0,0.0,0.0,0.0,0.0,0.0,0.0,35.78038812588529,0.06535747161706044,25.432007837233783,0.25682724762196996,0.25682724762196996,35.78038812588529,49.62467059618339,0.45694908467940504,1.3513547261021468,59.41890921046257,0.5471354439269114,1.6853286305676265,30.533725095472924,0.0012277470841006752,24.030674530838375,0.5020422643031582,109.04357980664597,0.0,108.63333333333334,4.697141464526902,49.62467059618339,0.45694908467940504,0.9221093810069676,1.0095955761134738,38.518035625226446,0.7200717069208622,1.2751069366931915,0.7428799085319042,0.6820888781150675,0.4056193381164997,-0.4027459325749529,-0.7632031298890348,0.983732351135666,59.41890921046257,0.5471354439269114,1.412566239611288,1.2614311332990338,60.093724963636944,1.008495219051838,2.178356796503067,0.7209832295775414,1.5839009586608277,-0.06860887182444385,-0.47307567147411755,-0.6806561614964849,0.9877225291589933,0.7013456179266391,0.5614877065049734,0.28093361111051135,0.21040991133713716,0.10254959237396793,0.0026743943434729303,0.016917891531280024,0.10248396490088317,0.004030054447401643,0.026136776112067633,7.061278774780618,1.526206209227879,0.08590250102278696,rl2,CizpI2XpvnTL3SW5,1,3259.0,folding clothes,"{""short sleeve shirts"",""long sleeve shirts"",shorts}"
2025-10-29-21-54-36-196000,3540.0,118.0,0.0,0.0,0.0,0.0,0.0,0.0,0.0,0.0,0.0,0.0,0.0,0.0,0.0,0.0,34.9685125757683,0.036440677966101696,26.4212260086882,0.10564971751412429,0.10564971751412429,34.9685125757683,47.37026402249016,0.40155634944184937,0.4994730768391877,79.06317443542251,0.6702162286133584,0.48460545915685227,26.07077116574046,0.0005651313930488839,5.903682022196868,0.5358862890276038,126.43343845791267,0.0,118.0,4.77912349311153,47.37026402249016,0.40155634944184937,0.7528765110556119,0.919895094339571,31.099780427937418,0.321632694453001,0.45141468197107315,0.8880469398573041,0.12893528696922596,0.32217130627861973,-0.44518447813846296,-0.7280054643041175,0.9915230291042667,79.06317443542251,0.6702162286133584,1.0333221980293095,1.7003011571853714,46.042347106108785,0.8927443288266659,1.028807447408326,0.9371868688613176,0.8607705391890744,-0.1642965677316632,-0.3616741993002486,-0.7172031953062673,0.9935009889799379,0.6415604357847569,0.5478130769139151,0.21176369568412756,0.18280984592318583,0.10086055226191296,0.00307015450133528,0.02094718882514475,0.1038509706324818,0.0040674685456045185,0.022518822516686438,9.728447306330853,0.3833108909246973,0.1463102408303151,rl2,CizpI2XpvnTL3SW5,1,3540.0,folding clothes,"{""short sleeve shirts"",""long sleeve shirts"",shorts}"
2025-10-29-21-54-36-197000,2813.0,93.76666666666667,0.0,0.0,0.0,0.0,0.0,0.0,0.0,0.0,0.0,0.0,0.0,0.0,0.0,0.0,35.63172772817152,0.056523284749377886,25.398440823245494,0.03519374333451831,0.056523284749377886,35.63172772817152,53.120353125916346,0.5667178498497476,0.5800688391401062,66.98605632514932,0.7146449821317495,0.5653560495692659,11.028132801746267,0.00017780938833570413,1.2170106900879918,0.6406814159907486,120.10640945106567,0.0,93.76666666666667,4.551417729988844,53.120353125916346,0.5667178498497476,0.9031936929045843,1.264079855603163,38.40264229514243,0.28387388586997986,0.44722117483615875,0.7681535258889198,0.09752047977652076,0.3159872244472738,-0.4994186518552928,-0.7663738528187752,0.9893314366998578,66.98605632514932,0.7146449821317495,0.9701378005211307,1.858446304239572,43.30690878062012,0.6146489232778549,0.4290733579546213,0.7431478146463633,0.19598998484264646,-0.19331977479331994,-0.2895066496901879,-0.7656072112799507,0.9918207681365576,0.8473396611195131,0.5604535627599564,0.1460194919370232,0.1266180134951511,0.10186579464111256,0.004189755231420002,0.024309515360610795,0.10326470406017967,0.0040685576933433745,0.025342418160899688,7.146661092552099,0.29200557706710567,0.1085665085277477,rl2,CizpI2XpvnTL3SW5,1,2813.0,folding clothes,"{""short sleeve shirts"",""long sleeve shirts"",shorts}"
2025-10-29-21-54-36-198000,2522.0,84.06666666666666,0.0,0.0,0.0,0.0,0.0,0.0,0.0,0.0,0.0,0.0,0.0,0.0,0.0,0.0,34.23226510434967,0.09397303727200634,26.515856833577296,0.08088818398096749,0.09397303727200634,34.23226510434967,55.25964274312547,0.6575919406163284,0.5534522877094165,66.96439600772153,0.7968789687551154,0.5894855624996218,24.491970208369857,0.0007933359777865926,4.625091883650765,0.7272354546857219,122.224038750847,0.0,84.06666666666666,4.443435262802525,55.25964274312547,0.6575919406163284,1.030880083806905,1.6799682498571802,43.71745511979108,0.474806297570467,0.2457266002893448,0.7377901636064053,0.08607985038143769,-0.09859224273561014,-0.5027746410595813,-0.692633443216599,0.9928599761999206,66.96439600772153,0.7968789687551154,1.2506136400930774,2.143392917371768,54.97346211021867,0.993380282074213,0.5875381845980883,0.7566131073981524,0.4415963681706907,-0.316983682448362,-0.13151874095823843,-0.6888398336967443,0.9940499801666005,0.7463055919764472,0.4737230969448201,0.1516072827200782,0.24798313288172147,0.10260091249726024,0.004040336531994427,0.02305470390451267,0.10399430117496364,0.004717229565486554,0.027988118368675693,6.813774095879962,0.2645238883596815,0.11193804637306742,rl2,CizpI2XpvnTL3SW5,1,2522.0,folding clothes,"{""short sleeve shirts"",""long sleeve shirts"",shorts}"
2025-10-29-21-54-36-199000,2817.0,93.9,0.0,0.0,0.0,0.0,0.0,0.0,0.0,0.0,0.0,0.0,0.0,0.0,0.0,0.0,34.436886462042835,0.10578629747958822,27.329527503739197,0.1121760738374157,0.1121760738374157,34.436886462042835,56.16656867319372,0.5983654333081717,0.37242194716082966,65.28696128719258,0.6955287068948075,0.6663619882071314,25.874367474429327,0.0012428977272727273,6.411260446505958,0.6469470701014896,121.4535299603863,0.0,93.9,4.552823705615882,56.16656867319372,0.5983654333081717,1.0491925403877278,1.4671646072688567,44.085534190997954,0.5522101186215878,0.5463164038956165,0.8804820727091283,0.26562510504816694,0.4776775333283216,0.00779452425655689,-0.650369924585725,0.9790482954545454,65.28696128719258,0.6955287068948075,1.175690206731996,1.793424684716016,50.08271090192487,0.6757532861083746,0.8637490440160036,0.8814936433918774,0.5145113159320622,0.25441243662870827,-0.2818148243943554,-0.6613690777875835,0.9779829545454546,0.7559414023302751,0.39481490451958257,0.1487810238783241,0.04953790897695545,0.1023211271986847,0.003503236452937252,0.02721086686622136,0.10388402570006797,0.003979603032995058,0.02547972443523451,6.981107147040972,0.31273255237165654,0.15500168815209892,rl2,CizpI2XpvnTL3SW5,1,2817.0,folding clothes,"{""short sleeve shirts"",""long sleeve shirts"",shorts}"
2025-10-29-21-54-36-200000,3682.0,122.73333333333333,0.0,0.0,0.0,0.0,0.0,0.0,0.0,0.0,0.0,0.0,0.0,0.0,0.0,0.0,28.877237242069505,0.025529603476371537,20.80347468598683,0.011678435632808256,0.025529603476371537,28.877237242069505,39.93430880537386,0.32546298944884966,0.512023020704769,65.18703493246142,0.5312716783411688,0.48640229828324977,16.728151044339928,0.0009508285791904374,6.254214150193957,0.4283673338950093,105.12134373783528,0.0,122.73333333333333,4.818128712243936,39.93430880537386,0.32546298944884966,0.8104480150235198,0.673095612393635,32.983702992172255,0.43135838210582733,0.2057136744260788,0.9119019444333389,0.08091882072313708,-0.02784300421879084,-0.4325182767345133,-0.7360427842744158,0.9728334691659875,65.18703493246142,0.5312716783411688,0.8458511671407476,1.3112443847871091,36.77948089062706,0.4281554715707898,0.4983459562063217,0.8941773679107428,0.19079022072003746,-0.23104920011116944,-0.1074088635712706,-0.7469569867140917,0.97826677533279,0.8525712301827549,0.40329367493639945,0.08057512531991358,0.17214541026900462,0.10110070877637599,0.003710384977572656,0.025276106621325914,0.1018012832751287,0.0039492167092201776,0.028697077628141957,8.46094129890043,0.3347826442984154,0.11910454497970828,rl2,CizpI2XpvnTL3SW5,1,3682.0,folding clothes,"{""short sleeve shirts"",""long sleeve shirts"",shorts}"
2025-10-29-21-54-36-201000,3400.0,113.33333333333333,0.0,0.0,0.0,0.0,0.0,0.0,0.0,0.0,0.0,0.0,0.0,0.0,0.0,0.0,28.913028902251494,0.025,16.14157954029138,0.00411764705882353,0.025,28.913028902251494,40.47791856246538,0.3572631823695091,0.09848551471521595,68.44096340379042,0.6040685207748491,0.19759904758790556,10.395830159195498,0.0002942041776993233,6.889730301840936,0.4806658515721791,108.91888196625581,0.0,113.33333333333333,4.73911815849783,40.47791856246538,0.3572631823695091,0.7729462440545236,0.8021159204907359,31.114135380005,0.3795391879975796,0.35379282012581825,0.8883645422756672,0.11928802692195686,0.33836143377291805,-0.33939169958891235,-0.8214521813107764,0.9855839952927331,68.44096340379042,0.6040685207748491,0.8337919534096122,1.5201430110080096,36.861246661895244,0.3922528810799122,0.44672880694270134,0.8736029528081417,0.15308202338288884,0.005993191993363914,-0.21435043116610306,-0.8290445146446719,0.9888202412474257,0.8104537946648014,0.3732314759500067,0.07772501623085816,0.18203155384980035,0.10214478800364217,0.004049063060733181,0.023231857083446175,0.10216161545264878,0.004558187364521056,0.028088643865514337,7.274859848470809,0.39984709012846964,0.11513644448601962,rl2,CizpI2XpvnTL3SW5,1,3400.0,folding clothes,"{""short sleeve shirts"",""long sleeve shirts"",shorts}"
2025-10-29-21-54-36-202000,2663.0,88.76666666666667,0.0,0.0,0.0,0.0,0.0,0.0,0.0,0.0,0.0,0.0,0.0,0.0,0.0,0.0,29.218992409759693,0.05595193390912505,22.63033332054795,0.01877581674802854,0.05595193390912505,29.218992409759693,57.65459174441126,0.6497512217627114,0.5418076454111512,65.55375037666312,0.7387725436889157,0.5552268433655082,14.076296566971058,0.0003756574004507889,5.722132097675784,0.6942618827258136,123.20834212107438,0.0,88.76666666666667,4.497213711149444,57.65459174441126,0.6497512217627114,1.1002206574909088,1.5828274906848467,47.20016672788016,0.3225224055349827,0.4298804081045091,0.8286982160061598,0.11489574532477645,0.3808625094449883,-0.2037139097698373,-0.7395883180561972,0.9891059353869271,65.55375037666312,0.7387725436889157,1.045311332976672,1.8553443945956074,46.428927288816105,0.3537861052900553,0.42010287940502167,0.7722749058157206,0.11478056380408279,0.0646942562120783,-0.27982551261951916,-0.7450325503173154,0.987603305785124,0.8938702272234437,0.33872987085293943,0.05794054958538093,0.16008793093439544,0.10296380365087919,0.0038352383254389847,0.02312051326787537,0.10388374459726986,0.003853764490056185,0.02539505994988968,7.187393187251153,0.3584233881131629,0.13689545019772395,rl2,CizpI2XpvnTL3SW5,1,2663.0,folding clothes,"{""short sleeve shirts"",""long sleeve shirts"",shorts}"
2025-10-29-21-54-36-203000,3593.0,119.76666666666667,0.0,0.0,0.0,0.0,0.0,0.0,0.0,0.0,0.0,0.0,0.0,0.0,0.0,0.0,20.28994644324064,0.006679654884497634,17.577075786175293,0.0025048705816866127,0.006679654884497634,20.28994644324064,41.12413236542217,0.34346435717223417,0.5627940354663854,66.47395938575333,0.5551834024422605,0.49913506697246063,13.1058711429413,0.00013919821826280623,6.5253950845691255,0.4493238798072473,107.5980917511755,0.0,119.76666666666667,4.7938603092329215,41.12413236542217,0.34346435717223417,0.7424069200381773,0.7610409199869862,29.89038703220309,0.4118620892986655,0.29492107033729553,0.8236249536275864,0.10004309427704258,0.15951544733709225,-0.25879146816193926,-0.7848642315039546,0.9821826280623608,66.47395938575333,0.5551834024422605,0.7700124941033567,1.3932081398962137,34.10790984466846,0.48010131530463696,0.4446556642651558,0.8621010072529316,0.18404112411696147,-0.15990307375310714,-0.1577116225841187,-0.7801943280268331,0.9883073496659243,0.8000553106055005,0.35102882087909365,0.07246311291309747,0.1509954058287046,0.10190482373826232,0.0031735685036285654,0.020734825200708476,0.10095174405601312,0.0048847527108979265,0.03110468894464448,7.747468692814342,0.29257725221260045,0.11507435383663413,rl2,CizpI2XpvnTL3SW5,1,3593.0,folding clothes,"{""short sleeve shirts"",""long sleeve shirts"",shorts}"
2025-10-29-21-54-36-204000,3201.0,106.7,0.0,0.0,0.0,0.0,0.0,0.0,0.0,0.0,0.0,0.0,0.0,0.0,0.0,0.0,34.79474491793445,0.05435801312089972,23.439840204406966,0.027491408934707903,0.05435801312089972,34.79474491793445,44.78563726501821,0.41986534935954567,0.4657238888865482,56.75287612611666,0.5320582136823436,0.49035776492674327,14.824228133239705,0.00125,6.37323940341026,0.47596178152094465,101.53851339113487,0.0,106.7,4.679349584162343,44.78563726501821,0.41986534935954567,0.9271810456236106,0.829480163016917,39.372798125824474,0.28766643814742565,0.3216755986213684,0.8704875484108925,0.08055080353972567,0.25050244299053065,-0.5394995878335648,-0.8000459294691705,0.983125,56.75287612611666,0.5320582136823436,0.9208570632792022,1.3268011639986015,40.89369027361063,0.3891896605491638,0.4109586849808693,0.793899854645133,0.1269770343240088,-0.09626531895245427,-0.3334014620986889,-0.7889160575029189,0.9834375,0.8898402818049073,0.4084437470098972,0.06553941778208572,0.17311033528516145,0.10138635631261753,0.00354567771789335,0.022069765448360174,0.10266160630419453,0.0042789034405730664,0.027080556405404577,7.173817732223833,0.34403822656095256,0.10325476150844415,rl2,CizpI2XpvnTL3SW5,1,3201.0,folding clothes,"{""short sleeve shirts"",""long sleeve shirts"",shorts}"
2025-10-29-21-54-36-213000,2984.0,99.46666666666667,0.0,0.0,0.0,0.0,0.0,0.0,0.0,0.0,0.0,0.0,0.0,0.0,0.0,0.0,26.0001409799239,0.01742627345844504,23.631825448474025,0.006702412868632708,0.01742627345844504,26.0001409799239,56.06196637989732,0.5638146132741936,0.6521817227941773,69.6504621667345,0.7004739741877424,0.5227229573891562,15.644213149776261,0.0005028494803888703,6.396050978478304,0.6321442937309679,125.71242854663183,0.0,99.46666666666667,4.609825997524285,56.06196637989732,0.5638146132741936,0.9079881388477415,1.2291854595994307,38.555028161866055,0.5319034773856401,0.4052844559773803,0.8382396027445793,0.18070116490095395,0.377049903088841,0.16556914775101275,-0.8001867734412625,0.9969829031176668,69.6504621667345,0.7004739741877424,0.9307936412503235,1.7880915290085337,41.42621608082102,0.5484153237193823,0.64616334810853,0.7978600673377514,0.2827343862581341,0.14633004009116932,-0.30463507130182665,-0.7818611325738557,0.9959772041568891,0.8220161798813699,0.5369730462562039,0.13824892218313503,0.1402411024286813,0.10218456269384665,0.00419904571228247,0.02718421875525058,0.10339010834213486,0.004481594198658706,0.02701872997229085,9.366611442202938,0.4132215645420197,0.1504187208495816,rl2,CizpI2XpvnTL3SW5,1,2984.0,folding clothes,"{""short sleeve shirts"",""long sleeve shirts"",shorts}"
2025-10-29-21-54-36-214000,2633.0,87.76666666666667,0.0,0.0,0.0,0.0,0.0,0.0,0.0,0.0,0.0,0.0,0.0,0.0,0.0,0.0,20.567622044670976,0.030763387770603876,22.931026225479222,0.0189897455374098,0.030763387770603876,22.931026225479222,67.49214337529743,0.7692873485026303,0.7139372372264446,76.24199986967155,0.8690197553533991,0.8179021901522957,14.040005814112199,0.001899696048632219,7.537720980161529,0.8191535519280148,143.73414324496898,0.0,87.76666666666667,4.486011204151777,67.49214337529743,0.7692873485026303,1.1694966460925842,1.9257371778662495,51.96275783428148,0.2974960654973984,0.5121390260756016,0.8852331480011344,0.1348735428187655,0.21762565190401925,-0.18823244318013135,-0.7177871386161547,0.9962006079027356,76.24199986967155,0.8690197553533991,1.1642506943665767,2.2170029769294453,53.07305552527361,0.5096745677292347,0.7039476558566093,0.8838128875941038,0.31709811502913093,-0.1247397793125838,-0.25518739625623754,-0.7233582935792964,0.9946808510638298,0.8841056315836451,0.37416189096436037,0.060364708998008804,0.18414616560236086,0.10323926443844403,0.004417605145905784,0.026722995988687562,0.10503192765188826,0.004793680497338568,0.02678818605890984,9.3752374262059,0.5491278854773004,0.16680488412503314,rl2,CizpI2XpvnTL3SW5,1,2633.0,folding clothes,"{""short sleeve shirts"",""long sleeve shirts"",shorts}"
2025-10-29-21-54-36-215000,3252.0,108.4,0.0,0.0,0.0,0.0,0.0,0.0,0.0,0.0,0.0,0.0,0.0,0.0,0.0,0.0,21.094780272538493,0.01076260762607626,23.652817421069013,0.006457564575645757,0.01076260762607626,23.652817421069013,46.5968124299608,0.4299921171635878,0.2197378531185246,76.35090200531664,0.7045607690432172,0.06134407967653403,11.812163975313913,0.00030759766225776686,5.720811302605583,0.5672764431034025,122.94771443527745,0.0,108.4,4.695010889987881,46.5968124299608,0.4299921171635878,0.7708661694350991,1.061167259935869,31.949765578784884,0.2922760099172592,0.638859792612493,0.771411644294858,0.14404059814237383,0.2888339877977445,-0.18779853108448338,-0.815509774709558,0.9904644724700092,76.35090200531664,0.7045607690432172,0.8639346628811704,1.7625935159321446,39.80906995259756,0.5687153711915016,0.6089126510778442,0.7572890073060989,0.2622476568239431,-0.13296800141903226,-0.3110155286444242,-0.8076664606054276,0.9944632420793602,0.7345084551381666,0.467805445913045,0.1204726913964351,0.17180811735812027,0.10156954176234184,0.003514946589475194,0.02521666815994557,0.10302440513821287,0.004436743093520902,0.02957702301299936,9.603270215053733,0.35247120370957596,0.13800239638313969,rl2,CizpI2XpvnTL3SW5,1,3252.0,folding clothes,"{""short sleeve shirts"",""long sleeve shirts"",shorts}"
2025-10-29-21-54-36-216000,2613.0,87.1,0.0,0.0,0.0,0.0,0.0,0.0,0.0,0.0,0.0,0.0,0.0,0.0,0.0,0.0,23.342822110695995,0.03482587064676617,14.02789832480993,0.006888633754305396,0.03482587064676617,23.342822110695995,62.15928530460974,0.713927472870709,0.09702930624935238,68.74610511918146,0.7895800741100474,0.0822408826369095,14.853997549749081,0.0024885145482388973,6.618930758388157,0.7517537734903783,130.9053904237912,0.0,87.1,4.478472532942134,62.15928530460974,0.713927472870709,1.2167955689949008,1.769376007191646,51.78648559021425,0.24666516110301018,0.4282494466751814,0.8991465494036674,0.09498064329377694,0.2644324036072006,-0.22638202160618232,-0.7532860314451412,0.9881316998468607,68.74610511918146,0.7895800741100474,1.1889127015304422,2.1332720535449683,52.0082085165375,0.5462966226041317,0.40991347562521696,0.8967158701270819,0.20080548308505883,-0.1113030022443969,-0.10826543626243888,-0.7418318496039725,0.9869831546707504,0.8937455056288054,0.40941826292995226,0.07825322878631479,0.17141976446037888,0.10412838584425319,0.004832966351034404,0.024244280946959088,0.10541428153611554,0.003904423029836144,0.023512331435497608,7.680767325533257,0.32949211136690365,0.18559891260888348,rl2,CizpI2XpvnTL3SW5,1,2613.0,folding clothes,"{""short sleeve shirts"",""long sleeve shirts"",shorts}"
2025-10-29-21-54-36-217000,2536.0,84.53333333333333,0.0,0.0,0.0,0.0,0.0,0.0,0.0,0.0,0.0,0.0,0.0,0.0,0.0,0.0,18.965073702717923,0.03548895899053628,9.215846177825757,0.006309148264984227,0.03548895899053628,18.965073702717923,64.30517175571654,0.7610079497717932,0.6407992403131781,67.12800373127754,0.7944142453405626,0.6571378391768606,15.837263451579183,0.0013806706114398422,9.17572097575462,0.7777110975561778,131.4331754869941,0.0,84.53333333333333,4.448906163513426,64.30517175571654,0.7610079497717932,1.2189662067092177,1.9312782603831238,52.18886693355341,0.5286200605332851,0.3257796326652169,0.8778764922171831,0.1511823142189425,0.11596516005537687,-0.2510494350008402,-0.7484080106216815,0.988560157790927,67.12800373127754,0.7944142453405626,1.1900625218089538,1.7453272149099772,51.76680364119434,0.2693296242505312,0.5862795859575272,0.8713262435048819,0.1375845578275417,-0.10402154837505839,0.012762535421035164,-0.743608251048769,0.9909270216962525,0.944031358176967,0.35175294112570477,0.06273822687801435,0.23475627707762922,0.10244729475661882,0.004297934631902207,0.028390543001741944,0.10324352511518665,0.0035455455555121157,0.025455364765067573,7.187779438538522,0.42755269598758167,0.1872174245513427,rl2,CizpI2XpvnTL3SW5,1,2536.0,folding clothes,"{""short sleeve shirts"",""long sleeve shirts"",shorts}"
2025-10-29-21-54-36-218000,3710.0,123.66666666666667,0.0,0.0,0.0,0.0,0.0,0.0,0.0,0.0,0.0,0.0,0.0,0.0,0.0,0.0,24.790329195061254,0.02183288409703504,14.358180877932636,0.002425876010781671,0.02183288409703504,24.790329195061254,51.0468775241786,0.4128892762807651,0.12315440713559828,82.8731638967462,0.6703140784314873,0.13958836590077378,12.373253810571562,0.0006740361283364788,6.912214351029321,0.5416016773561262,133.9200414209248,0.0,123.66666666666667,4.825643508746422,51.0468775241786,0.4128892762807651,0.8587601248022985,0.9395361313503573,34.58262372545021,0.42354055121541023,0.21872886270284653,0.7679439671337605,0.07114274616711992,0.16596377090503264,-0.3565144002186561,-0.7986522937238698,0.9859800485306013,82.8731638967462,0.6703140784314873,0.8926308266785463,1.6272187452527218,40.25932306213329,0.38088159263134,0.47650218568742275,0.8017634861171246,0.14551278580414959,-0.11062974451270427,-0.12954230740051523,-0.7937059384958964,0.9924507953626315,0.792316212093181,0.37417754621342375,0.08247675357965767,0.12241005751117225,0.10006540972141913,0.005627478187538955,0.028624605867646438,0.10075427281188576,0.004464638591387686,0.02864371558502528,7.748527410329482,0.32810843955709873,0.11251931768806292,rl2,CizpI2XpvnTL3SW5,1,3710.0,folding clothes,"{""short sleeve shirts"",""long sleeve shirts"",shorts}"
2025-10-29-21-54-36-220000,2811.0,93.7,0.0,0.0,0.0,0.0,0.0,0.0,0.0,0.0,0.0,0.0,0.0,0.0,0.0,0.0,20.62156931441488,0.031305585200996085,8.655609065492365,0.0010672358591248667,0.031305585200996085,20.62156931441488,63.224985285765804,0.6749998429085317,0.4539390830692229,66.25261666155684,0.7073233095539876,0.4596341160647839,15.547756917673532,0.0010676156583629894,5.9110011371239155,0.6911615762312596,129.47760194732265,0.0,93.7,4.550714000192032,63.224985285765804,0.6749998429085317,1.0874378897587087,1.614391655827524,46.101722282312416,0.34432555735111237,0.28698171209543943,0.8194497413933277,0.08097403925267192,0.25952330409051877,-0.15600677511831798,-0.7535121179149694,0.9850533807829182,66.25261666155684,0.7073233095539876,1.0674917014481238,1.6100088856778527,45.94084140951709,0.27122436836361885,0.2866810765117407,0.7513288371264935,0.05841949401380352,-0.07765564005603276,-0.05541081538002548,-0.7564628629159011,0.9846975088967972,0.9364151780987401,0.3584349111165696,0.06654756760467771,0.21141367387845075,0.10265486051050224,0.00445387285271376,0.024408099945138526,0.10430430232198057,0.0037074134578301827,0.024994341730983152,5.441567149391267,0.27853760733392613,0.10840702141330355,rl2,CizpI2XpvnTL3SW5,1,2811.0,folding clothes,"{""short sleeve shirts"",""long sleeve shirts"",shorts}"
2025-10-29-21-54-36-221000,3717.0,123.9,0.0,0.0,0.0,0.0,0.0,0.0,0.0,0.0,0.0,0.0,0.0,0.0,0.0,0.0,30.262754931878863,0.016142050040355124,16.892580838616908,0.0021522733387140166,0.016142050040355124,30.262754931878863,45.47299972892385,0.3671124843562205,0.5135714483100731,80.96893100441575,0.6536781297450142,0.47663021247008985,16.982737952443866,0.0006727664155005383,7.811468556387492,0.5103953070506173,126.4419307333396,0.0,123.9,4.827513417131532,45.47299972892385,0.3671124843562205,0.7850618140599794,0.8400724040316045,31.736141266915087,0.4903465658426285,0.4071759842336178,0.9745591767132282,0.19457789831618405,0.3237951564045564,-0.33885916796725124,-0.7673036503861865,0.9873519913885899,80.96893100441575,0.6536781297450142,0.8653892149975121,1.592982756619945,38.57657529653304,0.6587292440235615,0.5690142214298248,1.0330147705972195,0.3872011124909426,-0.09349871980452813,-0.14682582434882346,-0.7720512589507713,0.9903121636167922,0.7556310035126854,0.4883208178064423,0.13131435959449456,0.1257504259397678,0.09950068413473162,0.003987134813862219,0.02697925071338142,0.10330223825944093,0.004383681027692929,0.025679266507457693,8.832796453192694,0.42123670982014433,0.11393649829880881,rl2,CizpI2XpvnTL3SW5,1,3717.0,folding clothes,"{""short sleeve shirts"",""long sleeve shirts"",shorts}"
2025-10-29-21-54-36-222000,2727.0,90.9,0.0,0.0,0.0,0.0,0.0,0.0,0.0,0.0,0.0,0.0,0.0,0.0,0.0,0.0,32.14553799095029,0.02896956362302897,10.877804731770894,0.0,0.02896956362302897,32.14553799095029,51.09677866202741,0.5623269845417543,0.7015457493952172,65.12333551800972,0.7166911465665047,0.6810853499318821,19.88792926454959,0.0007336757153338225,6.612363311582642,0.6395090655541295,116.22011418003714,0.0,90.9,4.520701029361642,51.09677866202741,0.5623269845417543,0.9640727898025944,1.281490168911847,40.89141800962293,0.49957921355962753,0.45630479976534843,0.8379108719527721,0.1910104916779203,0.31923783903918973,-0.4025376085881834,-0.7865984950858046,0.9944974321349963,65.12333551800972,0.7166911465665047,0.9376545875545645,1.7197971882606882,42.37035226363713,0.49570131301879883,0.5049995072185993,0.7538150865584612,0.18870171559489557,-0.1193148049441049,0.008589425132317734,-0.7777566818570288,0.9930300807043286,0.8340031177153854,0.6070890818220416,0.1224119251869052,0.19593718662281234,0.10158426710911625,0.004830899181208534,0.026307945243887534,0.1032638981172961,0.00384724468358793,0.019494820932987225,7.344042556992439,0.36128187141289225,0.11892365112443702,rl2,CizpI2XpvnTL3SW5,1,2727.0,folding clothes,"{""short sleeve shirts"",""long sleeve shirts"",shorts}"
2025-10-29-21-54-36-223000,3364.0,112.13333333333334,0.0,0.0,0.0,0.0,0.0,0.0,0.0,0.0,0.0,0.0,0.0,0.0,0.0,0.0,30.878560660449004,0.029429250891795482,23.764225391637044,0.019619500594530322,0.029429250891795482,30.878560660449004,44.48927845296329,0.39687135105230414,0.22335770680184683,75.51945195373673,0.6736793216212019,0.2650606136858874,15.093901036095023,0.0011894142134998512,16.12190940080641,0.5352753363367531,120.00873040670002,0.0,112.13333333333334,4.728567064132016,44.48927845296329,0.39687135105230414,0.8180653022092,0.9664927264505259,33.192066533478794,0.46816403418779373,0.7259340668097138,1.2539143189787865,0.42615058224696734,0.2908496916965182,-0.2926919261440643,-0.6688317129577817,0.9878085043116265,75.51945195373673,0.6736793216212019,0.8800847328983872,1.6410139364128358,39.28148560170513,0.5922363363206387,0.7442970834672451,1.3057524133473635,0.5755753737264119,-0.16534530614861526,-0.1886120073754558,-0.6823166383588305,0.9937555753791257,0.7602607337804148,0.49829622995975675,0.11964963029449961,0.19199920358047423,0.10038911822829198,0.004215515315212128,0.028103401123814042,0.10449514881712135,0.0042912878396468524,0.02749063614235582,10.091197350535296,0.9845756079556068,0.14401737020022182,rl2,CizpI2XpvnTL3SW5,1,3364.0,folding clothes,"{""short sleeve shirts"",""long sleeve shirts"",shorts}"
2025-10-29-21-54-36-224000,2675.0,89.16666666666667,0.0,0.0,0.0,0.0,0.0,0.0,0.0,0.0,0.0,0.0,0.0,0.0,0.0,0.0,34.248198687803985,0.055327102803738315,15.389557709405217,0.006355140186915888,0.055327102803738315,34.248198687803985,52.99751435970255,0.5945869225097519,0.56852658050058,65.19926359837879,0.7314801450827839,0.540308668141632,14.157779509690936,0.0005609573672400897,7.640434819552659,0.6630335337962678,118.19677795808134,0.0,89.16666666666667,4.501659809618427,52.99751435970255,0.5945869225097519,0.9845156209640883,1.431005264811076,42.74130300883649,0.4281604737043381,0.5594618823379278,0.8711133766919374,0.20866603182499696,0.3730671263005689,-0.4360590594463816,-0.792820989625337,0.9913986537023186,65.19926359837879,0.7314801450827839,0.9739524847400922,1.8388945878836078,45.40798091246019,0.5713265314698219,0.5106788985431194,0.8280984312295914,0.24160964507497776,-0.10852663417912532,-0.15807805681546766,-0.7847466521960831,0.9932685115931189,0.8537092516500635,0.5625529936039911,0.1229494514317996,0.20360754641396497,0.10186647346436496,0.004207300122484032,0.02170188434900583,0.10348950782428873,0.0043569836968459,0.02488291260564511,8.9127567033451,0.42503402637627036,0.1642706036403857,rl2,CizpI2XpvnTL3SW5,1,2675.0,folding clothes,"{""short sleeve shirts"",""long sleeve shirts"",shorts}"
2025-10-29-21-54-36-225000,2803.0,93.43333333333334,0.0,0.0,0.0,0.0,0.0,0.0,0.0,0.0,0.0,0.0,0.0,0.0,0.0,0.0,38.56208363234409,0.11666072065643952,19.95646546333716,0.03995718872636461,0.11666072065643952,38.56208363234409,60.34427521935619,0.6460843171237279,0.6650145551790672,66.68252090153672,0.7139456199308,0.7794465366636263,11.639873390731328,0.00035688793718772306,7.170102193121223,0.680014968527264,127.02679612089291,0.0,93.43333333333334,4.547894118168362,60.34427521935619,0.6460843171237279,1.1018694863816652,1.5237115454707912,47.992299490690264,0.3476515859365463,0.3954998813569546,0.8166606891900301,0.11228770959627,0.37607183272588524,-0.468419735512955,-0.6928274321974206,0.987152034261242,66.68252090153672,0.7139456199308,1.0201544929522501,1.6744625943354536,46.09806236576629,0.3655327595770359,0.8594834804534912,0.8167883828282356,0.25660989036678944,0.10425747604351232,-0.225009432318014,-0.7077022532457662,0.9875089221984297,0.9170170876293856,0.3703805873897206,0.09584991796035092,0.18473451107678499,0.10143771111628694,0.0039723570735360515,0.02696215954877544,0.10420496334414306,0.004028777061171673,0.02596739151357151,7.656290205269982,0.636056232062936,0.15917316028392087,rl2,CizpI2XpvnTL3SW5,1,2803.0,folding clothes,"{""short sleeve shirts"",""long sleeve shirts"",shorts}"
2025-10-29-21-59-28-866000,3292.0,109.73333333333333,0.0,0.0,0.0,0.0,0.0,0.0,0.0,0.0,0.0,0.0,0.0,0.0,0.0,0.0,42.683272905522216,0.22509113001215067,31.206326673714436,0.029465370595382748,0.22509113001215067,42.683272905522216,35.95094523194656,0.32772055817635876,0.6502214530122146,55.51644301173866,0.5060751414014463,0.563179479330717,17.702466561944128,0.0006077180188392585,4.366521405439604,0.41689784978890254,91.46738824368522,0.0,109.73333333333333,4.7071249085110844,35.95094523194656,0.32772055817635876,0.690354718596026,0.7077482926771322,29.601963542300297,0.41870826855301857,0.5106221698224545,0.6672730185091496,0.14266412214374088,0.5307407890370666,-0.07335942436630905,-0.5621306162445217,0.9878456396232148,55.51644301173866,0.5060751414014463,0.7181311371780725,1.4091396185617084,32.9493799855438,0.48017003759741783,0.4513294631615281,0.6176480278372765,0.133853521505496,0.23613582441316214,-0.23603706796101762,-0.5811905500361354,0.9905803707079915,0.7724403242014598,0.35714715135188485,0.07062138085228986,0.009386026502893406,0.09818415195237853,0.007915283973999269,0.030458163336359173,0.10087238956677441,0.006292233041565937,0.027601940323090476,7.717789139711517,0.3209322097473565,0.12751203943001616,rl2,__zQ0kS-xjtwKdGt,7,3292.0,folding clothes,"{""short sleeve shirts"",""long sleeve shirts"",shorts}"
2025-10-29-21-59-41-062000,2662.0,88.73333333333333,0.0,0.0,0.0,0.0,0.0,0.0,0.0,0.0,0.0,0.0,0.0,0.0,0.0,0.0,36.32647263588389,0.09917355371900827,25.866702865895874,0.0003756574004507889,0.09917355371900827,36.32647263588389,42.62173329686926,0.48051559522964205,0.31965621366918684,47.02130495709114,0.5301161776447705,0.2120826837293722,6.476176877848263,0.0,4.426576051928057,0.5053158864372063,89.6430382539604,0.0,88.73333333333333,4.496842309102463,42.62173329686926,0.48051559522964205,0.687223562746448,1.3604806636203335,30.717676192593366,0.4554041400551796,0.48023451305925846,0.5091353449970484,0.11134829984844635,-0.006816365602506699,-0.3123775786660697,-0.44986347592933273,0.9680571213829388,47.02130495709114,0.5301161776447705,0.7037256802198923,1.4377349789746647,32.172313282216784,0.31569954007864,0.5324085354804993,0.4734222423285246,0.0795733453559908,-0.1763667624158985,-0.07186024607858958,-0.45571054095804,0.9725667042465239,0.8019823799859005,0.30484878520037134,0.05262525910687683,0.18656881627609112,0.10591237472494358,0.004355861598439957,0.021548461545042405,0.10557469978895197,0.005008693998892512,0.02785986102450455,4.250212630288548,0.4489183015451121,0.10765688166843086,rl2,__zQ0kS-xjtwKdGt,6,2662.0,folding clothes,"{""short sleeve shirts"",""long sleeve shirts"",shorts}"
2025-10-29-21-59-44-346000,2609.0,86.96666666666667,0.0,0.0,0.0,0.0,0.0,0.0,0.0,0.0,0.0,0.0,0.0,0.0,0.0,0.0,24.11118135050844,0.014564967420467612,26.516382305277336,0.02261402836335761,0.02261402836335761,26.516382305277336,37.47920140001568,0.4311257829756405,0.4381399430869891,46.17023675884372,0.5310993492198282,0.5972581942913153,21.964611036622635,0.0007668711656441718,5.563377294440025,0.4811125660977344,83.6494381588594,0.0,86.96666666666667,4.476957954841168,37.47920140001568,0.4311257829756405,0.8011175921298733,0.9818789848354982,34.2236758725063,0.6046529393643141,0.7058692686259747,0.7012209016829729,0.2992852377330416,-0.11312367445648276,-0.21078809724828665,-0.5781442269550093,0.9965490797546013,46.17023675884372,0.5310993492198282,0.7846175712785292,1.3106224030532234,34.90452011594247,0.6516966633498669,0.6690331399440765,0.6725327558815479,0.2932287639763683,-0.054004808015605664,0.2637727052748538,-0.5833181087848623,0.9930981595092024,0.8045091784389021,0.49877644500387486,0.15194003668984696,0.024167815579683286,0.10208442996669274,0.0063557334569173595,0.026397753101512156,0.10210243471344135,0.007339150595215944,0.032173332746074174,10.285968285621175,0.46859374475681076,0.125390727810082,rl2,__zQ0kS-xjtwKdGt,5,2609.0,folding clothes,"{""short sleeve shirts"",""long sleeve shirts"",shorts}"
2025-10-29-21-59-49-791000,2779.0,92.63333333333334,0.0,0.0,0.0,0.0,0.0,0.0,0.0,0.0,0.0,0.0,0.0,0.0,0.0,0.0,25.260317144944096,0.09427851745232098,17.607705728498328,0.013314141777617848,0.09427851745232098,25.260317144944096,46.74444462812928,0.5047996180143551,0.4601812863542767,57.9348009536971,0.6256457986360379,0.31700806197555464,23.38611803210286,0.0032397408207343412,2.3360737165795524,0.5652227083251965,104.67924558182638,0.0,92.63333333333334,4.539386445442088,46.74444462812928,0.5047996180143551,1.0199925823080853,1.1869736854815514,44.47181628832726,0.3990167826414108,0.683205384761095,0.5870938897132874,0.16004790863141458,-0.11853694640463282,-0.2176255944153792,-0.5312618421790797,0.9841612670986322,57.9348009536971,0.6256457986360379,1.3702766664487618,1.4289681598410797,60.1125739797244,0.4817911386489868,0.463959664106369,0.8801232371479273,0.19673540367778394,-0.11037345664374117,0.10298710015697125,-0.5756519054802963,0.9838012958963283,0.6652499391759559,0.3442226806893327,0.10219439997906177,0.20192633905869797,0.10429123376459865,0.007910050886924844,0.03399712050032838,0.10609287440718362,0.0051153520360114006,0.030233034520533067,6.358594996624092,0.24371344959454536,0.12086836388435757,rl2,__zQ0kS-xjtwKdGt,4,2779.0,folding clothes,"{""short sleeve shirts"",""long sleeve shirts"",shorts}"
2025-10-29-21-59-56-325000,2509.0,83.63333333333334,0.0,0.0,0.0,0.0,0.0,0.0,0.0,0.0,0.0,0.0,0.0,0.0,0.0,0.0,40.27911751248766,0.20526106018333998,28.077983123309384,0.017138302112395375,0.20526106018333998,40.27911751248766,36.090561511134595,0.4317052812336676,0.1424025180404665,48.16928570878778,0.5761876280955476,0.1374954431619635,16.184017524672743,0.001594896331738437,6.549028054002715,0.5039464546646076,84.25984721992238,0.0,83.63333333333334,4.438328200042523,36.090561511134595,0.4317052812336676,0.7914550290507569,0.9693685456125092,31.039128338671723,0.6243663169443607,0.6070595104247332,0.5972297778353095,0.2263665160028217,0.05341927107459178,-0.3986686376491751,-0.4733155614734676,0.9924242424242424,48.16928570878778,0.5761876280955476,0.8947818979167044,1.3715614958187887,36.6167205195535,0.6358924731612206,0.6269364543259144,0.5044265743345022,0.2010968028219965,-0.22906666403545764,-0.006464800298821415,-0.4800807695268646,0.9932216905901117,0.8311449600094537,0.4955517669470065,0.1570321840568453,0.06713673043390403,0.09833680407008731,0.007496317594199726,0.03168842693308656,0.10043324942360761,0.007186312923201925,0.028143906795810414,10.206652347142988,0.5262711478364888,0.16361718563731972,rl2,__zQ0kS-xjtwKdGt,3,2509.0,folding clothes,"{""short sleeve shirts"",""long sleeve shirts"",shorts}"
2025-10-29-21-59-59-879000,2418.0,80.6,0.0,0.0,0.0,0.0,0.0,0.0,0.0,0.0,0.0,0.0,0.0,0.0,0.0,0.0,18.492711284466417,0.0020678246484698098,31.139971385236905,0.043010752688172046,0.043010752688172046,31.139971385236905,31.66844805164275,0.3930713452831123,0.44610627482291204,54.862165160085,0.6809536428641083,0.40572533268327204,23.653711890382926,0.0022755482002482417,9.800746472248237,0.5370124940736104,86.53061321172774,0.0,80.6,4.401829261970061,31.66844805164275,0.3930713452831123,0.8467845786155886,0.8257505183533606,36.418873100752336,0.38853939808905125,0.5922022257000208,0.6764092855155468,0.1556376480116259,0.11860267030933334,-0.15468751015121385,-0.589655014248742,0.9991725279271825,54.862165160085,0.6809536428641083,1.3379094933238356,1.6629239177930446,59.18668401950349,0.7645182404667139,0.7427388019859791,0.7577873766422272,0.4302999849250906,-0.2848580460633383,-0.16588491006738498,-0.6258034243258417,0.9979313198179561,0.8128277789897939,0.44415080552819164,0.13907557305100546,0.03132051506131962,0.09880439596531077,0.0077042455031870365,0.03324331335912738,0.10056605928140872,0.006901989040209478,0.02971001065168964,11.533117246595404,0.5416391696292994,0.18430211673248345,rl2,__zQ0kS-xjtwKdGt,2,2418.0,folding clothes,"{""short sleeve shirts"",""long sleeve shirts"",shorts}"
2025-10-29-22-00-54-819000,2720.0,90.66666666666667,0.0,0.0,0.0,0.0,0.0,0.0,0.0,0.0,0.0,0.0,0.0,0.0,0.0,0.0,35.83585585841535,0.05772058823529412,18.84549351148442,0.0033088235294117647,0.05772058823529412,35.83585585841535,35.72969718157445,0.3942224771780925,0.6183156328326662,37.607524820180814,0.41494142868901224,0.31949794050713565,11.356423052885757,0.00018389113644722325,3.6922403364896037,0.4045819529335524,73.33722200175526,0.0,90.66666666666667,4.518158808998462,35.72969718157445,0.3942224771780925,0.5899757916635991,0.8966963852114006,25.511188838003573,0.4068724140524864,0.6803567167371511,0.8423459433251992,0.23317683922504168,0.30865694889730283,-0.23955148076344332,-0.5445111305702406,0.9878631849944832,37.607524820180814,0.41494142868901224,0.5985191974191478,1.052750056101518,25.578725358412758,0.5858115740120411,0.7473176419734955,0.745621444657445,0.3264236170716166,-0.14254401897607535,-0.06374300735348216,-0.5537157849487437,0.9830820154468555,0.48451671231661486,0.5016474959461001,0.09730280840824765,0.20460692890523863,0.09915654746780204,0.005480754264978727,0.02710554139912373,0.10139212554299373,0.005271424836562629,0.03198216677501248,9.730078285011956,0.515185278269687,0.11679203156636586,rl2,__zQ0kS-xjtwKdGt,9,2720.0,folding clothes,"{""short sleeve shirts"",""long sleeve shirts"",shorts}"
2025-10-29-22-00-54-820000,3240.0,108.0,0.0,0.0,0.0,0.0,0.0,0.0,0.0,0.0,0.0,0.0,0.0,0.0,0.0,0.0,33.01530525994939,0.03148148148148148,20.20794709768039,0.0,0.03148148148148148,33.01530525994939,32.642994064246885,0.3023432608605762,0.5099697381086745,41.53518628280491,0.38470379391298154,0.19506974084327328,17.329600341075434,0.00030873726458783575,3.4021453701460556,0.3435235273867789,74.17818034705179,0.0,108.0,4.6913478822291435,32.642994064246885,0.3023432608605762,0.6260256283492641,0.6582224330475928,25.63809962726776,0.544855922460556,0.5725503982976079,0.6612005047500134,0.20626644020798068,-0.14817486495429213,-0.343476635731978,-0.5640402552372787,0.9891941957394258,41.53518628280491,0.38470379391298154,0.5097890388604309,0.9849517618717333,22.225852266515428,0.6030816435813904,0.41227046586573124,0.47957952693104744,0.11923917669859842,-0.19118927579382464,-0.007927927771855555,-0.5836722835449984,0.9888854584748379,0.43725723671401173,0.35937066368867615,0.06297040342314461,0.03475804039257213,0.09519556934316475,0.007582268245057944,0.0350836841501449,0.09944211129397233,0.005727859541642019,0.03095549677889188,8.88583760301197,0.5432139214363888,0.11802671888866512,rl2,__zQ0kS-xjtwKdGt,9,3240.0,folding clothes,"{""short sleeve shirts"",""long sleeve shirts"",shorts}"
2025-10-29-22-00-54-821000,2744.0,91.46666666666667,0.0,0.0,0.0,0.0,0.0,0.0,0.0,0.0,0.0,0.0,0.0,0.0,0.0,0.0,31.925442860313026,0.05284256559766764,17.509820812825275,0.0,0.05284256559766764,31.925442860313026,44.65635130661285,0.48840340473874794,0.4584578992300722,38.518928451123934,0.42127883832800517,0.10943462289006478,18.894149795656972,0.002187386073641998,7.303069875153139,0.4548411215333766,83.17527975773677,0.0,91.46666666666667,4.526848219212622,44.65635130661285,0.48840340473874794,1.1044917300545,1.1227464221390995,47.020850189515244,0.49838126823306084,0.5918017495423555,0.6534685008227825,0.19273589892544907,-0.15871370724149853,-0.29344315345101424,-0.5410835263319314,0.990156762668611,38.518928451123934,0.42127883832800517,0.6517719865603485,1.1528541522295899,28.42845659012612,0.4762161858379841,0.47658227384090424,0.24373998492956161,0.0553182989850804,-0.1593613233192418,0.0834040955705435,-0.5634786293084351,0.98177178271965,0.6280913363735438,0.3965908224509819,0.08439445749152893,0.020813624890437702,0.10231357462261306,0.004169067734349952,0.022567517588029995,0.10379069554017788,0.0036598697352492795,0.020371059335501693,9.207241923867434,0.4487383793737714,0.1322766901699623,rl2,__zQ0kS-xjtwKdGt,9,2744.0,folding clothes,"{""short sleeve shirts"",""long sleeve shirts"",shorts}"
2025-10-29-22-00-54-822000,3603.0,120.1,0.0,0.0,0.0,0.0,0.0,0.0,0.0,0.0,0.0,0.0,0.0,0.0,0.0,0.0,31.821604739447896,0.045240077713016934,16.137784696465022,0.0,0.045240077713016934,31.821604739447896,40.83448924887594,0.34009846681462474,0.3221855304339964,35.48241074154039,0.2955225769700755,0.15097862594933897,13.77392100523141,0.000416435313714603,5.311694923818787,0.3178105218923501,76.31689999041633,0.0,120.1,4.796616650559047,40.83448924887594,0.34009846681462474,0.6170950887913063,0.7410099153594834,26.186444466365906,0.46979180723428726,0.37682078406214714,0.6196933481842279,0.10970265088351358,0.08357925214133939,-0.352226665673626,-0.5659300650984603,0.9833425874514159,35.48241074154039,0.2955225769700755,0.3833085500194037,0.7752238087556386,16.80151337404568,0.348126832395792,0.49900471791625023,0.2145080342888832,0.03726367756284369,-0.11391341086032963,-0.10695272768738305,-0.5708188368790751,0.9847307051637979,0.43457891623396294,0.3343114268863824,0.0566060290370828,0.022138984600178765,0.09605562905760628,0.008573709937567,0.02998601852853608,0.09931952449746485,0.00800010024742489,0.029893387774014304,9.293617249498128,0.42779241335536433,0.10781203460298644,rl2,__zQ0kS-xjtwKdGt,9,3603.0,folding clothes,"{""short sleeve shirts"",""long sleeve shirts"",shorts}"
2025-10-29-22-01-11-717000,2621.0,87.36666666666666,0.0,0.0,0.0,0.0,0.0,0.0,0.0,0.0,0.0,0.0,0.0,0.0,0.0,0.0,31.545105192748718,0.04044257916825639,18.86080164412094,0.0034338038916444107,0.04044257916825639,31.545105192748718,36.14450505768829,0.41386837852314845,0.29120244280466345,50.376556367807204,0.5768307981046626,0.3311387070740492,26.526893855650858,0.0030534351145038168,4.8578219006952335,0.4953495883139056,86.5210614254955,0.0,87.36666666666666,4.48149482462687,36.14450505768829,0.41386837852314845,0.7838354840319733,1.0184799763418848,33.600379765459515,0.5456030238419771,0.5770890479907393,0.6419200338423252,0.2021159237427917,0.3305353490519915,-0.13113615652647556,-0.5801584000419576,0.9866412213740458,50.376556367807204,0.5768307981046626,1.4800210484290406,1.2786429521702853,63.72261807987067,0.5974271893501282,0.644940372556448,0.9363755062222481,0.3607900839667324,-0.11763606007551673,-0.10759964446017836,-0.5953026765510468,0.9885496183206107,0.6222259695767234,0.4765979962485733,0.16209939653340966,0.013627246399718105,0.10198107083878888,0.006793708295048448,0.034988902723310705,0.1029028390813982,0.006771372146115165,0.029605196296770123,10.233944869405548,0.5022195341041934,0.15051082964345638,rl2,__zQ0kS-xjtwKdGt,1,2621.0,folding clothes,"{""short sleeve shirts"",""long sleeve shirts"",shorts}"
2025-10-29-22-01-11-719000,2971.0,99.03333333333333,0.0,0.0,0.0,0.0,0.0,0.0,0.0,0.0,0.0,0.0,0.0,0.0,0.0,0.0,28.255096953543163,0.04476607202961966,19.581972188465436,0.0063951531470885226,0.04476607202961966,28.255096953543163,33.646873619569426,0.33986741029868106,0.2737537508732571,51.96866589261616,0.5249360191173349,0.5765632328714922,22.773276333386335,0.0031986531986531986,5.751368714889704,0.432401714708008,85.61553951218559,0.0,99.03333333333333,4.605503463778212,33.646873619569426,0.33986741029868106,1.065815065110231,0.6696912591434888,44.873576204634894,0.5563419088721275,0.7129192128777504,0.6280615627765656,0.24910607030907606,-0.07400201010580157,-0.3195017128703205,-0.5849688492912218,0.9838383838383838,51.96866589261616,0.5249360191173349,1.0854862103934944,1.3740406660325142,47.041610006776985,0.5887736901640892,0.6473064124584198,0.6975868232548237,0.2658621869453078,-0.18499565524203018,-0.0106850470196054,-0.6126784061920869,0.9875420875420875,0.8833554563728624,0.3542383811184271,0.0946197280149359,0.014752582304371722,0.09985999274687339,0.0077295101731149245,0.031806490294518486,0.1011711501657812,0.0072315369121638854,0.029962880861900035,8.906820312139399,0.48358690988265324,0.15240428176617143,rl2,__zQ0kS-xjtwKdGt,1,2971.0,folding clothes,"{""short sleeve shirts"",""long sleeve shirts"",shorts}"
2025-10-29-22-01-11-720000,2156.0,71.86666666666666,0.0,0.0,0.0,0.0,0.0,0.0,0.0,0.0,0.0,0.0,0.0,0.0,0.0,0.0,28.00921672308729,0.03710575139146568,14.531051330819647,0.006957328385899814,0.03710575139146568,28.00921672308729,36.412201887390935,0.5068984021446533,0.3202151093055549,44.146107568828555,0.6145629823966853,0.6727005750951126,22.285624742824226,0.00394431554524362,6.562137126083902,0.5607306922706694,80.55830945621949,0.0,71.86666666666666,4.288631287074328,36.412201887390935,0.5068984021446533,1.0085157221327024,1.2783041438228742,44.09796532491321,0.5161489639431238,0.5156338978558779,0.6033138055354357,0.16056829042753418,0.18355499247887305,-0.23314694847368614,-0.5327138397583465,0.988399071925754,44.146107568828555,0.6145629823966853,1.5720531257419228,1.3154868254471894,68.61524038963444,0.47688331082463264,0.6684858500957489,0.7412181459367275,0.23629274405354878,-0.10324608770860895,-0.004805651325767027,-0.5542169976616641,0.9819025522041763,0.7333877639690792,0.3902315776096233,0.10304615554975917,0.04485058278281785,0.10592491652262581,0.005303514445881977,0.026601568540930376,0.10616683102007382,0.005441854224331318,0.025301120529076515,6.334390604053587,0.4065607919521584,0.1475546909878346,rl2,__zQ0kS-xjtwKdGt,1,2156.0,folding clothes,"{""short sleeve shirts"",""long sleeve shirts"",shorts}"
2025-10-29-22-01-11-721000,3350.0,111.66666666666667,0.0,0.0,0.0,0.0,0.0,0.0,0.0,0.0,0.0,0.0,0.0,0.0,0.0,0.0,33.68826606481853,0.07074626865671642,18.687800947681446,0.01761194029850746,0.07074626865671642,33.68826606481853,43.28796686649217,0.38776918662130944,0.41219129205250293,58.41479778531789,0.5232737932396347,0.29232071232093687,22.230426374793172,0.0028366676619886533,8.415848402460796,0.45552148993047215,101.70276465181006,0.0,111.66666666666667,4.724433606814909,43.28796686649217,0.38776918662130944,0.9276745296979989,0.8577506229150103,39.627930817431384,0.6159902028739452,0.6113425502553582,0.6516054458916187,0.24538224446614829,-0.0640874161560144,-0.3672633271129913,-0.5479313422750626,0.9913406987160346,58.41479778531789,0.5232737932396347,1.1710375890876497,1.2438034537946434,50.742963669309106,0.715089950710535,0.8278147056698799,0.7409182637929916,0.4385954402858242,-0.1426683863745516,0.05138128572108863,-0.5736388607512214,0.9874589429680501,0.778819698091797,0.46105907862921414,0.13476583273673004,0.009597413504216359,0.09916863184151256,0.006757486581163292,0.031737723906066384,0.1012165536011641,0.006708566804538508,0.032932220800527906,12.032829165181605,0.6724716221026974,0.1672483624887531,rl2,__zQ0kS-xjtwKdGt,1,3350.0,folding clothes,"{""short sleeve shirts"",""long sleeve shirts"",shorts}"
2025-10-29-22-01-11-722000,3237.0,107.9,0.0,0.0,0.0,0.0,0.0,0.0,0.0,0.0,0.0,0.0,0.0,0.0,0.0,0.0,26.52490531528128,0.040160642570281124,14.057239636683626,0.001235712079085573,0.040160642570281124,26.52490531528128,35.86384995119428,0.3324831577675613,0.20193254753611928,50.17303105823828,0.4651393485003549,0.6386169126978192,21.96620192413594,0.0038627935723114957,3.9491140724429306,0.39881125313395815,86.03688100943256,0.0,107.9,4.690430029938915,35.86384995119428,0.3324831577675613,0.9326577789822481,0.6598925850358646,39.26340405804703,0.4726434648036957,0.526884388178587,0.6575424242764711,0.16374677913000868,-0.07263625321082902,-0.2939566152376302,-0.5746629322940299,0.9780593325092707,50.17303105823828,0.4651393485003549,1.3630492604124238,0.9986855652647837,56.17210431258362,0.5477613359689713,0.5615918636322021,0.728892233222723,0.22422059658617205,-0.1069322612664841,0.021716122268326074,-0.5914229368650006,0.9765142150803461,0.7198235031248015,0.3422054321336548,0.08697112535856563,0.008532660274226467,0.10029297357686907,0.008430274448533314,0.031777291928944226,0.10229702341044972,0.008131485992375438,0.03143749140423879,7.784446603030173,0.41930028859230467,0.12413840123683159,rl2,__zQ0kS-xjtwKdGt,1,3237.0,folding clothes,"{""short sleeve shirts"",""long sleeve shirts"",shorts}"
2025-10-29-22-01-11-723000,3275.0,109.16666666666667,0.0,0.0,0.0,0.0,0.0,0.0,0.0,0.0,0.0,0.0,0.0,0.0,0.0,0.0,30.620079015521437,0.018931297709923665,18.527837835602984,0.0006106870229007634,0.018931297709923665,30.620079015521437,44.26155780805813,0.40557322365355647,0.34346100789036305,45.59245118419323,0.41776833705736005,0.5800386419856853,20.656237667320507,0.0018326206475259622,6.609335401853508,0.4116707803554583,89.85400899225135,0.0,109.16666666666667,4.701994370623631,44.26155780805813,0.40557322365355647,0.9014947678599029,0.9641015700825503,36.28250705245835,0.6405707001686096,0.5652983081527054,0.6536212433129549,0.2366850976974958,0.08876100242308532,-0.3433663912258246,-0.5930246018771906,0.9874770922419059,45.59245118419323,0.41776833705736005,0.9126985018317321,1.0341491705522587,37.41094634115791,0.5628697965294123,0.7509571388363838,0.6425333227962255,0.27159311182002366,-0.19128009150323694,-0.023210739566507314,-0.6002352444594371,0.9890042761148442,0.8685543459337542,0.4472342812587634,0.11745104329799395,0.021819326889045584,0.09822854110515374,0.0072229705817679546,0.031347866959693785,0.09871954756315347,0.007328287399742613,0.032998153252384754,9.567923123414412,0.5663711686961238,0.134101160742988,rl2,__zQ0kS-xjtwKdGt,1,3275.0,folding clothes,"{""short sleeve shirts"",""long sleeve shirts"",shorts}"
2025-10-29-22-01-54-603000,3667.0,122.23333333333333,0.0,0.0,0.0,0.0,0.0,0.0,0.0,0.0,0.0,0.0,0.0,0.0,0.0,0.0,23.375859338122382,0.014453231524406873,18.220028114763306,0.010362694300518135,0.014453231524406873,23.375859338122382,55.75134212467151,0.4562302956192431,0.2752460691028593,64.57941351404105,0.5284731056795502,0.33384667369377885,16.890355330888706,0.0010911074740861974,6.692032976313433,0.4923517006493967,120.33075563871256,0.0,122.23333333333333,4.814079577274477,55.75134212467151,0.4562302956192431,0.8125857616115246,1.1141713540755696,30.82553754159433,0.32678685523569584,0.5334031693637371,0.6904166601016186,0.12034593722527151,-0.1905248661510055,0.09714853597116253,-0.5016157347992598,0.9819967266775778,64.57941351404105,0.5284731056795502,0.7008109678437167,1.256216685042501,28.393829112633174,0.33684561774134636,0.28131976164877415,0.6709421500563622,0.06357936975129765,0.05872453463338478,0.13485650063845,-0.49228855477097916,0.9822695035460993,0.8002833048144788,0.25628137844494736,0.055241202183472636,0.04457231570990303,0.1082631437824962,0.003310159419034676,0.03114671533438007,0.10645861952411388,0.004367122140480575,0.019056846332650076,12.038058715970507,0.4145480458970244,0.28883701848822824,rl2,I5En4JFXy6-2ISEj,1,3667.0,folding clothes,"{""short sleeve shirts"",""long sleeve shirts"",shorts}"
2025-10-29-22-01-54-605000,3508.0,116.93333333333334,0.0,0.0,0.0,0.0,0.0,0.0,0.0,0.0,0.0,0.0,0.0,0.0,0.0,0.0,32.23483381542928,0.05872291904218928,21.45202971847953,0.05530216647662486,0.05872291904218928,32.23483381542928,72.6479828124342,0.6214540873604294,0.5378098765930134,81.03219794955983,0.6931753460184757,0.37389078430278094,14.7060418155708,0.005988023952095809,8.51791795790555,0.6573147166894526,153.68018076199402,0.0,116.93333333333334,4.770119493057575,72.6479828124342,0.6214540873604294,1.3271808417945397,1.2810219701766214,54.190400984269836,0.4384910985827446,0.4108356945216656,0.6074515767395496,0.10943106213579638,0.08759077399291583,-0.31564459062851496,-0.5454593727130447,0.9942971200456231,81.03219794955983,0.6931753460184757,1.2166776671546022,1.4728752181327596,51.30908146480264,0.3795033982023597,0.5944252572953701,0.451896246522665,0.10194164974067825,-0.14930081478810678,-0.08381376138614784,-0.5332910107839491,0.9934416880524665,0.8687030388295237,0.3441081510380768,0.09138627875962495,0.0875524192546541,0.10754004758593444,0.006534435588216358,0.0323753162148927,0.1065650149092195,0.006055972341144142,0.03310166782149408,20.377927394393424,0.5654194281084751,0.36117002863765124,rl2,I5En4JFXy6-2ISEj,1,3508.0,folding clothes,"{""short sleeve shirts"",""long sleeve shirts"",shorts}"
2025-10-29-22-01-54-606000,3643.0,121.43333333333334,0.0,0.0,0.0,0.0,0.0,0.0,0.0,0.0,0.0,0.0,0.0,0.0,0.0,0.0,31.794835621257718,0.0,17.460703375168983,0.0,0.0,31.794835621257718,51.63935395187864,0.4253653538046017,0.04976734003010001,63.2843473068492,0.521287869084425,0.12464272639955269,6.703955647954214,0.0,1.6628251953038564,0.4733266114445134,114.92370125872785,0.0,121.43333333333334,4.807566664157512,51.63935395187864,0.4253653538046017,0.5620215533646056,1.0607373781276606,18.48261288539808,0.20939702168107033,0.17231224849820137,0.2590453028678894,0.009346787556588484,0.09296738751377831,-0.3439897645051143,-0.577158164917081,0.9840746842394289,63.2843473068492,0.521287869084425,0.6693772365628786,1.249504516880808,25.935002264859552,0.2310813143849373,0.2621873375028372,0.1993948146700859,0.012080652794828218,-0.07477242060413677,-0.1449258749157491,-0.5731101634981474,0.984349258649094,0.8159703712752382,0.2624307016380569,0.0558672182492695,0.14253877195246378,0.10879463481767634,0.003270048342674391,0.0218046836680576,0.10644950466021168,0.004742237477518192,0.024971705977861094,12.094764474968954,0.20691256342629827,0.29645565691785347,rl2,I5En4JFXy6-2ISEj,1,3643.0,folding clothes,"{""short sleeve shirts"",""long sleeve shirts"",shorts}"
2025-10-29-22-01-54-607000,3164.0,105.46666666666667,0.0,0.0,0.0,0.0,0.0,0.0,0.0,0.0,0.0,0.0,0.0,0.0,0.0,0.0,24.27044957495105,0.0015802781289506952,19.635538569593624,0.0009481668773704172,0.0015802781289506952,24.27044957495105,38.35795094179997,0.3638123706146061,0.23084462661093083,55.92054878200384,0.5303877532279846,0.43441402334400586,13.630246191217983,0.001422699968384445,6.00098656844181,0.44710006192129537,94.2784997238038,0.0,105.46666666666667,4.667831947112802,38.35795094179997,0.3638123706146061,0.5959242652141706,0.7807759996969671,23.022117796112642,0.2394106648862362,0.3826110986992717,0.6562015283852816,0.06010883269868256,0.27148685503430786,-0.10882322978177261,-0.6584790013442063,0.9962061334176415,55.92054878200384,0.5303877532279846,0.8421887260543189,1.122555676730191,35.158977872032736,0.3934776559472084,0.3649443155154586,0.6540496069937944,0.09391984515547225,-0.046093361212326836,-0.20252290920066846,-0.639877657864629,0.9962061334176415,0.7302780143661156,0.33629065743492415,0.07996478105202409,0.10862669834720683,0.10583049385806059,0.0035703748654180205,0.02697000988056364,0.1059259717571239,0.004108095974336607,0.023868587353954362,16.193642626767613,0.4428892397804921,0.211342848122293,rl2,I5En4JFXy6-2ISEj,1,3164.0,folding clothes,"{""short sleeve shirts"",""long sleeve shirts"",shorts}"
2025-10-29-22-01-54-608000,3117.0,103.9,0.0,0.0,0.0,0.0,0.0,0.0,0.0,0.0,0.0,0.0,0.0,0.0,0.0,0.0,28.300789355788247,0.01507860121912095,19.83278289710582,0.02438241899262111,0.02438241899262111,28.300789355788247,34.78873692845694,0.3349364916090206,0.20384512483605655,61.29060490052603,0.5900892641257319,0.06440807030613503,13.30636226918406,0.004011553273427471,7.375264833509632,0.46251287786737627,96.07934182898296,0.0,103.9,4.653007515402251,34.78873692845694,0.3349364916090206,0.8761121512348158,0.6631271918242144,35.23737573042931,0.40833747386932373,0.3491488844156265,0.4278518706560135,0.06099908655817233,0.1602638333947432,-0.2729949106291692,-0.5748145945614008,0.9929396662387676,61.29060490052603,0.5900892641257319,0.9514188135151641,1.300712983017121,41.412791857402546,0.5143228843808174,0.45029853098094463,0.426431518048048,0.09876104461513553,-0.09558487369090003,-0.14787306620943397,-0.5713618792567186,0.9971116816431322,0.8427386744244846,0.29680469258036046,0.07523711129095659,0.11959218742634153,0.10383671463523121,0.003952458604407598,0.030069566777499376,0.10557480415924626,0.0038171969006481456,0.026380893205330477,13.819162287569226,0.5207459055762803,0.2511477225750088,rl2,I5En4JFXy6-2ISEj,1,3117.0,folding clothes,"{""short sleeve shirts"",""long sleeve shirts"",shorts}"
2025-10-29-22-01-54-609000,3197.0,106.56666666666666,0.0,0.0,0.0,0.0,0.0,0.0,0.0,0.0,0.0,0.0,0.0,0.0,0.0,0.0,27.497055490411963,0.013137316233969347,19.50417217091097,0.007194244604316547,0.013137316233969347,27.497055490411963,36.36963722128175,0.3413920890608425,0.23991008003036077,66.28678610317345,0.6222163902050074,0.37197878384116057,13.130951141253906,0.0018773466833541927,6.282429818127406,0.48180423963292496,102.6564233244552,0.0,106.56666666666666,4.678110810389806,36.36963722128175,0.3413920890608425,0.8184571190185995,0.6833796644447164,32.82847331218504,0.33743874356150627,0.34631836600601673,0.5346466451883316,0.06247946686964265,0.31183766031129156,-0.1681444891169143,-0.6690036526155502,0.9931163954943679,66.28678610317345,0.6222163902050074,0.9636309520683883,1.401742258340135,41.91058060046363,0.42068069614470005,0.3533179531805217,0.622921459376812,0.09258733466991746,0.026490442435297048,-0.2035243460245216,-0.6484738143908444,0.9959324155193993,0.7873437801340986,0.3018192677602939,0.06678177005713591,0.11286904704988733,0.10505360714307162,0.004880485297171018,0.031274739097901905,0.105010966842667,0.004812040127575784,0.033381849920657944,12.757426112857107,0.4919726426105665,0.22018669394398505,rl2,I5En4JFXy6-2ISEj,1,3197.0,folding clothes,"{""short sleeve shirts"",""long sleeve shirts"",shorts}"
2025-10-29-22-01-58-834000,2998.0,99.93333333333334,0.0,0.0,0.0,0.0,0.0,0.0,0.0,0.0,0.0,0.0,0.0,0.0,0.0,0.0,23.232335717101087,0.00600400266844563,24.92320739839564,0.015010006671114077,0.015010006671114077,24.92320739839564,37.16510033227155,0.37202302634906453,0.3207548754377478,63.86011685727205,0.6392404089817022,0.08764204708215342,14.960203321068935,0.003003003003003003,10.553322328069823,0.5056317176653833,101.0252171895436,0.0,99.93333333333334,4.614460232895184,37.16510033227155,0.37202302634906453,0.939865889423803,0.7477045416603701,36.7974504828122,0.5088751427829266,0.3996361792087555,0.5057602301239967,0.10285388760346202,-0.1602304556504578,-0.21284435983632927,-0.6529471443181956,0.9936603269936604,63.86011685727205,0.6392404089817022,1.008550973859914,1.4269446640126902,43.81655773912891,0.4053085558116436,0.6021779850125313,0.5530155375599861,0.134973335083661,-0.2711592429088276,0.0369426479539702,-0.6304276395027462,0.994994994994995,0.8113551631304108,0.2872047633126531,0.06520838746187498,0.13838443789018942,0.10450876190178979,0.004193248966125286,0.02194409225551823,0.10549831410573034,0.004608368678109267,0.026156706572971686,18.146915784587218,0.7041582690748236,0.26392230295953195,rl2,I5En4JFXy6-2ISEj,2,2998.0,folding clothes,"{""short sleeve shirts"",""long sleeve shirts"",shorts}"
2025-10-29-22-02-01-699000,3564.0,118.8,0.0,0.0,0.0,0.0,0.0,0.0,0.0,0.0,0.0,0.0,0.0,0.0,0.0,0.0,40.377551382673914,0.06846240179573512,27.73945969956807,0.037037037037037035,0.06846240179573512,40.377551382673914,37.11564422977419,0.3125089326110654,0.20641753951982442,66.90154822381359,0.5633023987410631,0.2509071276279517,13.140505289784945,0.0012629806342969408,3.4478511694965697,0.4379056656760642,104.01719245358778,0.0,118.8,4.785823685681349,37.11564422977419,0.3125089326110654,0.7803611095688795,0.6936391937643273,31.132991675841165,0.38319484889507294,0.42040788661688566,0.4077363144606352,0.06568556047823695,0.30111029186922594,-0.26773267274506063,-0.4643298421566208,0.9778276733090092,66.90154822381359,0.5633023987410631,0.9149333726576572,1.3301462785523654,39.467617351662014,0.42050575837492943,0.7442317456007004,0.40421539917588234,0.1265007187510902,0.004293825754485021,-0.21096869397374846,-0.4515747988442906,0.9854055571147909,0.8280001085416533,0.31437873409811457,0.09051369418453116,0.1254034626187113,0.10437372085021915,0.0050282999989041625,0.02617310342311767,0.10350307850408949,0.005330355003447262,0.027417406634827265,8.631722872256718,0.28888031844203127,0.23249944289214194,rl2,I5En4JFXy6-2ISEj,3,3564.0,folding clothes,"{""short sleeve shirts"",""long sleeve shirts"",shorts}"
2025-10-29-22-02-04-385000,2774.0,92.46666666666667,0.0,0.0,0.0,0.0,0.0,0.0,0.0,0.0,0.0,0.0,0.0,0.0,0.0,0.0,18.680621670997496,0.0,27.08682887440413,0.0,0.0,27.08682887440413,32.76386519024459,0.3544594142471466,0.10064801930987821,46.74738503912488,0.5057416340330856,0.1380322786706846,8.700126136274456,0.0,3.740632615501783,0.4301005241401162,79.51125022936947,0.0,92.46666666666667,4.537604866492325,32.76386519024459,0.3544594142471466,0.42135792203561956,0.8918042485391724,14.230354338007212,0.2745179757475853,0.23075819574296474,0.2919100672006607,0.01849170665492509,-0.1155727927431346,-0.15492226671603412,-0.6179589774370967,0.997475658131987,46.74738503912488,0.5057416340330856,0.6893835801610761,1.1672756506873303,27.393514611524726,0.38252611085772514,0.3498264318332076,0.30782662332057953,0.04119266441269343,-0.2582874648298507,0.09084154313651606,-0.5924333408609215,0.994951316263974,0.6707661897719027,0.28959425883742046,0.07361058252792807,0.09348078869312645,0.10581267634785538,0.004834593767786613,0.01697726051834031,0.10527953554191825,0.005084250334566629,0.027622645055577544,12.101149962007089,0.3492492829976878,0.2003077586015861,rl2,I5En4JFXy6-2ISEj,4,2774.0,folding clothes,"{""short sleeve shirts"",""long sleeve shirts"",shorts}"
2025-10-29-22-02-07-340000,2809.0,93.63333333333334,0.0,0.0,0.0,0.0,0.0,0.0,0.0,0.0,0.0,0.0,0.0,0.0,0.0,0.0,43.04108896997584,0.3068707725169099,30.263163443625867,0.04307582769668921,0.3068707725169099,43.04108896997584,52.91311102866479,0.5653110152635127,0.7385983843820864,64.35436322650139,0.68754661566775,0.6518646081723025,26.79855732126621,0.005876068376068376,14.50962015833293,0.6264288154656312,117.26747425516618,0.0,93.63333333333334,4.550009774810816,52.91311102866479,0.5653110152635127,1.3717413448970617,1.1079247537626586,56.845514355917416,1.061352051794529,0.6529135145246983,0.980639424175024,0.6795547787922986,-0.4504746804706787,0.2354779552604344,-0.5737496884165072,0.9935897435897436,64.35436322650139,0.68754661566775,1.519773269290883,1.373330710072693,64.44040363531107,1.2004632577300072,0.8523413762450218,0.7982279984280467,0.8167504841884525,-0.17162701008021142,0.245750125065612,-0.5466499497133266,0.9943019943019943,0.8646756023250457,0.2961216864649283,0.08740659461229297,0.05918008583956253,0.10989490862180952,0.005296529473100477,0.032255761205332883,0.10849975033904886,0.0060766723964842334,0.03096569268989964,15.016888522230103,0.9261263055599357,0.36430018689555665,rl2,I5En4JFXy6-2ISEj,5,2809.0,folding clothes,"{""short sleeve shirts"",""long sleeve shirts"",shorts}"
2025-10-29-22-02-10-145000,3287.0,109.56666666666666,0.0,0.0,0.0,0.0,0.0,0.0,0.0,0.0,0.0,0.0,0.0,0.0,0.0,0.0,37.97925162775825,0.02251292972315181,27.120399496622195,0.015515667782172194,0.02251292972315181,37.97925162775825,42.99428647210117,0.3925223962760302,0.08354244087388492,52.263407789348776,0.47714614536836986,0.10438788299060328,9.696426182194166,0.0,2.993942204244235,0.4348342708222,95.25769426144996,0.0,109.56666666666666,4.705618657284897,42.99428647210117,0.3925223962760302,0.6669969900774851,0.9837198752014134,24.16348694332683,0.1708175614476204,0.21349424263462424,0.3730964921414852,0.013606294014434054,0.3061613478979188,0.03879118853782105,-0.4152433317407381,0.9698721850273889,52.263407789348776,0.47714614536836986,0.7427813048974253,1.1369280270504893,29.238964601064374,0.3253810275346041,0.2458021636120975,0.34661115147173405,0.027721738259869733,0.10987489767529009,-0.13093354869937082,-0.3925748284240878,0.9674376141205112,0.8440308525900553,0.26333632890693215,0.054202309217555394,0.1343680905304229,0.10890202008017366,0.004407166396364679,0.03041596047894525,0.10712040212855306,0.004379642492855512,0.02626003754338424,9.026057055611048,0.23470539429602405,0.2754905863224954,rl2,I5En4JFXy6-2ISEj,6,3287.0,folding clothes,"{""short sleeve shirts"",""long sleeve shirts"",shorts}"
2025-10-29-22-02-15-410000,3271.0,109.03333333333333,0.0,0.0,0.0,0.0,0.0,0.0,0.0,0.0,0.0,0.0,0.0,0.0,0.0,0.0,58.81584087578238,0.989911342097218,54.74804202843436,0.9926627942525221,0.9926627942525221,58.81584087578238,70.86167288550209,0.6501070906926796,1.329898614737685,76.61225786389778,0.7028647510449337,0.9817666422442656,30.403665190308338,0.00963302752293578,17.374371170479662,0.6764859208688067,147.47393074939987,0.0,109.03333333333333,4.700783350191037,70.86167288550209,0.6501070906926796,1.5782695244981682,1.3840781581861434,64.73765598954168,1.2651649191975594,0.8675628751516342,0.6595053505152464,0.7238797435166471,-0.5998001782077236,-0.6451861669051195,-0.5328640612220954,0.9966360856269113,76.61225786389778,0.7028647510449337,1.3590659377169019,1.5564852404129377,57.197260634300655,0.9029697943478823,0.7290737442672253,0.5209901034832001,0.3429842322207104,-0.6778305685628822,-0.3441869936216063,-0.5062783772495408,0.9957186544342508,0.8973079616399907,0.3328723069008175,0.09276081906872545,0.08311965356403897,0.10864700313136318,0.00571337958437305,0.029574003492680218,0.10626760544690604,0.006793295389581987,0.03564042691000649,22.06823713370057,1.1807189544947279,0.40670106535917017,rl2,I5En4JFXy6-2ISEj,7,3271.0,folding clothes,"{""short sleeve shirts"",""long sleeve shirts"",shorts}"
2025-10-29-22-02-20-323000,2900.0,96.66666666666667,0.0,0.0,0.0,0.0,0.0,0.0,0.0,0.0,0.0,0.0,0.0,0.0,0.0,0.0,29.238759949216977,0.07862068965517241,27.64040425633482,0.11413793103448276,0.11413793103448276,29.238759949216977,58.93757633300791,0.6099093790928725,0.46291674269491284,73.07026447776936,0.7561600325398692,0.6752574091544234,18.623005253735883,0.008451190065539842,13.32657946342474,0.6830347058163708,132.00784081077728,0.0,96.66666666666667,4.581560320348958,58.93757633300791,0.6099093790928725,1.212909424152865,1.2567031991568862,50.83346559818318,0.45574648305773735,0.6095474297180772,0.6906538065522909,0.19186300404218748,0.1322426473786091,-0.2823142050110117,-0.5874549621272961,0.9972404277337013,73.07026447776936,0.7561600325398692,1.3815064474868668,1.4975526638205008,59.39660175275054,0.6683609560132027,0.6843886263668537,0.6142622623592615,0.28097500656511704,-0.21500725768056922,-0.15020869611370063,-0.5744043315246958,0.9986202138668506,0.8859711727306214,0.4018324321751046,0.12082264971905926,0.0850265941245483,0.10300640358934035,0.007305223673167451,0.031034259940472597,0.10320911949243058,0.007411267944462601,0.03247560200612552,23.7714602187543,0.69502675249479,0.3278264550851376,rl2,I5En4JFXy6-2ISEj,8,2900.0,folding clothes,"{""short sleeve shirts"",""long sleeve shirts"",shorts}"
2025-10-29-22-02-23-166000,3571.0,119.03333333333333,0.0,0.0,0.0,0.0,0.0,0.0,0.0,0.0,0.0,0.0,0.0,0.0,0.0,0.0,29.8580385091557,0.0016802016241949033,21.21880104698855,0.0,0.0016802016241949033,29.8580385091557,49.79494717434213,0.41844493423816903,0.4000420485916383,62.64308404005322,0.526412470924817,0.5659635883748986,14.20479461873108,0.00014005602240896358,9.453960180501817,0.472428702581493,112.43803121439535,0.0,119.03333333333333,4.78776948198672,49.79494717434213,0.41844493423816903,0.5880420413287407,1.1065536194558019,19.829528116937276,0.2283059163019061,0.4434574310434982,0.540159460157156,0.054687880150045574,0.010868546214435604,-0.3339324225942497,-0.5838867957526164,0.9812324929971988,62.64308404005322,0.526412470924817,0.7015719050668965,1.324606917820005,27.132281665694194,0.257175175473094,0.7894044816493988,0.17331255227327347,0.03518508871667383,-0.1467757075980673,-0.12994943214642682,-0.5653309484250537,0.9789915966386554,0.8105077500206279,0.26122599690553866,0.058614958072533065,0.143784600179212,0.10878397910931252,0.004421805007493492,0.027609052020656166,0.10794832754842684,0.004244669974487334,0.021451260079690185,9.85986975511334,0.4591633863695091,0.2564514909230101,rl2,I5En4JFXy6-2ISEj,9,3571.0,folding clothes,"{""short sleeve shirts"",""long sleeve shirts"",shorts}"
2025-10-29-22-02-23-167000,3705.0,123.5,0.0,0.0,0.0,0.0,0.0,0.0,0.0,0.0,0.0,0.0,0.0,0.0,0.0,0.0,28.245294429023435,0.002699055330634278,22.852653198939546,0.008097165991902834,0.008097165991902834,28.245294429023435,45.59426320838885,0.3692839892688081,0.11546822185471581,64.70335957832756,0.5240552881614003,0.4750124393158735,11.92333759655526,0.00040496760259179265,4.96898919522444,0.4466696387151043,110.29762278671642,0.0,123.5,4.824305715904762,45.59426320838885,0.3692839892688081,0.540976014959297,0.8762836466524516,18.476855332848377,0.3005155548453331,0.34116861782968044,0.43780045211315155,0.044886137757782815,0.2289132543109287,-0.2304761790211706,-0.6075759065657975,0.9962203023758099,64.70335957832756,0.5240552881614003,0.7503757876150531,1.2237114295076008,29.875758056336014,0.6008080467581749,0.4311999250203371,0.39763230457901955,0.10301395885728856,-0.06730387256218073,-0.2130635695038024,-0.5857262366796956,0.9964902807775378,0.7637918798249917,0.30228882947088925,0.07427680595190674,0.11670695362052473,0.10415837256180961,0.0040505055991000944,0.019500850507224554,0.10647951315458212,0.003615758705957304,0.02910312151553801,19.88280302527228,0.49963771365031423,0.2549754844636333,rl2,I5En4JFXy6-2ISEj,9,3705.0,folding clothes,"{""short sleeve shirts"",""long sleeve shirts"",shorts}"
2025-10-29-22-02-23-168000,3395.0,113.16666666666667,0.0,0.0,0.0,0.0,0.0,0.0,0.0,0.0,0.0,0.0,0.0,0.0,0.0,0.0,37.204307594613546,0.06863033873343152,27.80243593906933,0.07069219440353461,0.07069219440353461,37.204307594613546,45.71467617990127,0.4040778684139771,0.10756634912414398,73.9756006849019,0.6538797939148665,0.4882826060300953,15.114715499000495,0.003241013553329405,6.899545137320992,0.5289788311644219,119.69027686480317,0.0,113.16666666666667,4.73765936903417,45.71467617990127,0.4040778684139771,0.8260973771228081,0.7832908554656742,33.51429561913184,0.3123590461909771,0.5686998330056667,0.6104710679501295,0.10844318763971712,0.4065586503721302,-0.06001976108890361,-0.5461978358805004,0.9961697112551562,73.9756006849019,0.6538797939148665,1.0609079433080029,1.3505249679307412,45.72490443840362,0.5839059762656689,0.5094226021319628,0.616564841940999,0.18340023453118037,0.1516131387861646,-0.22147914204310656,-0.5533213722062831,0.9982321744254566,0.8624804706096466,0.327680683794852,0.10073203294133438,0.10313094433392775,0.10281606731615828,0.006427233260345862,0.03302278340412487,0.10240828494346423,0.0062717296776764915,0.03387175206956129,18.863949294401326,0.5727198681593707,0.24729744797245687,rl2,I5En4JFXy6-2ISEj,9,3395.0,folding clothes,"{""short sleeve shirts"",""long sleeve shirts"",shorts}"
2025-10-29-22-02-26-818000,3380.0,112.66666666666667,0.0,0.0,0.0,0.0,0.0,0.0,0.0,0.0,0.0,0.0,0.0,0.0,0.0,0.0,21.138870977449002,0.0053254437869822485,22.905556686968794,0.007100591715976331,0.007100591715976331,22.905556686968794,51.12952411814663,0.45394664798591267,0.4393372536343187,62.19533256372548,0.5521929496631443,0.3900181530298277,14.908136266636811,0.000739863865048831,3.7322307368153456,0.5030697988245285,113.3248566818721,0.0,112.66666666666667,4.733270188615407,51.12952411814663,0.45394664798591267,0.7369295886957332,1.2195869678529294,26.640538254536956,0.5142617672681808,0.27150285989046097,0.7253591027110815,0.1012772060875252,-0.20287670504974104,0.015922896005540463,-0.5943345147521185,0.9739567919502812,62.19533256372548,0.5521929496631443,0.8180301132241284,1.396994099012983,32.12740127868287,0.4546115156263113,0.3330439403653145,0.7059871647506952,0.10689041768398504,-0.07380784159876164,0.23554674293074382,-0.581063603172244,0.9769162474104764,0.8029210833087844,0.2599961913763599,0.0601756350526503,0.1272725464826361,0.10943046116981091,0.003954834210557376,0.029037007695611503,0.10754520375983805,0.004413505086534403,0.02587711490562407,9.93543819245482,0.3718898968580782,0.2712731728257295,rl2,I5En4JFXy6-2ISEj,10,3380.0,folding clothes,"{""short sleeve shirts"",""long sleeve shirts"",shorts}"
2025-10-29-22-02-26-819000,3773.0,125.76666666666667,0.0,0.0,0.0,0.0,0.0,0.0,0.0,0.0,0.0,0.0,0.0,0.0,0.0,0.0,23.634866089687463,0.012987012987012988,19.81324306609049,0.010866684336072092,0.012987012987012988,23.634866089687463,47.69447121973996,0.37933036495021183,0.3945502239926927,64.50660596427872,0.513042995474115,0.2988654959834096,10.99899449909956,0.00039766702014846237,6.766477213003277,0.44618668021216346,112.20107718401869,0.0,125.76666666666667,4.842348126266105,47.69447121973996,0.37933036495021183,0.6048873015532127,0.8855841110285917,21.19539341453489,0.44871430844068527,0.3303179037757218,0.6298215966671705,0.09335113029657746,-0.054520182291540945,-0.24846586663082929,-0.5987843488768363,0.9933722163308589,64.50660596427872,0.513042995474115,0.7467351971260792,1.2441262132023532,29.370490828815296,0.38316555693745613,0.3493008390069008,0.6139779668301344,0.08217484209674725,-0.18452311201322713,0.016449212369365196,-0.5754253430538355,0.9939024390243902,0.7799712501766645,0.30066460036028697,0.06175291247078751,0.1382137731128131,0.10597773719370222,0.005319464135185225,0.032929307450061604,0.1052832905210812,0.0048719456199060865,0.028384275297328773,20.253705976798337,0.4743244544037605,0.236659081357445,rl2,I5En4JFXy6-2ISEj,10,3773.0,folding clothes,"{""short sleeve shirts"",""long sleeve shirts"",shorts}"
2025-10-29-22-02-26-820000,3935.0,131.16666666666666,0.0,0.0,0.0,0.0,0.0,0.0,0.0,0.0,0.0,0.0,0.0,0.0,0.0,0.0,29.791924381718644,0.021601016518424398,23.291718036693226,0.020076238881829734,0.021601016518424398,29.791924381718644,40.53705276547466,0.309128516259339,0.42705747894232426,71.56114701358656,0.545712864872292,0.3252050860531104,13.018511599716597,0.003177427554651754,6.331888549081086,0.42742069056581555,112.09819977906122,0.0,131.16666666666666,4.884063752406793,40.53705276547466,0.309128516259339,0.7479483347581248,0.5936000293767784,29.3178702731638,0.30182813853025436,0.4922259449958801,0.577195830643177,0.08575262278884628,0.3907331875358558,-0.014213908267097388,-0.693332169221991,0.9961870869344179,71.56114701358656,0.545712864872292,0.8980224934476835,1.2372526488561664,38.16571069358836,0.3934258297085762,0.4591552158817649,0.6536427829414606,0.11807633429224862,0.1802342983313009,-0.20703952895202868,-0.6900418065185392,0.9966954753431622,0.8409805012398174,0.2992852201430341,0.0723551258397043,0.08219520097514572,0.10475322460022245,0.005011666310247343,0.029949988315163725,0.10386947339945678,0.005269727659352479,0.032571881528992444,19.296377624841284,0.6010334717869882,0.2077138422459377,rl2,I5En4JFXy6-2ISEj,10,3935.0,folding clothes,"{""short sleeve shirts"",""long sleeve shirts"",shorts}"
2025-10-29-22-02-26-821000,3783.0,126.1,0.0,0.0,0.0,0.0,0.0,0.0,0.0,0.0,0.0,0.0,0.0,0.0,0.0,0.0,25.945994228644494,0.0002643404705260375,20.94704636695881,0.0,0.0002643404705260375,25.945994228644494,54.28044895667446,0.43056939944480005,0.13005512089447288,64.69016605972047,0.5131425123721879,0.11626110260385833,9.755110574763426,0.0,5.7180490829355906,0.47185595590849394,118.97061501639493,0.0,126.1,4.844974178195408,54.28044895667446,0.43056939944480005,0.6995912220328896,1.061222671294249,24.741427258182394,0.26506298035383224,0.30234115570783615,0.3778621554374695,0.03028166448714897,0.3104315182721445,-0.024921908939335182,-0.6645592317465686,0.9920676890534109,64.69016605972047,0.5131425123721879,0.7284051215157024,1.270297794005288,28.140794127140197,0.39752283319830894,0.34340357314795256,0.30588633567094803,0.04175677656233349,0.11817680515187413,-0.19721621914884652,-0.6431372728264745,0.9920676890534109,0.8463344325958865,0.26248760289646916,0.05994519093498986,0.11076702281946094,0.10887142007431402,0.004275298235660161,0.026735236085902753,0.10646234941277916,0.004889255632311364,0.026073133143446975,17.818197393856373,0.4460196240914495,0.2597494329777068,rl2,I5En4JFXy6-2ISEj,10,3783.0,folding clothes,"{""short sleeve shirts"",""long sleeve shirts"",shorts}"
2025-10-29-22-02-29-525000,3517.0,117.23333333333333,0.0,0.0,0.0,0.0,0.0,0.0,0.0,0.0,0.0,0.0,0.0,0.0,0.0,0.0,42.725267081283704,0.33039522320159226,31.806584634941302,0.1216946261017913,0.33039522320159226,42.725267081283704,70.41913216026249,0.6008458375449018,0.4897239334963549,78.02140513818924,0.6657116479367684,0.5409205209571238,14.429135041429015,0.006825938566552901,5.2816918373041055,0.6332787427408352,148.44053729845172,0.0,117.23333333333333,4.772660073111466,70.41913216026249,0.6008458375449018,1.3447928359095445,1.3281340811695268,55.663934282745814,0.47690632939338684,0.40404919907450676,0.4459015391767025,0.08592238193702133,0.06064745231447087,-0.4178520465142048,-0.4685720325814905,0.9931740614334471,78.02140513818924,0.6657116479367684,1.2075925436013961,1.4991986461187825,51.32513698464806,0.37413642555475235,0.5109989857301116,0.5102263540029526,0.09754677544436052,-0.14814832724232566,-0.18101743588564725,-0.4443077198448195,0.9928896473265074,0.9077736729808178,0.3318699089572206,0.09745216589547515,0.10918088212409585,0.1077166380139469,0.006506578651127925,0.030659879872966103,0.10551544433952571,0.0074646015633585945,0.03245400743606884,17.467684691663138,0.4214153597723631,0.38514097773091277,rl2,I5En4JFXy6-2ISEj,11,3517.0,folding clothes,"{""short sleeve shirts"",""long sleeve shirts"",shorts}"
2025-10-29-22-02-29-527000,3585.0,119.5,0.0,0.0,0.0,0.0,0.0,0.0,0.0,0.0,0.0,0.0,0.0,0.0,0.0,0.0,39.9620962879574,0.06471408647140865,26.955868166115508,0.05690376569037657,0.06471408647140865,39.9620962879574,48.18137773961812,0.4033039431329641,0.26026329565375084,64.26194405557017,0.5379068977865806,0.321406612185031,11.315713969396839,0.0004185267857142857,5.2889632471001455,0.47060542045977233,112.4433217951883,0.0,119.5,4.791649752930709,48.18137773961812,0.4033039431329641,0.9021248032154333,0.8878785293407214,36.75612361410695,0.24432050436735153,0.3737941584549844,0.5227778200060129,0.0477429862238609,0.4027376355652696,-0.195421826950894,-0.5296101810470369,0.9871651785714286,64.26194405557017,0.5379068977865806,1.0154520716259228,1.104878770083654,43.07809946177289,0.40631051920354366,0.4058739636093378,0.4450366906821728,0.07339138378594663,0.09198956217173866,-0.21867174220348046,-0.5112349291808768,0.9871651785714286,0.8954144646240397,0.31972817457955843,0.07583664761107607,0.11597571577289383,0.10370392592208542,0.005532928164957012,0.026869093746768324,0.1037889779690459,0.005481060845392819,0.034469697934726054,13.874687361274027,0.3326583872363627,0.29368584540034937,rl2,I5En4JFXy6-2ISEj,11,3585.0,folding clothes,"{""short sleeve shirts"",""long sleeve shirts"",shorts}"
2025-10-29-22-02-29-528000,3744.0,124.8,0.0,0.0,0.0,0.0,0.0,0.0,0.0,0.0,0.0,0.0,0.0,0.0,0.0,0.0,44.306570538421795,0.3717948717948718,33.09336909539509,0.060363247863247864,0.3717948717948718,44.306570538421795,38.850902275996006,0.3113884766978039,0.2560036993425369,69.79245956021167,0.5593838596864413,0.3243857432620976,10.961666085754768,0.0006679134384183809,7.057296977328665,0.4353861681921226,108.64336183620767,0.0,124.8,4.8346933442663405,38.850902275996006,0.3113884766978039,0.7482362637587804,0.6431229323997747,29.896434796048617,0.36340881884098053,0.40242527052760124,0.4711197093129158,0.06889885111787387,0.12868353987757403,-0.45103908140057075,-0.4793758475153038,0.9858402351055303,69.79245956021167,0.5593838596864413,0.8985903691275329,1.2300338464755685,39.03797022584473,0.40694444812834263,0.5684784147888422,0.5108407568186522,0.11817745869233806,-0.09915559722941954,-0.2706340927953168,-0.4771882619894842,0.9874432273577345,0.8493549146059555,0.3068846937288569,0.07639307489125467,0.12694673434618994,0.10369220362973842,0.005106295797080248,0.0307558229938331,0.10335583422688291,0.005821975430826581,0.03458911016629304,12.853115551621794,0.36982661237279046,0.2634966092187236,rl2,I5En4JFXy6-2ISEj,11,3744.0,folding clothes,"{""short sleeve shirts"",""long sleeve shirts"",shorts}"
2025-10-29-22-02-29-529000,3703.0,123.43333333333334,0.0,0.0,0.0,0.0,0.0,0.0,0.0,0.0,0.0,0.0,0.0,0.0,0.0,0.0,38.179186970640814,0.01539292465568458,30.58245794456938,0.014582770726438023,0.01539292465568458,38.179186970640814,48.78636571865221,0.3953514239761119,0.22220458154875877,59.21212731827308,0.47983895719832326,0.3913411747138059,9.82351998624566,0.0,2.233018523002169,0.4375951905872176,107.9984930369253,0.0,123.43333333333334,4.823770097252429,48.78636571865221,0.3953514239761119,0.6954609950686036,1.023747172829427,26.92661447481421,0.21726466715335846,0.2841442816425115,0.3345930874347687,0.02065594123053137,0.3490172066005732,-0.1987830288063886,-0.5341468211117545,0.9743381955699622,59.21212731827308,0.47983895719832326,0.7064524282448884,1.1532413949705236,29.085021587425484,0.34452954307198524,0.3486341768875718,0.30603083968162537,0.036758825042058206,0.1008901578559566,-0.26701980748857934,-0.5200468533197803,0.9800108049702864,0.7846425982039018,0.261332094238126,0.056069601379711,0.11599600578326466,0.10813993511147707,0.004672350858469591,0.025776231682849274,0.1063066248858239,0.004315633544213897,0.022982121665572855,10.341069586315363,0.2392776060393001,0.2652622207012051,rl2,I5En4JFXy6-2ISEj,11,3703.0,folding clothes,"{""short sleeve shirts"",""long sleeve shirts"",shorts}"
2025-10-29-22-02-32-487000,3449.0,114.96666666666667,0.0,0.0,0.0,0.0,0.0,0.0,0.0,0.0,0.0,0.0,0.0,0.0,0.0,0.0,27.91127062027978,0.012757320962597855,18.99085098190906,0.004349086691794723,0.012757320962597855,27.91127062027978,47.007742475341516,0.40900007954183454,0.1917965502862152,61.027083258942824,0.5309781026010107,0.2513971274131938,10.530989470009983,0.0002900232018561485,4.938121065918919,0.46998909107142267,108.03482573428434,0.0,114.96666666666667,4.7533027934897865,47.007742475341516,0.40900007954183454,0.7298966371998378,0.9189492920201866,28.510732848050107,0.24377212673425674,0.2528161983937025,0.39865628629922867,0.02456900448168597,0.005446966962981186,-0.25332214385994745,-0.500984462048825,0.9773781902552204,61.027083258942824,0.5309781026010107,0.8035992477348782,1.2171488427173602,33.60619904936772,0.24792174249887466,0.3356113201007247,0.3498053140938282,0.02910567124094661,-0.13287729636821913,-0.026057325266932146,-0.4823219940103061,0.9791183294663574,0.8147259536396992,0.27121572900978186,0.057727039605024615,0.12709888644591655,0.10802705596259937,0.004709894242202892,0.02512907002976217,0.1066582339962506,0.004759294520147585,0.02887430983831453,10.975615557320785,0.2992260466445927,0.2701374428286668,rl2,I5En4JFXy6-2ISEj,12,3449.0,folding clothes,"{""short sleeve shirts"",""long sleeve shirts"",shorts}"
2025-10-29-22-02-32-488000,3366.0,112.2,0.0,0.0,0.0,0.0,0.0,0.0,0.0,0.0,0.0,0.0,0.0,0.0,0.0,0.0,27.61830382446957,0.005050505050505051,28.320496266448416,0.014854426619132501,0.014854426619132501,28.320496266448416,39.09115147540886,0.348509522811966,0.5137619934956285,60.64638988765561,0.5406810391172863,0.5054379279999514,12.27654991131076,0.001188707280832095,5.098513458702743,0.44459528096462614,99.73754136306447,0.0,112.2,4.729156165769083,39.09115147540886,0.348509522811966,0.660306152421382,0.7756719302450251,25.750071910182445,0.28164197877049446,0.2622858718968928,0.613641893491149,0.045330163563487395,-0.2553185619003252,-0.13127866668714652,-0.5720902901044336,0.987518573551263,60.64638988765561,0.5406810391172863,0.9458011423538717,1.1255697131592894,39.45988009557034,0.2960791066288948,0.46816523745656013,0.5721001196652651,0.07930105467100262,-0.18931624562542088,0.20180810885693418,-0.5517392459707872,0.986924219910847,0.7414358703336542,0.3443179806225179,0.08249094724566947,0.10933653833171472,0.10421154180077864,0.004439149801787327,0.02634654198378253,0.10450299879603793,0.005094221448870326,0.02791766842532163,11.535387940178666,0.34643309439328246,0.22341278275910972,rl2,I5En4JFXy6-2ISEj,12,3366.0,folding clothes,"{""short sleeve shirts"",""long sleeve shirts"",shorts}"
2025-10-29-22-02-32-490000,3041.0,101.36666666666666,0.0,0.0,0.0,0.0,0.0,0.0,0.0,0.0,0.0,0.0,0.0,0.0,0.0,0.0,26.301165265953976,0.00295955277869122,24.848187704038498,0.013153567905294311,0.013153567905294311,26.301165265953976,29.17886374667148,0.28794931328952117,0.32516203055609133,55.35993040177072,0.5463151026490531,0.403966682927924,12.794163769220816,0.000986842105263158,5.638704685583741,0.4171322079692872,84.53879414844221,0.0,101.36666666666666,4.628561138778667,29.17886374667148,0.28794931328952117,0.6312443500411926,0.5953825466231959,25.13244958992319,0.4064269922673702,0.2248964738100767,0.4323877803981304,0.03952197156488717,-0.0294244655011977,-0.26337684476634793,-0.5779586107210084,0.9842105263157894,55.35993040177072,0.5463151026490531,0.8688882615472385,1.1761285583944596,37.92218557532721,0.34939487650990486,0.44335056096315384,0.4033125303685665,0.06247489137657797,-0.23413951759217738,-0.06800020036889551,-0.5728984100805992,0.9858552631578947,0.6827839129308854,0.2915275103080747,0.06705763178643655,0.10864951311020982,0.10494429843580629,0.003938743291807322,0.03150263721825235,0.104416498757076,0.005627331378340744,0.029656373419089194,9.429931831697694,0.36271695971064966,0.2226887553070018,rl2,I5En4JFXy6-2ISEj,12,3041.0,folding clothes,"{""short sleeve shirts"",""long sleeve shirts"",shorts}"
2025-10-29-22-02-32-491000,3536.0,117.86666666666666,0.0,0.0,0.0,0.0,0.0,0.0,0.0,0.0,0.0,0.0,0.0,0.0,0.0,0.0,27.491087915082275,0.004242081447963801,23.14236368762279,0.005090497737556561,0.005090497737556561,27.491087915082275,44.85878235006244,0.38069687991566425,0.4607867155629059,58.66437658535701,0.4978589243453212,0.16572738435117942,16.983649341563343,0.0004243281471004243,10.513014833296781,0.4392779021304927,103.52315893541945,0.0,117.86666666666666,4.7780024167609305,44.85878235006244,0.38069687991566425,0.739652398385537,0.929723771383254,28.722253267544055,0.24248568434268236,0.5653047179803252,0.41284210979938507,0.05659169515835511,-0.20279843000219966,-0.17074886243500667,-0.558071167377873,0.9697312588401698,58.66437658535701,0.4978589243453212,0.794540362694236,1.2221796323559813,32.65246178616172,0.25887858495116234,0.33501939149573445,0.34824081510305405,0.030202698144957282,-0.19673346719447507,0.08447040979604128,-0.542108388558637,0.971994342291372,0.7851589474994864,0.25907841562781064,0.05776463644188625,0.1246773934062802,0.10915998140254522,0.004450611052024792,0.03278438360293111,0.10757553655829709,0.004374570116335257,0.024755974934545816,8.88064321026059,0.40179666891095106,0.2393165934512315,rl2,I5En4JFXy6-2ISEj,12,3536.0,folding clothes,"{""short sleeve shirts"",""long sleeve shirts"",shorts}"
2025-10-29-22-02-35-975000,3404.0,113.46666666666667,0.0,0.0,0.0,0.0,0.0,0.0,0.0,0.0,0.0,0.0,0.0,0.0,0.0,0.0,38.66549650720691,0.05493537015276146,25.424744747119178,0.0026439482961222094,0.05493537015276146,38.66549650720691,40.732508531384056,0.35908764500191653,0.324601357360438,49.928759251642035,0.4401594997206174,0.36552932712529584,15.63921842565434,0.00014692918013517486,11.217793777405074,0.3996235723612669,90.66126778302609,0.0,113.46666666666667,4.740283659795265,40.732508531384056,0.35908764500191653,0.5774898553191032,0.9288623276522353,20.67039713471106,0.386008657515049,0.6458171224221587,0.6465769540518522,0.16118581572824686,0.060362526621356535,-0.44465706518179676,-0.564001262795342,0.9570966794005289,49.928759251642035,0.4401594997206174,0.6287402680060328,1.1037497277631416,24.137266959671763,0.32915550097823143,0.656389631330967,0.600996470078826,0.12984784636603447,-0.05421334350786416,-0.23632446857329734,-0.5434596949036985,0.9641492800470174,0.8226790102141815,0.24122371633480322,0.05805986908809686,0.08255746549480789,0.1083867691072364,0.005317846468550702,0.03064223564451593,0.10675751279040557,0.00440350806634855,0.025903449887690763,8.970650940037807,0.5583710623809576,0.2433291036436821,rl2,I5En4JFXy6-2ISEj,14,3404.0,folding clothes,"{""short sleeve shirts"",""long sleeve shirts"",shorts}"
2025-10-29-22-02-35-976000,2536.0,84.53333333333333,0.0,0.0,0.0,0.0,0.0,0.0,0.0,0.0,0.0,0.0,0.0,0.0,0.0,0.0,41.58604527624671,0.03548895899053628,27.014101763922007,0.026813880126182965,0.03548895899053628,41.58604527624671,25.559335649170663,0.3024773449605996,0.7412132947777228,40.77529223501095,0.4825478371007213,0.8834889055101999,13.079574693375092,0.000591715976331361,15.005415168171611,0.3925125910306605,66.33462788418161,0.0,84.53333333333333,4.448906163513426,25.559335649170663,0.3024773449605996,0.44776619151386543,0.7804525183987966,17.45245216310339,0.58092350512743,0.8447657190263271,0.3332447335124016,0.1635379409823077,0.11775273693599136,-0.4890042075228401,-0.5784216893319781,0.9696252465483235,40.77529223501095,0.4825478371007213,0.6842995560143806,1.1433123488775454,28.70617418296993,0.7456693667918444,0.9776446521282196,0.3658440411090851,0.26670018476434926,-0.07206560142888403,-0.23469409244450848,-0.5687375654545774,0.9723865877712031,0.6972365469331323,0.32388934067809294,0.07798834706564049,0.1368183391255428,0.10283255842846822,0.005250007724843014,0.021568344520108834,0.10400973652722383,0.004801173869976379,0.02955846994110249,6.867701482728035,1.1030815258998177,0.1755808471754603,rl2,I5En4JFXy6-2ISEj,14,2536.0,folding clothes,"{""short sleeve shirts"",""long sleeve shirts"",shorts}"
2025-10-29-22-02-35-977000,3147.0,104.9,0.0,0.0,0.0,0.0,0.0,0.0,0.0,0.0,0.0,0.0,0.0,0.0,0.0,0.0,43.461799652435296,0.1909755322529393,28.987393453946932,0.022243406418811566,0.1909755322529393,43.461799652435296,29.342889463509486,0.27981140620002687,0.33354828303005263,57.02366027390029,0.5437729841757816,0.3906906879940291,13.197481410792768,0.002066115702479339,6.919462472397352,0.4117921951879041,86.36654973740977,0.0,104.9,4.662495252607361,29.342889463509486,0.27981140620002687,0.6289470866099265,0.6355943177714947,24.628644584656975,0.35221730917692184,0.25434958934783936,0.45361052080988884,0.04063730087900424,-0.0077156042872505185,-0.5473778834551677,-0.5646673584523222,0.9872854418308964,57.02366027390029,0.5437729841757816,0.8508981309804324,1.289662935766187,36.73102847272828,0.3797946125268936,0.5881355092860758,0.4832986071705818,0.10795474715972143,-0.11841980531450076,-0.2749199534021052,-0.566691883087092,0.9888747616020344,0.8105331277812666,0.30580501230446866,0.06980349102686201,0.1434515217244259,0.102107002865862,0.005200308648935026,0.026501031996990054,0.10326127952456238,0.006305624842057018,0.029974885331656625,9.948972926617635,0.4070489864833904,0.19521612184340562,rl2,I5En4JFXy6-2ISEj,14,3147.0,folding clothes,"{""short sleeve shirts"",""long sleeve shirts"",shorts}"
2025-10-29-22-02-35-978000,2382.0,79.4,0.0,0.0,0.0,0.0,0.0,0.0,0.0,0.0,0.0,0.0,0.0,0.0,0.0,0.0,36.58099331813395,0.0,21.33471155901765,0.0,0.0,36.58099331813395,29.99232719908518,0.37789576479317744,0.2927333034086886,37.351718847312135,0.47062224503123223,0.261629146928627,7.317938179751252,0.0,4.465896622617393,0.42425900491220486,67.34404604639732,0.0,79.4,4.387014176184921,29.99232719908518,0.37789576479317744,0.5366581737463536,0.9502870327612278,18.457769062584298,0.20152638852596283,0.29364781826734543,0.26532433182001114,0.01570130608168656,0.019269543170528588,-0.41804902752240497,-0.5662329288513894,0.9827803443931121,37.351718847312135,0.47062224503123223,0.6723760073366681,1.097686374245283,26.211344987443027,0.241542081348598,0.2637731730937958,0.2125353366136551,0.01354111963969286,-0.07373733237255943,-0.18276086815935502,-0.5439568054115542,0.9827803443931121,0.8345643193876531,0.25679088961698837,0.05019517222297899,0.11748553146585729,0.10804953312379927,0.005777093474968213,0.0281789707882779,0.10649335180983283,0.004515925171390278,0.025064025237302348,8.291564780057175,0.2318433496733185,0.2607665736172707,rl2,I5En4JFXy6-2ISEj,14,2382.0,folding clothes,"{""short sleeve shirts"",""long sleeve shirts"",shorts}"
2025-10-29-22-02-43-002000,2861.0,95.36666666666666,0.0,0.0,0.0,0.0,0.0,0.0,0.0,0.0,0.0,0.0,0.0,0.0,0.0,0.0,28.171153904515144,0.0775952464173366,32.263819067296744,0.031108004194337645,0.0775952464173366,32.263819067296744,42.47102877775238,0.44550030186453554,0.4032332252030055,53.3596092333548,0.5597161807694561,0.44574674602376435,19.40557981780232,0.002797202797202797,10.666761591130657,0.5026082413169958,95.83063801110718,0.0,95.36666666666666,4.568160360354191,42.47102877775238,0.44550030186453554,0.9455540727937602,1.1710346893699686,37.22728036536109,0.4786585904657841,0.5387428980320692,0.6056965179741383,0.15619333311595812,-0.21090101368063835,-0.13590393471051423,-0.5631279967177095,0.9555944055944056,53.3596092333548,0.5597161807694561,1.1438724594861218,1.4327215850865354,47.05383212877608,0.5613738168030977,0.6920613422989845,0.5699668060988188,0.2214350207968376,-0.30160186173246534,0.12602574875678302,-0.5548239472214418,0.956993006993007,0.9036476389682977,0.28189589549560784,0.0823666286443145,0.11250493866177612,0.10887690493374773,0.0050072610742768,0.03304894714695264,0.10772192202426621,0.005923864074602355,0.033634470352866624,9.11109725645806,0.5385679707369138,0.27561124740310344,rl2,I5En4JFXy6-2ISEj,15,2861.0,folding clothes,"{""short sleeve shirts"",""long sleeve shirts"",shorts}"
2025-10-29-22-02-43-003000,2848.0,94.93333333333334,0.0,0.0,0.0,0.0,0.0,0.0,0.0,0.0,0.0,0.0,0.0,0.0,0.0,0.0,25.393441463679718,0.08146067415730338,34.4146855750434,0.11095505617977527,0.11095505617977527,34.4146855750434,43.808269436989384,0.46162559996827596,0.2607427758015759,60.402365171805016,0.6364843537598,0.3225071545421475,16.536182924627422,0.0036880927291886197,6.3152990828190285,0.5490549768640379,104.21063460879441,0.0,94.93333333333334,4.563653505785158,43.808269436989384,0.46162559996827596,0.8292271779399885,1.0717928700531865,33.475803926545815,0.5312094278633595,0.33473602682352066,0.5792002752423286,0.10299045830618336,-0.14106778439763526,-0.2091002082344265,-0.5672058996756226,0.9782226905514577,60.402365171805016,0.6364843537598,1.2960725238008546,1.3897506876326027,54.62988835589721,0.680599158629775,0.4330123979598284,0.6182729341089725,0.18220990179465435,-0.38415303078886864,0.09810358270133905,-0.5582077225887353,0.9841938883034773,0.8567313730715642,0.4006238237159622,0.12829408367054343,0.1120950185477596,0.1023960544275735,0.007385865762611557,0.02973709224149923,0.1031989363868578,0.0071149532652039285,0.03229544233307388,12.052220112127074,0.5301477930409338,0.282122862371949,rl2,I5En4JFXy6-2ISEj,15,2848.0,folding clothes,"{""short sleeve shirts"",""long sleeve shirts"",shorts}"
2025-10-29-22-02-43-004000,2610.0,87.0,0.0,0.0,0.0,0.0,0.0,0.0,0.0,0.0,0.0,0.0,0.0,0.0,0.0,0.0,22.035107380146073,0.06436781609195402,29.244784986219962,0.05747126436781609,0.06436781609195402,29.244784986219962,34.70453131375873,0.3990555536269688,0.6007944453711332,40.28542423097709,0.46322833535044566,0.45305967784218504,16.045147578797224,0.0005749329244921426,14.00853269630267,0.43114194448870735,74.98995554473582,0.0,87.0,4.477336814478207,34.70453131375873,0.3990555536269688,0.6888348903614144,1.0833850880020774,24.794488409133123,0.28745949640870094,0.714691175147891,0.463475301861763,0.0952185746113693,-0.2149309804523899,0.014048469600881453,-0.6384743164382675,0.9635875814488309,40.28542423097709,0.46322833535044566,0.6929214360023331,1.200438010902063,26.482033099637686,0.24770206026732922,0.7164786905050278,0.44983192533254623,0.07983313274197823,-0.1774185536115277,0.25493954565747146,-0.5910689353871506,0.9551552318896129,0.8519083903362568,0.25325653688458594,0.054428935308233166,0.12953539940582084,0.10924451741152888,0.004669969896213095,0.024448646652660375,0.10786349079526969,0.004378256348001973,0.023827919459622662,6.4512817128909195,0.5661535201940279,0.23080893607532713,rl2,I5En4JFXy6-2ISEj,15,2610.0,folding clothes,"{""short sleeve shirts"",""long sleeve shirts"",shorts}"
2025-10-29-22-03-34-282000,2960.0,98.66666666666667,0.0,0.0,0.0,0.0,0.0,0.0,0.0,0.0,0.0,0.0,0.0,0.0,0.0,0.0,21.999223679413113,0.0445945945945946,13.752271665871845,0.007094594594594595,0.0445945945945946,21.999223679413113,55.783552077312436,0.5655649078470337,0.7204097026698906,60.040094079268655,0.6087201157073537,0.9282134850809461,14.341197572766456,0.0008448800270361609,9.928731999836966,0.5871425117771938,115.82364615658109,0.0,98.66666666666667,4.601831284722577,55.783552077312436,0.5655649078470337,1.0205977219402438,1.2599617888447185,43.750692642867605,0.29135918617248535,0.3902265466749668,0.8847506903111935,0.10059269328339157,0.3319501767425823,-0.034171613202527845,-0.7742200591154649,0.9861439675566069,60.040094079268655,0.6087201157073537,0.9619119477274111,1.486797902289533,42.2987025353109,0.4607982560992241,0.6078463792800903,0.8523248713463545,0.2387315526133843,0.012650299931536555,-0.19190515319225251,-0.7775716096804653,0.9868198715782359,0.8874740455197456,0.36206624989930997,0.07341934917498384,0.2190907220295137,0.10294116659657183,0.00348083850818027,0.02958806230295312,0.10417949298133808,0.003909699357558938,0.029330867353761392,7.2061463072085346,0.5399005959223006,0.1332003254314612,rl2,CizpI2XpvnTL3SW5,2,2960.0,folding clothes,"{""short sleeve shirts"",""long sleeve shirts"",shorts}"
2025-10-29-22-03-40-792000,2899.0,96.63333333333334,0.0,0.0,0.0,0.0,0.0,0.0,0.0,0.0,0.0,0.0,0.0,0.0,0.0,0.0,23.547068638750098,0.027940669196274578,14.575102764734618,0.0006898930665746809,0.027940669196274578,23.547068638750098,61.63277790052055,0.6380204751606682,0.537619184692379,73.43755721958735,0.7602231596230575,0.5417304957255953,10.830061119488473,0.0001725327812284334,1.9119894009798362,0.6991218173918629,135.0703351201079,0.0,96.63333333333334,4.581218965165578,61.63277790052055,0.6380204751606682,0.9767709380867262,1.6548458424918064,43.69576354366848,0.44888854771852493,0.39837881922721863,0.7401976864784956,0.13236784212371341,0.13270942871749566,-0.2604908852806818,-0.6323604487780919,0.9917184265010351,73.43755721958735,0.7602231596230575,1.0134566999371661,2.091126576481426,47.43743703209894,0.3781655617058277,0.43330952897667885,0.7203068304806948,0.11803145190464366,-0.14740054811556283,0.0725095056684218,-0.6683734773911045,0.9910282953761215,0.8418680088813002,0.4491986121472355,0.08777886248236025,0.19604462071858123,0.1023569017728261,0.0035476796656802316,0.025312646168345457,0.10601157310615734,0.003410360453646314,0.021539646924305683,7.432669668474918,0.2452735203639755,0.09974516338874405,rl2,CizpI2XpvnTL3SW5,4,2899.0,folding clothes,"{""short sleeve shirts"",""long sleeve shirts"",shorts}"
2025-10-29-22-03-46-365000,3062.0,102.06666666666666,0.0,0.0,0.0,0.0,0.0,0.0,0.0,0.0,0.0,0.0,0.0,0.0,0.0,0.0,27.326337401465636,0.018941868060091443,15.304964108463246,0.005225342913128674,0.018941868060091443,27.326337401465636,54.63887129233339,0.5355002086801705,0.5888426407159467,68.40664756423647,0.6704343113123468,0.554059776196776,14.889671807687765,0.0011434171839268213,7.669833241258494,0.6029672599962588,123.04551885656986,0.0,102.06666666666666,4.635376028045157,54.63887129233339,0.5355002086801705,0.9751317655030666,1.1751853615991437,41.935787435984246,0.3173650950193405,0.4622965599410236,0.9301448725163937,0.13646787148650824,0.37518532880765015,-0.19094291884057996,-0.789154311929021,0.9918327344005227,68.40664756423647,0.6704343113123468,0.9505395776838025,1.5878117404440084,43.29317083726578,0.5051467791199684,0.432321272790432,0.932931468822062,0.20373889046679544,-0.19332500650187934,0.003479527460350284,-0.7798628408065191,0.9957530218882719,0.8470474671557875,0.6058436271858273,0.1230926653821553,0.23665160979547395,0.10185977046713686,0.004741302535078537,0.027938442985027206,0.10400199887495107,0.004102480452845494,0.02039158019676951,9.505714130905208,0.43581500987568894,0.156276856544343,rl2,CizpI2XpvnTL3SW5,5,3062.0,folding clothes,"{""short sleeve shirts"",""long sleeve shirts"",shorts}"
2025-10-29-22-03-49-312000,2854.0,95.13333333333334,0.0,0.0,0.0,0.0,0.0,0.0,0.0,0.0,0.0,0.0,0.0,0.0,0.0,0.0,24.850792555086947,0.02697967764540995,14.823002085420363,0.006657323055360897,0.02697967764540995,24.850792555086947,54.02327607765766,0.5680680975568629,0.414446628576637,65.12181301248125,0.6847719559672056,0.39787113153100556,10.859590949119946,0.0003505082369435682,6.253721338682978,0.6264200267620342,119.14508909013892,0.0,95.13333333333334,4.565736116742684,54.02327607765766,0.5680680975568629,0.929727260696066,1.5932708292617865,41.57483009375175,0.3292755950242281,0.43074643332511187,0.693417577072978,0.09835038842630776,0.24022650816063407,-0.1665815405509521,-0.6113695923634495,0.9835261128636523,65.12181301248125,0.6847719559672056,0.9156338304570484,1.8177963650333755,43.211795073350004,0.43728048354387283,0.3347367197275162,0.6969234049320221,0.10201135124583352,-0.14326264489064883,-0.04132309350426656,-0.6198182027358183,0.9877322117069751,0.8312368024515235,0.41017382667826047,0.06665702596096731,0.17404999714148786,0.10206219906649049,0.004635380484768912,0.02883623611754617,0.10457771667279439,0.003852887624509427,0.025844178540691196,7.300382341204106,0.2849194001156577,0.16498769678543326,rl2,CizpI2XpvnTL3SW5,6,2854.0,folding clothes,"{""short sleeve shirts"",""long sleeve shirts"",shorts}"
2025-10-29-22-03-53-625000,2721.0,90.7,0.0,0.0,0.0,0.0,0.0,0.0,0.0,0.0,0.0,0.0,0.0,0.0,0.0,0.0,21.80357687351129,0.04116133774347666,13.18232774598911,0.0025725836089672913,0.04116133774347666,21.80357687351129,57.752129660079085,0.6369720183096957,0.48422008138038214,60.439354283862556,0.6666105251896606,0.5079908024561077,10.428119297615229,0.0001838235294117647,1.4617152508809192,0.6517912717496781,118.19148394394165,0.0,90.7,4.51852237926242,57.752129660079085,0.6369720183096957,0.9830038920032587,1.4881841763315973,43.495531408282076,0.20646324008703232,0.40592576190829277,0.7032111063599586,0.05893524243071458,0.27634288418801206,0.08314332821821344,-0.6708237264806439,0.9889705882352942,60.439354283862556,0.6666105251896606,0.9231242194766693,1.5432306974634091,41.72391899114883,0.2603204380720854,0.28465000120922923,0.6862062253057957,0.05084802746532417,0.021453929408215527,-0.14941708197639567,-0.6784854053606261,0.9886029411764706,0.8736022243071637,0.3503567522540056,0.059322540239417174,0.22732987659008577,0.10054219852328408,0.004157095030438403,0.022884075990510358,0.10388696314388592,0.003390643477347317,0.02142200419926732,5.59146671754215,0.22209524786054913,0.10243740713535593,rl2,CizpI2XpvnTL3SW5,7,2721.0,folding clothes,"{""short sleeve shirts"",""long sleeve shirts"",shorts}"
2025-10-29-22-03-56-738000,3141.0,104.7,0.0,0.0,0.0,0.0,0.0,0.0,0.0,0.0,0.0,0.0,0.0,0.0,0.0,0.0,22.787256725015762,0.02355937599490608,6.790955786611664,0.0028653295128939827,0.02355937599490608,22.787256725015762,48.259035810667655,0.46107359054778013,0.6760545248560239,59.71733557927281,0.5705477921586576,0.7491571101829408,13.160202004070605,0.0011146496815286624,6.511948250695511,0.5158106913532188,107.97637138994047,0.0,104.7,4.660604892876192,48.259035810667655,0.46107359054778013,0.9426198274240896,0.9834864825549293,39.06018900084729,0.47921055741608143,0.1861211098730564,0.8377294354140759,0.07471809429776702,0.14687737400546572,-0.29313625817165484,-0.7301139417764146,0.9914012738853503,59.71733557927281,0.5705477921586576,0.8848829884815773,1.4191610402991603,38.13180774040062,0.41460770927369595,0.4179049227386713,0.9595787795260549,0.1662629551619334,-0.04034476196725456,0.061996834719390485,-0.7092986938945975,0.9875796178343949,0.8833821176168096,0.40505934260257836,0.05664948683867845,0.18389320409450258,0.1032030122419798,0.0036319466679726182,0.022815305288258883,0.10380179310547472,0.003897896083650377,0.02473736187899364,7.373674488019802,0.2922451549759657,0.1356436963550213,rl2,CizpI2XpvnTL3SW5,8,3141.0,folding clothes,"{""short sleeve shirts"",""long sleeve shirts"",shorts}"
2025-10-29-22-04-01-785000,3925.0,130.83333333333334,0.0,0.0,0.0,0.0,0.0,0.0,0.0,0.0,0.0,0.0,0.0,0.0,0.0,0.0,25.82060659523122,0.006114649681528662,17.205352363583923,0.0,0.006114649681528662,25.82060659523122,44.951997615825164,0.3436697065430059,0.45216232452058713,89.20392821541756,0.6819872187723055,0.44754763237289197,9.653637178877505,0.0,1.0067747473847646,0.5128284626576556,134.1559258312427,0.0,130.83333333333334,4.881538498539599,44.951997615825164,0.3436697065430059,0.6414556506828399,0.9455446424931988,26.938659012503653,0.44606410153210163,0.22306127473711967,0.6529177092015743,0.06496506859399143,-0.0396367826841914,-0.36075262762938337,-0.6942703719541525,0.9849643221202854,89.20392821541756,0.6819872187723055,0.8205229983776025,1.7415842857930903,39.19306519644339,0.5769891943782568,0.6627037823200226,0.7233355939388275,0.27658394425925714,-0.11136823487321247,0.0724130763143381,-0.7094458689431477,0.9882772680937818,0.6831167579587464,0.46637993410113765,0.1387135423333669,0.12291670572427899,0.10056572425912781,0.00322200171701429,0.019743787362104942,0.1039700514522273,0.004276405910140477,0.0292168551978782,6.400534825631279,0.21960277239812578,0.09112613359418782,rl2,CizpI2XpvnTL3SW5,12,3925.0,folding clothes,"{""short sleeve shirts"",""long sleeve shirts"",shorts}"
2025-10-29-22-04-01-787000,3063.0,102.1,0.0,0.0,0.0,0.0,0.0,0.0,0.0,0.0,0.0,0.0,0.0,0.0,0.0,0.0,28.822645014547827,0.010447273914462945,20.132431466198234,0.0,0.010447273914462945,28.822645014547827,49.137000715966195,0.4814206471191985,0.5178583365395771,62.321401235572544,0.6105950480297767,0.4596370392115879,10.980953972422864,0.0004898758981058132,2.237500046186269,0.5460078475744875,111.45840195153875,0.0,102.1,4.635699391022914,49.137000715966195,0.4814206471191985,0.8343351193812814,1.2198455031727522,35.412431406171706,0.3218994103372097,0.48727005859836936,0.6777818109840155,0.1063113950251895,0.33779587508721987,-0.21442212740260677,-0.6898121708098567,0.9905290659699543,62.321401235572544,0.6105950480297767,0.8655193159194275,1.5549952980876272,38.94550848542035,0.6618491895496845,0.45725448057055473,0.5929943881928921,0.17945997155759727,-0.22354920998846894,-0.04275477712763888,-0.6616028444029676,0.98791639451339,0.7736835152986662,0.592298086472451,0.13877562815310113,0.15944089768290803,0.10320918191181794,0.0035188804582280426,0.025355683084717903,0.10456876068580272,0.004037829578518913,0.017339649421746206,6.714368716744359,0.2609419926204476,0.09437470836210739,rl2,CizpI2XpvnTL3SW5,12,3063.0,folding clothes,"{""short sleeve shirts"",""long sleeve shirts"",shorts}"
2025-10-29-22-04-01-788000,3090.0,103.0,0.0,0.0,0.0,0.0,0.0,0.0,0.0,0.0,0.0,0.0,0.0,0.0,0.0,0.0,22.514264928872258,0.009385113268608414,11.768030936159956,0.0,0.009385113268608414,22.514264928872258,44.31803354594366,0.43041146208427006,0.6077517829796132,54.51207245919259,0.529414753569368,0.5846540906061802,10.395577743931092,0.0001618646811265782,1.221714914667227,0.479913107826819,98.83010600513626,0.0,103.0,4.6443908991413725,44.31803354594366,0.43041146208427006,0.7948072479124012,1.0215460681018949,32.91327270000064,0.2932322844862938,0.38193440064787865,0.6353687103837729,0.07115843438704984,0.2571236029026192,-0.13688884128571163,-0.6585001955062006,0.9766914859177728,54.51207245919259,0.529414753569368,0.7492023287335379,1.4058003831562003,33.02500260842688,0.32560248486697674,0.4942954443395138,0.5835086293518543,0.09391211069068375,-0.12474260536206337,-0.031590032231310926,-0.6412345670718206,0.9741016510197474,0.8045079089056155,0.40068931798704394,0.06379862498355907,0.1782461388236401,0.10389628602011661,0.00319472071188801,0.021990446953264256,0.1045546124705667,0.0037970224144028776,0.023499679056433895,4.728920379022142,0.14336122710386714,0.07268876232384147,rl2,CizpI2XpvnTL3SW5,12,3090.0,folding clothes,"{""short sleeve shirts"",""long sleeve shirts"",shorts}"
2025-10-29-22-04-05-565000,3123.0,104.1,0.0,0.0,0.0,0.0,0.0,0.0,0.0,0.0,0.0,0.0,0.0,0.0,0.0,0.0,35.58143376979867,0.04674991994876721,13.982410720689167,0.001280819724623759,0.04674991994876721,35.58143376979867,61.32681998341713,0.5893032029156035,0.6413377629405916,77.77989362578609,0.7474044871151769,0.6710500895729947,10.747684089892498,0.00016015374759769378,4.0051776023893835,0.6683538450153902,139.1067136092032,0.0,104.1,4.6549122778829055,61.32681998341713,0.5893032029156035,0.9308861709968874,1.485434233174134,43.72486437937327,0.3994838446378708,0.6778528243303299,0.7536568837240338,0.20408369139496335,0.34083242855758533,-0.3197542093570824,-0.6304808455497608,0.9887892376681614,77.77989362578609,0.7474044871151769,0.9858926793243818,2.0845165526853733,49.58132368566194,0.5836438611149788,0.8016776517033577,0.7257613725960255,0.33957956585924076,-0.11708468026512882,0.02817348263798713,-0.6289103362897756,0.9910313901345291,0.7597930341955524,0.5808051118267601,0.136319778565618,0.17892490897116722,0.10171116951490924,0.0039060536281222825,0.023085276941378838,0.10442916922064537,0.0038095521962846456,0.024135841019993,9.895052547691627,0.5752034458594009,0.11079034206749795,rl2,CizpI2XpvnTL3SW5,14,3123.0,folding clothes,"{""short sleeve shirts"",""long sleeve shirts"",shorts}"
2025-10-29-22-04-05-567000,2691.0,89.7,0.0,0.0,0.0,0.0,0.0,0.0,0.0,0.0,0.0,0.0,0.0,0.0,0.0,0.0,22.412924264232082,0.04050538833147529,10.087450113131887,0.0011148272017837235,0.04050538833147529,22.412924264232082,54.67368137918865,0.6097436585039626,0.5866539853699528,57.70610067974734,0.6435624611124238,0.34536506358607955,18.363107503144878,0.0003717472118959108,12.035660667208967,0.6266530598081932,112.37978205893599,0.0,89.7,4.507557357121091,54.67368137918865,0.6097436585039626,1.0787560194950148,1.5031238295933809,45.12869377540638,0.5440554656088352,0.36992754228413105,1.2402835991233587,0.24962084303295023,0.11095343481033586,-0.24159888726369616,-0.6040927203921016,0.9769516728624535,57.70610067974734,0.6435624611124238,0.968536991635622,1.529189611030633,41.83089741108788,0.6336052156984806,0.3421154376119375,1.1926251389086246,0.25852073070434556,-0.07421611701628032,0.04909792478676823,-0.5984981147089952,0.978810408921933,0.8817435409676895,0.3513927368575996,0.07744604224337084,0.18541676252286096,0.10297688100060569,0.003679550810693192,0.026905090652220312,0.10633351625643457,0.0037983506725267685,0.024779732292541518,5.607862634243267,0.7022573741391118,0.09871964589336284,rl2,CizpI2XpvnTL3SW5,14,2691.0,folding clothes,"{""short sleeve shirts"",""long sleeve shirts"",shorts}"
2025-10-29-22-04-05-568000,3069.0,102.3,0.0,0.0,0.0,0.0,0.0,0.0,0.0,0.0,0.0,0.0,0.0,0.0,0.0,0.0,27.770131295999388,0.009123492994460736,18.055987149779646,0.0,0.009123492994460736,27.770131295999388,39.46673375552882,0.38591982159904326,0.6183980895858937,69.08149436024402,0.6755035302501045,0.6253638239478834,10.880173344548204,0.0004889178617992178,1.3221900830168154,0.5307116759245739,108.54822811577284,0.0,102.3,4.637637376125593,39.46673375552882,0.38591982159904326,0.7139958053281653,0.894114340270648,29.529985309955503,0.576823253184557,0.26739685609936714,0.6835004203021526,0.10542359997326212,0.11169173382222652,-0.3365836840131435,-0.6433050955735868,0.984354628422425,69.08149436024402,0.6755035302501045,0.8527374250469835,1.7659652294756385,38.85587714164122,0.5440888740122318,0.6160206981003284,0.678602185100317,0.22744709980728697,-0.12231781009446059,0.04239143532457385,-0.6398203248894294,0.9885919165580183,0.6846394229856777,0.4708761052815374,0.12639387487009618,0.15925991167409803,0.10196394995962198,0.00365593860619461,0.025699661786625333,0.1052629548869153,0.004410937901807217,0.027743277896689192,6.060234379779086,0.3432841301172871,0.09164935734896398,rl2,CizpI2XpvnTL3SW5,14,3069.0,folding clothes,"{""short sleeve shirts"",""long sleeve shirts"",shorts}"
2025-10-29-22-04-05-569000,2726.0,90.86666666666666,0.0,0.0,0.0,0.0,0.0,0.0,0.0,0.0,0.0,0.0,0.0,0.0,0.0,0.0,54.730187080407546,1.0,32.88673367304233,0.1504035216434336,1.0,54.730187080407546,46.67776699158894,0.5138836733018967,0.6427693318658159,61.007333577671105,0.6716403696624341,0.623106073463973,10.800064937870689,0.0005504587155963303,2.3657490417124354,0.5927620214821654,107.68510056926004,0.0,90.86666666666666,4.520338250471394,46.67776699158894,0.5138836733018967,0.9507417778187115,1.1762456338567948,40.10626219191853,0.5323120504617691,0.3016354590654373,0.6627566255629063,0.10641498055651989,0.11266124626602472,-0.9745112595504378,-0.6490968910093069,0.9930275229357798,61.007333577671105,0.6716403696624341,0.9206470828457212,1.6886845728130824,41.60349145901706,0.3947324473410845,0.4710701256990433,0.6062534991651773,0.1127308154573788,-0.061769926170399565,-0.44767070006270315,-0.6336358649429324,0.9897247706422019,0.7814449632445242,0.5583463579654611,0.11280298239189593,0.1889138939081861,0.10411987749292853,0.00346644109144661,0.022661681693347382,0.10515498722493892,0.003906535710675563,0.03398643696622697,6.802163762351439,0.3005084079359416,0.09381799234810997,rl2,CizpI2XpvnTL3SW5,14,2726.0,folding clothes,"{""short sleeve shirts"",""long sleeve shirts"",shorts}"
2025-10-29-22-04-09-105000,3044.0,101.46666666666667,0.0,0.0,0.0,0.0,0.0,0.0,0.0,0.0,0.0,0.0,0.0,0.0,0.0,0.0,22.879322716912576,0.023981603153745073,7.918189669264748,0.0042706964520367935,0.023981603153745073,22.879322716912576,49.446357353105256,0.48747641163100813,0.5214336509270994,59.70775031221039,0.5886403251285941,0.7515693353652436,14.045845078716585,0.0014788038120276043,7.202510879201222,0.5380583683798011,109.15410766531565,0.0,101.46666666666667,4.629537542436386,49.446357353105256,0.48747641163100813,0.9796968370420733,1.0977781469374317,39.422857302453316,0.21447205916047096,0.276792305521667,0.8938026552787051,0.05305989364354833,0.28007092422214624,-0.13862708889001277,-0.6883215817206209,0.9838974696023661,59.70775031221039,0.5886403251285941,0.9492117894752029,1.4290212382140284,39.9016471624937,0.422584000043571,0.6663589682430029,0.7740389052778482,0.21796365745696886,-0.081971722334359,0.010929031253296854,-0.6551388223091343,0.9776536312849162,0.8596527139605024,0.3968985920984471,0.06593576032515792,0.17973590181821975,0.10474169035835401,0.0030816123042753892,0.028141209739913145,0.10409668373920587,0.0047452307146079445,0.029150618829533056,8.100167833430184,0.4146692158688456,0.15992168696593326,rl2,CizpI2XpvnTL3SW5,15,3044.0,folding clothes,"{""short sleeve shirts"",""long sleeve shirts"",shorts}"
2025-10-29-22-04-09-107000,2790.0,93.0,0.0,0.0,0.0,0.0,0.0,0.0,0.0,0.0,0.0,0.0,0.0,0.0,0.0,0.0,22.63825618506807,0.024372759856630826,13.20692275838179,0.0014336917562724014,0.024372759856630826,22.63825618506807,61.14297809643995,0.6576871075271419,0.7056868697833166,69.53110661131005,0.7479143773177847,0.32343685096871433,10.88223583975426,0.00035855145213338117,7.263516953350885,0.7028007424224634,130.67408470775,0.0,93.0,4.543294782270004,61.14297809643995,0.6576871075271419,1.0641620297746743,1.7071131934252992,46.57370121614501,0.3909466303884983,0.5287286713719368,0.8657682612538338,0.17895836218639377,0.23364894381627493,-0.13285440713933697,-0.623724780455699,0.9885263535317318,69.53110661131005,0.7479143773177847,0.9977798473021284,1.9589568428469277,46.066550747671265,0.4441463574767113,0.6022726148366928,0.7774842130020261,0.2079748407606137,-0.1297821000615622,-0.008517777025196818,-0.6161610849535487,0.9888849049838652,0.8294944432750588,0.3928835419621562,0.07934234553466202,0.1491650210552119,0.10497944450881601,0.003745741978389586,0.029799713289406823,0.10659756014029374,0.004052474773966755,0.025127191342080787,7.074077811247515,0.4407719276252329,0.1394120619973466,rl2,CizpI2XpvnTL3SW5,15,2790.0,folding clothes,"{""short sleeve shirts"",""long sleeve shirts"",shorts}"
2025-10-29-22-04-09-108000,3804.0,126.8,0.0,0.0,0.0,0.0,0.0,0.0,0.0,0.0,0.0,0.0,0.0,0.0,0.0,0.0,23.3828165524836,0.01025236593059937,10.954680483323637,0.001840168243953733,0.01025236593059937,23.3828165524836,45.03977980564238,0.3552967115880283,0.5920181734111654,69.11020974462656,0.5451765165234806,0.7384334289594718,12.362457925699088,0.00026295030239284776,5.866456561442746,0.45023661405575444,114.14998955026894,0.0,126.8,4.850466541943434,45.03977980564238,0.3552967115880283,0.7487095362175284,0.811556195344303,29.992821758363295,0.20633390173316002,0.47498421370983124,0.8366025062277913,0.0819915181512438,0.32467941411591666,-0.0008069429241233926,-0.7074015537004127,0.9815934788325007,69.11020974462656,0.5451765165234806,0.7526214872908644,1.3374586130701485,33.13893482138849,0.42172566428780556,0.7364929839968681,0.9755324777215719,0.3029984296079972,-0.010042600902913826,-0.07424369801446264,-0.6869964944683485,0.9826452800420721,0.7884212250649768,0.3575830139869856,0.07722698758637324,0.17047229344562917,0.10230036146032237,0.005000343360689184,0.02615822493046735,0.10316976703968957,0.004719473469332457,0.029448674165605926,6.875285325454836,0.6068162373502655,0.0942235771434997,rl2,CizpI2XpvnTL3SW5,15,3804.0,folding clothes,"{""short sleeve shirts"",""long sleeve shirts"",shorts}"
2025-10-29-22-04-09-109000,2769.0,92.3,0.0,0.0,0.0,0.0,0.0,0.0,0.0,0.0,0.0,0.0,0.0,0.0,0.0,0.0,30.03671385110687,0.0314192849404117,21.80498423003504,0.010473094980137234,0.0314192849404117,30.03671385110687,51.65034791499508,0.5597942331827501,0.6000165564251365,61.78673160482212,0.6696538830002398,0.5467500318260945,9.914904678758408,0.0,6.61902736685821,0.614724058091495,113.4370795198172,0.0,92.3,4.535820107853298,51.65034791499508,0.5597942331827501,0.906815920833251,1.2570789931697768,38.68097032828712,0.3332250788807869,0.5586495026946068,0.7170787639915943,0.13348853203127897,0.4102638891365671,-0.09332510832360477,-0.6849406477966627,0.993135838150289,61.78673160482212,0.6696538830002398,0.9081971172818527,1.6428931085376803,41.08279117061209,0.651246540248394,0.4979694867506623,0.7330774385482073,0.2377376770462983,-0.17007566801732782,-0.18512294393886417,-0.6383020963281684,0.9953034682080925,0.7962962730333599,0.5970663470440093,0.13353117972984693,0.17323080662043897,0.1040587131269069,0.004081313007596637,0.02949019523736278,0.10440833477605724,0.004729233312849721,0.028031755413839177,8.974771804422097,0.37206400063493994,0.13973694317272176,rl2,CizpI2XpvnTL3SW5,15,2769.0,folding clothes,"{""short sleeve shirts"",""long sleeve shirts"",shorts}"
2025-10-29-22-04-18-886000,3679.0,122.63333333333334,0.0,0.0,0.0,0.0,0.0,0.0,0.0,0.0,0.0,0.0,0.0,0.0,0.0,0.0,27.32255755871025,0.017939657515629245,15.614441397532854,0.0005436259853220984,0.017939657515629245,27.32255755871025,37.04617444950702,0.30217108033855644,0.38554270205948704,73.54044872716088,0.599840527954004,0.3345444383839225,12.130662462884201,0.0006797172376291463,5.928504104024918,0.4510058041462802,110.5866231766679,0.0,122.63333333333334,4.817320195827436,37.04617444950702,0.30217108033855644,0.6916612802325199,0.7347102323642211,28.923658991903732,0.19624289125204086,0.3017800647066906,0.6110661420971155,0.03618867664878678,0.2976817836948033,-0.14215334746318323,-0.5897394024680153,0.9660141381185426,73.54044872716088,0.599840527954004,0.8176913716073407,1.535280388937962,38.539768060299906,0.42906851321458817,0.43543374352157116,0.5674871560186148,0.10602414116861261,-0.04032462317806388,-0.1153878609609302,-0.5947937442044965,0.977705274605764,0.7521790941925158,0.3511665356559215,0.08679339320024898,0.1513877715895974,0.10231691100757989,0.003622832473558529,0.026521948092210215,0.10195921075910892,0.004363235563022392,0.0278081886835798,5.4508685687915275,0.25892928966251627,0.08438876391070735,rl2,CizpI2XpvnTL3SW5,3,3679.0,folding clothes,"{""short sleeve shirts"",""long sleeve shirts"",shorts}"
2025-10-29-22-05-17-803000,2682.0,89.4,0.0,0.0,0.0,0.0,0.0,0.0,0.0,0.0,0.0,0.0,0.0,0.0,0.0,0.0,28.17092154572494,0.0018642803877703207,20.929275468478707,0.0003728560775540641,0.0018642803877703207,28.17092154572494,41.914183382666295,0.4690136148750424,0.3559215000684237,74.97849053252203,0.8389984020796944,0.2063870948583003,14.468382370087571,0.0014919806042521448,4.053912261991327,0.6540060084773685,116.89267391518833,0.0,89.4,4.504244267398131,41.914183382666295,0.4690136148750424,0.7421659336668631,1.0382663511286132,31.97551149922125,0.41818274557590485,0.5303525160998106,0.5534289181232452,0.12274182932547033,0.20560641604281912,-0.3324377681215493,-0.7230003680631041,0.9910481163744871,74.97849053252203,0.8389984020796944,1.2719839405891484,1.9513484064403017,57.7808860290183,0.5572969522327185,0.4542604684829712,0.7885342724621296,0.1996237393234291,-0.2550891427771868,-0.07457539127611319,-0.7150247985126255,0.9970160387914957,0.6529610671786048,0.5399348774831347,0.09870033822159255,0.07112698308449987,0.10298307635091765,0.003526772643135421,0.0293832361483371,0.10339739749512182,0.005096023502186362,0.025667865015256336,12.880785359139661,0.45889884447367485,0.1302640725374571,rl2,liMUt-8vcABzgMW2,15,2682.0,folding clothes,"{""short sleeve shirts"",""long sleeve shirts"",shorts}"
2025-10-29-22-05-17-804000,3077.0,102.56666666666666,0.0,0.0,0.0,0.0,0.0,0.0,0.0,0.0,0.0,0.0,0.0,0.0,0.0,0.0,22.972084868464048,0.0,18.561030270552763,0.00032499187520311994,0.00032499187520311994,22.972084868464048,35.08776468715851,0.3422083682102586,0.28615451829097593,69.97501835677784,0.6824611673287824,0.6200080308972505,10.988597110478427,0.00016254876462938882,2.6024796324191017,0.5123347677695206,105.06278304393635,0.0,102.56666666666666,4.640215527730892,35.08776468715851,0.3422083682102586,0.670013671598388,0.7345536856036317,26.479585601742773,0.48447366431355476,0.31808289140462875,0.5431151390075684,0.0836955549287663,-0.17047423031937778,-0.294484895525387,-0.7660986267352282,0.9879713914174252,69.97501835677784,0.6824611673287824,0.8635756546967223,1.7137864140880839,37.09722063029252,0.577287819236517,0.38864950090646744,0.7654650025069714,0.1717417356437109,-0.21833135673199225,0.07736066495733437,-0.7544961873808773,0.9931729518855656,0.6585220422071749,0.39505151799765387,0.07520547714996857,0.14622549911961388,0.10136740961761921,0.003290780731773099,0.02622995168021977,0.10294050296303504,0.004612462035327767,0.024548906172261756,9.964785261780401,0.4127018186434174,0.10462655478418809,rl2,liMUt-8vcABzgMW2,15,3077.0,folding clothes,"{""short sleeve shirts"",""long sleeve shirts"",shorts}"
2025-10-29-22-05-17-806000,2803.0,93.43333333333334,0.0,0.0,0.0,0.0,0.0,0.0,0.0,0.0,0.0,0.0,0.0,0.0,0.0,0.0,29.76938037095788,0.0017838030681412772,17.561933931579908,0.0010702818408847663,0.0017838030681412772,29.76938037095788,65.00257615207389,0.6959590594440458,0.04274522462689694,91.36355789261322,0.9781965513127753,0.46961443872414965,15.432137094510283,0.0026766595289079227,6.670352342872584,0.8370778053784107,156.3661340446871,0.0,93.43333333333334,4.547894118168362,65.00257615207389,0.6959590594440458,0.9561923230354398,1.7573416985674963,41.37587785801194,0.5957387462258339,0.4924746798351407,0.7889768835157156,0.23147496786032365,0.20073014770508546,-0.3064478456550731,-0.6869932607133932,0.9957173447537473,91.36355789261322,0.9781965513127753,1.2826429452116301,2.5044092263813837,58.528070502838986,0.5074003245681524,0.5663215145468712,0.8935456555336714,0.2567618812761588,-0.17604716849831323,-0.07818636772800491,-0.7037702382496009,0.9960742326909351,0.5568473793809449,0.4770038200189509,0.08461623933169148,0.2182441182634893,0.10233504409310178,0.003235529603926558,0.018906352893982042,0.10308980622251446,0.005786221305018671,0.02812364268794798,13.67870479213193,0.48457875828708913,0.20361369567127824,rl2,liMUt-8vcABzgMW2,15,2803.0,folding clothes,"{""short sleeve shirts"",""long sleeve shirts"",shorts}"
2025-10-29-22-05-17-807000,2940.0,98.0,0.0,0.0,0.0,0.0,0.0,0.0,0.0,0.0,0.0,0.0,0.0,0.0,0.0,0.0,23.83442352693684,0.0006802721088435374,24.518763535657612,0.017687074829931974,0.017687074829931974,24.518763535657612,46.865211420719895,0.47837915706757295,0.2680708966424293,68.94193658267744,0.7037285122423694,0.13076432588932976,13.0574380833289,0.001531133038448452,2.293402373801524,0.5910538346549711,115.80714800339734,0.0,98.0,4.59511985013459,46.865211420719895,0.47837915706757295,0.7652045292065871,0.9151276412534964,32.72792375987198,0.3281434439122677,0.3164848629385233,0.5638174712657928,0.058553816085986234,0.3321284162007323,0.10589643680723385,-0.7912054375802375,0.991493705341953,68.94193658267744,0.7037285122423694,1.0865547891016996,1.5761106831482812,47.76207477719914,0.3998165912926197,0.34256553649902344,0.7504854910075665,0.10278903331485592,0.23812828586170717,-0.26877741630056073,-0.7658808839640447,0.9965974821367812,0.777177432654102,0.3962626562386318,0.06551179362673633,0.24569974001652456,0.10191359266765287,0.0025902403609346265,0.019517918669588477,0.10160161523850648,0.005741608043017494,0.026352573850312686,12.475866897618086,0.2987963735084247,0.13171634690791578,rl2,liMUt-8vcABzgMW2,15,2940.0,folding clothes,"{""short sleeve shirts"",""long sleeve shirts"",shorts}"
2025-10-29-22-05-17-809000,2836.0,94.53333333333333,0.0,0.0,0.0,0.0,0.0,0.0,0.0,0.0,0.0,0.0,0.0,0.0,0.0,0.0,27.48821038910495,0.019393511988716503,14.37086331591181,0.003526093088857546,0.019393511988716503,27.48821038910495,63.8061931798917,0.6751978114274254,0.5034755036634805,75.4347576180251,0.7982514033653451,0.1288943486637843,15.267461055907622,0.0031746031746031746,7.579371553934101,0.7367246073963853,139.2409507979168,0.0,94.53333333333333,4.5594752267259615,63.8061931798917,0.6751978114274254,1.302984274555248,1.3777231622254342,55.960653895067765,0.3465554043650627,0.3883312725229189,0.8031565845012665,0.10808744872112501,-0.28414062857798633,-0.1934655908192163,-0.6626998009679022,0.9932980599647266,75.4347576180251,0.7982514033653451,1.0168738398427453,1.8336362732463787,46.43584342561938,0.45312557369470596,0.35206637904047966,0.8590152226388454,0.13703893897580396,-0.08888450650997756,0.09768953248853732,-0.6440814297793405,0.9929453262786596,0.6033932422968726,0.36199613027557037,0.07235698943501817,0.21309857801230928,0.1036422564769422,0.0025622158054229797,0.018138788388976188,0.10331551788523996,0.005717867317936742,0.03095583630770074,9.026680911908116,0.3393209932704366,0.2120936257493933,rl2,liMUt-8vcABzgMW2,14,2836.0,folding clothes,"{""short sleeve shirts"",""long sleeve shirts"",shorts}"
2025-10-29-22-05-17-810000,2994.0,99.8,0.0,0.0,0.0,0.0,0.0,0.0,0.0,0.0,0.0,0.0,0.0,0.0,0.0,0.0,25.591450580515097,0.006012024048096192,13.891290908877608,0.001002004008016032,0.006012024048096192,25.591450580515097,55.69995290430886,0.5583022342563534,0.4039307735910876,67.82120512467705,0.679798247156803,0.1326861420939334,18.097787453162486,0.0028399599064483794,7.614935948810394,0.6190502407065782,123.52115802898591,0.0,99.8,4.613138355637268,55.69995290430886,0.5583022342563534,1.179437903043422,1.0821493537093851,47.575563843194,0.5400184765458107,0.31219232827425003,0.8813959956169128,0.1485942208217366,0.05411978593281531,-0.3744500271936178,-0.7740947488215102,0.9939859672569329,67.82120512467705,0.679798247156803,0.9226674387646296,1.5588378779501777,39.670092547651464,0.34076060773804784,0.3474029693752527,0.8323814924806356,0.09853835903819784,-0.16122623595798546,-0.045570177012527746,-0.7309189343591064,0.9916471767457401,0.6291012341867566,0.4031176924646245,0.06369546519162905,0.2061425990760168,0.10238594271792505,0.0027209185580408146,0.025282702399613055,0.10114390637811108,0.006005947509320079,0.0327628791618856,11.65275393806338,0.38753856169837736,0.2265796441802812,rl2,liMUt-8vcABzgMW2,14,2994.0,folding clothes,"{""short sleeve shirts"",""long sleeve shirts"",shorts}"
2025-10-29-22-05-17-811000,3405.0,113.5,0.0,0.0,0.0,0.0,0.0,0.0,0.0,0.0,0.0,0.0,0.0,0.0,0.0,0.0,25.949575311691763,0.00499265785609398,17.173123013449725,0.0032305433186490457,0.00499265785609398,25.949575311691763,44.49619323367758,0.3921521142803546,0.09233603819335053,78.72462065304019,0.6938127554615764,0.32178609501168265,16.88107026337225,0.002937720329024677,3.8874301197882994,0.5429824348709655,123.22081388671776,0.0,113.5,4.740574822994295,44.49619323367758,0.3921521142803546,0.8597731930341239,0.8929196958631703,34.26311107620461,0.39318982139229774,0.30551422759890556,0.6900938376784325,0.08289758062092815,0.13055162292285638,-0.30723512583246754,-0.6672062166554856,0.9844300822561692,78.72462065304019,0.6938127554615764,1.0110180451657476,1.674103791881706,44.42786013947914,0.40920689329504967,0.507052943110466,0.6862191036343575,0.1423832995928295,-0.14751982368718936,-0.058683534096931576,-0.6561784437705767,0.9920681551116334,0.5898587464436466,0.39218013440154076,0.08221170889015757,0.1475082268411477,0.10065726287931319,0.0032162321015288247,0.021488102222247868,0.10201959927189225,0.004671256337491407,0.02630585361351878,10.489127160926541,0.31140428846436863,0.14864548203393246,rl2,liMUt-8vcABzgMW2,14,3405.0,folding clothes,"{""short sleeve shirts"",""long sleeve shirts"",shorts}"
2025-10-29-22-05-17-814000,2263.0,75.43333333333334,0.0,0.0,0.0,0.0,0.0,0.0,0.0,0.0,0.0,0.0,0.0,0.0,0.0,0.0,44.62247798597847,0.44631020768890856,22.537337107822296,0.0,0.44631020768890856,44.62247798597847,38.30834424788428,0.508068226099261,0.1586699514660304,59.14167864806535,0.7843723958629356,0.1951041399555626,9.559483910676008,0.0,3.390184813333641,0.6462203109810984,97.45002289594963,0.0,75.43333333333334,4.336418901195749,38.30834424788428,0.508068226099261,0.6337902472205363,1.2130524993116947,25.033834319527905,0.4176784120500088,0.4737671986222267,0.4041677787899971,0.07997766226366362,0.24370408421559273,-0.5667588781767907,-0.6196449986875874,0.9960212201591512,59.14167864806535,0.7843723958629356,0.8859754755271868,1.8261692757753807,40.58700951523153,0.5825705602765083,0.5064562512561679,0.45958198234438896,0.13559805629584595,-0.17499356428744625,-0.14102478353037476,-0.6205377950194368,0.9969053934571176,0.6169325162538984,0.6023728326963297,0.12723649713665353,0.19618865777999683,0.10086851023020658,0.0030971584435776378,0.02296048192907106,0.10197778019705646,0.005483906758555622,0.029447954690825034,10.910549807145994,0.38302604246567923,0.2429517753717158,rl2,liMUt-8vcABzgMW2,13,2263.0,folding clothes,"{""short sleeve shirts"",""long sleeve shirts"",shorts}"
2025-10-29-22-05-17-815000,2619.0,87.3,0.0,0.0,0.0,0.0,0.0,0.0,0.0,0.0,0.0,0.0,0.0,0.0,0.0,0.0,37.00759487423558,0.06223749522718595,30.505397476869312,0.03512791141657121,0.06223749522718595,37.00759487423558,40.29453090619039,0.4617402319273154,0.15190034027534866,76.2127040986867,0.8733312157985488,0.24059912130148486,16.91734416933744,0.0007639419404125286,3.0764272323423905,0.6675357238629321,116.50723500487709,0.0,87.3,4.480740107609915,40.29453090619039,0.4617402319273154,0.5381959290713114,1.1100398574202484,19.17785785928673,0.47654963098466396,0.4858330450952053,0.39386574923992157,0.09118919978026269,0.17954895814860103,-0.44592356029080044,-0.6171437588645876,0.9988540870893812,76.2127040986867,0.8733312157985488,1.0119402059765732,2.093578917955606,45.20210065446727,0.6430446729063988,0.7738606538623571,0.5117493383586407,0.2546602731781372,-0.21851752649383913,-0.2475926211093929,-0.6160279816473859,0.998472116119175,0.5721425606478866,0.46989420824904127,0.12324114069313531,0.1278681713239546,0.10028642199099493,0.002903172435660436,0.025227014911399295,0.10223622574264073,0.00459061545218537,0.031089543894576285,14.732128301173553,0.44842006520871547,0.2456314830667676,rl2,liMUt-8vcABzgMW2,13,2619.0,folding clothes,"{""short sleeve shirts"",""long sleeve shirts"",shorts}"
2025-10-29-22-05-17-816000,2224.0,74.13333333333334,0.0,0.0,0.0,0.0,0.0,0.0,0.0,0.0,0.0,0.0,0.0,0.0,0.0,0.0,36.624442195661956,0.00539568345323741,25.253070002889395,0.0017985611510791368,0.00539568345323741,36.624442195661956,38.0023194478004,0.512851814410262,0.45788664126625617,57.72000971452606,0.7789474995212694,0.34632845774216875,16.053007851476814,0.001349527665317139,6.359080143452414,0.6458996569657656,95.72232916232646,0.0,74.13333333333334,4.319264312937566,38.0023194478004,0.512851814410262,0.7165616385990972,1.2165546432501222,26.076873096526796,0.463301207870245,0.6083706161007285,0.6286401674151421,0.17718778916481429,-0.10302574882575263,-0.4689176337694642,-0.6329687806708979,0.9986504723346828,57.72000971452606,0.7789474995212694,1.0112542327192777,1.7029126825842607,43.66244642689576,0.6642410606145859,0.5926097817718983,0.7043274603784084,0.2772484680938616,-0.2775050122690766,0.08125148930231006,-0.6221772447754395,0.9955015744489428,0.658852967127787,0.5815740404753759,0.10363427606908145,0.059669597617962,0.10124868812483696,0.003611256927404245,0.030208378735826838,0.10248842875188831,0.005360561048187639,0.029659485635802937,11.571211909622784,0.5356444611156814,0.3129134143877356,rl2,liMUt-8vcABzgMW2,13,2224.0,folding clothes,"{""short sleeve shirts"",""long sleeve shirts"",shorts}"
2025-10-29-22-05-17-817000,3578.0,119.26666666666667,0.0,0.0,0.0,0.0,0.0,0.0,0.0,0.0,0.0,0.0,0.0,0.0,0.0,0.0,28.933463693742922,0.0008384572386808273,18.178540695050813,0.0,0.0008384572386808273,28.933463693742922,44.24025933072045,0.37103935698116114,0.1728217000050471,79.56574662370113,0.6673112660640296,0.1398183807804923,11.243920590958819,0.0001397819401733296,3.518685041112621,0.5191753115225954,123.80600595442158,0.0,119.26666666666667,4.789711499520359,44.24025933072045,0.37103935698116114,0.6030995461804461,0.9505442397121752,18.86029256507563,0.4623521864414215,0.34915517270565033,0.5637171380221844,0.09100235567360664,0.09195921341839151,-0.38819601325460856,-0.6948765735571414,0.9865809337433603,79.56574662370113,0.6673112660640296,0.7360247069761107,1.6385211704855829,31.46641504025699,0.4675209363922477,0.5959850177168846,0.5077170431613922,0.14146797875512193,-0.16636021620353977,-0.10131427258449423,-0.6941070581940948,0.9932904668716802,0.6185293892142346,0.40124885887324224,0.0814360871685976,0.1785629658729368,0.10078114188901009,0.0030979126170698566,0.02005531744935643,0.10157569772192819,0.004502196510139435,0.030580262201642075,12.21423396727152,0.3195555257755471,0.21537879652771702,rl2,liMUt-8vcABzgMW2,12,3578.0,folding clothes,"{""short sleeve shirts"",""long sleeve shirts"",shorts}"
2025-10-29-22-05-17-818000,3009.0,100.3,0.0,0.0,0.0,0.0,0.0,0.0,0.0,0.0,0.0,0.0,0.0,0.0,0.0,0.0,25.434346774700657,0.0026586905948820204,16.10231743921436,0.0,0.0026586905948820204,25.434346774700657,48.53230328635553,0.4840322801165776,0.0732395163665347,64.1022987008009,0.6393181386383068,0.043541737799554024,13.005234879042048,0.0006648936170212766,3.971371113468389,0.5616752093774422,112.63460198715643,0.0,100.3,4.618086411254637,48.53230328635553,0.4840322801165776,0.7284211865371047,1.109046420728589,24.675127208500896,0.4037351571023464,0.27351972460746765,0.6307314708828926,0.06965137924560555,-0.07212468427251535,-0.32252015686730445,-0.6912800719835862,0.9876994680851063,64.1022987008009,0.6393181386383068,0.757233742506512,1.480630421123267,29.69434280240878,0.39006013609468937,0.4269873648881912,0.5738502815365791,0.09557519458194584,-0.1669803432996523,0.06130975561081874,-0.6843636417151706,0.992686170212766,0.7944313049239,0.40095637004920653,0.07092530745640489,0.19552430226658887,0.10045277655053932,0.0030170579270029267,0.020626432536080194,0.10195266404142336,0.004545712049413575,0.026305506977453666,11.30755293826217,0.2655346659366395,0.29273587653745003,rl2,liMUt-8vcABzgMW2,12,3009.0,folding clothes,"{""short sleeve shirts"",""long sleeve shirts"",shorts}"
2025-10-29-22-05-17-819000,2421.0,80.7,0.0,0.0,0.0,0.0,0.0,0.0,0.0,0.0,0.0,0.0,0.0,0.0,0.0,0.0,26.44754900405709,0.004543577034283354,16.48087473045862,0.004130524576621231,0.004543577034283354,26.44754900405709,53.31019186905407,0.660870147137034,0.23817955369960903,56.833682515960604,0.7045497832557099,0.5418451788758568,19.728954805861356,0.001859504132231405,5.585945896645669,0.682709965196372,110.14387438501467,0.0,80.7,4.403054001865957,53.31019186905407,0.660870147137034,1.054093108162716,1.4918839770748822,39.70443046725525,0.39511426351964474,0.24974678829312325,0.8155265226960182,0.08047494891261615,0.10477291518812311,-0.28471170791502903,-0.641081740723085,0.9929752066115702,56.833682515960604,0.7045497832557099,1.0696544236386978,1.5003017082464263,42.5824947821553,0.3988015912473202,0.4367888905107975,0.8397285272367299,0.14627407943091159,-0.16148869419729708,-0.0174917950877854,-0.6562258645933304,0.9917355371900827,0.9093722165890218,0.3841884665812411,0.07673907217976117,0.21977698736664764,0.10274576384720807,0.003273155640541931,0.023347823996268724,0.10483821877697926,0.0036280263146883695,0.025233198573472435,11.419316197028259,0.35304157105238,0.4125828334398925,rl2,liMUt-8vcABzgMW2,12,2421.0,folding clothes,"{""short sleeve shirts"",""long sleeve shirts"",shorts}"
2025-10-29-22-05-17-820000,3688.0,122.93333333333334,0.0,0.0,0.0,0.0,0.0,0.0,0.0,0.0,0.0,0.0,0.0,0.0,0.0,0.0,27.83208822779141,0.007592190889370932,19.248253580942368,0.004067245119305857,0.007592190889370932,27.83208822779141,51.05436865071154,0.4154139027722664,0.10540374208246174,77.8989582142978,0.6338401807509991,0.061601368767630324,21.396234288290373,0.0021697857336588013,5.955811652452515,0.5246270417616328,128.95332686500933,0.0,122.93333333333334,4.819743786619234,51.05436865071154,0.4154139027722664,0.8411035377536711,0.9850923340524034,29.362301528069818,0.4233228415250778,0.2626602202653885,0.8562403861433268,0.09520542915568055,0.0010175731610365358,-0.35312399827953983,-0.6444512903443808,0.9850827230810958,77.8989582142978,0.6338401807509991,0.9363531764931776,1.5455989058165012,38.10688577177429,0.40843026898801327,0.5222946517169476,0.9086638540029526,0.19383703210662503,-0.19620530826187088,-0.006737252402230388,-0.6416802656694887,0.9886086248982913,0.8264955520369581,0.4144931513785544,0.07646525080893994,0.1962072964894342,0.1013067700991591,0.0032656795605025377,0.02611944782037609,0.10238650736429808,0.004485542043583203,0.030349850178617785,11.83088310342615,0.40182260108594425,0.2208809844312314,rl2,liMUt-8vcABzgMW2,12,3688.0,folding clothes,"{""short sleeve shirts"",""long sleeve shirts"",shorts}"
2025-10-29-22-05-17-821000,2567.0,85.56666666666666,0.0,0.0,0.0,0.0,0.0,0.0,0.0,0.0,0.0,0.0,0.0,0.0,0.0,0.0,8.440261468081957,0.0038955979742890533,30.875279311188883,0.02415270744059213,0.02415270744059213,30.875279311188883,67.53091323590249,0.789527434558486,1.2285660344205735,77.3769762919805,0.9046411881369504,1.0726042269022262,41.58761567091321,0.008768511301636788,31.406822095758113,0.8470843113477183,144.907889527883,0.0,85.56666666666666,4.460914830000593,67.53091323590249,0.789527434558486,1.675445807584616,1.6691424541994981,66.97269455979522,0.6500945016741753,1.4339260011911392,0.8612546408548951,0.8028507323044956,-0.05673429858879874,-0.05104516362480694,-0.6969533745234997,0.9945440374123149,77.3769762919805,0.9046411881369504,1.6891457468624829,1.825675369970401,68.99620065173426,0.4964495562016964,1.2316117137670517,0.8232990144751966,0.5033922593544966,-0.1408254731718881,0.38797201315629654,-0.6965531119099014,0.9964925954793453,0.9046424469756981,0.46133520385781723,0.08526305655171688,0.1860214594642665,0.10299494347414398,0.004302268257902173,0.02230098656193305,0.1031652065619238,0.005927747118136785,0.03431774949478375,14.581806080663297,1.152147016025194,0.3566687367592975,rl2,liMUt-8vcABzgMW2,9,2567.0,folding clothes,"{""short sleeve shirts"",""long sleeve shirts"",shorts}"
2025-10-29-22-05-17-822000,2911.0,97.03333333333333,0.0,0.0,0.0,0.0,0.0,0.0,0.0,0.0,0.0,0.0,0.0,0.0,0.0,0.0,30.08926040512902,0.01511508072827207,20.331246826784398,0.0037787701820680177,0.01511508072827207,30.08926040512902,55.283254837073656,0.5699304622378728,0.04493285114728692,72.45927170972692,0.7470028011312055,0.13411406053600744,21.84349588473394,0.004982817869415807,8.024929296557312,0.6584666316845391,127.74252654680058,0.0,97.03333333333333,4.5853075568918396,55.283254837073656,0.5699304622378728,1.217807350811394,1.1616760575512761,46.925959408020134,0.5354551114141941,0.4321268629282713,0.925326150842011,0.21410616348099457,-0.3164389364581974,-0.27528293853371627,-0.722610241514018,0.9945017182130584,72.45927170972692,0.7470028011312055,1.3721729797287798,1.6061358028651915,54.88400748971455,0.5500513985753059,0.6310998108237982,0.8892641650745645,0.30869679111600085,-0.08805890021476497,0.23348285849464895,-0.7207977975022745,0.9969072164948454,0.8654325675058661,0.5677980238206055,0.1178999725307389,0.23422116842570861,0.10013343725523714,0.003916776053859521,0.023045245867537242,0.1018915503407867,0.00532112371712678,0.029784947105054707,15.019060065450496,0.5589053475614356,0.24848619657645124,rl2,liMUt-8vcABzgMW2,9,2911.0,folding clothes,"{""short sleeve shirts"",""long sleeve shirts"",shorts}"
2025-10-29-22-05-17-823000,3490.0,116.33333333333333,0.0,0.0,0.0,0.0,0.0,0.0,0.0,0.0,0.0,0.0,0.0,0.0,0.0,0.0,27.84888867291553,0.0037249283667621777,18.73675781116981,0.0014326647564469914,0.0037249283667621777,27.84888867291553,45.81169595609055,0.3939096814797124,0.07899067851885543,74.64480903186586,0.6418298283049515,0.17742824449799663,18.65395625095037,0.0021496130696474634,3.7915174236946316,0.517869754892332,120.45650498795641,0.0,116.33333333333333,4.765018886929988,45.81169595609055,0.3939096814797124,0.7840267164733622,0.8605284421429961,28.678228934118206,0.5626144148409367,0.4440518207848072,0.7972524054348469,0.1991775328204955,-0.1279868742301633,-0.37471374128131263,-0.7411254272526691,0.9931212381771282,74.64480903186586,0.6418298283049515,1.0032714838611083,1.5758725518457644,39.524284668687116,0.6846723891794682,0.6295297741889954,0.784943712875247,0.3383277378549275,-0.18359306500924424,0.06731531213564373,-0.7409086060232581,0.9942676984809401,0.8313210718397251,0.4685357603588621,0.11302184204101495,0.16881502611622673,0.09878508391528883,0.003507594152731927,0.023586095010105917,0.1021355378127575,0.005060532543297803,0.03114356229673719,13.360701483105792,0.42973706180794063,0.16764642963047438,rl2,liMUt-8vcABzgMW2,9,3490.0,folding clothes,"{""short sleeve shirts"",""long sleeve shirts"",shorts}"
2025-10-29-22-05-17-824000,3152.0,105.06666666666666,0.0,0.0,0.0,0.0,0.0,0.0,0.0,0.0,0.0,0.0,0.0,0.0,0.0,0.0,23.572851670426083,0.014276649746192893,13.778923584867599,0.005393401015228426,0.014276649746192893,23.572851670426083,67.75932030441939,0.6451220593883153,0.37884806095900486,79.85952708069684,0.7603255513871484,0.5357835578692357,22.662088453890497,0.00682323072040622,7.369970746981608,0.7027238053877319,147.61884738511623,0.0,105.06666666666666,4.664067827235577,67.75932030441939,0.6451220593883153,1.3126822727521894,1.3604691832516052,49.931192713830534,0.5260417424142361,0.3494327552616596,0.7798472084105015,0.14334856246713976,0.06314682665955852,-0.2848360621232095,-0.707967638075328,0.9904792129482703,79.85952708069684,0.7603255513871484,1.4700344722871834,1.600522909735218,58.02969049885317,0.4239899553358555,0.525185864418745,0.7651919778436422,0.17038799975076926,-0.15495085704221914,-0.00675411964833162,-0.7128348336537336,0.9911139320850524,0.9401187726049389,0.36473340220795636,0.08250360564075819,0.2069198673518621,0.1018361551576752,0.003970453219701286,0.02458320789795354,0.10357844131561812,0.004973740636106271,0.03453273697025838,14.307187105108419,0.4321067228359708,0.2996985407648752,rl2,liMUt-8vcABzgMW2,9,3152.0,folding clothes,"{""short sleeve shirts"",""long sleeve shirts"",shorts}"
2025-10-29-22-05-17-826000,2780.0,92.66666666666667,0.0,0.0,0.0,0.0,0.0,0.0,0.0,0.0,0.0,0.0,0.0,0.0,0.0,0.0,29.874487143534978,0.05143884892086331,22.736888753149074,0.0460431654676259,0.05143884892086331,29.874487143534978,62.980513427910786,0.6798903932484072,0.12402278094891904,76.27604399095016,0.8234189707551295,0.14966354662426554,21.833594599066746,0.008816120906801008,8.443798737177582,0.7516546820017683,139.25655741886095,0.0,92.66666666666667,4.539742380665636,62.980513427910786,0.6798903932484072,1.6710927062508494,1.2928147142005135,67.66568856035619,0.27767107635736465,0.5158161856234074,0.9903592634946108,0.14184641942709217,0.290823184157447,-0.31242766843726794,-0.7056789234871457,0.9978409499820079,76.27604399095016,0.8234189707551295,1.7628203636208806,1.6248579990947918,74.12635725483777,0.5700018275529146,0.5539982290938497,1.0340553037822247,0.32653398697660735,-0.22665158029002466,-0.20385096157331895,-0.6895367829307701,0.9982007916516733,0.9279026309745364,0.5340619639338212,0.10121586211636496,0.1951794267990482,0.10054771744622719,0.003285369184013796,0.023058811472772417,0.10375547987129068,0.004914903621964009,0.02735533229815429,19.596224137763244,0.5743768662103049,0.43215717097021916,rl2,liMUt-8vcABzgMW2,7,2780.0,folding clothes,"{""short sleeve shirts"",""long sleeve shirts"",shorts}"
2025-10-29-22-05-17-828000,3215.0,107.16666666666667,0.0,0.0,0.0,0.0,0.0,0.0,0.0,0.0,0.0,0.0,0.0,0.0,0.0,0.0,28.597370133693378,0.014618973561430793,21.404030677616447,0.008398133748055987,0.014618973561430793,28.597370133693378,44.16818947509937,0.4122730815970693,0.5789899087027222,73.33624085322361,0.6845324286237426,0.6147586234048509,20.256110210018218,0.004044803982576229,6.780021954551156,0.5484027551104059,117.50443032832298,0.0,107.16666666666667,4.683673247476035,44.16818947509937,0.4122730815970693,0.9734749663980267,0.8561036496827776,36.445673566063114,0.5255001001060009,0.4215131066739559,0.8081572116352618,0.1790110084320774,0.010501446645608401,-0.3540901955112838,-0.6396826137433012,0.9915992532669571,73.33624085322361,0.6845324286237426,1.049179049392927,1.593567465225938,43.61022110547871,0.42955546267330647,0.4919002503156662,0.8817148618400097,0.1863049744907926,-0.21987649464391718,-0.08934956859351131,-0.6581953628989542,0.9943995021779714,0.8432436956254881,0.36404055977507327,0.07591499606807187,0.10367884982381073,0.10088499143976443,0.003354020595057458,0.02459719482911206,0.10124575010793986,0.005167941123092084,0.028692091561429697,13.01569761519588,0.45979092935254845,0.27506315592181024,rl2,liMUt-8vcABzgMW2,6,3215.0,folding clothes,"{""short sleeve shirts"",""long sleeve shirts"",shorts}"
2025-10-29-22-05-17-829000,2662.0,88.73333333333333,0.0,0.0,0.0,0.0,0.0,0.0,0.0,0.0,0.0,0.0,0.0,0.0,0.0,0.0,27.36064599029674,0.033809166040571,18.28350689943209,0.028174305033809167,0.033809166040571,27.36064599029674,72.3696913732874,0.8158928001498015,0.24978323782023568,82.88157848093083,0.9344033650612269,0.21259056536087054,21.21891813629372,0.0077038707252912435,8.649050486775758,0.8751480826055141,155.2512698542182,0.0,88.73333333333333,4.496842309102463,72.3696913732874,0.8158928001498015,1.5338784667010978,1.6868674659799476,62.555424389627525,0.41416265070438385,0.5491981096565723,0.939068921841681,0.21359812360002492,-0.30502484896542836,-0.13497731387480946,-0.6709741159626664,0.9988726042841037,82.88157848093083,0.9344033650612269,1.645468460715554,1.907359564602403,69.04231692457513,0.4974515400826931,0.5416784593835473,1.0234562549740076,0.27577927778893696,-0.0667180086553914,0.20126975223528734,-0.6981684171901811,1.0,0.9375745372954621,0.4246487681297412,0.06786115938717753,0.20191830263644667,0.10213320188200571,0.004154668138976935,0.025575679025132914,0.10481544664342282,0.004569293615132955,0.029644842019107692,21.28627613251109,0.6320470591510902,0.5040878201504299,rl2,liMUt-8vcABzgMW2,5,2662.0,folding clothes,"{""short sleeve shirts"",""long sleeve shirts"",shorts}"
2025-10-29-22-05-17-830000,2969.0,98.96666666666667,0.0,0.0,0.0,0.0,0.0,0.0,0.0,0.0,0.0,0.0,0.0,0.0,0.0,0.0,21.03346684005435,0.006062647356012125,17.154541525706996,0.008083529808016167,0.008083529808016167,21.03346684005435,67.28325978530663,0.6800868576681938,0.44155207215195297,81.81047525781257,0.8269252889940624,0.19951265968692225,17.902893278673773,0.003706199460916442,8.559454526987231,0.753506073331128,149.09373504311918,0.0,98.96666666666667,4.604836797086854,67.28325978530663,0.6800868576681938,1.322791751379053,1.5178058717192053,56.38196867445348,0.5531533025205135,0.37623194605112076,0.8587774075567722,0.17872355285121247,-0.04351998074905575,-0.25481095063914483,-0.7089345299144131,0.9905660377358491,81.81047525781257,0.8269252889940624,1.1283221774380934,2.0922354112378914,49.55226297419407,0.36862775264307857,0.5260169245302677,0.8963206615298986,0.17380055301400732,-0.18206023056820442,0.04835161886450037,-0.6948319702671446,0.9925876010781671,0.6726426139285888,0.35532338828404675,0.08285065726166034,0.09816732798716211,0.10142381982747524,0.0036196180413338858,0.030911832720410676,0.10397827816589077,0.00434418554026855,0.02526179234821481,11.000767364872946,0.5383074111781502,0.2059127475574415,rl2,liMUt-8vcABzgMW2,4,2969.0,folding clothes,"{""short sleeve shirts"",""long sleeve shirts"",shorts}"
2025-10-29-22-05-17-832000,2601.0,86.7,0.0,0.0,0.0,0.0,0.0,0.0,0.0,0.0,0.0,0.0,0.0,0.0,0.0,0.0,28.182131451216048,0.005382545174932718,21.561434740131258,0.0030757400999615533,0.005382545174932718,28.182131451216048,38.95561009006516,0.449487808731521,0.15447287973889615,54.35816801736172,0.6272096309695583,0.1236762731449354,15.223590208364158,0.001153846153846154,4.4470466992922,0.5383487198505397,93.31377810742688,0.0,86.7,4.473921899378137,38.95561009006516,0.449487808731521,0.7488223028361632,1.0638190311883529,25.795997871181296,0.3050244338810444,0.40878952760249376,0.5627741236239672,0.07017275244870637,0.2489284353265564,-0.20912689515023383,-0.593364629186962,0.9869230769230769,54.35816801736172,0.6272096309695583,0.8280561637956907,1.3939354697526367,32.878833413444234,0.373399468138814,0.44546705950051546,0.580748064443469,0.09659998551003102,-0.1408300489149286,-0.16566009560115375,-0.5770496859958897,0.9888461538461538,0.8385701327563361,0.39748533424834515,0.06735644452546699,0.16974909011224332,0.10018739569010411,0.0034700236575719587,0.028140172672719857,0.0999416914626967,0.005762897878693079,0.032022021302886394,10.067746780740169,0.3216814007531599,0.3065306940026108,rl2,liMUt-8vcABzgMW2,3,2601.0,folding clothes,"{""short sleeve shirts"",""long sleeve shirts"",shorts}"
2025-10-29-22-05-17-833000,2524.0,84.13333333333334,0.0,0.0,0.0,0.0,0.0,0.0,0.0,0.0,0.0,0.0,0.0,0.0,0.0,0.0,30.014625647527,0.009904912836767036,20.37771630957444,0.003961965134706815,0.009904912836767036,30.014625647527,45.624785484984,0.5425063672411891,0.19220323650199642,71.34469687373354,0.8483317107459397,0.22076647554782716,18.544146285098194,0.0023781212841854932,8.777422863481892,0.6954190389935644,116.96948235871754,0.0,84.13333333333334,4.444218654930329,45.624785484984,0.5425063672411891,0.9522261425559259,1.2327864057543467,35.1769398304524,0.5753176957368851,0.38074513524770737,0.8113271556794643,0.177720737911435,0.0028691407851727233,-0.41954061664381137,-0.7258208009920625,0.998414585810543,71.34469687373354,0.8483317107459397,1.0808716091499717,2.1320876400165876,46.81983757160162,0.5993620567023754,0.6276284568011761,0.8292059153318405,0.31192793051576967,-0.23660332964317765,-0.05184912053620342,-0.7461496775367676,0.9992072929052715,0.7448913118843946,0.4665438374175033,0.11050951550292985,0.14739758720544008,0.10042618543912703,0.0031046497814533162,0.025547181999299312,0.10145560250853088,0.005301954106378972,0.03417245285164583,16.120352708997025,0.734372462412999,0.27619461477398477,rl2,liMUt-8vcABzgMW2,2,2524.0,folding clothes,"{""short sleeve shirts"",""long sleeve shirts"",shorts}"
2025-10-29-22-05-17-835000,2754.0,91.8,0.0,0.0,0.0,0.0,0.0,0.0,0.0,0.0,0.0,0.0,0.0,0.0,0.0,0.0,40.05844788092566,0.070079883805374,16.93188041478949,0.0018155410312273058,0.070079883805374,40.05844788092566,51.441843350743156,0.5605722123219379,0.1801560998708585,64.16193187692734,0.6991855998212206,0.17400612055271603,15.623376264514125,0.004358881220486742,5.465040839220339,0.6298789060715791,115.6037752276705,0.0,91.8,4.530446639792155,51.441843350743156,0.5605722123219379,1.049969073560546,1.2337550744428718,40.08781429896449,0.5432349666953087,0.37697955034673214,0.7258108593523502,0.1486376979201018,-0.5184138373579334,-0.34243527722133077,-0.7303942761545597,0.9949146385760989,64.16193187692734,0.6991855998212206,1.1303996273784043,1.5037674270132393,45.860477489863385,0.49847001768648624,0.5016307756304741,0.7167230546474457,0.17921509584337186,-0.17062456756725383,0.09865414885443989,-0.7283540040392567,0.9963675989829277,0.86390579781972,0.5716986256580012,0.09050895848828586,0.286017949959058,0.101768354451117,0.004741747615003375,0.0259371239030117,0.10312066690968623,0.006005257364172964,0.02702531433814566,14.614529410456376,0.45069448091426423,0.3045975664908195,rl2,liMUt-8vcABzgMW2,1,2754.0,folding clothes,"{""short sleeve shirts"",""long sleeve shirts"",shorts}"
2025-10-29-22-05-17-836000,2679.0,89.3,0.0,0.0,0.0,0.0,0.0,0.0,0.0,0.0,0.0,0.0,0.0,0.0,0.0,0.0,50.34761835542525,0.7790220231429638,30.008489448891282,0.041060097051138486,0.7790220231429638,50.34761835542525,69.21030893576713,0.7753208618644564,0.5495577560537359,73.02523461388849,0.818057146533478,0.5113401830734027,18.346889113097756,0.01194921583271098,6.4732803762650954,0.7966890041989673,142.23554354965563,0.0,89.3,4.5031374604229395,69.21030893576713,0.7753208618644564,1.5923840370997475,1.5273923542732855,62.28223355237026,0.5592830292880535,0.5770965777337551,0.7754995450377464,0.2503004830120248,0.6744628394576719,0.07295313916298515,-0.5617567392788513,0.9958924570575056,73.02523461388849,0.818057146533478,1.5750735380138654,1.6750325471569154,62.374556198814986,0.548593208193779,0.4471473656594753,0.792260738555342,0.19434314991827503,0.31357155217274263,-0.09063572124457255,-0.5630367932993795,0.9958924570575056,0.9420665541707776,0.4064302901179033,0.11119537026856648,0.03370038917789603,0.10310554844903873,0.004871925068332453,0.02955238609158148,0.10514285558268331,0.004503847476101896,0.032703987975635215,16.559442509396476,0.45298433005663435,0.5166230627256468,rl2,liMUt-8vcABzgMW2,1,2679.0,folding clothes,"{""short sleeve shirts"",""long sleeve shirts"",shorts}"
2025-10-29-22-05-17-838000,3637.0,121.23333333333333,0.0,0.0,0.0,0.0,0.0,0.0,0.0,0.0,0.0,0.0,0.0,0.0,0.0,0.0,30.803929212821625,0.009898267803134452,19.73696849873262,0.006323893318669233,0.009898267803134452,30.803929212821625,55.08220261820541,0.45447361896209076,0.38619352548825364,90.29002992958308,0.7449672436434247,0.6371068474996582,19.756274364886355,0.0023377337733773377,5.8723737335873905,0.5997204313027578,145.37223254778849,0.0,121.23333333333333,4.805931786409171,55.08220261820541,0.45447361896209076,0.8493950972185307,1.0111923297871446,30.357815159844076,0.6055452190339565,0.4776532556861639,0.789190012961626,0.22826582864234718,0.21539539424151977,-0.36468531329626236,-0.7158075443312529,0.9944994499449945,90.29002992958308,0.7449672436434247,1.0651405311731255,1.8009715535023867,43.89209414819997,0.8643778748810291,0.5896908342838287,0.8595731239765882,0.4381379253351362,-0.16768813516088352,-0.11885018422166256,-0.7237674577224663,0.9944994499449945,0.8068316784877974,0.47768623633808616,0.11353790056269512,0.1662503422916083,0.10145359941649866,0.0031845655136114167,0.02237902472254462,0.10291981130955041,0.005126177742593983,0.028431262271812557,18.039334725194855,0.5134140093686472,0.2403141876518528,rl2,liMUt-8vcABzgMW2,1,3637.0,folding clothes,"{""short sleeve shirts"",""long sleeve shirts"",shorts}"
2025-10-29-22-05-17-839000,2846.0,94.86666666666666,0.0,0.0,0.0,0.0,0.0,0.0,0.0,0.0,0.0,0.0,0.0,0.0,0.0,0.0,48.69631364898063,0.8745607870695713,27.771986776248845,0.017568517217146872,0.8745607870695713,48.69631364898063,53.8328415793999,0.5676573804506141,0.15772100380507018,67.04992098513142,0.7070290437799447,0.18855869820370308,17.811730766671726,0.00492091388400703,5.608642003740253,0.6373432121152793,120.88276256453132,0.0,94.86666666666666,4.562958337178782,53.8328415793999,0.5676573804506141,1.1212121077136257,1.2059332553725695,42.57918626307854,0.4819931872189045,0.36496682465076447,0.78966860845685,0.13891180761256322,0.009910241585520691,-0.8741935868541372,-0.747935899167478,0.99402460456942,67.04992098513142,0.7070290437799447,1.2214301804807748,1.5820649725390847,48.16982365505934,0.44108043797314167,0.4982134811580181,0.7625303883105516,0.16756774600961308,-0.152169660256772,-0.378252068186311,-0.7369251442341447,0.9957820738137083,0.8871342684133309,0.5313255910276207,0.08426635421609724,0.2647186076550354,0.10091894231208258,0.0046270495167791015,0.02759930317171895,0.10289390061252299,0.005109100513224202,0.030606485777625217,15.140941369619359,0.47283688750105746,0.32151979891985183,rl2,liMUt-8vcABzgMW2,1,2846.0,folding clothes,"{""short sleeve shirts"",""long sleeve shirts"",shorts}"
2025-10-29-22-05-17-840000,2464.0,82.13333333333334,0.0,0.0,0.0,0.0,0.0,0.0,0.0,0.0,0.0,0.0,0.0,0.0,0.0,0.0,24.136087842684095,0.013798701298701298,16.120747550017143,0.00974025974025974,0.013798701298701298,24.136087842684095,62.842856123539704,0.7654428273269148,0.15303881726583748,67.9087758144723,0.8271470866561792,0.19191458090435054,20.507938788373707,0.010150223304912708,7.294474191029458,0.7962949569915471,130.751631938012,0.0,82.13333333333334,4.420445744577827,62.842856123539704,0.7654428273269148,1.4969807452352148,1.5187656798520026,58.266048185304975,0.4416116503998637,0.36226432654075325,0.7691218927502632,0.12304423355898192,0.16995503624195124,-0.2605909527450091,-0.7267096236948372,0.9955339017458384,67.9087758144723,0.8271470866561792,1.591329635550941,1.6735635557009423,62.41336093203648,0.5496155619621277,0.5038881450891495,0.7354133389890194,0.20366887510108658,-0.15232388013006223,-0.08706667299792299,-0.717608860344626,0.9959399106780349,0.9383299187309915,0.3730526181258207,0.08959389469786125,0.0716719128282369,0.10301722634475619,0.003874441754449244,0.021897520291590408,0.10433143780330663,0.004635504377715703,0.03412578717143942,14.948813633080402,0.37631337759419375,0.49062934011072673,rl2,liMUt-8vcABzgMW2,1,2464.0,folding clothes,"{""short sleeve shirts"",""long sleeve shirts"",shorts}"
2025-10-29-22-05-17-842000,3593.0,119.76666666666667,0.0,0.0,0.0,0.0,0.0,0.0,0.0,0.0,0.0,0.0,0.0,0.0,0.0,0.0,25.276967635235266,0.00584469802393543,18.7344643591013,0.00584469802393543,0.00584469802393543,25.276967635235266,54.02262551691945,0.4511911930700399,0.0982679064262657,78.5999216910397,0.6564581432993294,0.09119722924360102,16.99353000649003,0.004315144766146993,7.237799955206372,0.5538246681846847,132.62254720795914,0.0,119.76666666666667,4.7938603092329215,54.02262551691945,0.4511911930700399,1.0309952445143533,1.0305305265466123,39.90211207514701,0.5092408023774624,0.3222139701247215,0.7982189580798149,0.13097535917266268,0.014200162421160262,-0.381910416199376,-0.7895335025676871,0.9916481069042317,78.5999216910397,0.6564581432993294,1.0994035767167056,1.5131455632023572,45.70854611944574,0.3803674019873142,0.48283232748508453,0.7873950935900211,0.14460800497774087,-0.21503354846081243,-0.07596905705555763,-0.7608631824540073,0.9941536748329621,0.8876022234239955,0.3996902877865073,0.07528320421826604,0.20151520607362178,0.0998185061293543,0.0025037142773775495,0.018707551241319648,0.10118230010373351,0.0046802565905020976,0.03285514756159298,15.183603284474724,0.46129891110701576,0.2441417371593235,rl2,liMUt-8vcABzgMW2,1,3593.0,folding clothes,"{""short sleeve shirts"",""long sleeve shirts"",shorts}"
2025-10-29-22-05-17-843000,3199.0,106.63333333333334,0.0,0.0,0.0,0.0,0.0,0.0,0.0,0.0,0.0,0.0,0.0,0.0,0.0,0.0,48.70570355304881,0.9012191309784308,35.82538920773915,0.023757424195060956,0.9012191309784308,48.70570355304881,60.69104637880717,0.5693343937974407,1.9241689088355196,70.8598985720736,0.6647270034903715,1.5497869297707905,56.482755175330034,0.004690431519699813,51.516391045096775,0.6170306986439061,131.55094495088076,0.0,106.63333333333334,4.67873038909612,60.69104637880717,0.5693343937974407,1.4973439946851224,1.1467631877364661,58.823979219313266,1.9479503780603409,0.8278888799250126,0.8945097681134939,1.4425637883705005,0.7956524781391336,-0.4291189259361265,-0.7651209943223582,0.9953095684803002,70.8598985720736,0.6647270034903715,1.3669695123331815,1.4933363550902914,55.65515201830047,1.730168730020523,0.9475200176239014,0.7169478796422482,1.1753424909623842,0.40628947365229,-0.37157177385181495,-0.7445534044826038,0.9968730456535334,0.9316843978412729,0.4009373376274597,0.07026285686297262,0.17091588080288217,0.10126150721417967,0.0031981222170483865,0.02074894913129853,0.10254527560937607,0.004865565678996648,0.031132763857288512,17.014062340015922,1.8365781888935195,0.31812634355480274,rl2,liMUt-8vcABzgMW2,1,3199.0,folding clothes,"{""short sleeve shirts"",""long sleeve shirts"",shorts}"
2025-10-29-22-05-17-845000,2813.0,93.76666666666667,0.0,0.0,0.0,0.0,0.0,0.0,0.0,0.0,0.0,0.0,0.0,0.0,0.0,0.0,49.970026626231814,0.8599360113757554,35.65291807443726,0.05581230003554923,0.8599360113757554,49.970026626231814,69.06931158899681,0.7368703227844611,0.5217310915244736,80.63544403056456,0.8602643388751552,0.5142622055238433,16.478543418858226,0.0039118065433854906,6.089073775798469,0.7985673308298081,149.70475561956135,0.0,93.76666666666667,4.551417729988844,69.06931158899681,0.7368703227844611,1.1519878269585289,1.6604215070053765,43.462496717969316,0.5468362830579281,0.3357466459274292,0.7774405870586634,0.1427368851247495,-0.05290929759580111,-0.8998837797583696,-0.7644172975521335,0.9964438122332859,80.63544403056456,0.8602643388751552,1.1821264950516637,1.9584846445426725,48.05693370978713,0.4525331975892186,0.4276842921972275,0.7443386819213629,0.14406030614117785,-0.1930895422332158,-0.5089555452996584,-0.7481920219119539,0.9964438122332859,0.8842511580846132,0.42584087971859746,0.07930620329656514,0.1864888533445004,0.10530489679386265,0.005119467282233169,0.03003708648143047,0.10403736086559312,0.005063162267313078,0.033395791445087836,15.857528529615355,0.5184988487952245,0.3802579051545044,rl2,liMUt-8vcABzgMW2,1,2813.0,folding clothes,"{""short sleeve shirts"",""long sleeve shirts"",shorts}"
2025-10-29-22-06-00-404000,2455.0,81.83333333333333,0.0,0.0,0.0,0.0,0.0,0.0,0.0,0.0,0.0,0.0,0.0,0.0,0.0,0.0,42.70954302404214,0.3230142566191446,33.23821961978735,0.0505091649694501,0.3230142566191446,42.70954302404214,52.16062933305708,0.6376605052940962,0.3621411021960137,61.86461920717586,0.7562911883517832,0.3748442081194977,16.56025998723752,0.005093724531377343,5.304725790872911,0.6969758468229397,114.02524854023295,0.0,81.83333333333333,4.4168305568685735,52.16062933305708,0.6376605052940962,1.2305323487768032,1.427054839892366,47.350590968616835,0.5537368208169937,0.5879635149613023,0.6772982589900494,0.22051276745990506,0.4962107348041476,-0.28746880539588615,-0.6079285586431107,0.9902200488997555,61.86461920717586,0.7562911883517832,1.2176965054203868,1.5894701715330293,49.622396406276884,0.32121128030121326,0.4539543492719531,0.6849659755825996,0.09987849026445224,0.19976610469588224,-0.3113535726882988,-0.5982941621941061,0.988997555012225,0.8690388174604264,0.30550631295900593,0.04800042463748656,0.18924165126195283,0.10598430917407711,0.0045558667344902425,0.02592526154428501,0.105323507595617,0.004039205321543985,0.022329587672041407,11.81700424034283,0.3834912404718995,0.42614346317773305,rl2,omDamnph0YxUBJSO,16,2455.0,folding clothes,"{""short sleeve shirts"",""long sleeve shirts"",shorts}"
2025-10-29-22-06-00-405000,3204.0,106.8,0.0,0.0,0.0,0.0,0.0,0.0,0.0,0.0,0.0,0.0,0.0,0.0,0.0,0.0,34.853038439851716,0.018414481897627965,31.069196728992353,0.010611735330836454,0.018414481897627965,34.853038439851716,46.12516752757764,0.4320184282945143,0.08307175746058534,88.7646842915179,0.8313894875883662,0.1357134378336076,16.908603609514675,0.0032781767093349986,5.104427737656704,0.6317039579414402,134.88985181909553,0.0,106.8,4.680277658474897,46.12516752757764,0.4320184282945143,0.9434057442285424,1.0442460547539199,36.56463575902741,0.3070368357002735,0.4562690407037735,0.6851074304431677,0.09597766078414786,-0.05564337516452486,0.45074926579159486,-0.6389068345302081,0.99344364658133,88.7646842915179,0.8313894875883662,1.2199632350767111,2.2360724088488273,54.44418723963433,0.5510055487975478,0.6652179230004549,0.6937991976737976,0.2543043022755811,0.27795273269867915,0.2142568408254804,-0.6435460537659253,0.9912581954417733,0.7740187336523381,0.4237910228185081,0.12736461233230867,0.13758008318770365,0.10363838975963904,0.005376956835815163,0.021299911688306958,0.10305876529214879,0.005263064037595009,0.022637565202589,9.839640180879925,0.40568171237239625,0.21543197607253442,rl2,omDamnph0YxUBJSO,16,3204.0,folding clothes,"{""short sleeve shirts"",""long sleeve shirts"",shorts}"
2025-10-29-22-06-00-406000,2935.0,97.83333333333333,0.0,0.0,0.0,0.0,0.0,0.0,0.0,0.0,0.0,0.0,0.0,0.0,0.0,0.0,27.4992362948047,0.018398637137989778,19.668680480266932,0.014310051107325384,0.018398637137989778,27.4992362948047,55.31950598808793,0.5656391205325965,0.17394615036362393,70.16144188166173,0.7173971562542099,0.13525625747696388,17.053327189498575,0.004771642808452625,4.367493181002981,0.6415181383934032,125.48094786974966,0.0,97.83333333333333,4.59343492976967,55.31950598808793,0.5656391205325965,1.124076419269049,1.2593235935261702,43.80939157935767,0.2105175331234932,0.37464124895632267,0.6856360752135515,0.05407512413332496,0.2193564677347621,-0.2474654346146007,-0.6340616445264936,0.9788684389911384,70.16144188166173,0.7173971562542099,1.2627244620856692,1.537835186303491,52.55104832294498,0.42502040788531303,0.5087246652692556,0.6753162909299135,0.1460157841031355,-0.11256216286445192,-0.18194185954850212,-0.6274584650066785,0.9832992501704159,0.9196438976305354,0.34368543431553683,0.05240069323068575,0.15858607379211181,0.10260650245846023,0.005112540699617503,0.02044699848659884,0.10158906146549763,0.004929450714462074,0.023551577109617985,9.966445832466729,0.3019239227871797,0.294712000892465,rl2,omDamnph0YxUBJSO,16,2935.0,folding clothes,"{""short sleeve shirts"",""long sleeve shirts"",shorts}"
2025-10-29-22-06-00-408000,3390.0,113.0,0.0,0.0,0.0,0.0,0.0,0.0,0.0,0.0,0.0,0.0,0.0,0.0,0.0,0.0,38.767543211941216,0.17020648967551621,25.855590494737996,0.004129793510324484,0.17020648967551621,38.767543211941216,41.508493049750555,0.36744018633594466,0.41387241007012293,76.88194256172594,0.6805719317945643,0.596998523325801,10.29939121660835,0.00014753614635585718,3.250172955881428,0.5240060590652544,118.39043561147649,0.0,113.0,4.736198448394496,41.508493049750555,0.36744018633594466,0.5999297223061182,0.9922116580015777,23.01239003926939,0.38626903668046,0.3894597617909312,0.6173504944890738,0.09287189148242289,0.3619999439425349,-0.2840912936516326,-0.5645789654002384,0.9822956624372972,76.88194256172594,0.6805719317945643,0.8901440371399874,1.8914602333036532,40.78392597423962,0.6572519466280937,0.6414692448452115,0.6494407188147306,0.273808694607496,-0.05179932604291117,-0.26359315108951553,-0.6266658804277755,0.9858365299498377,0.640509588475353,0.44051107171904064,0.11905776823290896,0.1554800901501647,0.10543609455854443,0.004427972021141452,0.026973128914138902,0.10295286997487699,0.004536832281598567,0.02461014129704002,8.402785655666548,0.35832888331756557,0.1832343271505691,rl2,omDamnph0YxUBJSO,13,3390.0,folding clothes,"{""short sleeve shirts"",""long sleeve shirts"",shorts}"
2025-10-29-22-06-00-409000,2329.0,77.63333333333334,0.0,0.0,0.0,0.0,0.0,0.0,0.0,0.0,0.0,0.0,0.0,0.0,0.0,0.0,32.3968392226765,0.008158007728638901,23.643181581862148,0.0038643194504079004,0.008158007728638901,32.3968392226765,42.12637226344792,0.5428656219516484,0.21881138217696364,50.66928482298566,0.6529547013271347,0.2327824863353272,14.02768610284761,0.001288659793814433,4.2511902180327725,0.5979101616393917,92.79565708643358,0.0,77.63333333333334,4.36479569774552,42.12637226344792,0.5428656219516484,0.8921107382984771,1.3563704358463455,34.85510789434395,0.3408126328140497,0.3209831491112709,0.6612668707966805,0.07233936348365423,0.18277463594274798,-0.310002738898624,-0.5953560147423277,0.9768041237113402,50.66928482298566,0.6529547013271347,0.9146358150343011,1.5671851933097334,38.93852966741319,0.3319459119811654,0.3459586463868618,0.6675228197127581,0.07665802582615867,-0.1639977356366183,-0.1889410943409009,-0.6140207881375846,0.9841065292096219,0.8790526995427442,0.37624759896300547,0.06919315914458582,0.2250967051635414,0.10734525605985779,0.003993477648730073,0.022262850955121913,0.10468287257535933,0.004486336267404035,0.03002109897814502,7.945646215188887,0.2911275813775406,0.31386194934227846,rl2,omDamnph0YxUBJSO,13,2329.0,folding clothes,"{""short sleeve shirts"",""long sleeve shirts"",shorts}"
2025-10-29-22-06-00-410000,2674.0,89.13333333333334,0.0,0.0,0.0,0.0,0.0,0.0,0.0,0.0,0.0,0.0,0.0,0.0,0.0,0.0,32.35773514354783,0.015332834704562454,24.135243765007083,0.008975317875841436,0.015332834704562454,32.35773514354783,40.600206013960246,0.45567010116678175,0.40466835791608063,55.52986236058208,0.6232307784577114,0.44212552160855145,12.863171185793165,0.0018705574261129816,4.717484966617694,0.5394504398122466,96.13006837454233,0.0,89.13333333333334,4.501290055500699,40.600206013960246,0.45567010116678175,0.8185130638327933,1.1239261174177968,31.7837451392983,0.2513509541749954,0.4732038099318743,0.6874711718410254,0.08176797870977931,0.3057946007386708,-0.24990729580751064,-0.6275764298036683,0.9652076318742986,55.52986236058208,0.6232307784577114,0.8960738047742242,1.5739399203866473,39.09104997705789,0.5078454744070768,0.5097192511893809,0.7070784978568554,0.18303336060532752,-0.21190737606052004,-0.18102915117601312,-0.6276567483755496,0.9708193041526375,0.8470594688738505,0.525497051952863,0.12525755639625802,0.20500645783298926,0.10244867031904874,0.005320225098742711,0.021915850336435644,0.10236161166106097,0.0049350300377142475,0.02714020232521283,7.464134671331913,0.294426663048101,0.24112005460310715,rl2,omDamnph0YxUBJSO,13,2674.0,folding clothes,"{""short sleeve shirts"",""long sleeve shirts"",shorts}"
2025-10-29-22-06-00-411000,3473.0,115.76666666666667,0.0,0.0,0.0,0.0,0.0,0.0,0.0,0.0,0.0,0.0,0.0,0.0,0.0,0.0,19.69690056840451,0.012669162107687877,13.280169554705537,0.01151742009789807,0.012669162107687877,19.69690056840451,67.48342879151849,0.583094142783858,0.650662921363767,76.85820988992869,0.6640974356848677,0.5285934951830149,19.52096411412916,0.0037442396313364054,5.515624554536563,0.6235957892343628,144.3416386814472,0.0,115.76666666666667,4.760177641535331,67.48342879151849,0.583094142783858,1.1372166233241683,1.2920163378974352,40.6052811679251,0.3454349413514137,0.46362478751689196,0.8391571510583162,0.1343928649660044,0.2204879609888847,-0.20554843936142989,-0.8328556375282533,0.9896313364055299,76.85820988992869,0.6640974356848677,1.1878205428008959,1.4202493275005434,45.21942987118262,0.38298132084310055,0.4879810493439436,0.8593981172889471,0.1606108746372702,-0.06545744173141857,-0.16366813555942755,-0.8112804103613741,0.9927995391705069,0.9002266799532501,0.3021368492938579,0.05587004766628523,0.16063406769946056,0.10492989832070915,0.0037387903591236697,0.027666614165766865,0.10389709349582685,0.004393304077237178,0.025882890599101746,14.674462974433007,0.3980912523381195,0.3624299255700826,rl2,omDamnph0YxUBJSO,10,3473.0,folding clothes,"{""short sleeve shirts"",""long sleeve shirts"",shorts}"
2025-10-29-22-06-00-412000,3913.0,130.43333333333334,0.0,0.0,0.0,0.0,0.0,0.0,0.0,0.0,0.0,0.0,0.0,0.0,0.0,0.0,27.383154284755356,0.0350115001277792,18.22405630552804,0.01507794531050345,0.0350115001277792,27.383154284755356,52.16071513591007,0.40000548417108944,0.48554973354944386,79.04248546699064,0.6061540296548363,0.5238970431218671,22.085918234292773,0.004729038854805726,8.010332118259699,0.5030797569129629,131.20320060290072,0.0,130.43333333333334,4.878499752215472,52.16071513591007,0.40000548417108944,1.2899225217927852,0.7319916804877518,51.07605014000205,0.43823014199733734,0.4901501424610615,0.8721360070630908,0.18733356413698313,-0.35345129832556843,-0.25564199639157026,-0.8155179207258206,0.9775051124744376,79.04248546699064,0.6061540296548363,1.2660976164404747,1.4659085057480579,53.080154176953585,0.5761888287961483,0.5931898690760136,0.9870143285952508,0.3373510113913609,-0.2255399500598444,0.054826408722243196,-0.7939980782375907,0.9831288343558282,0.9118587185225233,0.34480060246816546,0.08189511248879229,0.1346914860943838,0.10307718563833902,0.0033587042064115104,0.023754325747981017,0.10197191502445219,0.00538022750283387,0.03011818786024935,13.132388197920594,0.5819251488285048,0.24627212584250383,rl2,omDamnph0YxUBJSO,10,3913.0,folding clothes,"{""short sleeve shirts"",""long sleeve shirts"",shorts}"
2025-10-29-22-06-00-414000,2888.0,96.26666666666667,0.0,0.0,0.0,0.0,0.0,0.0,0.0,0.0,0.0,0.0,0.0,0.0,0.0,0.0,21.565699978844705,0.06336565096952909,15.112609262751834,0.022506925207756233,0.06336565096952909,21.565699978844705,64.7023165790614,0.6723482845070462,0.11024924049806038,74.70646786992697,0.7763055199507477,0.09651744385134238,19.84125809923882,0.008313127814340146,5.345933294822268,0.7243269022288971,139.40878444898837,0.0,96.26666666666667,4.577456347420576,64.7023165790614,0.6723482845070462,1.663927482810745,1.3988836403762237,66.80652304691452,0.3452694043517113,0.5000523254275322,0.934709707275033,0.1613802187469697,0.2039741613796378,-0.28182030728517665,-0.8312373350282817,0.9875303082784898,74.70646786992697,0.7763055199507477,1.6036784666627188,1.5933777059557805,66.64769742702839,0.4038797114044428,0.4518093802034855,0.9416969520971179,0.1718376976816832,-0.13234838295564794,-0.16423833047603664,-0.7940022294155459,0.9882230689296848,0.9430054233994609,0.3625343549049267,0.06430472614684468,0.18667036320005917,0.10368389532847466,0.00372422860287379,0.03201664007787307,0.10108257801006511,0.005953140976354574,0.0292061648116239,13.509443561553208,0.5041845201494339,0.38742286542737736,rl2,omDamnph0YxUBJSO,10,2888.0,folding clothes,"{""short sleeve shirts"",""long sleeve shirts"",shorts}"
2025-10-29-22-06-00-415000,1212.0,40.4,0.0,0.0,0.0,0.0,0.0,0.0,0.0,0.0,0.0,0.0,0.0,0.0,0.0,0.0,28.69815512382926,0.0462046204620462,25.193270303339514,0.039603960396039604,0.0462046204620462,28.69815512382926,29.91684747237076,0.7411275178952293,0.5275257659704025,35.732688739723315,0.8852028589526832,0.4887240286358216,12.766391001495867,0.00495458298926507,4.377775251376681,0.8131651884239562,65.64953621209408,0.0,40.4,3.7232808808312687,29.91684747237076,0.7411275178952293,1.2598202431423928,1.7554136931261417,50.46460168537092,0.30955616012215614,0.4480446744710207,0.6915794871747494,0.09591860936109267,0.27213236217758935,-0.1351654357120772,-0.6079727836866116,0.9876135425268373,35.732688739723315,0.8852028589526832,1.2984926715094298,1.989331331329644,55.53653387452426,0.3505285568535328,0.37691340409219265,0.6809762520715594,0.08996984124586532,-0.060983058663005185,-0.2646406885964962,-0.5992958179326181,0.9876135425268373,0.9279460945091017,0.3675578742525483,0.0646630114450209,0.15917861620946352,0.10576959192979168,0.0049675362675468135,0.02604988292736969,0.10396165391489019,0.005293251561078987,0.02834368762022957,5.154728383257896,0.23983601585778408,0.3965591155463692,rl2,omDamnph0YxUBJSO,3,1212.0,folding clothes,"{""short sleeve shirts"",""long sleeve shirts"",shorts}"
2025-10-29-22-06-00-416000,1574.0,52.46666666666667,0.0,0.0,0.0,0.0,0.0,0.0,0.0,0.0,0.0,0.0,0.0,0.0,0.0,0.0,26.78589696353321,0.1181702668360864,18.763537888874474,0.04891994917407878,0.1181702668360864,26.78589696353321,40.64301978566546,0.7751370588493094,0.46771255790257804,43.81874810248145,0.8357040324694494,0.5415236462923604,19.107727764934097,0.01112523839796567,7.170807243285023,0.8054205456593793,84.46176788814691,0.0,52.46666666666667,3.9790584067643047,40.64301978566546,0.7751370588493094,1.7037702008968119,1.6159230286718207,68.45367448419097,0.34195566549897194,0.3060841914266348,0.8497913517057896,0.08894530123369061,0.24624533551772335,-0.27499814782045506,-0.6697135296682182,0.9904640813731723,43.81874810248145,0.8357040324694494,1.8273241502164803,1.5493057213179824,74.21941974852292,0.33689454942941666,0.4245369341224432,0.8601187383756042,0.12301777651680364,-0.043227528967436646,-0.1981916075581321,-0.6469740673551736,0.9949141767323586,0.9739277861731408,0.3078561401479674,0.06587926515130403,0.19733022155324081,0.10481736051440713,0.0036146080111162655,0.023365445214873132,0.1034109641170302,0.004075288956858436,0.02373497348558315,10.91261674715272,0.4537604924680807,0.5390277788846383,rl2,omDamnph0YxUBJSO,8,1574.0,folding clothes,"{""short sleeve shirts"",""long sleeve shirts"",shorts}"
2025-10-29-22-06-00-417000,1943.0,64.76666666666667,0.0,0.0,0.0,0.0,0.0,0.0,0.0,0.0,0.0,0.0,0.0,0.0,0.0,0.0,31.675911918100667,0.13690169840452907,17.469689424945763,0.027792074112197633,0.13690169840452907,31.675911918100667,40.773481804689894,0.6298684109890302,0.3782390531141344,47.962205795848575,0.7409197599770635,0.3999984168240461,18.13369076024385,0.0038619979402677654,6.857185396311126,0.6853940854830468,88.73568760053847,0.0,64.76666666666667,4.18611312436046,40.773481804689894,0.6298684109890302,1.2171026315232767,1.4209147622212706,48.79460689781735,0.304999515414238,0.46764527074992657,0.8567541688680649,0.12220020160356777,0.32173654814195646,-0.32435382479476793,-0.7006493871767943,0.9927909371781668,47.962205795848575,0.7409197599770635,1.1781223603364166,1.6718368553870844,49.057453193646886,0.39446401596069336,0.47924263402819633,0.814108345657587,0.1539022769608914,-0.10795637090032324,-0.14334400178832485,-0.6601979916132086,0.9927909371781668,0.9333704368234105,0.471634511456949,0.10345451184774303,0.19187570938498527,0.10168058704402606,0.0053122998359854375,0.0327727798680999,0.10197975872701194,0.004716255953073672,0.02622111731615613,10.208390665671498,0.49716853902449626,0.34192814178594527,rl2,omDamnph0YxUBJSO,8,1943.0,folding clothes,"{""short sleeve shirts"",""long sleeve shirts"",shorts}"
2025-10-29-22-06-00-418000,2340.0,78.0,0.0,0.0,0.0,0.0,0.0,0.0,0.0,0.0,0.0,0.0,0.0,0.0,0.0,0.0,27.746701213883966,0.06709401709401709,17.28046387314837,0.023931623931623933,0.06709401709401709,27.746701213883966,37.46906592664877,0.4805780153054566,0.09134366596296516,52.70722008998899,0.676022489397037,0.25707802385114087,19.06773117523836,0.006412997007268063,15.100926705119504,0.5783002523512468,90.17628601663776,0.0,78.0,4.3694478524670215,37.46906592664877,0.4805780153054566,1.3735053788105045,0.9574891719972579,53.26692877817653,0.6734843254089355,0.5111134704202414,0.8629527175799012,0.2970515481678136,0.2952024199355107,-0.30125149408132473,-0.7443824903916122,0.9897392047883711,52.70722008998899,0.676022489397037,1.4136180798559135,1.5241009338932472,57.91660240823294,0.7108002230525017,0.5604163222014904,0.8869695039466023,0.3533190216107512,-0.01433629017187935,-0.19450433750621454,-0.7251628916264854,0.9871740059854639,0.9285968487181588,0.33831081135046276,0.07578979403400687,0.1553301208170996,0.10375731082519238,0.0032906384332762315,0.018321926091822274,0.10102876012449323,0.004489956314446009,0.02632944677012769,11.03227523467064,0.7362698731091942,0.27611573142871665,rl2,omDamnph0YxUBJSO,8,2340.0,folding clothes,"{""short sleeve shirts"",""long sleeve shirts"",shorts}"
2025-10-29-22-06-00-419000,2215.0,73.83333333333333,0.0,0.0,0.0,0.0,0.0,0.0,0.0,0.0,0.0,0.0,0.0,0.0,0.0,0.0,29.00124078217258,0.033860045146726865,23.279499731251857,0.02528216704288939,0.033860045146726865,29.00124078217258,37.81755776649021,0.5124330320662631,0.5125280328068554,53.29122814712299,0.7221033624271409,0.49494202300585177,18.793205423658318,0.004968383017163505,6.721845468963869,0.617268197246702,91.1087859136132,0.0,73.83333333333333,4.315263418514199,37.81755776649021,0.5124330320662631,1.2734225728899102,1.0807902894059365,49.7039667706837,0.25314489006996155,0.35396016616141424,0.8814993090927601,0.07898516537335078,0.37957989510241263,-0.1513193438798515,-0.7413489175443254,0.99096657633243,53.29122814712299,0.7221033624271409,1.319997447915243,1.609382096282292,54.37465487395995,0.3624106962233782,0.47058443538844585,0.8705573882907629,0.14846906428196727,0.07907431947769551,-0.3071701953536568,-0.7756391576152825,0.991869918699187,0.925993981997787,0.355404480894708,0.06939991094102169,0.1822741566634488,0.10442928291426905,0.0034896332087202856,0.020931992756559478,0.10148962438520212,0.0041720193102912865,0.02362225789279121,9.197258319987988,0.4172604566200895,0.28873822994400444,rl2,omDamnph0YxUBJSO,7,2215.0,folding clothes,"{""short sleeve shirts"",""long sleeve shirts"",shorts}"
2025-10-29-22-06-00-420000,1743.0,58.1,0.0,0.0,0.0,0.0,0.0,0.0,0.0,0.0,0.0,0.0,0.0,0.0,0.0,0.0,32.4072151695549,0.07630522088353414,27.48783218725301,0.05048766494549627,0.07630522088353414,32.4072151695549,36.26837301826694,0.6245988464684318,0.23695406564855187,44.193971969739025,0.761090217618927,0.25526094406257843,17.403798375758786,0.003444316877152698,6.225054281268352,0.6928445320436794,80.46234498800597,0.0,58.1,4.079230924412053,36.26837301826694,0.6245988464684318,1.1481976579163478,1.486287166474879,45.26847894989889,0.4176200032234192,0.3124856557697058,0.8890269622206688,0.11601825022338993,-0.5032551141089225,-0.08552605871109017,-0.7817301901481614,0.9908151549942594,44.193971969739025,0.761090217618927,1.1463396134497823,1.73859866298791,47.736824259511216,0.4167818631976843,0.5011758888140321,0.833074601367116,0.17401347307752424,-0.19616879042445315,0.32694740138164646,-0.7354120720526267,0.9942594718714122,0.9080960083184402,0.5208305753211999,0.11362168721881773,0.19695863262215696,0.10341805492813072,0.004683759009100119,0.03027295145709652,0.10203825572293133,0.004679816753786133,0.022325610299532686,8.905629968699184,0.42698400399306613,0.32662999882489113,rl2,omDamnph0YxUBJSO,7,1743.0,folding clothes,"{""short sleeve shirts"",""long sleeve shirts"",shorts}"
2025-10-29-22-06-00-421000,1949.0,64.96666666666667,0.0,0.0,0.0,0.0,0.0,0.0,0.0,0.0,0.0,0.0,0.0,0.0,0.0,0.0,35.93558471152997,0.07542329399692149,24.065411043031173,0.038994356080041044,0.07542329399692149,35.93558471152997,30.161127432318313,0.46449374895767426,0.12503159571690453,50.16310561860544,0.7725324273912543,0.21752333857552572,15.677139155002024,0.004620123203285421,7.752491895493498,0.6185130881744643,80.32423305092375,0.0,64.96666666666667,4.18914956394041,30.161127432318313,0.46449374895767426,1.0596669746343594,1.1013016651393566,40.85076353313052,0.26498953998088837,0.44344691187143326,0.7567862179130316,0.08892903516430303,0.2620843843948297,-0.3749531630203013,-0.6232614680482461,0.9933264887063655,50.16310561860544,0.7725324273912543,1.2415494132593392,1.9182563631477196,52.91798864729129,0.46903373301029205,0.7771398834884167,0.7472204826772213,0.27236546800465655,-0.08115182952833992,-0.22928460529252667,-0.6300435401437151,0.9887063655030801,0.8510261472083234,0.3910704337851765,0.11163609643484523,0.11844255022541943,0.10413252259459538,0.0033382420550476083,0.022569996991724545,0.10121508111104592,0.004831411638685987,0.025994822725681904,8.289412238834739,0.48116438594634975,0.289885288982993,rl2,omDamnph0YxUBJSO,6,1949.0,folding clothes,"{""short sleeve shirts"",""long sleeve shirts"",shorts}"
2025-10-29-22-06-00-422000,2097.0,69.9,0.0,0.0,0.0,0.0,0.0,0.0,0.0,0.0,0.0,0.0,0.0,0.0,0.0,0.0,27.753158943714915,0.08917501192179304,17.86603551053835,0.058178350023843584,0.08917501192179304,27.753158943714915,44.634516459083045,0.6388528119143565,0.7559319482296207,53.16161098855184,0.7609009206376696,0.5713738195195395,18.526980325209095,0.007872137404580152,5.928205001991623,0.6998768662760131,97.79612744763489,0.0,69.9,4.2612704335380815,44.634516459083045,0.6388528119143565,1.377038818509602,1.4849451480272562,52.5688483029728,0.2810293845832348,0.304886432364583,0.763235978782177,0.0653956205902921,0.3489479823788547,0.09011194827350395,-0.6407669828400819,0.9904580152671756,53.16161098855184,0.7609009206376696,1.4494363357594877,1.5502895223694162,58.453470167636965,0.4607299752533436,0.3809258043766022,0.7270670235157013,0.12760312467093526,0.1309863058223958,-0.13204121794243778,-0.6103382898222799,0.9914122137404581,0.9377656583477065,0.31760593889772676,0.05838042375578991,0.01432936684619411,0.102159957868367,0.0032118084734380826,0.016246390269897312,0.10075050564977436,0.004355679453156846,0.025410329854426636,11.12897182973678,0.39117728866739626,0.42494705103620456,rl2,omDamnph0YxUBJSO,6,2097.0,folding clothes,"{""short sleeve shirts"",""long sleeve shirts"",shorts}"
2025-10-29-22-06-00-423000,1600.0,53.333333333333336,0.0,0.0,0.0,0.0,0.0,0.0,0.0,0.0,0.0,0.0,0.0,0.0,0.0,0.0,27.60358490973877,0.065625,18.050591654517582,0.03125,0.065625,27.60358490973877,40.3291192228681,0.7566438878586885,0.2578535761815314,45.80832868384121,0.8594433148938314,0.2465182631226383,19.684900206902213,0.011882426516572859,6.463985615668465,0.8080436013762601,86.13744790670931,0.0,53.333333333333336,3.9951379121386528,40.3291192228681,0.7566438878586885,1.6978349508583805,1.629095289256918,65.97383512465707,0.17297672852873802,0.4227485554292798,0.7859821980819106,0.05747546864016057,0.2741315817972645,-0.18878100087167696,-0.6095110763196135,0.9881175734834271,45.80832868384121,0.8594433148938314,1.8114998995183287,1.654816704381022,72.71055339534716,0.5414052736014128,0.41761756502091885,0.7483221534639597,0.16919590234569368,-0.017913160370662807,-0.1711551107291234,-0.6006166924140416,0.9899937460913071,0.961868993329469,0.3013626423189699,0.05614394058496163,0.19207179328811322,0.10542283867741695,0.0042776662472463044,0.029804569465051056,0.10379054612270715,0.0031822775913380404,0.018736183463059705,9.8991186520127,0.39807825360063154,0.5656421437619784,rl2,omDamnph0YxUBJSO,6,1600.0,folding clothes,"{""short sleeve shirts"",""long sleeve shirts"",shorts}"
2025-10-29-22-06-00-424000,1657.0,55.233333333333334,0.0,0.0,0.0,0.0,0.0,0.0,0.0,0.0,0.0,0.0,0.0,0.0,0.0,0.0,34.30754353821257,0.18829209414604708,22.490109200004763,0.07966203983101991,0.18829209414604708,34.30754353821257,41.04578178536981,0.7435830033581489,0.5204012870082191,42.8887504356714,0.7769701165882498,0.55012931100446,18.596089533370964,0.006340579710144928,5.995142460146109,0.7602765599731993,83.93453222104121,0.0,55.233333333333334,4.029509700883813,41.04578178536981,0.7435830033581489,1.3249634710765716,1.7055619639437452,53.22085129976776,0.37837080657482147,0.45376037806272507,0.9200167711824179,0.15795738525909264,0.4291291666016495,-0.30099049396363275,-0.6941141961378483,0.9903381642512077,42.8887504356714,0.7769701165882498,1.336444246534687,1.6564983181136776,54.37818522543012,0.27008670195937157,0.3856940232217312,0.8686473518610001,0.0904877127518665,0.14399715702683993,-0.22652980069687179,-0.6708750559307082,0.9891304347826086,0.9627442262543592,0.30338001777855167,0.06130485982571409,0.17742547580844345,0.10575542851002144,0.0033029266851521666,0.01670165935878759,0.10500525687672169,0.0037752384253268113,0.02665096321918259,9.975167168143006,0.39364660039991084,0.44856313421728283,rl2,omDamnph0YxUBJSO,5,1657.0,folding clothes,"{""short sleeve shirts"",""long sleeve shirts"",shorts}"
2025-10-29-22-06-00-425000,2250.0,75.0,0.0,0.0,0.0,0.0,0.0,0.0,0.0,0.0,0.0,0.0,0.0,0.0,0.0,0.0,26.763988961855617,0.03288888888888889,23.545027909208336,0.028,0.03288888888888889,26.763988961855617,31.432809278216883,0.4192904750317948,0.3410854256276018,49.133189835861096,0.6554004869167775,0.37242745712914993,16.240112549024577,0.0031124944419742106,6.097762411901542,0.5373454809742862,80.56599911407798,0.0,75.0,4.330733340286331,31.432809278216883,0.4192904750317948,0.9194555360567062,0.9591710854584402,33.64244582656772,0.30932531133294106,0.3867715261876583,0.8794367872178555,0.10521425424610109,0.24830712099290556,-0.2865440996264418,-0.7402630481744806,0.9799911071587372,49.133189835861096,0.6554004869167775,0.9904170381327811,1.573117772765748,40.17087555155997,0.44959045574069023,0.5126838004216552,0.8539760857820511,0.19683956076073028,-0.0729786556640433,-0.2937461494712366,-0.7315751381872428,0.9888839484215207,0.8560270396874277,0.33100104512845063,0.07189066313007283,0.13847630931951774,0.10360513750099279,0.003970895263860519,0.026409518766486353,0.10054175534043248,0.005810927843779659,0.0275798834608445,7.466754269561825,0.4524524120704105,0.22527269680373987,rl2,omDamnph0YxUBJSO,4,2250.0,folding clothes,"{""short sleeve shirts"",""long sleeve shirts"",shorts}"
2025-10-29-22-06-00-426000,2074.0,69.13333333333334,0.0,0.0,0.0,0.0,0.0,0.0,0.0,0.0,0.0,0.0,0.0,0.0,0.0,0.0,24.65997568815471,0.06027000964320154,20.659153872645668,0.05303760848601736,0.06027000964320154,24.65997568815471,37.28202775454918,0.5395373046968044,0.5085978609397455,47.03196059362929,0.680636188040945,0.5179543561713613,17.751238879318887,0.00361794500723589,5.063219796470654,0.6100867463688746,84.31398834817847,0.0,69.13333333333334,4.250398192195445,37.28202775454918,0.5395373046968044,1.08777206199816,1.316797895154194,41.995713072226344,0.23634939640760422,0.24399139219895005,0.8369191829115152,0.04826280119938661,0.33221661052491475,0.0791144064258696,-0.7190851522888,0.9874577906415822,47.03196059362929,0.680636188040945,1.1779702004187107,1.4578251160703215,48.43308361752071,0.3696782998740673,0.44041791558265686,0.8376409113407135,0.136378784688886,0.16103069694163125,-0.20966988202523917,-0.6962179888745729,0.9889049686444766,0.9203080983740781,0.34101551848499895,0.06676567189727518,0.004256648366823105,0.10306497089965239,0.005034610248863455,0.02256043635720828,0.09971644497316216,0.007170051248618201,0.029990358882423504,8.088598364617088,0.35278156945135924,0.3219089323131041,rl2,omDamnph0YxUBJSO,4,2074.0,folding clothes,"{""short sleeve shirts"",""long sleeve shirts"",shorts}"
2025-10-29-22-06-00-427000,1621.0,54.03333333333333,0.0,0.0,0.0,0.0,0.0,0.0,0.0,0.0,0.0,0.0,0.0,0.0,0.0,0.0,22.5299840065004,0.041949413942011106,19.14780036357957,0.032078963602714373,0.041949413942011106,22.5299840065004,38.469916970790365,0.7124058698294512,0.969702304456586,39.1900028356266,0.7257407932523444,0.35518283599493167,36.3126741706524,0.006481481481481481,4.510875657846076,0.7190733315408978,77.65991980641697,0.0,54.03333333333333,4.0079390622579725,38.469916970790365,0.7124058698294512,1.8242587469716034,1.552644417758778,74.34940261677794,0.316147880628705,0.2703791968524456,1.5144513696432114,0.12945501540856655,-0.17514543519381212,-0.24249972588969262,-0.7098273069142174,0.9851851851851852,39.1900028356266,0.7257407932523444,1.2940929339921432,1.4829173365632824,52.04842323258874,0.35957343876361847,0.24362930096685886,0.8373609632253647,0.07335501889673904,-0.22805465333839392,0.03601645483967483,-0.6802183786426648,0.9833333333333333,0.8511936078491711,0.29289787172951004,0.05565843917559055,0.16544221207143542,0.10641948087462232,0.003796609583768081,0.031164272667953755,0.10367164752310426,0.004986895382332535,0.0240817018669211,7.045720064761344,0.3324721080950125,0.3606112069856768,rl2,omDamnph0YxUBJSO,4,1621.0,folding clothes,"{""short sleeve shirts"",""long sleeve shirts"",shorts}"
2025-10-29-22-06-00-428000,2086.0,69.53333333333333,0.0,0.0,0.0,0.0,0.0,0.0,0.0,0.0,0.0,0.0,0.0,0.0,0.0,0.0,36.518234414669706,0.04218600191754554,26.040526836857595,0.04122722914669223,0.04218600191754554,36.518234414669706,30.80878674259748,0.4432918955769421,0.16386316744713905,58.378681399596715,0.8399810273323268,0.18518129043733042,27.949237628175755,0.0009592326139088729,4.654596095028603,0.6416364614546345,89.18746814219419,0.0,69.53333333333333,4.256085411316034,30.80878674259748,0.4432918955769421,0.6937369051109132,1.1647603657911962,25.99299644434022,0.23214656114578247,0.4188833958469331,0.707128195092082,0.06876280027663519,0.3996783604940055,-0.166746388203614,-0.591295345687269,0.9908872901678657,58.378681399596715,0.8399810273323268,1.1608855075919184,2.1018653507450686,51.1195201874334,0.5337555333971977,0.7692132694646716,0.716911468654871,0.29434366004231777,0.021604570546316936,-0.2696502964864623,-0.623940782004044,0.9932853717026379,0.5783289874219033,0.4183334095875055,0.12322055443778328,0.1198846971741928,0.10432373086119573,0.00390827373378248,0.018630961723644285,0.10134815495897131,0.004851477491242515,0.022985977335016047,7.344438047914272,0.3667287117133412,0.25101570681841145,rl2,omDamnph0YxUBJSO,3,2086.0,folding clothes,"{""short sleeve shirts"",""long sleeve shirts"",shorts}"
2025-10-29-22-06-00-429000,2136.0,71.2,0.0,0.0,0.0,0.0,0.0,0.0,0.0,0.0,0.0,0.0,0.0,0.0,0.0,0.0,39.52588520638852,0.15589887640449437,34.96401350017966,0.054775280898876406,0.15589887640449437,39.52588520638852,36.07933129476041,0.506969526390076,0.2761705513809775,53.242904024797234,0.7481438504655348,0.2414357801386177,27.029884364563102,0.005620608899297424,9.667036246898723,0.6275566884278054,89.32223531955765,0.0,71.2,4.279440045898781,36.07933129476041,0.506969526390076,1.219055567065105,1.18125468681409,47.208224119487724,0.40805038809776306,0.5182476807385683,0.9349011927843094,0.19770464650725397,0.43787202930901103,-0.33786744665971885,-0.6911825031318531,0.9873536299765808,53.242904024797234,0.7481438504655348,1.2736510663102114,1.7679811671934762,52.67355668954348,0.6152285635471344,0.5939957872033119,0.871030867099762,0.31831228552115587,0.11311225637236318,-0.5004665545512283,-0.7566560791523722,0.9929742388758782,0.8413003451129145,0.400550776200482,0.10327171582375361,0.132286253465893,0.10463352317033765,0.0050421269634140205,0.026434645312538307,0.10103813017489911,0.005952837640244429,0.029415635962990003,10.16052759997261,0.7071288719129921,0.27948525740787444,rl2,omDamnph0YxUBJSO,2,2136.0,folding clothes,"{""short sleeve shirts"",""long sleeve shirts"",shorts}"
2025-10-29-22-06-00-430000,2287.0,76.23333333333333,0.0,0.0,0.0,0.0,0.0,0.0,0.0,0.0,0.0,0.0,0.0,0.0,0.0,0.0,24.84879708945924,0.07389593353738522,24.338575012779103,0.07520769567118496,0.07520769567118496,24.84879708945924,43.42479165128995,0.5698791555287395,0.8626939001805904,48.125651983367796,0.631570236002202,0.7960303126559187,23.856605243086545,0.005468066491688539,6.2214963425289564,0.6007246957654708,91.55044363465774,0.0,76.23333333333333,4.34683114277022,43.42479165128995,0.5698791555287395,1.356206008950688,1.2790988541848434,52.31125938683071,0.286902928724885,0.40056442096829414,0.9317790046334267,0.10708293686968164,0.12880154707068744,-0.34610967707845075,-0.7409229369196352,0.9938757655293088,48.125651983367796,0.631570236002202,1.2515083882721636,1.3148328676419678,49.84426903888506,0.31407355703413486,0.5133487954735756,0.8816650807857513,0.14215022811022654,-0.18113658253867448,-0.278536639853829,-0.6980051297428119,0.9860017497812773,0.9463809505516217,0.32516114996398476,0.05332187799354985,0.19945798997062694,0.10166721875874625,0.004293751922644276,0.01925191336240792,0.10104656592713888,0.00560269260157267,0.026988002052454135,11.062624116341304,0.5109084683360033,0.35678506866197185,rl2,omDamnph0YxUBJSO,2,2287.0,folding clothes,"{""short sleeve shirts"",""long sleeve shirts"",shorts}"
2025-10-29-22-06-00-431000,1678.0,55.93333333333333,0.0,0.0,0.0,0.0,0.0,0.0,0.0,0.0,0.0,0.0,0.0,0.0,0.0,0.0,38.28016101435826,0.15494636471990464,31.793542488344684,0.09237187127532777,0.15494636471990464,38.28016101435826,40.06350750224877,0.7166995975357562,0.7354684218071487,42.66463648875292,0.7632314219812687,0.6344962140569402,16.96313480721909,0.009242695289206918,6.525808301848788,0.7399655097585125,82.72814399100169,0.0,55.93333333333333,4.04188099268636,40.06350750224877,0.7166995975357562,1.497502421641258,1.6402087569761135,59.67837588282944,0.3499554842710495,0.28208084404468536,0.8934829346835613,0.08820082762832879,0.47445861507247117,0.3435824054256703,-0.7139948339560053,0.986881335718545,42.66463648875292,0.7632314219812687,1.482352572969733,1.5815011267753858,60.26956933017294,0.39829471707344055,0.43728911131620407,0.8733367156237364,0.15210900586731874,0.436114754978483,-0.005448167803958147,-0.692068244131888,0.9916517590936196,0.949638421954495,0.36343100884656926,0.07330940850217504,0.2017740940394244,0.10547235255855307,0.0037655471516367155,0.019921356261897574,0.10238306616440408,0.007003724117757166,0.031333824310610395,9.218789474518234,0.3871795816019366,0.44592639583212623,rl2,omDamnph0YxUBJSO,2,1678.0,folding clothes,"{""short sleeve shirts"",""long sleeve shirts"",shorts}"
2025-10-29-22-06-00-432000,1890.0,63.0,0.0,0.0,0.0,0.0,0.0,0.0,0.0,0.0,0.0,0.0,0.0,0.0,0.0,0.0,26.677063249185984,0.08888888888888889,19.366948529667713,0.06402116402116402,0.08888888888888889,26.677063249185984,40.394479900908244,0.6415216500938312,0.4027468615384831,42.594860254392515,0.6764668118749472,0.3809507822315784,14.863171126733464,0.0026469031233456856,5.313737839993901,0.6589942309843894,82.98934015530077,0.0,63.0,4.1588830833596715,40.394479900908244,0.6415216500938312,1.0484439956585234,1.6794866251331573,39.80627976734845,0.30476926267147064,0.2906336635351181,0.8530514240264893,0.07556005980890235,0.045011712772840703,-0.33224125320003145,-0.6593562789980776,0.9793541556379036,42.594860254392515,0.6764668118749472,1.0242638174266394,1.5822480525227827,40.53661357960455,0.23558531887829304,0.3676928896456957,0.8197938166558743,0.07101303802886104,-0.17750792091603948,-0.12576758427820758,-0.6395490599446314,0.9820010587612493,0.8979080205468416,0.31496527420431536,0.05952791681565329,0.2206271457749874,0.106567681707377,0.00398951789487183,0.030683469305711808,0.10402165649650058,0.004675745022673481,0.025398944229681586,9.886841850447276,0.35858961499748027,0.4449312844508009,rl2,omDamnph0YxUBJSO,1,1890.0,folding clothes,"{""short sleeve shirts"",""long sleeve shirts"",shorts}"
2025-10-29-22-06-00-433000,1913.0,63.766666666666666,0.0,0.0,0.0,0.0,0.0,0.0,0.0,0.0,0.0,0.0,0.0,0.0,0.0,0.0,50.22163664274302,0.9827496079456352,38.381940485423925,0.18661787767903815,0.9827496079456352,50.22163664274302,35.034767861112684,0.549708700749676,0.37912507172225196,41.442514655187935,0.6502486609077607,0.36718777655021406,19.388537517403787,0.0020920502092050207,7.039824462353158,0.5999786808287183,76.47728251630062,0.0,63.766666666666666,4.170791067715284,35.034767861112684,0.549708700749676,1.179077047887227,1.286897208915544,44.96030637898942,0.2294260412454605,0.3138746789190918,0.8629339700564742,0.06214075971835234,0.907662670905529,-0.12867954268223805,-0.6880718207315888,0.981694560669456,41.442514655187935,0.6502486609077607,1.1358300292088386,1.4727103248025248,45.05971651642718,0.3060259371995926,0.38455178402364254,0.8508652397431433,0.10013222094451124,0.5813901406453345,0.0116423184275873,-0.6551362968544572,0.9832635983263598,0.9375229678439312,0.3600179700667515,0.06279408405121184,0.18615950815883797,0.10291709148207183,0.004860519827912024,0.030793020854039913,0.10215943115607339,0.005270376101115469,0.02652282336381938,7.82910810674492,0.37363441432435135,0.32947013126672076,rl2,omDamnph0YxUBJSO,1,1913.0,folding clothes,"{""short sleeve shirts"",""long sleeve shirts"",shorts}"
2025-10-29-22-06-00-434000,3470.0,115.66666666666667,0.0,0.0,0.0,0.0,0.0,0.0,0.0,0.0,0.0,0.0,0.0,0.0,0.0,0.0,19.68421261091947,0.012103746397694525,13.295499782712856,0.01181556195965418,0.012103746397694525,19.68421261091947,67.39103142008724,0.5827993492656723,0.6477499514917385,76.95334621459332,0.6654944901809742,0.5275010603468238,20.903142509283644,0.003459210147016431,5.515624554536563,0.6241469197233233,144.34437763468057,0.0,115.66666666666667,4.75932086581535,67.39103142008724,0.5827993492656723,1.155217853395079,1.2741567380764838,41.57068718644102,0.31552498415112495,0.45265088602900505,0.842763988301158,0.12036579762928937,0.22061818555824095,-0.20521672181956208,-0.8326548825122781,0.9890458345344479,76.95334621459332,0.6654944901809742,1.2188726434897528,1.4319299893264938,46.74949428475542,0.47322551161050797,0.4913870748132467,0.8645589109510183,0.20104184891383553,-0.06544492804050789,-0.16398982624509922,-0.8112373543962278,0.9927933121937158,0.9048946725282304,0.30196442524544814,0.055915315339931944,0.1628679972516007,0.10491065667298269,0.003767838194991309,0.028763721701357436,0.10399252537244559,0.004238493859363023,0.025127136319705756,14.862011138942348,0.39937674011839847,0.37239039011901287,rl2,omDamnph0YxUBJSO,16,3470.0,folding clothes,"{""short sleeve shirts"",""long sleeve shirts"",shorts}"
2025-10-29-22-06-00-435000,3896.0,129.86666666666667,0.0,0.0,0.0,0.0,0.0,0.0,0.0,0.0,0.0,0.0,0.0,0.0,0.0,0.0,27.411954877666318,0.031570841889117046,18.22378213347777,0.012577002053388091,0.031570841889117046,27.411954877666318,51.164397163634945,0.39407751345546815,0.48527981148870053,79.25431238709736,0.6104311608762313,0.5255725181799289,22.12819981151689,0.004621309370988447,8.010332118259699,0.5022543371658497,130.4187095507323,0.0,129.86666666666667,4.874178993174251,51.164397163634945,0.39407751345546815,1.2628798977331568,0.7265293158399226,49.55578273118532,0.4628850147128105,0.4629679012577981,0.8709611743688583,0.1866477668291307,-0.35346882243246774,-0.25510503581453264,-0.8155235382780869,0.9768934531450578,79.25431238709736,0.6104311608762313,1.3200991704101857,1.4541209809777906,55.07260546559806,0.5108094327151775,0.5933235473930836,0.8926592376083136,0.2705429346897064,-0.226386030879301,0.054417755183162844,-0.7958630143583023,0.983568677792041,0.9094481033268562,0.3434981972390833,0.08133593869650518,0.1339106835550163,0.10303961885622935,0.0033584874988653065,0.023782324065479754,0.10201136084442704,0.005335542902073684,0.027842956032710114,12.840655011567737,0.5819251488285048,0.2403712473498696,rl2,omDamnph0YxUBJSO,16,3896.0,folding clothes,"{""short sleeve shirts"",""long sleeve shirts"",shorts}"
2025-10-29-22-06-00-436000,2888.0,96.26666666666667,0.0,0.0,0.0,0.0,0.0,0.0,0.0,0.0,0.0,0.0,0.0,0.0,0.0,0.0,21.565699978844705,0.06336565096952909,15.112609262751834,0.022506925207756233,0.06336565096952909,21.565699978844705,64.7023165790614,0.6723482845070462,0.11024924049806038,74.70646786992697,0.7763055199507477,0.09651744385134238,19.84125809923882,0.008313127814340146,5.345933294822268,0.7243269022288971,139.40878444898837,0.0,96.26666666666667,4.577456347420576,64.7023165790614,0.6723482845070462,1.663927482810745,1.3988836403762237,66.80652304691452,0.3452694043517113,0.5000523254275322,0.934709707275033,0.1613802187469697,0.2039741613796378,-0.28182030728517665,-0.8312373350282817,0.9875303082784898,74.70646786992697,0.7763055199507477,1.6036784666627188,1.5933777059557805,66.64769742702839,0.4038797114044428,0.4518093802034855,0.9416969520971179,0.1718376976816832,-0.13234838295564794,-0.16423833047603664,-0.7940022294155459,0.9882230689296848,0.9430054233994609,0.3625343549049267,0.06430472614684468,0.18667036320005917,0.10368389532847466,0.00372422860287379,0.03201664007787307,0.10108257801006511,0.005953140976354574,0.0292061648116239,13.509443561553208,0.5041845201494339,0.38742286542737736,rl2,omDamnph0YxUBJSO,16,2888.0,folding clothes,"{""short sleeve shirts"",""long sleeve shirts"",shorts}"
2025-10-29-22-06-00-437000,2343.0,78.1,0.0,0.0,0.0,0.0,0.0,0.0,0.0,0.0,0.0,0.0,0.0,0.0,0.0,0.0,32.373321077300446,0.010670081092616303,23.63772861947853,0.002987622705932565,0.010670081092616303,32.373321077300446,42.104572258319294,0.5393412330271471,0.21903298298365204,51.02331672666057,0.6535864653287008,0.2328228479316439,13.288532309999333,0.0014944491887275832,4.2511902180327725,0.5964638491779239,93.12788898497986,0.0,78.1,4.370712874773608,42.104572258319294,0.5393412330271471,0.8500291660724538,1.3554659543770675,33.22411470797019,0.34183892980217934,0.3440748229622841,0.6580449659377337,0.07739804417994739,0.18330948397905156,-0.30929481840246875,-0.5948970456875151,0.9760888129803587,51.02331672666057,0.6535864653287008,0.9202185240586792,1.5842312353190595,39.332353772472125,0.33154090866446495,0.368410917930305,0.7034457344561815,0.08592117668940753,-0.16311912131712406,-0.1886146170865447,-0.6127078469120828,0.9846285226302306,0.8859291552239965,0.375736661986386,0.0693467656678252,0.22484309606551547,0.10738263366604292,0.003896687625122393,0.02319593718731272,0.1046440420727573,0.004625352576683312,0.03008783826780448,7.851591125009061,0.2747402623690943,0.3064225756882854,rl2,omDamnph0YxUBJSO,13,2343.0,folding clothes,"{""short sleeve shirts"",""long sleeve shirts"",shorts}"
2025-10-29-22-06-00-461000,2674.0,89.13333333333334,0.0,0.0,0.0,0.0,0.0,0.0,0.0,0.0,0.0,0.0,0.0,0.0,0.0,0.0,32.35773514354783,0.015332834704562454,24.135243765007083,0.008975317875841436,0.015332834704562454,32.35773514354783,40.600206013960246,0.45567010116678175,0.40466835791608063,55.52986236058208,0.6232307784577114,0.44212552160855145,12.863171185793165,0.0018705574261129816,4.717484966617694,0.5394504398122466,96.13006837454233,0.0,89.13333333333334,4.501290055500699,40.600206013960246,0.45567010116678175,0.8185130638327933,1.1239261174177968,31.7837451392983,0.2513509541749954,0.4732038099318743,0.6874711718410254,0.08176797870977931,0.3057946007386708,-0.24990729580751064,-0.6275764298036683,0.9652076318742986,55.52986236058208,0.6232307784577114,0.8960738047742242,1.5739399203866473,39.09104997705789,0.5078454744070768,0.5097192511893809,0.7070784978568554,0.18303336060532752,-0.21190737606052004,-0.18102915117601312,-0.6276567483755496,0.9708193041526375,0.8470594688738505,0.525497051952863,0.12525755639625802,0.20500645783298926,0.10244867031904874,0.005320225098742711,0.021915850336435644,0.10236161166106097,0.0049350300377142475,0.02714020232521283,7.464134671331913,0.294426663048101,0.24112005460310715,rl2,omDamnph0YxUBJSO,13,2674.0,folding clothes,"{""short sleeve shirts"",""long sleeve shirts"",shorts}"
2025-10-29-22-06-00-462000,2481.0,82.7,0.0,0.0,0.0,0.0,0.0,0.0,0.0,0.0,0.0,0.0,0.0,0.0,0.0,0.0,42.83074930240185,0.32889963724304716,33.29086496741247,0.060056428859330914,0.32889963724304716,42.83074930240185,54.773128277279326,0.662578164644508,0.3637411240614623,63.58842240161853,0.7692147871163532,0.3871875309311219,18.34756213470933,0.00625,5.176851580685886,0.7158964758804306,118.36155067889786,0.0,82.7,4.4272389774954295,54.773128277279326,0.662578164644508,1.3407620360667798,1.4366878840857062,52.773332866841244,0.6513574123382568,0.5976581461727619,0.7409001747146249,0.28842433520162897,0.4974698904347679,-0.28742074661320227,-0.6027655926112991,0.9903225806451613,63.58842240161853,0.7692147871163532,1.2910954466056042,1.595854269249115,52.89323413391286,0.3212181441485882,0.455357582308352,0.7119323145598173,0.10413371137970669,0.1994124752201338,-0.3099136798935749,-0.5938929729114847,0.9891129032258065,0.9004702044397134,0.30684954144327775,0.052742892050579616,0.1889935629680152,0.1059510633119357,0.004547189054880389,0.024237593175023567,0.10537072162204753,0.003944918942865376,0.022204315645127384,12.373032318045341,0.4008706935300796,0.43950861934735835,rl2,omDamnph0YxUBJSO,10,2481.0,folding clothes,"{""short sleeve shirts"",""long sleeve shirts"",shorts}"
2025-10-29-22-06-00-463000,2935.0,97.83333333333333,0.0,0.0,0.0,0.0,0.0,0.0,0.0,0.0,0.0,0.0,0.0,0.0,0.0,0.0,27.4992362948047,0.018398637137989778,19.668680480266932,0.014310051107325384,0.018398637137989778,27.4992362948047,55.31950598808793,0.5656391205325965,0.17394615036362393,70.16144188166173,0.7173971562542099,0.13525625747696388,17.053327189498575,0.004771642808452625,4.367493181002981,0.6415181383934032,125.48094786974966,0.0,97.83333333333333,4.59343492976967,55.31950598808793,0.5656391205325965,1.124076419269049,1.2593235935261702,43.80939157935767,0.2105175331234932,0.37464124895632267,0.6856360752135515,0.05407512413332496,0.2193564677347621,-0.2474654346146007,-0.6340616445264936,0.9788684389911384,70.16144188166173,0.7173971562542099,1.2627244620856692,1.537835186303491,52.55104832294498,0.42502040788531303,0.5087246652692556,0.6753162909299135,0.1460157841031355,-0.11256216286445192,-0.18194185954850212,-0.6274584650066785,0.9832992501704159,0.9196438976305354,0.34368543431553683,0.05240069323068575,0.15858607379211181,0.10260650245846023,0.005112540699617503,0.02044699848659884,0.10158906146549763,0.004929450714462074,0.023551577109617985,9.966445832466729,0.3019239227871797,0.294712000892465,rl2,omDamnph0YxUBJSO,10,2935.0,folding clothes,"{""short sleeve shirts"",""long sleeve shirts"",shorts}"
2025-11-11-22-45-26-046000,2201.0,73.36666666666666,0.0,0.0,0.0,0.0,0.0,0.0,0.0,0.0,0.0,0.0,0.0,0.0,0.0,0.0,26.930961556498648,0.024988641526578828,20.88146782169426,0.001817355747387551,0.024988641526578828,26.930961556498648,34.457946664728254,0.469881090882658,0.37531757778347913,52.84494925085884,0.7206129443298933,0.8710855794235333,12.597611987747749,0.0011363636363636363,6.344543563833399,0.5952470176062756,87.3028959155871,0.0,73.36666666666666,4.3090078127703775,34.457946664728254,0.469881090882658,0.7803167253903925,1.0308989077076418,32.971637818690226,0.47521398216485977,0.7726422920823097,0.8081202302128077,0.29671784466859313,0.20157410928650316,-0.3057090428779799,-0.7051157067042827,0.9940909090909091,52.84494925085884,0.7206129443298933,1.0061203285425886,1.6623829027343884,44.80629365468268,0.630077701061964,1.0572091490030289,0.8245311453938484,0.5492399106065012,-0.152430061200995,-0.18199137110762514,-0.7435718541012832,0.9959090909090909,0.7025958363704579,0.4089664354946455,0.10917000019918474,0.16323335020541394,0.10198695596817471,0.004587314819403498,0.02529743382432835,0.10209722715245799,0.005205032490759861,0.02724135302818896,9.901266898767528,0.8736540819135964,0.12348457163456705,rl2,rl2,10,2201.0,folding clothes,"{""short sleeve shirts"",""long sleeve shirts"",shorts}"
2025-11-11-22-45-45-372000,1507.0,50.233333333333334,0.0,0.0,0.0,0.0,0.0,0.0,0.0,0.0,0.0,0.0,0.0,0.0,0.0,0.0,26.27508726754434,0.046449900464499004,21.60517718303599,0.0033178500331785005,0.046449900464499004,26.27508726754434,38.11114653783795,0.7591861860127083,0.7096935018501325,40.44941436324946,0.8057652263595511,0.7187718106339269,13.517147138931755,0.00199203187250996,4.449927054790296,0.7824757061861296,78.56056090108741,0.0,50.233333333333334,3.9363903618764406,38.11114653783795,0.7591861860127083,1.155930221242859,1.9274903803923193,50.60036212165922,0.5604400858283043,0.4583817105740309,0.7844395097345114,0.20151896847603262,0.025841148509616163,-0.3258705118852751,-0.661177008520928,0.9933598937583001,40.44941436324946,0.8057652263595511,1.120703915427939,2.005768842869667,49.97762391365463,0.5798330847173929,0.7545550614595413,0.7584237027913332,0.33182249631314686,-0.22383088022272715,0.015158376494460717,-0.6948405613451603,0.9960159362549801,0.8401491501578846,0.437973949122758,0.16277780766602393,0.17655683202499345,0.10277024498776047,0.005318831001891704,0.03038584097690057,0.10358749815024608,0.004944645663167821,0.029183151700208187,6.367270377719252,0.45865563290384104,0.12870274989255145,rl2,rl2,10,1507.0,folding clothes,"{""short sleeve shirts"",""long sleeve shirts"",shorts}"
2025-11-11-22-46-01-494000,1930.0,64.33333333333333,0.0,0.0,0.0,0.0,0.0,0.0,0.0,0.0,0.0,0.0,0.0,0.0,0.0,0.0,30.3223894967422,0.04093264248704663,19.3469442600149,0.0010362694300518134,0.04093264248704663,30.3223894967422,35.18378426526148,0.5471817148563216,0.7558225354407818,42.08437650400873,0.6545004121929818,0.6878788089797344,11.267815164290388,0.0007776049766718507,4.043859428916256,0.6008410635246518,77.26816076927021,0.0,64.33333333333333,4.179502370562408,35.18378426526148,0.5471817148563216,0.8644872283549521,1.3257580954891488,36.20263129342524,0.3381849639117718,0.6504450514912605,0.7626989111304283,0.16777144102999805,0.22367246232135463,-0.37076918664153113,-0.7178002036663998,0.9958527734577501,42.08437650400873,0.6545004121929818,0.8372543533885167,1.494629589150436,36.93418814430314,0.5787004716694355,0.5898958910256624,0.7339963689446449,0.250566564748981,-0.19310493263140938,-0.1582636974879222,-0.7187746865211605,0.9942975635044065,0.859334745238596,0.4735417858394418,0.11027468604557261,0.13238391415261133,0.10225221737181812,0.00459042133958687,0.030395674224810404,0.10073852580024502,0.007193060769759545,0.03480988557232975,7.8035273213497645,0.5024242619935791,0.09776033767222687,rl2,rl2,10,1930.0,folding clothes,"{""short sleeve shirts"",""long sleeve shirts"",shorts}"
2025-11-11-22-46-20-861000,1885.0,62.833333333333336,0.0,0.0,0.0,0.0,0.0,0.0,0.0,0.0,0.0,0.0,0.0,0.0,0.0,0.0,23.922321051073602,0.03076923076923077,16.36124781718667,0.004244031830238726,0.03076923076923077,23.922321051073602,39.34912329808045,0.6265783964662492,0.34899954380268045,44.75978832040653,0.712735482809021,0.7674183531309625,14.435286301049949,0.004511677282377919,5.168657246251249,0.6696569396376352,84.10891161848699,0.0,62.833333333333336,4.156275519952591,39.34912329808045,0.6265783964662492,1.1445997374100465,1.3690310954797198,47.47488606610448,0.5281741246581078,0.2924816459417343,0.7507385760545731,0.1159750241356468,-0.0183585331767837,-0.32896696698088546,-0.7405770358548003,0.9978768577494692,44.75978832040653,0.712735482809021,1.0956744433009855,1.7014680731868164,46.78798766724413,0.43511571921408176,0.7308663241565228,0.7676712777465582,0.24412823795399458,-0.19586287097219843,-0.037871994747709546,-0.7454581309524946,0.9978768577494692,0.9183939301698469,0.350229045370669,0.06700215263163237,0.15510071313456003,0.10092955648438308,0.005066090122334613,0.028619396106374984,0.10263119145688263,0.0050691750501781615,0.025204755936461,8.311773590046693,0.47593770878547653,0.147619825812289,rl2,rl2,10,1885.0,folding clothes,"{""short sleeve shirts"",""long sleeve shirts"",shorts}"
2025-11-11-22-46-39-752000,1559.0,51.96666666666667,0.0,0.0,0.0,0.0,0.0,0.0,0.0,0.0,0.0,0.0,0.0,0.0,0.0,0.0,35.219475841132606,0.08338678640153944,25.830604102949025,0.01731879409878127,0.08338678640153944,35.219475841132606,27.43339094940249,0.5282424444685974,0.6537415128628702,33.465659809208844,0.6443965303442011,0.5927432108518533,14.001591412192706,0.002246469833119384,10.793459543352402,0.5863194874063993,60.89905075861134,0.0,51.96666666666667,3.9696627848745605,27.43339094940249,0.5282424444685974,0.8969122833827766,1.2137490557633623,36.60444025410782,0.675348587334156,0.38588615506887436,0.8653486398980021,0.2255164925197829,-0.057761366982694004,-0.498304928630839,-0.714382818005764,0.9980744544287549,33.465659809208844,0.6443965303442011,1.0258596032521345,1.5622520238792703,42.029792061213335,0.6199322007596493,0.7384866550564766,0.882096199085936,0.40383392280226305,-0.26209545793099004,-0.056561408761547936,-0.6913045305851907,0.9980744544287549,0.9187788677520855,0.5166644070203473,0.0869164620095529,0.1572488129431148,0.10026883814247407,0.0033081533860728476,0.018110549742132123,0.10033522059811459,0.006312561081690468,0.029769442310615693,9.701619395939108,0.7592495670465508,0.30375797823532535,rl2,w06Lr-M7fxyxM1_2,2,1559.0,folding clothes,"{""short sleeve shirts"",""long sleeve shirts"",shorts}"
2025-11-11-22-46-59-304000,2072.0,69.06666666666666,0.0,0.0,0.0,0.0,0.0,0.0,0.0,0.0,0.0,0.0,0.0,0.0,0.0,0.0,26.20196571087951,0.021235521235521235,21.27732849129923,0.006274131274131274,0.021235521235521235,26.20196571087951,28.65972798869432,0.4151578173157072,0.6932892541363923,46.43561844141874,0.6726550232943324,0.6433534498230397,15.452871830119618,0.0007242877836793819,8.282544819616465,0.5439064203050198,75.09534643011307,0.0,69.06666666666666,4.249447169774741,28.65972798869432,0.4151578173157072,0.7052921112168129,0.9685711853414957,27.80817131135289,0.5955492854118347,0.3854636289179325,0.8982000746764243,0.20619313436205008,-0.006598105873017209,-0.37541412000641455,-0.7372598955935877,0.9946885562530179,46.43561844141874,0.6726550232943324,0.860085208312015,1.7092475268730891,37.265637283457096,0.6649942845106125,0.5785587206482887,1.0227223988622427,0.39348041828818386,-0.21833263936162203,0.014714662959883672,-0.7141410820392899,0.9971028488652824,0.7715623486514577,0.47825124997724333,0.10968808040480588,0.15569557220335362,0.10055303242690007,0.0030580961282225655,0.01611418091528484,0.10085849446394268,0.006974639346389463,0.03146267852266929,9.553517138132026,0.6576224179707778,0.19207970680650588,rl2,w06Lr-M7fxyxM1_2,2,2072.0,folding clothes,"{""short sleeve shirts"",""long sleeve shirts"",shorts}"
2025-11-11-22-47-16-402000,1899.0,63.3,0.0,0.0,0.0,0.0,0.0,0.0,0.0,0.0,0.0,0.0,0.0,0.0,0.0,0.0,27.31835887275894,0.032122169562927856,24.209401589039715,0.016324381253291206,0.032122169562927856,27.31835887275894,28.354397433598898,0.4481727729230595,0.660840708086714,43.681555765953675,0.6904355495145469,0.5952548444725235,20.126815217962733,0.001053740779768177,10.133765362924308,0.5693041612188032,72.03595319955258,0.0,63.3,4.163559631243574,28.354397433598898,0.4481727729230595,0.8154037153777787,1.0781295639179198,32.08820679770829,0.731674313545227,0.4643700420856476,0.9314487800002098,0.3164761460994383,0.00954897938077468,-0.36940336247818795,-0.7014479546151391,0.994204425711275,43.681555765953675,0.6904355495145469,0.9937346459689379,1.7612931782136172,42.84466981716339,0.6546184103935957,0.6134779676795006,0.9123404519632459,0.3663904259328295,-0.2366456919709704,-0.05639367416835027,-0.6818274693761468,0.9952581664910432,0.7660962205597297,0.44131530533000235,0.10969327357912463,0.14576131387917052,0.10136956961350671,0.0033758476499631215,0.021372034357656777,0.10039522899813584,0.008125012302571458,0.03226087011933011,8.90991105353827,0.655950049405131,0.21603411118039378,rl2,w06Lr-M7fxyxM1_2,2,1899.0,folding clothes,"{""short sleeve shirts"",""long sleeve shirts"",shorts}"
2025-11-11-22-47-33-445000,1957.0,65.23333333333333,0.0,0.0,0.0,0.0,0.0,0.0,0.0,0.0,0.0,0.0,0.0,0.0,0.0,0.0,23.952119726427064,0.03474706182933061,20.62939319972617,0.005109862033725089,0.03474706182933061,23.952119726427064,29.55381124059884,0.4532793135061172,0.5928410081986897,35.7845014054038,0.5488420460951504,0.5604696509171361,18.37501703542488,0.0017893660531697342,8.54405469300475,0.5010606798006337,65.33831264600263,0.0,65.23333333333333,4.193183860889661,29.55381124059884,0.4532793135061172,0.8689863940406862,1.1174833783636018,35.254934561444024,0.4433151073753834,0.3894354719668627,0.8731008591130376,0.15073442688812438,-0.10059111671475622,-0.3280105839807523,-0.743723177589004,0.9938650306748467,35.7845014054038,0.5488420460951504,1.0006810767724248,1.3864830962246297,42.07472435923669,0.34161099791526794,0.598209835588932,0.8701310600154102,0.17781568401865755,-0.23393454941681563,0.005571195478123084,-0.7180660346075112,0.9938650306748467,0.8917356988299133,0.3751158634924269,0.0779775661313818,0.1725747804331665,0.1003912873594059,0.002985146012459559,0.017301664982247444,0.10136081447945901,0.0059793156761955065,0.030278778428677378,7.124934136342894,0.5547251842501548,0.16353983827499977,rl2,w06Lr-M7fxyxM1_2,2,1957.0,folding clothes,"{""short sleeve shirts"",""long sleeve shirts"",shorts}"
2025-11-11-22-48-06-312000,2125.0,70.83333333333333,0.0,0.0,0.0,0.0,0.0,0.0,0.0,0.0,0.0,0.0,0.0,0.0,0.0,0.0,33.83457501180779,0.03623529411764706,23.809268984195725,0.0009411764705882353,0.03623529411764706,33.83457501180779,24.32832173341601,0.34362036346632785,0.597100715564058,44.22795414957608,0.6246886179318655,0.5622272613512098,15.434753108787472,0.00047080979284369113,6.495889224221678,0.4841544906990967,68.55627588299208,0.0,70.83333333333333,4.274348620875693,24.32832173341601,0.34362036346632785,0.5612051928086965,0.8289289765124905,22.332915436669385,0.5515686236321926,0.33983273804187775,0.7629310749471188,0.14300462128677147,0.009502227829659687,-0.4698310232898768,-0.6856284366065964,0.9910546139359698,44.22795414957608,0.6246886179318655,0.8310918111081598,1.6773188989349348,36.22306671674617,0.6061936244368553,0.6041494328528643,0.805206660181284,0.294892070669343,-0.20168980972753728,-0.09775154713813304,-0.6811179045009262,0.9929378531073446,0.6581404558244798,0.4583337802125749,0.11596038261313177,0.15238830089707595,0.10108599375718706,0.002914630130552429,0.014362530980612118,0.10049341937473162,0.00661830796696411,0.030541853612095868,7.650282342212787,0.5186913217179819,0.1380416920739194,rl2,rl2,2,2125.0,folding clothes,"{""short sleeve shirts"",""long sleeve shirts"",shorts}"
2025-11-11-22-48-22-636000,2536.0,84.53333333333333,0.0,0.0,0.0,0.0,0.0,0.0,0.0,0.0,0.0,0.0,0.0,0.0,0.0,0.0,30.63609049162028,0.03943217665615142,20.779752397710325,0.0,0.03943217665615142,30.63609049162028,27.05538847968276,0.32018211218559484,0.6459956524128717,43.4013952389655,0.513625979159355,0.22044280624603335,21.907075645844987,0.0001972386587771203,1.8375747165222658,0.41690404567247485,70.45678371864827,0.0,84.53333333333333,4.448906163513426,27.05538847968276,0.32018211218559484,0.5447543208351,0.7487733077657901,21.373802815892283,0.4944894462823868,0.22810202091932297,0.686467757448554,0.07742947307922605,-0.059279426786540315,-0.39977281964868777,-0.6641740368720297,0.9897435897435898,43.4013952389655,0.513625979159355,0.7559646810936154,1.3210802828872825,32.49590530543219,0.47646150924265385,0.4973185248672962,0.7318390719592571,0.17341156236691224,-0.1879502454837226,-0.09449100478785641,-0.6644061938257247,0.98698224852071,0.6813914315793463,0.3576039166976073,0.0834247428376232,0.18775348610165632,0.100498842502071,0.0025051569780314377,0.015747381976411318,0.09974773218862852,0.006062918405638421,0.0316527476881274,7.40911627476612,0.402650492967819,0.0941780617682484,rl2,rl2,2,2536.0,folding clothes,"{""short sleeve shirts"",""long sleeve shirts"",shorts}"
2025-11-11-22-48-37-186000,2179.0,72.63333333333334,0.0,0.0,0.0,0.0,0.0,0.0,0.0,0.0,0.0,0.0,0.0,0.0,0.0,0.0,25.40014738727466,0.03441945846718678,19.6360273854639,0.0,0.03441945846718678,25.40014738727466,27.841298005278304,0.383488953240748,0.6356461646948702,34.14413578645478,0.47030490063987296,0.5965430920776759,14.18531574085376,0.0002295684113865932,2.1231074248133686,0.4268969269403105,61.98543379173309,0.0,72.63333333333334,4.299097821757962,27.841298005278304,0.383488953240748,0.662724633042452,0.9422820131201368,26.211238725821005,0.47362828999757767,0.24020494520664215,0.6594411600381136,0.0750232078900216,-0.10672938683851972,-0.321604875140764,-0.6931962321840224,0.9908172635445363,34.14413578645478,0.47030490063987296,0.7418664617612645,1.2438467284704464,31.099125967614047,0.34262125939130783,0.45185740292072296,0.650469059124589,0.1007029869302199,-0.2196352774180735,0.01135746775261892,-0.6761771420451986,0.9908172635445363,0.862531659058716,0.36593725188786014,0.08647106572641215,0.1603159891631315,0.10034123208523942,0.0026417141510908793,0.012403017676442515,0.10031606526955436,0.005228651775798219,0.028341533527951768,6.369715427177813,0.37437647849330324,0.09884014161887121,rl2,rl2,2,2179.0,folding clothes,"{""short sleeve shirts"",""long sleeve shirts"",shorts}"
2025-11-11-22-48-53-224000,2555.0,85.16666666666667,0.0,0.0,0.0,0.0,0.0,0.0,0.0,0.0,0.0,0.0,0.0,0.0,0.0,0.0,46.33845101337744,0.5726027397260274,45.54731985983347,0.5283757338551859,0.5726027397260274,46.33845101337744,25.399911062881387,0.29835447607143367,0.40382516182414746,41.81773063735412,0.49120278743955503,0.35544942241785416,7.766518523177429,0.0,2.799055522190109,0.3947786317554943,67.2176417002355,0.0,85.16666666666667,4.456283405280375,25.399911062881387,0.29835447607143367,0.3721682909377141,0.6324354363726868,14.202736711883196,0.6431666426360607,0.40305159613490105,0.3814996499568224,0.09889590319155232,-0.05712654554046355,-0.42040082440217647,-0.4137750581446343,0.9933437744714174,41.81773063735412,0.49120278743955503,0.5463289774973347,1.1654742242365796,22.241588961738604,0.7932078223675489,0.77146190777421,0.42517835833132267,0.26017923120555897,-0.36184898466527926,-0.09861811782301079,-0.4087079428296733,0.9937353171495693,0.6885613418910074,0.4976981007613646,0.09158455280007417,0.23191124387923873,0.10205117965299035,0.002697047968234701,0.02007194645510961,0.09951660299152658,0.006144218015290274,0.030522729089839953,10.565943220629517,0.5304915464274882,0.15848028832319314,rl2,rl2,3,2555.0,folding clothes,"{""short sleeve shirts"",""long sleeve shirts"",shorts}"
2025-11-11-22-49-12-078000,2240.0,74.66666666666667,0.0,0.0,0.0,0.0,0.0,0.0,0.0,0.0,0.0,0.0,0.0,0.0,0.0,0.0,40.08733964731945,0.1513392857142857,36.51985696892609,0.08214285714285714,0.1513392857142857,40.08733964731945,22.040366920639656,0.2953153227419338,0.3957587861542845,33.36199402617852,0.44701197891261973,0.34449479702870617,8.368196730647528,0.0,3.3384967948796054,0.37116365082727676,55.40236094681818,0.0,74.66666666666667,4.326337728813293,22.040366920639656,0.2953153227419338,0.5355383658756251,0.6913562299107718,21.07437692514507,0.5837266929447651,0.29380250722169876,0.4002612456679344,0.06864495009540668,-0.10278847077154621,-0.3421251574564459,-0.44048326065863613,0.9790084859312193,33.36199402617852,0.44701197891261973,0.7166172620236008,1.1246632496287632,29.667411294188113,0.42218037508428097,0.5485954489558935,0.3650783319026232,0.08455441698639499,-0.28457632153793905,-0.06036616799011816,-0.43801736720072637,0.9825815096025011,0.7855297631563176,0.3537612278916557,0.07562847948933019,0.12723909263809294,0.10096847425021024,0.0034645656397615733,0.020825536856556567,0.10043894393503483,0.005492301382701284,0.03150702008631459,4.776128063118353,0.2984833326910405,0.10049695173098748,rl2,rl2,3,2240.0,folding clothes,"{""short sleeve shirts"",""long sleeve shirts"",shorts}"
2025-11-11-22-49-33-824000,1652.0,55.06666666666667,0.0,0.0,0.0,0.0,0.0,0.0,0.0,0.0,0.0,0.0,0.0,0.0,0.0,0.0,45.72082210248153,0.559322033898305,43.6590302776246,0.4231234866828087,0.559322033898305,45.72082210248153,20.904834404534466,0.37985768148760385,0.40981615051446896,30.328967360782958,0.5511017691238574,0.313359531075336,10.906539485041405,0.0006056935190793458,2.7112046125022107,0.46547972530573073,51.23380176531742,0.0,55.06666666666667,4.026541458870738,20.904834404534466,0.37985768148760385,0.622767842060394,0.8544433443999889,25.509241247207388,0.6393872834742069,0.4687776640057564,0.4028236158192158,0.12073851457356934,-0.0886427271997299,-0.4577829878479603,-0.47331266157265944,0.9872804360993337,30.328967360782958,0.5511017691238574,0.8303615942571557,1.32941254376203,34.13321031383851,0.6187464380636811,0.8463386557996273,0.36701950430870056,0.19219674732487788,-0.38352825552829456,-0.04086711137383876,-0.46553704950318064,0.9927316777710479,0.8015949557105236,0.5427925813278849,0.09826744374473577,0.18256019207105678,0.10119014529314213,0.003973594836521106,0.020643464571988,0.09939566588710644,0.0077426816579372615,0.0324144464050638,5.767491066846484,0.43365534621986385,0.1402125222926789,rl2,rl2,3,1652.0,folding clothes,"{""short sleeve shirts"",""long sleeve shirts"",shorts}"
2025-11-11-22-49-55-195000,2370.0,79.0,0.0,0.0,0.0,0.0,0.0,0.0,0.0,0.0,0.0,0.0,0.0,0.0,0.0,0.0,40.43013909455513,0.1962025316455696,40.124678241307066,0.24345991561181435,0.24345991561181435,40.43013909455513,24.46029947849281,0.30975474223502925,0.19586405008520327,44.7922108755194,0.5672293483603131,0.25195407550788673,9.007038201196025,0.0,2.316132925816992,0.4384920452976713,69.25251035401222,0.0,79.0,4.382026634673881,24.46029947849281,0.30975474223502925,0.4057301520951384,0.6673502764347359,15.076972476082908,0.28325724974274635,0.5759660676121712,0.37267644330859184,0.06080088130530358,0.33717350663169277,-0.16360340290975497,-0.44115722572690325,0.9911355002110596,44.7922108755194,0.5672293483603131,0.6442570099051828,1.3954047248059196,25.895877644699944,0.6997076123952866,0.8823504447937012,0.4626485202461481,0.2856333314150994,-0.08095052683930294,-0.29046497414530087,-0.4414750239980812,0.9970451667370198,0.6487508028073159,0.49361338923239867,0.10637123752689098,0.2366287082453759,0.10148882783694468,0.003360630063566486,0.018550940357187087,0.09892499257544154,0.007597026069224344,0.03388475453402445,9.634504831058551,0.46722994030446835,0.17201248444390502,rl2,rl2,3,2370.0,folding clothes,"{""short sleeve shirts"",""long sleeve shirts"",shorts}"
2025-11-11-22-50-12-026000,2207.0,73.56666666666666,0.0,0.0,0.0,0.0,0.0,0.0,0.0,0.0,0.0,0.0,0.0,0.0,0.0,0.0,46.57193065549131,0.5999093792478477,43.40665562901328,0.4204802899864069,0.5999093792478477,46.57193065549131,19.724726594044185,0.26824197544031075,0.10160028934991419,41.424292539673786,0.563340333721765,0.17612439814602665,5.141574291816802,0.0,1.9150050860332593,0.4157911545810378,61.14901913371797,0.0,73.56666666666666,4.311693579827974,19.724726594044185,0.26824197544031075,0.38196638846838715,0.6761737959726295,15.253198414398629,0.23692356050014496,0.5000633876770735,0.3158835545182228,0.03742487216995681,0.37464884598201414,-0.15117850235836264,-0.36832908983205204,0.9882139619220308,41.424292539673786,0.563340333721765,0.6219706366150201,1.5010355223651848,27.822193614244593,0.5850640460848808,0.7540083536878228,0.4391207806766033,0.19371513679712526,-0.038509781373218276,-0.2927990039354477,-0.36266030900190466,0.9913871260199456,0.5373220190600575,0.47505234839963295,0.11618652424176022,0.16968021641926737,0.10211863825674798,0.002662074808384167,0.019060294798370403,0.09873467888782805,0.007633713500335973,0.03332623995609807,5.285458669761489,0.2591462292309329,0.1224630684728325,rl2,rl2,4,2207.0,folding clothes,"{""short sleeve shirts"",""long sleeve shirts"",shorts}"
2025-11-11-22-50-29-413000,2249.0,74.96666666666667,0.0,0.0,0.0,0.0,0.0,0.0,0.0,0.0,0.0,0.0,0.0,0.0,0.0,0.0,44.69127203273557,0.4753223654957759,40.15477558577005,0.26767452200978215,0.4753223654957759,44.69127203273557,16.549292672107114,0.22085354989466788,0.2777470627288642,31.873581276552123,0.42535918073690554,0.21816704438917398,7.172827945212138,0.0,3.1263635467401034,0.32310636531578674,48.42287394865924,0.0,74.96666666666667,4.330294647583529,16.549292672107114,0.22085354989466788,0.3347647299270028,0.5479818539688684,13.412021370403142,0.4624619409441948,0.2466914989054203,0.28518872521817684,0.03253587817605049,-0.03423725638874853,-0.36455758359728785,-0.36382082634654744,0.978202846975089,31.873581276552123,0.42535918073690554,0.5483063290732177,1.1132832853028085,23.840326360667483,0.5724752265959978,0.43991200253367424,0.26677529886364937,0.0671843506825381,-0.2572716687039442,-0.10605246471356031,-0.36466563689464887,0.9902135231316725,0.6475513185636504,0.3673580218950498,0.07313996440213051,0.17139522465656237,0.10177257698573877,0.002809743149361569,0.016990944036501643,0.09765927018411698,0.007019715590335417,0.03240477788128543,4.693128575280269,0.24582073026935636,0.11949918186070094,rl2,rl2,4,2249.0,folding clothes,"{""short sleeve shirts"",""long sleeve shirts"",shorts}"
2025-11-11-22-50-42-693000,2056.0,68.53333333333333,0.0,0.0,0.0,0.0,0.0,0.0,0.0,0.0,0.0,0.0,0.0,0.0,0.0,0.0,43.55218829780577,0.32636186770428016,32.623759451734955,0.017023346303501944,0.32636186770428016,43.55218829780577,16.48718601084505,0.24068884687365039,0.30821604497385646,24.41243431556444,0.3563859024169992,0.27492386066154306,10.109204326012145,0.00024330900243309004,2.828785094528474,0.29853737464532476,40.89962032640949,0.0,68.53333333333333,4.241806253898562,16.48718601084505,0.24068884687365039,0.4182823175224551,0.5909574052147203,16.770213583546003,0.399451844394207,0.21649529784917831,0.31647572107613087,0.027368645040142574,-0.06129609374510639,-0.3537849133185578,-0.38145668591745924,0.9722627737226277,24.41243431556444,0.3563859024169992,0.569216757563311,0.8640373752383423,24.552948918851275,0.41226575057953596,0.47792305983603,0.307326877489686,0.06055301695731857,-0.22604404934473582,-0.02760486062178986,-0.3761061620545222,0.9771289537712895,0.7155342181680003,0.37424885882350684,0.07088492445193337,0.1282702670782558,0.10275549550169562,0.003057260423507548,0.021785035075807424,0.09705074487089602,0.007641434306528839,0.032075185729639646,3.4194554157552552,0.1746127704643243,0.11621420322898211,rl2,rl2,4,2056.0,folding clothes,"{""short sleeve shirts"",""long sleeve shirts"",shorts}"
2025-11-11-22-51-05-701000,1571.0,52.36666666666667,0.0,0.0,0.0,0.0,0.0,0.0,0.0,0.0,0.0,0.0,0.0,0.0,0.0,0.0,46.45472636626262,0.5868873329089752,39.975643993395515,0.27243793761935076,0.5868873329089752,46.45472636626262,18.957778023056235,0.36225053547241215,0.2784085984366362,26.737233304832912,0.5109025472261065,0.27036615988109924,16.44617743697303,0.0003184713375796178,2.444902069284031,0.43657654134925933,45.69501132788915,0.0,52.36666666666667,3.9771863313345595,18.957778023056235,0.36225053547241215,0.7040089248664817,0.9111121945176597,29.414294622034337,0.530408039689064,0.3671870045363903,0.559480519965291,0.1089638326137152,0.039203524189976885,-0.41479785537630565,-0.40019909655740504,0.9872611464968153,26.737233304832912,0.5109025472261065,0.6909901241053831,1.2809566020568166,30.224174897725007,0.5452807927504182,0.5169882662594318,0.3052370920777321,0.08604748750987064,-0.29634568451730064,-0.017331278712169624,-0.3882989897318587,0.9968152866242038,0.7240219170174317,0.5310096217502063,0.11689824615310491,0.13053326785182084,0.10056670122841711,0.0036156821329544125,0.02197613966127067,0.09765026511338144,0.007510365538801583,0.03299014247571459,3.4605113189174226,0.19731016517446223,0.14147837400770139,rl2,rl2,5,1571.0,folding clothes,"{""short sleeve shirts"",""long sleeve shirts"",shorts}"
2025-11-11-22-51-29-487000,2256.0,75.2,0.0,0.0,0.0,0.0,0.0,0.0,0.0,0.0,0.0,0.0,0.0,0.0,0.0,0.0,43.817538749763145,0.38608156028368795,37.93979204628678,0.250886524822695,0.38608156028368795,43.817538749763145,20.589177132001588,0.27391366472729384,0.38156062959277176,41.90081855790818,0.557438827821395,0.389774879482187,7.536026258335085,0.0,2.1280702514999654,0.4156762462743444,62.48999568990977,0.0,75.2,4.333361462692601,20.589177132001588,0.27391366472729384,0.4018689310417994,0.6274624171005179,16.33554937438842,0.6040881089866161,0.3365430049598217,0.32241877540946007,0.06554826176403333,-0.01905723382530615,-0.3900295577940022,-0.4007979230261705,0.9813747228381374,41.90081855790818,0.557438827821395,0.6653212296452775,1.4912356012055985,29.22213075107843,0.7269545933231711,0.6841032579541206,0.43599145859479904,0.21682378673186128,-0.2620045873684295,-0.04910187206036722,-0.4024469722524708,0.9840354767184035,0.6016494406410476,0.4568836590362517,0.13047413225404117,0.11956152099561039,0.10102272932225669,0.00317741854442337,0.017988628747205818,0.09790137423057349,0.007149221502198763,0.03233183373172348,5.220632019885574,0.30715337004904625,0.13722839197945783,rl2,rl2,5,2256.0,folding clothes,"{""short sleeve shirts"",""long sleeve shirts"",shorts}"
2025-11-11-22-51-51-342000,2246.0,74.86666666666666,0.0,0.0,0.0,0.0,0.0,0.0,0.0,0.0,0.0,0.0,0.0,0.0,0.0,0.0,36.21498892903771,0.10151380231522707,37.35760880454771,0.18477292965271594,0.18477292965271594,37.35760880454771,20.543304552166294,0.2745207735256075,0.31158181021677817,35.483797803380796,0.47417101741711526,0.2879250904325144,8.835366180505408,0.0,2.8061642951666483,0.3743458954713614,56.027102355547086,0.0,74.86666666666666,4.328977413584066,20.543304552166294,0.2745207735256075,0.49513032017223796,0.6564686583707469,19.38847919874341,0.5630189776420593,0.2502138540148735,0.34010376036167145,0.047912167671309396,-0.08474744889239978,-0.2888521096857392,-0.4074353876068379,0.9844097995545658,35.483797803380796,0.47417101741711526,0.6147926495326205,1.2741088414737571,26.36222943219672,0.5169679578393698,0.47798454761505127,0.33857284113764763,0.0836622616544356,-0.2987352943492395,-0.007810080646518999,-0.40667193754678155,0.9884187082405346,0.7377099492148689,0.3750110823296814,0.07285624348165949,0.14924781249919591,0.10229875190069723,0.0029845516653863994,0.021466975288915696,0.09813578804408009,0.006343051693518605,0.03188715636502358,4.516825611870569,0.25849113872741497,0.1149958959715434,rl2,rl2,5,2246.0,folding clothes,"{""short sleeve shirts"",""long sleeve shirts"",shorts}"
2025-11-11-22-52-13-639000,2330.0,77.66666666666667,0.0,0.0,0.0,0.0,0.0,0.0,0.0,0.0,0.0,0.0,0.0,0.0,0.0,0.0,37.37325975342121,0.12446351931330472,38.01654514417221,0.19098712446351931,0.19098712446351931,38.01654514417221,20.302613073332918,0.261519275311287,0.30952672999893815,35.03210082891561,0.4512507620727645,0.25274145295456624,6.3913579841940855,0.0,2.643623354894625,0.3563850186920257,55.334713902248524,0.0,77.66666666666667,4.3652195163575005,20.302613073332918,0.261519275311287,0.4116803937098278,0.6587100410407822,15.961268000350156,0.5383326634764671,0.3696370106190443,0.30939026921987534,0.061564850787074445,-0.05145832450117101,-0.28367428216491647,-0.38708739266151265,0.978531558608845,35.03210082891561,0.4512507620727645,0.5387264197106503,1.1820435248837997,23.51038372300903,0.5095768300816417,0.5255046226084232,0.2974674217402935,0.07965730751654296,-0.2770364637338744,-0.03505247902462875,-0.38935662074246374,0.9879776728209532,0.6443909767079764,0.36241883657268237,0.077756771973874,0.1482994069946248,0.10191915867936535,0.003156587464412217,0.020398242025007993,0.09751268817774535,0.006652910720380124,0.03229386794569669,4.340588612728571,0.22637210280635459,0.11743654997507981,rl2,rl2,5,2330.0,folding clothes,"{""short sleeve shirts"",""long sleeve shirts"",shorts}"
2025-11-11-22-52-33-756000,2235.0,74.5,0.0,0.0,0.0,0.0,0.0,0.0,0.0,0.0,0.0,0.0,0.0,0.0,0.0,0.0,41.19164264341827,0.23400447427293064,36.59382598462618,0.19015659955257272,0.23400447427293064,41.19164264341827,16.81510016755443,0.22580707476572645,0.20304478272227655,34.402500609720974,0.4619852364779003,0.17355780916010924,11.046294652500865,0.00022381378692927484,5.749489551343505,0.34389615562181336,51.21760077727541,0.0,74.5,4.324132656254979,16.81510016755443,0.22580707476572645,0.3884311202810874,0.572601754137698,15.556351013657164,0.4297170005738735,0.2680877223610878,0.44887967593967915,0.05171176996813357,-0.05759701657440238,-0.31618977775776413,-0.36515485025542294,0.973142345568487,34.402500609720974,0.4619852364779003,0.5869519116430196,1.247274807686918,25.854955297253813,0.5410312050953507,0.48153233155608177,0.5395256020128727,0.1405593774528829,-0.24975268602854586,-0.02843368643951046,-0.3645327577254916,0.9785138764547896,0.6714244418565569,0.36495583327440934,0.07082102569064418,0.13433793339971048,0.10219491225950995,0.003084155762262424,0.017195349088082998,0.09753924102473752,0.006989243144553766,0.03379293906089112,4.157828605249355,0.2629777709838741,0.12182288720481423,rl2,rl2,6,2235.0,folding clothes,"{""short sleeve shirts"",""long sleeve shirts"",shorts}"
2025-11-11-22-52-56-176000,1936.0,64.53333333333333,0.0,0.0,0.0,0.0,0.0,0.0,0.0,0.0,0.0,0.0,0.0,0.0,0.0,0.0,44.932682635118724,0.493801652892562,42.141825315946356,0.3760330578512397,0.493801652892562,44.932682635118724,17.53798973357846,0.2719068175748599,0.24191570104409219,39.72758666171346,0.6159315761505962,0.2029340996491431,14.204357027034309,0.0005167958656330749,6.0205512673911805,0.4439191968627281,57.265576395291916,0.0,64.53333333333333,4.182558919044957,17.53798973357846,0.2719068175748599,0.5767847326242282,0.6600342029929894,23.685411930378283,0.49225374311208725,0.3470681272447109,0.40397024154663086,0.06901653213908177,-0.013427383023456571,-0.3850431794874093,-0.3695129196790686,0.9875968992248062,39.72758666171346,0.6159315761505962,0.7502770725111795,1.6084619577263988,33.77917593593484,0.6027800273150206,0.6705343127250671,0.5065802242606878,0.20475197158179184,-0.28507676022848855,-0.07964192734044814,-0.36622929339073906,0.9917312661498708,0.6431849837756292,0.43821796041550587,0.12527019152605612,0.11025418941819191,0.10107226883859692,0.003220756223261542,0.02447155297492004,0.09868640461174993,0.007186337858844448,0.032350437483378736,5.522145928299477,0.40664468057906594,0.1759122301916262,rl2,rl2,6,1936.0,folding clothes,"{""short sleeve shirts"",""long sleeve shirts"",shorts}"
2025-11-11-22-53-12-397000,2021.0,67.36666666666666,0.0,0.0,0.0,0.0,0.0,0.0,0.0,0.0,0.0,0.0,0.0,0.0,0.0,0.0,44.927615877030725,0.4903513112320633,37.48464664145055,0.2459178624443345,0.4903513112320633,44.927615877030725,15.542644193405733,0.2308313494070158,0.17407450305256272,38.13690947752233,0.5663897447156783,0.17254564839468184,10.101510385569005,0.00024752475247524753,5.541084665768602,0.398610547061347,53.679553670928065,0.0,67.36666666666666,4.224885376410225,15.542644193405733,0.2308313494070158,0.402947840566091,0.5490919243237133,16.443440962456442,0.3644153233617544,0.35151494294404984,0.41453759372234344,0.05310120105724624,0.06721947074603733,-0.3681650536355112,-0.3589585482795851,0.9747524752475247,38.13690947752233,0.5663897447156783,0.6844254161905647,1.4989557078470965,30.651822390284217,0.5474532321095467,0.7251112796366215,0.5249352809041739,0.20838067849558262,-0.2252769677460614,-0.07423901898258611,-0.3586127432851229,0.9811881188118812,0.5873088984084224,0.4447303402482288,0.1141723918258146,0.15234940022479887,0.10164291327339137,0.0029491946202113606,0.016459958674956032,0.09886215696899073,0.007113021784616949,0.03320952314755839,4.877923051050448,0.29391854661779476,0.1721298945356688,rl2,rl2,6,2021.0,folding clothes,"{""short sleeve shirts"",""long sleeve shirts"",shorts}"
2025-11-11-22-53-29-485000,2327.0,77.56666666666666,0.0,0.0,0.0,0.0,0.0,0.0,0.0,0.0,0.0,0.0,0.0,0.0,0.0,0.0,43.159290755706316,0.3167168027503223,35.45825601543996,0.17232488182208852,0.3167168027503223,43.159290755706316,16.783673626990982,0.2164704251116636,0.29761873518232385,33.97881387397726,0.43824781436772053,0.23700414829537617,11.540461007311915,0.00021496130696474635,5.580345319232773,0.32735911973969206,50.76248750096824,0.0,77.56666666666666,4.363947521273976,16.783673626990982,0.2164704251116636,0.3791907206545914,0.5478470785858565,14.846068853725466,0.479531055316329,0.23124532401561737,0.5017629733774811,0.05564015203997907,-0.06151916908094644,-0.3359157761305148,-0.36137923875725164,0.976354256233878,33.97881387397726,0.43824781436772053,0.5821303762911213,1.1966590105345185,25.858148192076605,0.4601791016757488,0.49628572538495064,0.4687534193508327,0.1070540555759399,-0.2334767280776433,-0.0578491565781269,-0.366242524807361,0.9742046431642304,0.6660603883565208,0.35074533833123867,0.07129205780818858,0.16394191547543588,0.10189522465503345,0.002929872665109367,0.018627725791365027,0.09751998720345338,0.007047947380789997,0.03285148095858467,4.1727446997962625,0.2734781525238482,0.12084105720396063,rl2,rl2,6,2327.0,folding clothes,"{""short sleeve shirts"",""long sleeve shirts"",shorts}"
2025-11-11-22-53-46-156000,2020.0,67.33333333333333,0.0,0.0,0.0,0.0,0.0,0.0,0.0,0.0,0.0,0.0,0.0,0.0,0.0,0.0,26.790010960107242,0.016831683168316833,30.657455634758357,0.11831683168316831,0.11831683168316831,30.657455634758357,22.35582762748948,0.3321816883728006,0.44270085276645316,41.23691535870851,0.6127327690744206,0.5492332636183737,13.697522602304527,0.001981178801386825,7.072471839102453,0.4724572287236106,63.59274298619799,0.0,67.33333333333333,4.2243976904702984,22.35582762748948,0.3321816883728006,0.7021690220021265,0.7114688016064676,29.46252312377989,0.5538586378097534,0.3373050168156624,0.6310115810483694,0.11788514005860525,0.035954361981573965,-0.2760424719311961,-0.5486905855790593,0.991579990094106,41.23691535870851,0.6127327690744206,0.8772655563853397,1.6078712366347871,39.898683357852256,0.6676513627171516,0.6082182414829731,0.7201802134513855,0.29244915185463805,-0.298163484867736,0.003614917664245776,-0.5441641953386513,0.9930658741951461,0.7716947203920298,0.4708586997944673,0.12084777095368446,0.115668208103525,0.10031458538698648,0.002876898136794654,0.022928220048897066,0.10116706297028107,0.007117832306301295,0.03194687943091054,7.889811735727502,0.5262235451865535,0.20674785166672688,rl2,rl2,7,2020.0,folding clothes,"{""short sleeve shirts"",""long sleeve shirts"",shorts}"
2025-11-11-22-54-07-644000,2237.0,74.56666666666666,0.0,0.0,0.0,0.0,0.0,0.0,0.0,0.0,0.0,0.0,0.0,0.0,0.0,0.0,34.67726038040854,0.02056325435851587,29.47028344844756,0.08538220831470719,0.08538220831470719,34.67726038040854,22.509549410229425,0.30200647688143234,0.5226690520692123,42.38142022225786,0.5686237060231376,0.45832391769197717,13.417705869310664,0.0008944543828264759,5.726051964567374,0.4353150914522849,64.89096963248728,0.0,74.56666666666666,4.325015268845373,22.509549410229425,0.30200647688143234,0.5484586590358745,0.6577680345239187,21.587531908883296,0.4936968609690666,0.3713938407599926,0.617972893640399,0.11330902142751934,0.031884407396039025,-0.39485937049200237,-0.5670923669487371,0.9932915921288015,42.38142022225786,0.5686237060231376,0.7584258296951892,1.3725560305473392,32.43310733768337,0.6857015676796436,0.6257705725729465,0.738386744633317,0.31683574358940925,-0.2652268892430538,-0.06176459396084284,-0.5641960444392625,0.9928443649373881,0.7629210496052757,0.4824054955947897,0.1185709950436436,0.14064680977258825,0.10034772333844229,0.0027654622206902285,0.016977459664714367,0.10069587830068596,0.006936459003350195,0.028435860479234742,6.716303389520015,0.5010284731712492,0.13312562044672127,rl2,rl2,7,2237.0,folding clothes,"{""short sleeve shirts"",""long sleeve shirts"",shorts}"
2025-11-11-22-54-29-457000,1740.0,58.0,0.0,0.0,0.0,0.0,0.0,0.0,0.0,0.0,0.0,0.0,0.0,0.0,0.0,0.0,32.42064169303215,0.022988505747126436,30.601286062363833,0.0028735632183908046,0.022988505747126436,32.42064169303215,21.424205815858322,0.36959526996880365,0.2576945621175745,26.823444448669044,0.46273912217370405,0.3120949401439698,13.467075709578765,0.001437607820586544,5.279913175544748,0.4161671960712538,48.247650264527365,0.0,58.0,4.07753744390572,21.424205815858322,0.36959526996880365,0.7082179486164286,0.8312733722968714,29.08117669385784,0.48118156753480434,0.29870887100696564,0.6409946195781231,0.09213220964163633,-0.10692399107401485,-0.34089494787756053,-0.5941972983947517,0.9948246118458884,26.823444448669044,0.46273912217370405,0.8054816410346106,1.1821795809774454,34.316424341889935,0.3983233254402876,0.4110996909439564,0.6223650854080915,0.10191265365537683,-0.3076189735679534,-0.03715394159562179,-0.5672341285241318,0.9930994824611846,0.8765361018519182,0.3786944629148898,0.06254149794851886,0.1819658629582173,0.10034466347824164,0.003202731485355847,0.0189398699564841,0.09968520896546279,0.00682464312818691,0.032812360136839,4.470944882242188,0.36846876548063623,0.11337612040828765,rl2,rl2,7,1740.0,folding clothes,"{""short sleeve shirts"",""long sleeve shirts"",shorts}"
2025-11-11-22-54-43-853000,1459.0,48.63333333333333,0.0,0.0,0.0,0.0,0.0,0.0,0.0,0.0,0.0,0.0,0.0,0.0,0.0,0.0,30.47082702708556,0.03221384509938314,27.44412102019981,0.0,0.03221384509938314,30.47082702708556,16.700096755786216,0.3436233900367534,0.3406232739689957,20.134974932469007,0.4142998957298149,0.35252601904328645,13.637249790536574,0.00102880658436214,2.628467392110952,0.37896164288328416,36.835071688255226,0.0,48.63333333333333,3.9046626510218534,16.700096755786216,0.3436233900367534,0.6836065128742305,0.7821820723488696,29.20583009640044,0.5151565745472908,0.23880623281002045,0.5764681044965982,0.0709186055366257,-0.10269890559008671,-0.31848556793475497,-0.5892265443859278,0.9821673525377229,20.134974932469007,0.4142998957298149,0.7334785646206851,1.08824090673098,32.36135030322569,0.3666830472648144,0.42395031824707985,0.5070997327566147,0.0788313890489821,-0.2736903270355453,-0.023480502899292207,-0.5705935449490733,0.9842249657064472,0.6064388956960712,0.35807271721367245,0.07016378326156951,0.1695812730828597,0.099825442421375,0.0032056813208902403,0.014697392699390383,0.09910506513907383,0.0066032437140092015,0.02809272468211846,3.125448121135416,0.281004200441324,0.10017870139186887,rl2,rl2,7,1459.0,folding clothes,"{""short sleeve shirts"",""long sleeve shirts"",shorts}"
2025-11-11-22-55-03-203000,2360.0,78.66666666666667,0.0,0.0,0.0,0.0,0.0,0.0,0.0,0.0,0.0,0.0,0.0,0.0,0.0,0.0,39.825537173705264,0.188135593220339,31.618211257068204,0.10127118644067797,0.188135593220339,39.825537173705264,27.139384713132337,0.3451384236515346,0.5435966211852702,41.326814004789156,0.5255635524135968,0.4200092889563017,5.2358677485431455,0.0,3.545138023774033,0.43535098803256567,68.46619871792149,0.0,78.66666666666667,4.377851263263401,27.139384713132337,0.3451384236515346,0.5502162981991351,0.9953782301106525,21.27431550389896,0.6934603285044432,0.5336234793066978,0.7934548500925303,0.2936153593951271,-0.2985699827928822,-0.2208428895450197,-0.44651896874025715,0.9554896142433235,41.326814004789156,0.5255635524135968,0.6218278912876378,1.3596252033082366,27.491012663600706,0.8663303256034851,0.5481784045696259,0.7019684631377459,0.3333673331865098,-0.1851409998576362,0.17113177123791795,-0.46071987950984955,0.9584569732937686,0.5750068886867422,0.43629041056203366,0.10443936416315602,0.18056913137202854,0.10156850215343072,0.004338914598373578,0.027332077204567956,0.10108877874635497,0.005839490049203491,0.028817168788479758,3.676849656200276,0.3655913121056103,0.09157570409482876,rl2,rl2,8,2360.0,folding clothes,"{""short sleeve shirts"",""long sleeve shirts"",shorts}"
2025-11-11-22-55-17-748000,1743.0,58.1,0.0,0.0,0.0,0.0,0.0,0.0,0.0,0.0,0.0,0.0,0.0,0.0,0.0,0.0,36.74357129037585,0.14285714285714285,28.680905725734853,0.002294893861158921,0.14285714285714285,36.74357129037585,29.21548414827966,0.5031369256305338,0.2917874989399915,35.64466968523688,0.6138576868869725,0.31534346135791397,12.563552748033834,0.000574052812858783,5.983432206276597,0.5584973062587532,64.86015383351653,0.0,58.1,4.079230924412053,29.21548414827966,0.5031369256305338,0.7526342917139263,1.3541969390810422,31.071127828468672,0.5295639298856258,0.2918397858738899,0.7300120037980378,0.11282176661104572,-0.11414081014947121,-0.2967410586299872,-0.4348745280248928,0.970723306544202,35.64466968523688,0.6138576868869725,0.7758851414267016,1.616010725435767,33.798390549876764,0.5350833125412464,0.46195435896515846,0.7161440448835492,0.1770193987451508,-0.2262154375932303,0.05476374324463651,-0.4446669039741261,0.9712973593570609,0.8350524136704761,0.37511231344107815,0.0763885209983747,0.16126969117568196,0.10419076226514518,0.0050570695189028495,0.0298041938411842,0.10151826870746596,0.0065758530761052284,0.033783515944210904,3.377820197890535,0.2317216686033448,0.12141653791023263,rl2,rl2,8,1743.0,folding clothes,"{""short sleeve shirts"",""long sleeve shirts"",shorts}"
2025-11-11-22-55-28-353000,1567.0,52.233333333333334,0.0,0.0,0.0,0.0,0.0,0.0,0.0,0.0,0.0,0.0,0.0,0.0,0.0,0.0,36.655224075827924,0.05041480536056158,30.906439013124587,0.005105296745373325,0.05041480536056158,36.655224075827924,25.491257210189545,0.4883382607316004,0.502860870900377,30.637888703908327,0.5869327337913472,0.3181502462590787,9.680355765538728,0.0,5.209560539698456,0.5376354972614739,56.129145914097876,0.0,52.233333333333334,3.974684766552857,25.491257210189545,0.4883382607316004,0.7069700008978673,1.2083106108344481,31.696167690922135,0.33395189978182316,0.336054939776659,0.5408912468701601,0.060702161444158784,0.03632713643145755,-0.33460081205837044,-0.4459555023638074,0.979565772669221,30.637888703908327,0.5869327337913472,0.718005475187453,1.4567473143253795,34.848944106523234,0.35485079512000084,0.3156528975814581,0.3925926499068737,0.0439741777493971,-0.2370217053033055,-0.09590907211593176,-0.437952737422005,0.9802043422733078,0.8228441572102692,0.36858698052413646,0.05812930924343502,0.20750239135622214,0.10113836170861054,0.003671935776818251,0.021048721948685192,0.10081942807538383,0.006761974482113455,0.029348530846780643,3.5023752875475482,0.286791260778613,0.16390585444497063,rl2,rl2,8,1567.0,folding clothes,"{""short sleeve shirts"",""long sleeve shirts"",shorts}"
2025-11-11-22-55-39-656000,1367.0,45.56666666666667,0.0,0.0,0.0,0.0,0.0,0.0,0.0,0.0,0.0,0.0,0.0,0.0,0.0,0.0,38.437294417287866,0.2194586686174104,37.589466261564006,0.1097293343087052,0.2194586686174104,38.437294417287866,28.021787292260825,0.6154126052473095,0.33032352516906155,33.050009498502995,0.7258420826904026,0.3902511864942689,10.591383418425965,0.00036603221083455345,1.6327111896822575,0.6706273439688559,61.07179679076382,0.0,45.56666666666667,3.8408849775948064,28.021787292260825,0.6154126052473095,0.8056843175886523,1.5647020924446813,35.97553187307452,0.48819081485271454,0.2584253754466772,0.3963058777153492,0.04999830407491323,-0.2579301828525323,-0.1842078954886152,-0.39882649328960235,0.9926793557833089,33.050009498502995,0.7258420826904026,0.8581877813750359,1.6609556213990317,39.668343595521996,0.4191005099564791,0.43426232831552625,0.4194817189127207,0.07634548963428192,-0.16754102034612825,0.26085252055507246,-0.40671298231714254,0.9948755490483162,0.8078211935551786,0.4656198507936445,0.09638448366258147,0.2232755511929606,0.1035966160058164,0.0042573908989832435,0.021477110791726345,0.10327977083505983,0.004676925988213391,0.02719162775192438,2.8947917607562315,0.13317785543380575,0.11398039209420352,rl2,rl2,8,1367.0,folding clothes,"{""short sleeve shirts"",""long sleeve shirts"",shorts}"
2025-11-11-22-55-56-880000,1628.0,54.266666666666666,0.0,0.0,0.0,0.0,0.0,0.0,0.0,0.0,0.0,0.0,0.0,0.0,0.0,0.0,41.32574207825846,0.24017199017199017,33.680679062183515,0.07186732186732187,0.24017199017199017,41.32574207825846,28.33472667320867,0.522459619051174,0.5499452080151377,38.7680151750619,0.7148374033508648,0.6225439839926601,11.270361278289323,0.00030731407498463427,1.738846623643991,0.6186485112010194,67.10274184827057,0.0,54.266666666666666,4.012169954033085,28.33472667320867,0.522459619051174,0.7640485050922473,1.2694414108846055,30.87072177253201,0.5903871711343527,0.2884217668324709,0.6076342929154634,0.10346827790715071,-0.3777101204801506,-0.15124130123054622,-0.46924287490020405,0.9883220651505839,38.7680151750619,0.7148374033508648,0.8852376212659688,1.6539954390108853,38.24896910785609,0.5198659477755427,0.44406245119171217,0.6263292115181684,0.14458994430892952,-0.13316187435699312,0.2855275402755909,-0.47903656272597483,0.9901659496004918,0.8196961981620648,0.5072338459068676,0.12358541020198324,0.041059300948304435,0.10106776280973899,0.004312379761144498,0.022470001604098636,0.1024770043979009,0.0064546274448939915,0.029223215501035724,3.329927266004229,0.20689597220067812,0.09429792146197778,rl2,rl2,9,1628.0,folding clothes,"{""short sleeve shirts"",""long sleeve shirts"",shorts}"
2025-11-11-22-56-13-083000,1944.0,64.8,0.0,0.0,0.0,0.0,0.0,0.0,0.0,0.0,0.0,0.0,0.0,0.0,0.0,0.0,36.34159278224103,0.04989711934156379,30.190730624383058,0.011831275720164609,0.04989711934156379,36.34159278224103,25.697977771067002,0.39677783485950086,0.4306584689424694,41.33142314499209,0.6381588751156781,0.7151223547071962,9.383783629705501,0.0,3.3308984168778797,0.5174683549875895,67.02940091605909,0.0,64.8,4.186619838331271,25.697977771067002,0.39677783485950086,0.6314019412671857,1.0928897948567984,27.845728515703428,0.4771734643727541,0.5122544951736927,0.5043904464691877,0.12329030155036577,-0.30927321306475797,-0.1813024831609992,-0.4878085679652499,0.9727225939269172,41.33142314499209,0.6381588751156781,0.7576733106578839,1.7449820672243583,36.619033051098796,0.5370578030124307,0.5056551154702902,0.716818917542696,0.19466366436607063,-0.20968321023064324,0.17238290411279258,-0.526380640033004,0.9783839423571796,0.6926757218568345,0.39992929008951145,0.10827621935343539,0.17308733574946633,0.10080040844781807,0.0038982530679687465,0.0210154498784577,0.1030336424176441,0.004471938191250634,0.022424461550773017,3.363164200766155,0.26054552732217057,0.09633551147873766,rl2,rl2,9,1944.0,folding clothes,"{""short sleeve shirts"",""long sleeve shirts"",shorts}"
2025-11-11-22-56-28-321000,2012.0,67.06666666666666,0.0,0.0,0.0,0.0,0.0,0.0,0.0,0.0,0.0,0.0,0.0,0.0,0.0,0.0,35.30281569887386,0.02584493041749503,29.68129743317713,0.0,0.02584493041749503,35.30281569887386,27.36038569408997,0.4081609004588261,0.4350786012553418,39.22576434871601,0.5851680410052116,0.569383661914234,10.257047302169038,0.0002486325211337643,2.5891691134570434,0.49666447073201875,66.58615004280598,0.0,67.06666666666666,4.220487617062456,27.36038569408997,0.4081609004588261,0.6087443415101504,1.014652466771857,25.807132697751236,0.4839223362505436,0.20831845607608557,0.5490087736397982,0.05534554918792064,-0.3001876783813674,-0.14432787893258525,-0.48035061682313385,0.9880656389855793,39.22576434871601,0.5851680410052116,0.65187469271233,1.4435780885079021,30.04839795094787,0.4458575830794871,0.34068104065954685,0.6685678623616695,0.10155226614158197,-0.22723242842798747,0.15781676959595933,-0.5231512591611246,0.9855793137742417,0.7635890784618046,0.3382640312827067,0.07384680077672015,0.1102190305447284,0.10201042773200839,0.003225005633440703,0.01867987173011454,0.10252797270197472,0.00444938569226873,0.024427092310254264,3.6015225347844053,0.22761747639282745,0.09886673153480918,rl2,rl2,9,2012.0,folding clothes,"{""short sleeve shirts"",""long sleeve shirts"",shorts}"
2025-11-11-22-56-48-683000,1595.0,53.166666666666664,0.0,0.0,0.0,0.0,0.0,0.0,0.0,0.0,0.0,0.0,0.0,0.0,0.0,0.0,36.53800538400872,0.0896551724137931,25.375620843877694,0.0012539184952978057,0.0896551724137931,36.53800538400872,27.219763338887027,0.5122916563153143,0.3269745955272913,32.14676684839689,0.6050207060551483,0.3156950485965423,9.649308700637965,0.0,2.67486638226711,0.5586561811852313,59.366530187283914,0.0,53.166666666666664,3.9920657131016823,27.219763338887027,0.5122916563153143,0.7537961794169799,1.146966430569582,31.895199281903697,0.3732548840343952,0.31131303310394287,0.47018013522028923,0.05463451328500558,0.05218314968434901,-0.3162888407987487,-0.4278738786037252,0.9849435382685069,32.14676684839689,0.6050207060551483,0.7573085665054726,1.3687341927328824,33.74302183876233,0.32174401730298996,0.36874753423035145,0.4588663261383772,0.0544409623063998,-0.19175182140102395,-0.05877565367623206,-0.4422571008575374,0.9868255959849436,0.8773423555680979,0.3628744018702933,0.055177782785119846,0.18858749212967318,0.1013750960279951,0.0037082616521153305,0.019367042792520495,0.10121531152235691,0.005642017279386942,0.02990936185335845,3.883789954617141,0.3575235883616261,0.15644991132019748,rl2,rl2,9,1595.0,folding clothes,"{""short sleeve shirts"",""long sleeve shirts"",shorts}"
2025-11-22-23-48-44-070000,2754.0,91.8,0.0,0.0,0.0,0.0,0.0,0.0,0.0,0.0,0.0,0.0,0.0,0.0,0.0,0.0,40.05843414203463,0.070079883805374,16.93189619605412,0.0018155410312273058,0.070079883805374,40.05843414203463,51.44184598628259,0.5605722410419461,0.18015531834877782,64.16194081219501,0.6991856971906468,0.1740049629573589,15.623372332416853,0.004358881220486742,5.465005705058236,0.6298789691162964,115.6037867984776,0.0,91.8,4.530446639792155,51.44184598628259,0.5605722410419461,1.0499687840310532,1.2337665247234821,40.08781376667669,0.5432359054684639,0.37697859294712543,0.7258107624948025,0.1486375574582661,-0.5184142960123204,-0.3424356621355305,-0.7303943701207465,0.9949146385760989,64.16194081219501,0.6991856971906468,1.130399314255418,1.503748557697981,45.860470734742705,0.49847273528575897,0.5016306973993778,0.7167239468544722,0.17921626804906218,-0.17062502015214995,0.09865377038818636,-0.7283541717091081,0.9963675989829277,0.8639060071442065,0.5716986290200776,0.09050895850036926,0.2860179736975987,0.10176834795545353,0.0047417451162692454,0.02593713599144759,0.1031206671321857,0.006005257245845534,0.027025315733311253,14.614525250350109,0.45069433060713404,0.3045975572445851,rl2,liMUt-8vcABzgMW2,1,2754.0,"In this task, the collector will sit or stand in front of a table which has a piece of clothing placed horizontally with the collar/waist facing the collector's right. The clothing will be placed with the backside facing the collector. The collector will fold using the following strategy.","{""short sleeve shirts"",""long sleeve shirts"",shorts}"
2025-11-22-23-48-44-089000,2994.0,99.8,0.0,0.0,0.0,0.0,0.0,0.0,0.0,0.0,0.0,0.0,0.0,0.0,0.0,0.0,25.592118539596356,0.006012024048096192,13.891305503350548,0.001002004008016032,0.006012024048096192,25.592118539596356,55.69994270932487,0.5583021320680743,0.4039193151770362,67.82116112454932,0.6797978061264548,0.13269520175363184,18.09774472912612,0.0028399599064483794,7.614862981066646,0.6190499690972646,123.5211038338742,0.0,99.8,4.613138355637268,55.69994270932487,0.5583021320680743,1.1794382601497204,1.0821723388039555,47.575589838038475,0.5400188192725182,0.3121515288949013,0.8813716694712639,0.14857079522780797,0.05411969894933985,-0.3744515210935073,-0.7740940371131352,0.9939859672569329,67.82116112454932,0.6797978061264548,0.9226651842081376,1.5588363926086894,39.670009446243625,0.3407607050612569,0.3474133685231209,0.8323719780892134,0.09854021046627086,-0.16122528663201852,-0.04557102200161731,-0.730918274407257,0.9916471767457401,0.6290991000239027,0.4031176934333141,0.06369546444847612,0.20614251319821864,0.10238594293746699,0.002720918712626807,0.025282692841328974,0.10114390660647289,0.006005947456413683,0.03276287174461569,11.652733016373713,0.38751798534469234,0.22657966238117871,rl2,liMUt-8vcABzgMW2,14,2994.0,"In this task, the collector will sit or stand in front of a table which has a piece of clothing placed horizontally with the collar/waist facing the collector's right. The clothing will be placed with the backside facing the collector. The collector will fold using the following strategy.","{""short sleeve shirts"",""long sleeve shirts"",shorts}"
2025-11-22-23-48-44-122000,1763.0,58.766666666666666,0.0,0.0,0.0,0.0,0.0,0.0,0.0,0.0,0.0,0.0,0.0,0.0,0.0,0.0,46.33191632839478,0.5377197958026092,40.18105185054808,0.29778786159954623,0.5377197958026092,46.33191632839478,33.99811457447892,0.5788555262397092,0.24955168262669575,49.429209642890505,0.841586997325037,0.2794221530794397,11.03602151745098,0.0005675368898978433,2.7484848671378557,0.710221261782373,83.42732421736943,0.0,58.766666666666666,4.090448091942977,33.99811457447892,0.5788555262397092,0.8478316447484974,1.4027652597732312,35.68190088186539,0.4030539318919182,0.31333489529788494,0.46095280535519123,0.05821412692162268,-0.15825968684435263,-0.2602881857289622,-0.298131342434234,0.9948921679909194,49.429209642890505,0.841586997325037,0.9748588807904043,2.110199159507766,43.2464925957152,0.37306590378284454,0.5913746915757656,0.39801801554858685,0.0878114246687959,-0.21353822033292383,0.1765647811456388,-0.3259283669633126,0.9954597048808173,0.7844186704131391,0.4504900934690886,0.1105773158341104,0.1516779408990248,0.10358262403082055,0.0038818017953201143,0.02100601647294939,0.10459440059487105,0.004546584790789151,0.02332891682207043,4.597083848405264,0.15174062926242368,0.18168544570579884,rl2,4OOitkcdBEpTp3V5,3,1763.0,"In this task, the collector will sit or stand in front of a table which has a piece of clothing placed horizontally with the collar/waist facing the collector's right. The clothing will be placed with the backside facing the collector. The collector will fold using the following strategy.","{""short sleeve shirts"",""long sleeve shirts"",shorts}"
2025-11-23-19-41-59-700000,3584.0,119.46666666666667,0.0,0.0,0.0,0.0,0.0,0.0,0.0,0.0,0.0,0.0,0.0,0.0,0.0,0.0,39.174042703706704,0.078125,26.24528795375156,0.009765625,0.078125,39.174042703706704,54.057394342161835,0.45261563780766256,0.36545341404136467,71.0771178158383,0.5951196021421014,0.7919607569171944,15.338460779582991,0.0011163829193413341,5.71062996644807,0.523867619974882,125.13451215800015,0.0,119.46666666666667,4.791373089490018,54.057394342161835,0.45261563780766256,0.6486131803979536,1.4044754817770007,24.322957461757785,0.34497296810150146,0.4972043130546808,0.6516249775886536,0.11176805044112628,0.372424897845901,-0.33877961974004783,-0.6146133193703592,0.9829751604800446,71.0771178158383,0.5951196021421014,0.8886228928807679,1.5685925754704133,36.7911540017349,0.5529552735388279,0.765361376106739,0.6182472705841064,0.2616488039466617,0.03236310819426892,-0.30323627677717013,-0.6660594920197452,0.985766117778398,0.6772245704879486,0.36231278769583614,0.07926344902776711,0.030480377027873644,0.1016809743340265,0.006116192411253825,0.02966981598953866,0.10154826993601247,0.007109755066776383,0.02783720238258859,12.856900038270846,0.5229828759510303,0.2374253902118787,rl2,VROAuSISD7m-3qs6,7,3584.0,fold clothes,"{shorts,t-shrits,long-sleeve-shirts}"
2025-11-23-19-42-15-896000,2839.0,94.63333333333334,0.0,0.0,0.0,0.0,0.0,0.0,0.0,0.0,0.0,0.0,0.0,0.0,0.0,0.0,29.651453250583735,0.0031701303275801338,24.989224794810315,0.0028178936245156746,0.0031701303275801338,29.651453250583735,38.364781890976275,0.40554737728304724,0.41020142175426816,63.56755301311942,0.6719614483416431,0.6372875640649919,29.019911091595525,0.0017618040873854828,25.776077486807154,0.538754412812345,101.9323349040957,0.0,94.63333333333334,4.5605214343192095,38.364781890976275,0.40554737728304724,0.983830417744887,0.9099103141093596,39.00815097558061,1.1789634749293327,0.7542738206684589,0.7523106746375561,0.6690007569942655,0.3341756753817689,-0.23203273820298795,-0.7350908797227735,0.9950669485553206,63.56755301311942,0.6719614483416431,1.0471738259710996,1.715070878352027,43.43971659545497,0.994860865175724,0.799204558134079,0.8723459579050541,0.6935999490828957,-0.04217144169796464,-0.3227762257086206,-0.7737717952798394,0.9961240310077519,0.7584503230911747,0.4185589077213651,0.1197603679375921,0.0683822823797956,0.10271767242069478,0.005060362407830824,0.02475045660788612,0.10042466270396734,0.006313225414584138,0.03051457636666255,16.218230924431573,1.1258698659500233,0.2196236870492475,rl2,VROAuSISD7m-3qs6,7,2839.0,fold clothes,"{shorts,t-shrits,long-sleeve-shirts}"
2025-11-23-19-42-30-541000,2359.0,78.63333333333334,0.0,0.0,0.0,0.0,0.0,0.0,0.0,0.0,0.0,0.0,0.0,0.0,0.0,0.0,37.32748949720322,0.012293344637558287,26.374084303945768,0.00211954217888936,0.012293344637558287,37.32748949720322,30.244910853018297,0.3847953034735152,1.0921050497350533,42.8971691062792,0.545765510258005,0.9761072876262683,27.133852936843105,0.0014843087362171332,19.921886266730677,0.4652804068657601,73.14207995929749,0.0,78.63333333333334,4.377432765663654,30.244910853018297,0.3847953034735152,0.8260835626473646,0.9312311513623336,31.74879057954801,0.44264036789536476,1.0138697624206543,0.8597567221149802,0.3858413506143254,-0.017595036094672677,-0.5132563263051537,-0.671001029210327,0.9936386768447837,42.8971691062792,0.545765510258005,0.8979997846190381,1.2366220846854399,35.95559312091004,0.792732086032629,1.102355882525444,0.8049919717013836,0.7034606513228918,-0.2934940693755494,-0.11896109855174189,-0.6986505393429978,0.993214588634436,0.8253685525086641,0.5014610280930701,0.12319953030322194,0.15164184960989485,0.10158500055485206,0.005796005187067793,0.024154152008754315,0.10030235567718851,0.007990261350378442,0.031135333562231568,11.906223593655245,0.9080037468625591,0.21596661648587315,rl2,VROAuSISD7m-3qs6,7,2359.0,fold clothes,"{shorts,t-shrits,long-sleeve-shirts}"
2025-11-23-19-42-41-832000,3510.0,117.0,0.0,0.0,0.0,0.0,0.0,0.0,0.0,0.0,0.0,0.0,0.0,0.0,0.0,0.0,32.69273717666108,0.004843304843304843,19.987474074430025,0.0002849002849002849,0.004843304843304843,32.69273717666108,38.90086570724926,0.33258078404601815,0.43883703168392046,56.453664315721454,0.4826474578146605,0.4208145444898996,17.96894530644663,0.0004274722143060701,4.188230886808159,0.4076141209303393,95.35453002297072,0.0,117.0,4.770684624465665,38.90086570724926,0.33258078404601815,0.5614644769426358,0.8563887177300188,16.878877756606563,0.4422110803425312,0.1825745776295662,0.6167360600084066,0.049793111659221755,-0.01133266778959975,-0.4056026788263919,-0.619741045333912,0.9766315189512682,56.453664315721454,0.4826474578146605,0.724640255535973,1.2220103396410698,25.217330980619383,0.43297338113188744,0.5241736061871052,0.6317372471094131,0.14337480152261733,-0.1969226933853897,-0.0893952860061241,-0.644797307417391,0.987175833570818,0.7860961241914028,0.37448094290434303,0.06447892093456795,0.1497386487989532,0.10301119605005433,0.004724928528539628,0.02888706140563145,0.10101388497087337,0.006963551894282949,0.03308706550542487,10.729657077067852,0.3015569850667184,0.1912227423568201,rl2,VROAuSISD7m-3qs6,6,3510.0,fold clothes,"{shorts,t-shrits,long-sleeve-shirts}"
2025-11-23-19-42-53-057000,3521.0,117.36666666666666,0.0,0.0,0.0,0.0,0.0,0.0,0.0,0.0,0.0,0.0,0.0,0.0,0.0,0.0,38.36045350845318,0.05850610621982391,22.643940834601313,0.0,0.05850610621982391,38.36045350845318,36.51796492483833,0.31123265560941754,0.36039727902327695,54.17023620971956,0.4616781495146553,0.38584200298167537,5.759109952711917,0.0,2.976565703751962,0.3864554025620365,90.68820113455789,0.0,117.36666666666666,4.773787151280932,36.51796492483833,0.31123265560941754,0.5407883650786784,0.7985693460632309,15.997270142886073,0.1700768917798996,0.27360372617840767,0.45280417054891586,0.021070640448190455,0.40603218262327967,-0.29747122655247327,-0.6182899276263858,0.9693181818181819,54.17023620971956,0.4616781495146553,0.6146613802162482,1.1844384949563436,22.144513041731976,0.3713234979659319,0.29994659032672644,0.487582691013813,0.054305603242498356,0.07554373484780946,-0.2540136807278387,-0.6448517928999769,0.9738636363636364,0.7656566692178635,0.341717295076014,0.059736224095980874,0.15771616912938446,0.10228687240371455,0.0055839080112049105,0.028618093552324322,0.09959438750350572,0.007594155237712646,0.03299421446585078,10.028504913360376,0.27733537725298973,0.19114098834709192,rl2,VROAuSISD7m-3qs6,6,3521.0,fold clothes,"{shorts,t-shrits,long-sleeve-shirts}"
2025-11-23-19-43-04-853000,3271.0,109.03333333333333,0.0,0.0,0.0,0.0,0.0,0.0,0.0,0.0,0.0,0.0,0.0,0.0,0.0,0.0,43.77179260878846,0.3717517578722103,28.854870410225566,0.01834301436869459,0.3717517578722103,43.77179260878846,52.66016286086898,0.4831207601914585,0.3854651933037851,70.77513370570247,0.6493131532633254,0.3702435436229401,19.709077398767228,0.0027522935779816515,5.961993905284773,0.5662169567273919,123.43529656657145,0.0,109.03333333333333,4.700783350191037,52.66016286086898,0.4831207601914585,0.8308354330659529,1.4340784570360774,30.973799715900512,0.26111242175102234,0.468744870275259,0.5771676395088434,0.07064249572239706,0.5468956380786425,-0.07222022511741859,-0.5651187503824847,0.9883792048929664,70.77513370570247,0.6493131532633254,1.121845467254517,1.6352080040701331,44.96727922908325,0.6784952245652676,0.43331910390406847,0.6161785237491131,0.18115953157510653,0.2404205675078291,-0.22213928066268085,-0.6004200563215127,0.9889908256880734,0.7474578452787117,0.35916720848880085,0.08030738810308989,0.0888184846493366,0.10227162361282159,0.006934557822234667,0.03008459114414508,0.10127537498826693,0.00838664359388444,0.032465937769018585,14.02190730502496,0.43424843989861256,0.26530624147106585,rl2,VROAuSISD7m-3qs6,6,3271.0,fold clothes,"{shorts,t-shrits,long-sleeve-shirts}"
2025-11-23-19-43-18-340000,2999.0,99.96666666666667,0.0,0.0,0.0,0.0,0.0,0.0,0.0,0.0,0.0,0.0,0.0,0.0,0.0,0.0,44.009857418587934,0.3284428142714238,29.70138187132315,0.009669889963321108,0.3284428142714238,44.009857418587934,40.077636164755006,0.40104372413030365,0.2478447844917141,70.07886695302537,0.7012561736460178,0.4246525911411211,18.825893254949055,0.0015010006671114075,4.703685499422949,0.5511499488881607,110.15650311778037,0.0,99.96666666666667,4.614790429365082,40.077636164755006,0.40104372413030365,0.7086115554090365,1.0185237026138894,24.768690639650043,0.24937338382005692,0.5563519839197397,0.656499620527029,0.09108234823781322,0.4916537386719566,-0.31986251714844016,-0.5999587817808844,0.9956637758505671,70.07886695302537,0.7012561736460178,1.0337859509519376,1.8503361808446388,42.97891094898766,0.5729540698230267,0.7388387322425842,0.6998246386647224,0.2962502269309525,0.1196087730696618,-0.3227684486389692,-0.6320743243290449,0.9986657771847899,0.7254631597541817,0.4045847053802875,0.1200741324742251,0.14547371015481972,0.10368963262086606,0.005275086928745517,0.033512909512718736,0.10043083645156074,0.006585029255424254,0.030768453253191858,14.018911689354436,0.49821061023536123,0.2172359093865024,rl2,VROAuSISD7m-3qs6,6,2999.0,fold clothes,"{shorts,t-shrits,long-sleeve-shirts}"
2025-11-23-19-43-46-578000,2907.0,96.9,0.0,0.0,0.0,0.0,0.0,0.0,0.0,0.0,0.0,0.0,0.0,0.0,0.0,0.0,45.75170192429215,0.5531475748194015,38.98108518934144,0.26625386996904027,0.5531475748194015,45.75170192429215,41.26941352554351,0.4260434981990039,0.10842466311153848,54.562748653519805,0.5632768271182361,0.10020967516904405,19.102768782496604,0.00258086717136958,3.038990354886867,0.49466016265862,95.83216217906332,0.0,96.9,4.583946549536464,41.26941352554351,0.4260434981990039,0.9263549668948721,1.0010639642628343,34.592105966777524,0.8355324696749449,0.5278850076720119,0.5789135452359915,0.2553385399752532,0.373441491097258,-0.30555100971912963,-0.4472491300649144,0.9845147969717826,54.562748653519805,0.5632768271182361,1.057652952729067,1.3735292042835794,43.01959356328824,0.6761203110218048,0.45152622647583485,0.5376777332276106,0.16414551279063425,-0.09594970178096143,-0.33715780719148464,-0.453578207579047,0.9862353750860289,0.7657769444794457,0.49412098035545854,0.12452883748291349,0.11394712233084768,0.10154086691811719,0.0062546692932433715,0.032209802191555906,0.10013602088441079,0.008988765489405817,0.0352019539891799,9.924716554851855,0.3900336169200297,0.18803962364664747,rl2,VROAuSISD7m-3qs6,3,2907.0,fold clothes,"{shorts,t-shrits,long-sleeve-shirts}"
2025-11-23-19-44-09-197000,3135.0,104.5,0.0,0.0,0.0,0.0,0.0,0.0,0.0,0.0,0.0,0.0,0.0,0.0,0.0,0.0,39.72432725337829,0.07304625199362041,34.0978720677172,0.01945773524720893,0.07304625199362041,39.72432725337829,49.53304981002543,0.474151721219133,0.3826320158934381,63.92170370074884,0.6118861234915334,0.2315491179876274,18.903109357564837,0.0022335673261008296,3.818947449730876,0.5430189223553332,113.45475351077428,0.0,104.5,4.658710952916121,49.53304981002543,0.474151721219133,0.6783946433252002,1.3375882402453776,25.139226885153143,0.5644026733934879,0.3216678015887737,0.3557952754199505,0.06459469172769633,-0.05329836732195468,-0.34192283286028313,-0.4262661301348198,0.9917038927887684,63.92170370074884,0.6118861234915334,1.0376040210046356,1.479177945127173,42.855856241104576,0.5052008582279086,0.7079069092869759,0.3289785720407963,0.11765431020856756,-0.27410217118575764,-0.10188496006315535,-0.44694380723474697,0.9907466496490108,0.7203344496435319,0.33732442229656534,0.06852081643203264,0.16399884546865384,0.10172295507292319,0.00528790707460066,0.030378112650299827,0.10116370875774341,0.006963601241905836,0.031936305891419436,12.98076037938458,0.3511096706899247,0.3057386573251527,rl2,VROAuSISD7m-3qs6,3,3135.0,fold clothes,"{shorts,t-shrits,long-sleeve-shirts}"
2025-11-23-19-44-25-710000,3145.0,104.83333333333333,0.0,0.0,0.0,0.0,0.0,0.0,0.0,0.0,0.0,0.0,0.0,0.0,0.0,0.0,40.27113105377827,0.2012718600953895,34.79559201837447,0.11192368839427663,0.2012718600953895,40.27113105377827,49.19147944470899,0.4693843458464598,0.6246772100326353,69.70429272150349,0.6651172969609113,0.6330342062126292,22.173439204936017,0.005089058524173028,4.965945424067061,0.5672508214036855,118.89577216621248,0.0,104.83333333333333,4.661865529664636,49.19147944470899,0.4693843458464598,0.9648062162902453,1.3021078283606606,38.92182258676695,0.7372111678123474,0.46656955406069756,0.47196779027581215,0.16233817603863518,0.215629355528574,-0.32312536906800415,-0.4437438774273534,0.9831424936386769,69.70429272150349,0.6651172969609113,1.3548192583495118,1.5536146178370793,57.08959463711053,0.5446221120655537,0.6083491370081902,0.4675699807703495,0.15491546925578795,-0.1655301792224327,-0.25097836486214925,-0.44510331561045635,0.9844147582697201,0.7673142094106591,0.4052652670056516,0.09884543881524971,0.14207644515298598,0.1021846720155982,0.005025499006940067,0.03148521505227246,0.09983523377013644,0.007445861221437068,0.03038332936286503,13.451388230661824,0.3350903063951779,0.28465547184206463,rl2,VROAuSISD7m-3qs6,3,3145.0,fold clothes,"{shorts,t-shrits,long-sleeve-shirts}"
2025-11-23-19-44-41-638000,3161.0,105.36666666666666,0.0,0.0,0.0,0.0,0.0,0.0,0.0,0.0,0.0,0.0,0.0,0.0,0.0,0.0,44.034745013928415,0.3970262575134451,39.44965559986828,0.24517557734894022,0.3970262575134451,44.034745013928415,38.33075095029881,0.36389953433827976,0.2968431303981905,69.0900352527351,0.6559180561968522,0.3494213164192642,19.262130563702453,0.003639240506329114,4.3789914665666245,0.5099087952675659,107.42078620303391,0.0,105.36666666666666,4.666892244616088,38.33075095029881,0.36389953433827976,0.7634548471006625,0.8645532568644986,30.162886393303314,0.48721031844615936,0.3895687833428383,0.49304250068962574,0.09358041869060886,0.09145634242105724,-0.43565405860698814,-0.4504171426253902,0.9876582278481013,69.0900352527351,0.6559180561968522,1.2195780200985646,1.6875312729582284,51.93571046931387,0.6182669531553984,0.5453923866152763,0.51940375007689,0.17514195202159794,-0.24795481671980762,-0.27061237244622544,-0.4656700448506346,0.9873417721518988,0.8144743315648229,0.4041145653399198,0.14098984729197447,0.050207901417737226,0.10202901296307078,0.005302209709616433,0.03299111168263308,0.09952432395003571,0.006879258764490555,0.03453865689057453,10.233754685862953,0.33650955227437856,0.17970058369398872,rl2,VROAuSISD7m-3qs6,3,3161.0,fold clothes,"{shorts,t-shrits,long-sleeve-shirts}"
2025-11-23-19-44-54-068000,3403.0,113.43333333333334,0.0,0.0,0.0,0.0,0.0,0.0,0.0,0.0,0.0,0.0,0.0,0.0,0.0,0.0,31.972468744872653,0.0011754334410813989,21.152211061272727,0.0005877167205406994,0.0011754334410813989,31.972468744872653,43.250559924068,0.3813982356619753,0.4495515342996554,70.71804845968742,0.6236159476162912,0.36452086194975275,16.460229042064782,0.00102880658436214,11.300037801483619,0.5025070916391332,113.96860838375542,0.0,113.43333333333334,4.739992411795536,43.250559924068,0.3813982356619753,0.6437844457107372,0.882053251041498,22.64238911805768,0.5506812036037445,0.36328351870179176,0.5494455918669701,0.10991846169550412,0.10114126657870608,-0.413364154928455,-0.6675842303148866,0.9961787184009406,70.71804845968742,0.6236159476162912,0.8298512264632836,1.5456893548346238,32.84745515028417,0.6137557234615088,0.5764830447733402,0.6400864832103252,0.2264752511226502,-0.18433747813529783,-0.161621747596732,-0.7289198235765454,0.9970605526161082,0.7519279771879974,0.41635373172208573,0.11823493876120289,0.17868797396016212,0.10264494981104215,0.005475637316388212,0.02557121919217238,0.09867024063998381,0.007108789991153196,0.028509155553373897,20.48017028823764,0.722102950704992,0.22316041378363455,rl2,VROAuSISD7m-3qs6,5,3403.0,fold clothes,"{shorts,t-shrits,long-sleeve-shirts}"
2025-11-23-19-45-07-808000,2660.0,88.66666666666667,0.0,0.0,0.0,0.0,0.0,0.0,0.0,0.0,0.0,0.0,0.0,0.0,0.0,0.0,23.530225340971178,0.0,19.697409796840653,0.0,0.0,23.530225340971178,37.633885412062384,0.4246019414674206,0.08737775084690856,43.5329797642819,0.4911581018911082,0.11184013115971186,9.438731801828236,0.0,4.225212177527947,0.4578800216792644,81.16686517634429,0.0,88.66666666666667,4.496099090933729,37.633885412062384,0.4246019414674206,0.6425249356107582,1.1245761402627186,20.421920495429983,0.4148710295557976,0.3059066869318485,0.35021206736564636,0.044446051610190544,-0.018648983954094856,-0.31091038475191235,-0.747652404839383,0.9808198570891312,43.5329797642819,0.4911581018911082,0.701249720238264,1.1331552404037217,23.340167781948004,0.33143742196261883,0.42013101652264595,0.2659253031015396,0.037029338177192464,-0.24683005559237156,-0.12005994943858131,-0.7960341244487834,0.9830763444904099,0.8025851885851891,0.3140523643090216,0.05177003096539973,0.18113116228182025,0.1017867093122705,0.006307997147233657,0.02778334873887907,0.10025425169693922,0.008132138584145463,0.031145018582183492,10.366601637642049,0.34366243142561953,0.23811083020848595,rl2,VROAuSISD7m-3qs6,5,2660.0,fold clothes,"{shorts,t-shrits,long-sleeve-shirts}"
2025-11-23-19-45-26-311000,2687.0,89.56666666666666,0.0,0.0,0.0,0.0,0.0,0.0,0.0,0.0,0.0,0.0,0.0,0.0,0.0,0.0,27.750428116504942,0.006698920729438035,25.13265138752275,0.010048381094157052,0.010048381094157052,27.750428116504942,34.11433077745175,0.3810237987057158,0.539454518113001,46.131382543798,0.5152425451652792,0.5867314118124302,17.02102318857874,0.0022338049143708115,10.432537591569575,0.4481331719354975,80.24571332124975,0.0,89.56666666666666,4.506086227764192,34.11433077745175,0.3810237987057158,0.776990777057341,0.8898797113175734,29.185305972631106,0.37108929455280304,0.7719785757362843,0.6315308585762978,0.180916530226396,0.34551453775201846,-0.18061177685579016,-0.7147865951460536,0.990692479523455,46.131382543798,0.5152425451652792,1.0225453825123192,1.1535215340575236,41.24123149297566,0.7600834965705872,0.5109065640717745,0.6680635623633862,0.25943022390118176,-0.10609742334915952,-0.33169708770235695,-0.7452124459360517,0.994415487714073,0.8001249648606015,0.4957741733263127,0.12276907172820184,0.17861151119484903,0.09999315910826934,0.00693913335354559,0.031095308654971024,0.09914323073094326,0.0075423458469155175,0.031033295969840016,12.754259973068944,0.838555364220376,0.20093116705245043,rl2,VROAuSISD7m-3qs6,5,2687.0,fold clothes,"{shorts,t-shrits,long-sleeve-shirts}"
2025-11-23-19-45-45-117000,2530.0,84.33333333333333,0.0,0.0,0.0,0.0,0.0,0.0,0.0,0.0,0.0,0.0,0.0,0.0,0.0,0.0,29.278181304078654,0.004347826086956522,23.85591314840005,0.004347826086956522,0.004347826086956522,29.278181304078654,29.052944997503005,0.3446375444543654,0.2612925762332256,51.16995538447988,0.6069982845134031,0.25885603872953505,17.826172632707028,0.0009885330170027679,8.771721146593586,0.4758179144838843,80.22290038198288,0.0,84.33333333333333,4.446565155811452,29.052944997503005,0.3446375444543654,0.6461753096765718,0.7984816199120184,22.26077948060844,0.34738167747855186,0.5264549236744642,0.4951351061463356,0.09055070159830887,0.3054791104092664,-0.23692888357134062,-0.6833720481825676,0.9960458679319889,51.16995538447988,0.6069982845134031,0.8755362932019793,1.5666946301727667,35.97801574482593,0.6427439972758293,0.5815590280108154,0.5240751728415489,0.19589593206646516,-0.08243438003165095,-0.2628934763172244,-0.7315895539969794,0.9988137603795967,0.7687144888289553,0.42062969490232066,0.12683999774208787,0.1544933826514478,0.10320862121367066,0.00668358375579727,0.030261965352639073,0.09894216570257758,0.008048364198346104,0.03378585294988473,14.164716553076236,0.6771245015695354,0.1933371697521661,rl2,VROAuSISD7m-3qs6,5,2530.0,fold clothes,"{shorts,t-shrits,long-sleeve-shirts}"
2025-11-24-20-22-59-483000,3214.0,107.13333333333334,0.0,0.0,0.0,0.0,0.0,0.0,0.0,0.0,0.0,0.0,0.0,0.0,0.0,0.0,26.4279892050626,0.001866832607342875,25.238402642365926,0.008089607965152458,0.008089607965152458,26.4279892050626,46.60030852337461,0.43511025698762484,0.4085608108699595,63.910352501133566,0.5967353174709016,0.4466037875218304,16.02726802598826,0.001556178026766262,5.209698549795032,0.5159227872292631,110.51066102450818,0.0,107.13333333333334,4.683365033573148,46.60030852337461,0.43511025698762484,0.7533454495402123,1.3786093243127973,27.25471785413291,0.500677403062582,0.3239227570593357,0.7897985018789768,0.12809015666246581,-0.065540574906555,-0.33660317792463873,-0.6977113862895751,0.9800809212573919,63.910352501133566,0.5967353174709016,0.9286885425231054,1.594316475834109,37.56013357371968,0.4830348249524832,0.5742518361657858,0.6954517066478729,0.19290692246889615,-0.32007757302515055,-0.06182262328975022,-0.7332116655875566,0.9838157485216309,0.7643322124276852,0.39017746909692536,0.0827147259403083,0.10628076959111235,0.10471159251219632,0.006758433242108443,0.02975881563264822,0.10074949224811244,0.00932590836049131,0.03377844144797015,12.32124419204542,0.4189026060144033,0.24862556828896734,rl2,VROAuSISD7m-3qs6,1,3214.0,fold clothes,"{shorts,t-shrits,long-sleeve-shirts}"
2025-11-24-20-23-14-893000,3829.0,127.63333333333334,0.0,0.0,0.0,0.0,0.0,0.0,0.0,0.0,0.0,0.0,0.0,0.0,0.0,0.0,41.1027870280904,0.257508487855837,44.581575937174,0.4776704100287281,0.4776704100287281,44.581575937174,43.46758739335854,0.34065507361566255,0.14303800440787467,72.29517485046918,0.5665766054112006,0.05485049056888914,27.782152023285526,0.0028735632183908046,9.317653403061527,0.4536158395134315,115.76276224382772,0.0,127.63333333333334,4.856965979875463,43.46758739335854,0.34065507361566255,1.1437143984573495,0.7920300041242029,46.9282158897936,1.290348380804062,0.7231921819038689,0.4284382276237011,0.39980564128862506,-0.09185094093029736,-0.41637793765783376,-0.48403595895505225,0.9793625914315569,72.29517485046918,0.5665766054112006,1.3530247347306006,1.4466396653167843,57.39447457588271,1.152234248816967,0.5769007988274097,0.43466606363654137,0.28893333767980744,-0.42075420853619355,-0.20539560999929735,-0.5007526157406827,0.9791013584117032,0.9046545172129734,0.42197361154379515,0.13358969401603096,0.03323150923517088,0.1065869295959458,0.006746108519200963,0.02976886041574911,0.10073246141753965,0.008810868850305605,0.03208922704997795,11.914049672778141,0.5771972095667173,0.16353670440548634,rl2,VROAuSISD7m-3qs6,1,3829.0,fold clothes,"{shorts,t-shrits,long-sleeve-shirts}"
2025-11-24-20-23-30-277000,3592.0,119.73333333333333,0.0,0.0,0.0,0.0,0.0,0.0,0.0,0.0,0.0,0.0,0.0,0.0,0.0,0.0,41.488894610494384,0.2806236080178174,43.81059641481852,0.4278953229398664,0.4278953229398664,43.81059641481852,65.13853393194421,0.5441815700245966,0.6128437553882515,88.02068190145062,0.7353440426186351,1.0193974067676261,26.275917910672632,0.007936507936507936,11.473050765896,0.6397628063216159,153.15921583339482,0.0,119.73333333333333,4.7935842567812035,65.13853393194421,0.5441815700245966,1.5939415242087356,1.3971694131220487,64.68234386756053,1.1860212236642838,0.553667051717639,0.5912904012948275,0.38827727180894817,-0.25085395780357767,-0.24531786363024288,-0.4357519593794534,0.9713171818434976,88.02068190145062,0.7353440426186351,2.037471113788352,1.5794373905007955,85.27587336353284,0.9152439683675766,1.3571138381958008,0.5323555376380682,0.661233625387397,-0.34603939129725175,0.10589007564191862,-0.4365359874963885,0.9841269841269841,0.9196430748068452,0.4205221655390635,0.09741842727299428,0.14126716378068435,0.10610119009937102,0.007609082753951782,0.030350844339987845,0.10051141920736766,0.009519916725373875,0.035158648416204044,16.2929783121602,0.6624597292855029,0.3142735138572906,rl2,VROAuSISD7m-3qs6,1,3592.0,fold clothes,"{shorts,t-shrits,long-sleeve-shirts}"
2025-11-24-20-23-46-303000,3772.0,125.73333333333333,0.0,0.0,0.0,0.0,0.0,0.0,0.0,0.0,0.0,0.0,0.0,0.0,0.0,0.0,37.76661055244371,0.06283138918345706,32.896074937067155,0.05567338282078473,0.06283138918345706,37.76661055244371,68.488762180593,0.544858887673771,0.15987177366030014,84.33568616917367,0.6709282909242138,0.3528504703377796,13.16759458377755,0.0005303632988597189,4.137003789402477,0.6078935892989924,152.82444834976667,0.0,125.73333333333333,4.842085141386219,68.488762180593,0.544858887673771,0.7575408232150171,1.5984819974606475,26.147837899816526,1.0282288119196892,1.3738165944814682,1.0316344648599625,1.4572845803545167,-0.006541198773076511,-0.39018110193299577,-0.5608058794382328,0.9899230973216654,84.33568616917367,0.6709282909242138,0.8281749825409599,1.763553675514381,32.79925820309616,1.2101859971880913,1.2214780151844025,1.3565036114305258,2.005204786103435,-0.29462456716775026,-0.18864889197859797,-0.5946884080080312,0.9917793688676744,0.7268842537111497,0.3897604418902232,0.09367235918292466,0.012106759660677521,0.10344652682047038,0.006383712218676863,0.03382522330778001,0.10111712742399354,0.008709207187525818,0.034053596150488905,22.543210623052445,1.6714939793408643,0.31183391463696336,rl2,VROAuSISD7m-3qs6,2,3772.0,fold clothes,"{shorts,t-shrits,long-sleeve-shirts}"
2025-11-24-20-24-01-320000,2384.0,79.46666666666667,0.0,0.0,0.0,0.0,0.0,0.0,0.0,0.0,0.0,0.0,0.0,0.0,0.0,0.0,29.349851727039272,0.015939597315436243,28.17438277157982,0.027684563758389263,0.027684563758389263,29.349851727039272,37.874185009027016,0.47680467908972335,0.502531293811925,54.478566410189316,0.6858401142701132,0.4195554968054023,30.729159956742624,0.005245488879563575,8.563080048769972,0.5813223966799183,92.35275141921633,0.0,79.46666666666667,4.387843019995321,37.874185009027016,0.47680467908972335,1.1561268732904988,1.1255510484013218,45.15787110856557,0.6459798589348793,0.9840347990393639,0.738410759717226,0.46938310183258697,0.025224213789985985,-0.35347380325504446,-0.6212735002174435,0.9895090222408729,54.478566410189316,0.6858401142701132,1.542205539062277,1.5784788655573776,62.99504095804672,0.8599259927868843,1.1571844518184662,0.8825096059590578,0.8781791212333618,-0.3230980859665847,0.019392064868867274,-0.6437390739085105,0.9962232480067142,0.8344740071219154,0.5323037200263221,0.13599471495514254,0.036139314108002515,0.10287217266036106,0.007379255084867233,0.03240196936681744,0.09991713189138797,0.009709081112404896,0.030621707750041485,13.918482442324926,0.56987708151541,0.2691432809482761,rl2,VROAuSISD7m-3qs6,2,2384.0,fold clothes,"{shorts,t-shrits,long-sleeve-shirts}"
2025-11-24-20-24-16-462000,3310.0,110.33333333333333,0.0,0.0,0.0,0.0,0.0,0.0,0.0,0.0,0.0,0.0,0.0,0.0,0.0,0.0,24.4445435221138,0.002719033232628399,22.599299380027375,0.0021148036253776435,0.002719033232628399,24.4445435221138,37.343022683551126,0.3385586825344617,0.14339919871541862,61.63389395848859,0.5587841700678929,0.14663573768974494,25.359894782295452,0.0012088244182532487,6.458213071846793,0.4486714263011773,98.97691664203973,0.0,110.33333333333333,4.712528704308591,37.343022683551126,0.3385586825344617,0.6629020240828661,0.913105318132835,23.590152720003616,0.24222512543201447,0.3509918376803398,0.7250059321522713,0.06163930972900939,0.16036076543183034,-0.27415387869455216,-0.697662059492305,0.9821698398307646,61.63389395848859,0.5587841700678929,0.9531812347204175,1.4968692604656637,39.14930597054213,0.7131669819355011,0.6453600568929687,0.8847733391448855,0.40721647283031476,-0.17439193847445697,-0.22780480188601776,-0.7413334261436083,0.9900271985494107,0.7163365330768439,0.36257425759302453,0.08180915262559754,0.1715655234030962,0.10316240232050343,0.005558530258735616,0.0317923436938778,0.09863077907309147,0.007571343620140202,0.03232740752447534,10.905567107383,0.41366006735860567,0.1807157601562606,rl2,VROAuSISD7m-3qs6,2,3310.0,fold clothes,"{shorts,t-shrits,long-sleeve-shirts}"
2025-11-24-20-24-32-080000,3457.0,115.23333333333333,0.0,0.0,0.0,0.0,0.0,0.0,0.0,0.0,0.0,0.0,0.0,0.0,0.0,0.0,29.25305661361214,0.00809950824414232,20.348970243325226,0.011859994214636968,0.011859994214636968,29.25305661361214,59.41922065005817,0.515791845920644,0.3146343596273288,72.68773207915737,0.6309698965204632,0.3285965740398833,21.339269333520207,0.0026041666666666665,5.4796045915877585,0.5733808712205536,132.10695272921555,0.0,115.23333333333333,4.755599665013496,59.41922065005817,0.515791845920644,0.9616976466828626,1.5904473087140496,36.58357551792019,0.5816214047372341,0.7027801275253296,0.6266902014613152,0.2561608512889803,0.04525073665407849,-0.3277254773137915,-0.6065192607710704,0.9864004629629629,72.68773207915737,0.6309698965204632,1.1386335384645578,1.5883135477495056,45.87174654685905,0.460028238594532,0.9587634056806564,0.6947039440274239,0.3064048993907699,-0.21391051845037207,-0.03348936426317177,-0.6572362817877767,0.9904513888888888,0.7877947977169072,0.41837679019610535,0.07619439846229707,0.1806399894329079,0.10352834524925852,0.006948073605033396,0.03087005967678033,0.1000582122916777,0.009229929890870459,0.031802886569168715,16.64339144368904,0.5199744433516859,0.2753352594474596,rl2,VROAuSISD7m-3qs6,2,3457.0,fold clothes,"{shorts,t-shrits,long-sleeve-shirts}"
2025-11-24-20-24-48-557000,3317.0,110.56666666666666,0.0,0.0,0.0,0.0,0.0,0.0,0.0,0.0,0.0,0.0,0.0,0.0,0.0,0.0,27.659444380195076,0.006029544769369913,26.28477051776931,0.006933976484775399,0.006933976484775399,27.659444380195076,56.91120847162256,0.5148782431087686,0.12080863869803156,83.4335419974229,0.7548269782637778,0.17844992911365615,24.503557144544587,0.002261761158021713,14.74707106251602,0.6348526106862732,140.34475046904547,0.0,110.56666666666666,4.714622319549171,56.91120847162256,0.5148782431087686,1.0552913880119377,1.2230022812566252,42.56711096015341,1.0754649937152863,0.49004053324460983,0.5500246733427048,0.2898747948339598,-0.08141771810371311,-0.3119574816193334,-0.62881771008545,0.9951749095295537,83.4335419974229,0.7548269782637778,1.0858273271218808,1.8907685616997372,46.14753736034515,0.6076873559504747,0.7375457137823105,0.6986743025481701,0.31314386939849514,-0.29525533291396966,0.017630141151407035,-0.6719798496903283,0.9975874547647768,0.6964416400274356,0.4300553808485557,0.12765148918904606,0.05123773803465777,0.1051850447602607,0.006948312615529872,0.03611574371838204,0.10264825585156753,0.008089548084813745,0.03483248469772454,17.352263677474866,0.6623741933867068,0.2234869343751711,rl2,VROAuSISD7m-3qs6,4,3317.0,fold clothes,"{shorts,t-shrits,long-sleeve-shirts}"
2025-11-24-20-25-05-493000,2736.0,91.2,0.0,0.0,0.0,0.0,0.0,0.0,0.0,0.0,0.0,0.0,0.0,0.0,0.0,0.0,4.343905479029687,0.0029239766081871343,30.939592779670534,0.007309941520467836,0.007309941520467836,30.939592779670534,50.485211244377844,0.5537683134666673,0.19793061732219333,63.21359688871338,0.6933849750133094,0.1665933405138326,18.664369972899962,0.003839122486288848,6.56996438840972,0.6235766442399884,113.69880813309123,0.0,91.2,4.523960130562548,50.485211244377844,0.5537683134666673,1.1051756974142912,1.582115763048786,43.06738252285415,0.8928485363721848,0.6409469321370125,0.7635627668350935,0.43696294233093314,-0.003489558628218368,-0.029512254957680534,-0.6290613912244747,0.9937842778793419,63.21359688871338,0.6933849750133094,1.153066557175368,1.734721541603723,47.587431470295996,0.5138359870761633,0.8221504390239716,0.7133336588740349,0.30134814827566125,-0.3159301961671387,0.20444656795275237,-0.6656205451649706,0.9959780621572212,0.8324153347870319,0.4129522537856577,0.08952133780679841,0.011472424492266452,0.10548702874007239,0.00726310207001175,0.027945058481447627,0.10115097285640517,0.009779535287974536,0.03399296367511169,13.334177939758952,0.4481479418738842,0.29810581660048374,rl2,VROAuSISD7m-3qs6,4,2736.0,fold clothes,"{shorts,t-shrits,long-sleeve-shirts}"
2025-11-24-20-25-22-940000,3237.0,107.9,0.0,0.0,0.0,0.0,0.0,0.0,0.0,0.0,0.0,0.0,0.0,0.0,0.0,0.0,9.244745799377068,0.0018535681186283596,32.95255394461007,0.0027803521779425394,0.0027803521779425394,32.95255394461007,56.3357265911052,0.5222718781622856,0.19207222363199175,73.12583393318795,0.677928003088887,0.18902386987861491,22.521765607010217,0.004326328800988875,9.162276455775226,0.6000999406255862,129.46156052429313,0.0,107.9,4.690430029938915,56.3357265911052,0.5222718781622856,1.117561843011966,1.3072117651560582,42.927263228919216,0.9771768376231194,0.4541095979511738,0.574127659201622,0.2547664967948185,0.06872479189736098,0.05482770894079895,-0.6856301294171887,0.9916563658838071,73.12583393318795,0.677928003088887,1.3670169471453792,1.6113224157132906,55.592630624393216,0.664239227771759,0.7289849892258644,0.6070951819419861,0.2939678878049841,0.3240039336573071,-0.3210980096769664,-0.7257300449174461,0.9966007416563659,0.855265239694338,0.4744314586348506,0.11315128797069679,0.030062451199810266,0.10609993475152897,0.007981566529893144,0.03320501275838193,0.10356389999444325,0.008234081150604438,0.03367681926158993,15.519412760999575,0.6107390393952316,0.2420044716060173,rl2,VROAuSISD7m-3qs6,4,3237.0,fold clothes,"{shorts,t-shrits,long-sleeve-shirts}"
2025-11-24-20-25-32-091000,1589.0,52.96666666666667,0.0,0.0,0.0,0.0,0.0,0.0,0.0,0.0,0.0,0.0,0.0,0.0,0.0,0.0,22.02517062321759,0.005663939584644431,23.798906036861176,0.027061044682190057,0.027061044682190057,23.798906036861176,31.546222505704414,0.5959613823495795,0.13154952894717958,43.93600308200688,0.8300252471411879,0.10496486368550843,17.908099026941578,0.005982367758186398,6.528561092950547,0.7129933147453837,75.4822255877113,0.0,52.96666666666667,3.98836657201548,31.546222505704414,0.5959613823495795,1.1054520449244947,1.6810824751029152,43.05072994395533,0.7904743105173111,0.44802322424948215,0.5019237250089645,0.17775671348789035,-0.15287366576253655,-0.19288152389291643,-0.6318659400456053,0.9968513853904282,43.93600308200688,0.8300252471411879,1.5765021608464258,1.898592186610424,65.58440991219814,0.43179321102797985,0.7682508751749992,0.5073452666401863,0.16829936847238686,-0.23799850577998455,0.14392928713030761,-0.6749973284177918,0.9937027707808564,0.8703821831124818,0.3700177456381791,0.08018403740949723,0.07941914650118247,0.10643234207289676,0.006419177904051649,0.028262243030457546,0.10098350577959002,0.00946021234995105,0.0335564838881611,8.542217875912218,0.4211091145502615,0.36431328428473997,rl2,VROAuSISD7m-3qs6,4,1589.0,fold clothes,"{shorts,t-shrits,long-sleeve-shirts}"
2025-11-24-20-25-48-438000,2508.0,83.6,0.0,0.0,0.0,0.0,0.0,0.0,0.0,0.0,0.0,0.0,0.0,0.0,0.0,0.0,33.18652339852092,0.0023923444976076554,27.323603144697962,0.003189792663476874,0.003189792663476874,33.18652339852092,31.0430168296106,0.371476068962233,0.8417442609415119,46.448864989291415,0.5558300557154937,0.8189075256046772,23.459808963404537,0.0007977662544874351,16.624032273499687,0.46365306233886333,77.49188181890202,0.0,83.6,4.437934266612178,31.0430168296106,0.371476068962233,0.7015984778695626,1.0165215756852406,26.24109349401171,0.728398934006691,0.7070033252239227,0.7091948483139277,0.36522149519447417,-0.4469073125483554,-0.0855386050076293,-0.6912180079047701,0.9824491424012765,46.448864989291415,0.5558300557154937,0.902674350808347,1.382806518778662,37.16021120394467,1.1936587989330292,0.556311393622309,0.734917227178812,0.488018837648828,-0.16443973749933952,0.3097323310412292,-0.7188318864727598,0.9864379736737136,0.7546569063070142,0.5005237398662216,0.11776492491160762,0.1404623288370836,0.10200122681731746,0.006692416892278237,0.028744699656143388,0.1003277477432516,0.008212290219711127,0.03268272857431209,9.971341391896926,0.8064313876167944,0.21305479309526607,rl2,VROAuSISD7m-3qs6,7,2508.0,fold clothes,"{shorts,t-shrits,long-sleeve-shirts}"
2025-11-24-20-26-03-116000,3206.0,106.86666666666666,0.0,0.0,0.0,0.0,0.0,0.0,0.0,0.0,0.0,0.0,0.0,0.0,0.0,0.0,41.38750183478611,0.24329382407985028,25.10527956589535,0.026200873362445413,0.24329382407985028,41.38750183478611,68.19120042929896,0.6382951678249512,0.2524463695607639,86.04595075609332,0.8054223159696722,0.5542166111745361,15.512231814761932,0.0026521060842433697,5.457829614331611,0.7218587418973117,154.2371511853923,0.0,106.86666666666666,4.680895896516227,68.19120042929896,0.6382951678249512,0.9363798067916748,1.7755370134666537,36.17144659303726,0.49838539212942123,0.506773944478482,0.6846440620720387,0.17291968197152488,0.4671053333116169,-0.23438558158022743,-0.5792210629861744,0.9931357254290172,86.04595075609332,0.8054223159696722,1.2418872552957063,1.984953676819081,52.378731458348234,0.6112330500036478,0.44677021773532033,0.7044913787394762,0.19238301493871915,0.0800006532036779,-0.2594249278226494,-0.6226832161530276,0.9946957878315132,0.783530102658656,0.4064097761045789,0.07702265540085221,0.11405664395040221,0.10293469124512408,0.006249821097739412,0.028493088335212413,0.10156115136439094,0.00812722375545562,0.032637698747499916,16.59396965929293,0.4619669707303034,0.33591537767722557,rl2,VROAuSISD7m-3qs6,8,3206.0,fold clothes,"{shorts,t-shrits,long-sleeve-shirts}"
2025-11-24-20-26-18-264000,3515.0,117.16666666666667,0.0,0.0,0.0,0.0,0.0,0.0,0.0,0.0,0.0,0.0,0.0,0.0,0.0,0.0,67.79955172586072,1.0,68.11662232864434,1.0,1.0,68.11662232864434,50.389599140911486,0.43019008942155507,0.4998023879010201,78.08124058408615,0.6666013709512193,0.3767291288074827,17.903801121963134,0.002703471826977803,16.708853630333323,0.5483957301863871,128.47083972499763,0.0,117.16666666666667,4.772096057304073,50.389599140911486,0.43019008942155507,0.7829572648235144,1.045513398734434,28.440912860527312,0.6845314502716064,0.36124783381819725,0.70347685739398,0.17395962894531738,-1.8458904002672578,-0.3564357919308488,-0.7340011816498311,0.9926010244735345,78.08124058408615,0.6666013709512193,1.1215115566180998,1.6091771124925316,46.060373255455886,0.6961369216442108,0.6504342276602983,0.6158559396862984,0.2788541998269108,-2.0720097938353783,-0.11775219814532296,-0.7869669140773596,0.995731360273193,0.8083315868219451,0.3531904410887355,0.0684195670735211,0.16351044891517183,0.10111148798928683,0.0050029997543764165,0.033452466872007605,0.09992264899578673,0.006030139012620839,0.031991914279652076,15.746589561498958,0.8587710690409683,0.24662056339862054,rl2,VROAuSISD7m-3qs6,8,3515.0,fold clothes,"{shorts,t-shrits,long-sleeve-shirts}"
2025-11-24-20-26-32-162000,3117.0,103.9,0.0,0.0,0.0,0.0,0.0,0.0,0.0,0.0,0.0,0.0,0.0,0.0,0.0,0.0,37.286074854724035,0.10298363811357074,20.306439316341564,0.023419955085017645,0.10298363811357074,37.286074854724035,50.266486044858986,0.48395204792868096,0.20167567952960938,69.94930259655072,0.6734528491323882,0.5678962758160784,19.509032386117866,0.0025673940949935813,5.004252666129708,0.5787024485305345,120.21578864140972,0.0,103.9,4.653007515402251,50.266486044858986,0.48395204792868096,0.8553188875715945,1.2763171432924731,33.03901959177846,0.629048228263855,0.6325794337317348,0.5580292157828808,0.22205264402115998,0.13877278654084665,-0.420943554673663,-0.5748303222757121,0.9929396662387676,69.94930259655072,0.6734528491323882,1.1712042194308858,1.6331661192146743,48.99558461741165,0.5514232348650694,0.918853260576725,0.6325979363173246,0.3205228481839178,-0.1848030635820541,-0.07705282905735447,-0.6166374988054374,0.9958279845956355,0.7559007861503555,0.4952696191394343,0.10640851106988602,0.17159980214286727,0.10266896293520632,0.007419774270100466,0.03297765790886645,0.09946892492444774,0.009160981677652561,0.0321203155518963,15.247679864246088,0.5750354375151235,0.2447080814568567,rl2,VROAuSISD7m-3qs6,8,3117.0,fold clothes,"{shorts,t-shrits,long-sleeve-shirts}"
2025-11-24-20-26-47-208000,2853.0,95.1,0.0,0.0,0.0,0.0,0.0,0.0,0.0,0.0,0.0,0.0,0.0,0.0,0.0,0.0,17.231602424492767,0.008061689449702068,14.712407528914802,0.006309148264984227,0.008061689449702068,17.231602424492767,46.185928199544136,0.48582673421680367,0.6400366577261478,54.33755181781456,0.5715731257133368,0.5670745626911867,13.517239085401222,0.0005259467040673212,4.600968281785178,0.5286999299650703,100.5234800173587,0.0,95.1,4.565389315976247,46.185928199544136,0.48582673421680367,0.6996674586228692,1.36945432536546,25.021098412959685,0.37086882814764977,0.26110771391540766,0.7962873196229339,0.07710984574411829,0.03523354886228312,-0.19188435574751275,-0.6250417875844164,0.9901823281907434,54.33755181781456,0.5715731257133368,0.7414301271299031,1.5184142875583209,29.260759301757858,0.2500476595014334,0.5519201569259167,0.7790130469948053,0.10750874213194701,-0.14963100786927058,0.09102379147956459,-0.6566654473146221,0.9905329593267882,0.8156945847524953,0.3457127073958863,0.06444521905603959,0.20554298031304133,0.10427931592312815,0.004685953537605434,0.02333275115789611,0.10113230030191055,0.0076811123974919755,0.028514605771947976,11.47107496909851,0.3830530998874523,0.2899434261579277,rl2,VROAuSISD7m-3qs6,8,2853.0,fold clothes,"{shorts,t-shrits,long-sleeve-shirts}"
2025-11-24-20-27-06-126000,2647.0,88.23333333333333,0.0,0.0,0.0,0.0,0.0,0.0,0.0,0.0,0.0,0.0,0.0,0.0,0.0,0.0,41.87391281470422,0.17718171514922554,7.054601567736704,0.0,0.17718171514922554,41.87391281470422,39.66668382602478,0.4497356442859952,0.14419022406696252,55.64874507462777,0.6309381527735576,0.2088459456570309,11.782569428548321,0.0003779289493575208,3.2194884411543776,0.5403368985297764,95.31542890065255,0.0,88.23333333333333,4.491254661858197,39.66668382602478,0.4497356442859952,0.6656781050428565,1.2085117111306491,24.286806099475413,0.5228414759039879,0.2892019748687744,0.31155022978782654,0.04710850935207866,0.17698623675080372,-0.5204311929584045,-0.5852713674267463,0.9875283446712018,55.64874507462777,0.6309381527735576,0.7786663130762417,1.6009271396043783,32.6815649376586,0.4696402885019779,0.7084146477282047,0.3402951955795288,0.113216231829839,-0.01768061599562274,-0.03209125388058754,-0.6006173853479919,0.9916855631141346,0.7262856020345946,0.5341004800551122,0.13028468372234198,0.02975193292297608,0.10289005964841705,0.005463908914442586,0.028411795808200968,0.10124696948937265,0.007867938032775109,0.03355638437787219,9.978242882534168,0.38205293492769016,0.20975408623484335,rl2,VROAuSISD7m-3qs6,11,2647.0,fold clothes,"{shorts,t-shrits,long-sleeve-shirts}"
2025-11-24-20-27-24-975000,3630.0,121.0,0.0,0.0,0.0,0.0,0.0,0.0,0.0,0.0,0.0,0.0,0.0,0.0,0.0,0.0,38.40097130644278,0.05482093663911846,22.788358579814535,0.031955922865013774,0.05482093663911846,38.40097130644278,51.17304834521322,0.4230342932919252,0.3022787515808921,88.27005653024247,0.7297056202555178,0.1935671491421328,18.592752224557728,0.0013777900248002205,5.5117966246412395,0.5763699567737215,139.44310487545567,0.0,121.0,4.804021044733257,51.17304834521322,0.4230342932919252,0.7135737758080821,1.0547449750090745,27.103393251138257,0.5449617393314838,0.39369111508131027,0.5480357855558395,0.1175792116382157,0.15693989663561883,-0.4582695215406825,-0.5885257510340083,0.9933866078809589,88.27005653024247,0.7297056202555178,1.0634155738601445,1.8704783796005666,45.12515535810527,0.5622964445501566,0.6559830214828253,0.5596058741211891,0.20641449951442192,-0.1418140589450704,-0.1845240885007228,-0.6224305911805511,0.9955910719206393,0.7136973453496996,0.4328428824425472,0.13075080120002674,0.13250567212705594,0.10149041474700041,0.005745124835697109,0.03237560711583408,0.09862673442053416,0.0069846619865347025,0.03490829139081486,16.99123656065092,0.4684369061870067,0.19898543977429176,rl2,VROAuSISD7m-3qs6,11,3630.0,fold clothes,"{shorts,t-shrits,long-sleeve-shirts}"
2025-11-24-20-27-44-006000,3620.0,120.66666666666667,0.0,0.0,0.0,0.0,0.0,0.0,0.0,0.0,0.0,0.0,0.0,0.0,0.0,0.0,33.81204336193344,0.044475138121546964,16.329013495098643,0.042265193370165745,0.044475138121546964,33.81204336193344,65.03027211300258,0.5390738224343955,0.23937915587913666,94.91214375770295,0.7867820703871478,0.09359112373509083,16.279222371788293,0.0053882287924841114,5.237775324345073,0.6629279464107717,159.94241587070553,0.0,120.66666666666667,4.8012850649143815,65.03027211300258,0.5390738224343955,0.8003691485773886,1.4906422366769343,30.293209532814345,0.5126782990992069,0.4044699352234602,0.36802270263433456,0.07631427638660354,0.13090081134147283,-0.31762816763755697,-0.5151764472277619,0.9944736114948881,94.91214375770295,0.7867820703871478,1.4909764283425866,1.8087365230115318,61.49316610401104,0.5040602348744869,0.5496364068239927,0.5099234655499458,0.14127422286443714,-0.11366671991254106,-0.05722622379567506,-0.5439497915678014,0.9961315280464217,0.758604279834897,0.37980248747099316,0.08320710572122374,0.07439232624059194,0.10241211361481768,0.005100774759861762,0.027867829492268487,0.09957175084136971,0.007324241314199694,0.031794133862289214,20.40753775191923,0.43165209940808963,0.3329423866607596,rl2,VROAuSISD7m-3qs6,11,3620.0,fold clothes,"{shorts,t-shrits,long-sleeve-shirts}"
2025-11-24-20-28-03-428000,3221.0,107.36666666666666,0.0,0.0,0.0,0.0,0.0,0.0,0.0,0.0,0.0,0.0,0.0,0.0,0.0,0.0,29.640369228502223,0.027631170443961503,17.036395065537363,0.02669978267618752,0.027631170443961503,29.640369228502223,55.56414779093031,0.5176783955676737,0.22333388458827572,77.98727560334471,0.7265895242547644,0.19801498941727072,16.78601223424228,0.0035714285714285713,4.68871920540453,0.6221339599112191,133.55142339427502,0.0,107.36666666666666,4.68552053864175,55.56414779093031,0.5176783955676737,0.7905616219477536,1.416440815038211,29.04631133363582,0.6186497807502747,0.34547512978315353,0.41109804809093475,0.08786321019774114,0.10997119175084571,-0.3138249246313941,-0.5760405132213352,0.9903726708074534,77.98727560334471,0.7265895242547644,1.3560921756394213,1.7589541673601028,55.03301857422489,0.41911630891263485,0.6380449868738651,0.511137280613184,0.13668580647078563,-0.16465430495348574,-0.015332660514368938,-0.6124615488074852,0.9925465838509316,0.7822086055028722,0.42477962435999095,0.09169618258066738,0.14188658562191517,0.1016291153853011,0.005217006576330798,0.02915851349285338,0.09840937158581482,0.0073546516501165485,0.031381732584878974,15.392375678563607,0.43148114350024525,0.317408787499958,rl2,VROAuSISD7m-3qs6,11,3221.0,fold clothes,"{shorts,t-shrits,long-sleeve-shirts}"
2025-12-09-23-00-30-725000,3074.0,102.46666666666667,0.0,0.0,0.0,0.0,0.0,0.0,0.0,0.0,0.0,0.0,0.0,0.0,0.0,0.0,24.958530896631135,0.0035783994795055302,17.757911305565926,0.0029277813923227064,0.0035783994795055302,24.958530896631135,51.29525354213146,0.5007672002160571,0.49612328496439423,65.1869305196202,0.6363839621179975,0.48349898309999617,5.467481397607157,0.0,6.602408550348895,0.5685755811670273,116.48218406175167,0.0,102.46666666666667,4.639249499640954,51.29525354213146,0.5007672002160571,0.6898063664161057,1.4916174131225708,24.07079424030833,0.3667358532547951,0.429991269716993,0.7990446146577597,0.12600391436705435,0.03626535671763728,-0.2755175888027178,-0.623136767527366,0.9928408721119427,65.1869305196202,0.6363839621179975,0.6951680779529633,1.6151616581564663,27.65096717646208,0.44606930762529373,0.42052440717816353,0.6883860863745213,0.12912954868327456,-0.19948767529462422,-0.03326585110722376,-0.7038282219456266,0.9973966807679792,0.7034759550360951,0.3652160324745463,0.07473311744335173,0.16353349375830264,0.10740650415636206,0.006617753087898951,0.03092481675948515,0.10439097585017976,0.007911269890454986,0.03045569873900654,15.841952653404057,0.6731361044647509,0.2620508424995108,rl2,VROAuSISD7m-3qs6,14,3074.0,fold clothes,"{shorts,t-shrits,long-sleeve-shirts}"
2025-12-09-23-01-29-940000,3295.0,109.83333333333333,0.0,0.0,0.0,0.0,0.0,0.0,0.0,0.0,0.0,0.0,0.0,0.0,0.0,0.0,26.27070569794437,0.0018209408194233688,18.21470802888276,0.0015174506828528073,0.0018209408194233688,26.27070569794437,38.56218064968493,0.3512038310535968,0.3662156419558543,67.91899007945091,0.6185700371534691,0.28782681427350637,6.843332776484755,0.0,5.148611335020154,0.484886934103533,106.48117072913584,0.0,109.83333333333333,4.708027571427799,38.56218064968493,0.3512038310535968,0.46782708815377844,0.9133194169913161,16.763595578986287,0.35919828340411186,0.3626685403287411,0.5307980626821518,0.06914701963877118,0.14777820443335993,-0.2865211142099862,-0.652867889876883,0.9939283545840923,67.91899007945091,0.6185700371534691,0.7231414081261556,1.698368932104528,30.734166038864466,0.6010772362351418,0.5624207966029644,0.46698147803545,0.1578669823523175,-0.16830986524778044,-0.06422606908190891,-0.7235381714671805,0.9933211900425015,0.590460983557188,0.4243106965096968,0.1313106830062266,0.10555520517478673,0.10570638324463592,0.006166023021731867,0.02873602847849878,0.10084551012219622,0.007150187448695645,0.030099038021897964,16.533072539425913,0.6019729982148303,0.18184980524256242,rl2,VROAuSISD7m-3qs6,14,3295.0,fold clothes,"{shorts,t-shrits,long-sleeve-shirts}"
2025-12-09-23-01-46-368000,2316.0,77.2,0.0,0.0,0.0,0.0,0.0,0.0,0.0,0.0,0.0,0.0,0.0,0.0,0.0,0.0,24.125461394161356,0.0,19.88720918614708,0.0,0.0,24.125461394161356,31.79582086221454,0.4120408751042921,0.22284990461927282,45.321789411905144,0.5873234049058983,0.2455177644686317,16.488579743448067,0.0010799136069114472,7.886572393434269,0.49968214000509514,77.11761027411968,0.0,77.2,4.359269647551265,31.79582086221454,0.4120408751042921,0.792478805157113,1.0502788626775827,30.1062297564687,0.5754538252949715,0.6991123165935278,0.3849632143974304,0.15487334080426254,0.1579061208883162,-0.25715989382480736,-0.6488376806018832,0.9922246220302375,45.321789411905144,0.5873234049058983,0.6898725924609508,1.4268989831489127,28.07821944095953,0.5557165667414665,0.43190083280205727,0.3811892792582512,0.09149093443612528,-0.23845694997305267,0.04637152669034072,-0.7074061931948948,0.9982721382289417,0.6241509271900214,0.516829102194569,0.13808415331323423,0.03188285140270093,0.10571822783257397,0.00699528022063043,0.02361792942598666,0.10103021278910163,0.008073676270523985,0.030182944987921304,12.833522707608818,0.5924555756239404,0.2183379423027384,rl2,VROAuSISD7m-3qs6,14,2316.0,fold clothes,"{shorts,t-shrits,long-sleeve-shirts}"
2025-12-09-23-02-03-731000,2985.0,99.5,0.0,0.0,0.0,0.0,0.0,0.0,0.0,0.0,0.0,0.0,0.0,0.0,0.0,0.0,23.954439763794905,0.0,15.808222695377872,0.0023450586264656616,0.0023450586264656616,23.954439763794905,50.156319333074634,0.5042525402118764,0.2517931624275626,64.87755454054079,0.6522542346569115,0.18061412557228965,15.373643400265571,0.0006702412868632708,5.8860147518761865,0.5782533874343938,115.03387387361542,0.0,99.5,4.61015772749913,50.156319333074634,0.5042525402118764,0.7238561928796087,1.5288793211442726,25.880596260088446,0.5121874427422881,0.3693012073636055,0.4868024066090584,0.09207937669295771,0.16352049696354362,-0.22380154325877952,-0.6391166254303963,0.9892761394101877,64.87755454054079,0.6522542346569115,0.8514900199609781,1.6732728069803016,34.88476893688149,0.46749163419008255,0.5770384073257446,0.4656097963452339,0.12560319107954843,-0.17439293951463808,-0.03028500069565451,-0.7161710402574172,0.9953083109919572,0.7045359621925781,0.41466471310439,0.09330891852754208,0.12399212893596388,0.10790371070531313,0.005891342157880109,0.025868924639481858,0.10403250664156878,0.007613590443882788,0.029398659626810472,15.701400410187528,0.467756644515876,0.27903243495416014,rl2,VROAuSISD7m-3qs6,14,2985.0,fold clothes,"{shorts,t-shrits,long-sleeve-shirts}"
2025-12-09-23-02-21-846000,3467.0,115.56666666666666,0.0,0.0,0.0,0.0,0.0,0.0,0.0,0.0,0.0,0.0,0.0,0.0,0.0,0.0,43.10643771640504,0.3464089991346986,35.381483061378205,0.13585232189212576,0.3464089991346986,43.10643771640504,57.27921851027014,0.49578088727873754,0.1868575038722561,90.50752242477247,0.7833888265271708,0.23187204436183295,17.797808524961543,0.006347374495095211,4.935318977390397,0.6395848569029543,147.78674093504262,0.0,115.56666666666666,4.75846335540122,57.27921851027014,0.49578088727873754,0.8707737291858884,1.4429953859092142,34.18279642381774,0.5454306975007057,0.250004343688488,0.35993777588009834,0.0490811307965385,-0.034459213008456745,-0.3767944497400414,-0.39389418219631195,0.9861511829197923,90.50752242477247,0.7833888265271708,1.621182364754666,1.7127375006822967,68.49149263130056,0.4133892636746168,0.7542936764657497,0.4527728967368603,0.1411822444641966,-0.27160506297675463,-0.11178477039551912,-0.40811445429289345,0.9907674552798615,0.7593958113488082,0.3823538053994736,0.0832035513760195,0.10592539096173186,0.10366523741870878,0.0075103409711196585,0.03331467318512932,0.10013243050550785,0.008713613383579467,0.034354159605311144,15.72634086571954,0.3032582250007638,0.2952260086484937,rl2,VROAuSISD7m-3qs6,16,3467.0,fold clothes,"{shorts,t-shrits,long-sleeve-shirts}"
2025-12-09-23-02-39-780000,3155.0,105.16666666666667,0.0,0.0,0.0,0.0,0.0,0.0,0.0,0.0,0.0,0.0,0.0,0.0,0.0,0.0,42.03622264539376,0.2814580031695721,31.063557937096718,0.03486529318541997,0.2814580031695721,42.03622264539376,47.86206994910399,0.455251140923627,0.41487380476907565,70.4786386586542,0.6703738616866285,0.4764353574798988,24.113933573639883,0.0028535193405199747,4.905820285068997,0.5628125013051277,118.34070860775819,0.0,105.16666666666667,4.665010186344109,47.86206994910399,0.455251140923627,0.9424719719707533,1.2039032691755618,37.86451233501255,0.6773811131715775,0.8595289289951324,0.5959450155496597,0.346976269461642,0.4376393755670584,-0.17439594286940063,-0.5028288048534121,0.9892200380469245,70.4786386586542,0.6703738616866285,1.230838776508095,1.6375515034227763,52.47639981623407,0.875686876475811,0.8028243966400623,0.6134131010621786,0.4312433886592312,-0.06641787695012125,-0.2711645338958847,-0.5129649391843569,0.9930247305009512,0.7933738581165202,0.529587308944967,0.15839758030960432,0.02154652152885055,0.10492695201350273,0.008475670987898101,0.030992251736000592,0.10011468313636497,0.009161222982237135,0.032776079572063396,11.69632965536308,0.4735403596434978,0.2110834251925968,rl2,VROAuSISD7m-3qs6,16,3155.0,fold clothes,"{shorts,t-shrits,long-sleeve-shirts}"
2025-12-09-23-02-57-487000,3266.0,108.86666666666666,0.0,0.0,0.0,0.0,0.0,0.0,0.0,0.0,0.0,0.0,0.0,0.0,0.0,0.0,46.70371983601642,0.6576852418860992,41.55630589530726,0.353949785670545,0.6576852418860992,46.70371983601642,46.545853557394665,0.42768012457024196,0.05431235183051135,81.09638584376313,0.7451429020866442,0.1053328659245912,26.297985355154406,0.003522205206738132,7.351543163741314,0.5864115133284431,127.6422394011578,0.0,108.86666666666666,4.699267509367207,46.545853557394665,0.42768012457024196,1.0521799870467619,1.0559020774784753,42.62081820753701,0.9215747304260731,1.0038561634719372,0.36833877488970757,0.3407606884481451,0.3790920378417301,-0.27297276751307153,-0.43888440707085946,0.9859111791730475,81.09638584376313,0.7451429020866442,1.3213855678338027,1.8822563241464372,56.73486552651269,0.8187316134572029,0.9070439194329083,0.4095238968729973,0.3041229016320756,0.009064537748484544,-0.36360287453493917,-0.45261773347526113,0.9926493108728943,0.8062603021997332,0.42016064893935046,0.13823061016871047,0.02772931704049693,0.10707528151407494,0.007291708120948405,0.028382380126791493,0.09897023801987889,0.007904924973210777,0.032906869597157065,11.933704253854518,0.4439789111409383,0.18455107014057692,rl2,VROAuSISD7m-3qs6,16,3266.0,fold clothes,"{shorts,t-shrits,long-sleeve-shirts}"
2025-12-09-23-03-14-919000,2892.0,96.4,0.0,0.0,0.0,0.0,0.0,0.0,0.0,0.0,0.0,0.0,0.0,0.0,0.0,0.0,35.03451312958103,0.012102351313969572,28.45051900912798,0.00034578146611341634,0.012102351313969572,35.03451312958103,29.539929336260112,0.3065367969864418,0.22110922504006078,48.97881490886134,0.5082547378989415,0.23692422433705285,11.037860843430668,0.00017295053614666206,2.822210050323017,0.4073957674426916,78.51874424512145,0.0,96.4,4.578826210648489,29.539929336260112,0.3065367969864418,0.4580249151853441,0.8614530420279006,15.016434299804052,0.2458325568586588,0.36598238348960876,0.287076398730278,0.025828374146446963,0.13292275203448586,-0.33883606327020077,-0.511094649369992,0.9750951227948806,48.97881490886134,0.5082547378989415,0.653524353746474,1.3451714805439863,26.158031191972,0.5164974071085453,0.43860403168946505,0.3212378993630409,0.07277254149096062,-0.188312476313928,-0.18247200234349606,-0.5237932444020673,0.9868557592528537,0.5759852419465753,0.3704792345231849,0.08994920092778959,0.01809909371794635,0.10555759157283268,0.007671061044061401,0.02916277470515588,0.098810838266675,0.008205065711282352,0.03265895758804835,7.294034328552515,0.22449805677624254,0.17678696559443202,rl2,VROAuSISD7m-3qs6,16,2892.0,fold clothes,"{shorts,t-shrits,long-sleeve-shirts}"
2026-01-06-20-50-02-445000,2697.0,89.9,0.0,0.0,0.0,0.0,0.0,0.0,0.0,0.0,0.0,0.0,0.0,0.0,0.0,0.0,33.04378445608487,0.05005561735261402,19.20724690803193,0.009269558769002595,0.05005561735261402,33.04378445608487,43.80514860742728,0.4874460156612828,0.4217100167593843,55.90477419310396,0.6220857662437385,0.18710615901101763,29.715123401933376,0.005934718100890208,9.132823632784179,0.5547658909525106,99.70992280053125,0.0,89.9,4.509760001183433,43.80514860742728,0.4874460156612828,1.3920830122517291,0.9914154582379715,59.053378552066185,1.046823300421238,1.0460519269108772,0.7789909951388836,0.8530197016844637,-0.0679894339066713,-0.36409337529651875,-0.5532592533344992,0.9922106824925816,55.90477419310396,0.6220857662437385,1.5860101889334315,1.3205324383593515,68.05463258796469,0.6045029573142529,0.7278927192091942,0.7962881829589605,0.3503773922252695,-0.09604377078599806,0.09011949889283644,-0.5824219109687345,0.9925816023738873,0.743923395122909,0.48436345733677355,0.18135683119184362,0.009422466966112385,0.10241692652932424,0.006679733881368237,0.03201930473873109,0.10409690430869592,0.006546831512683411,0.029533796668724424,12.281871853155216,0.6206100802531154,0.19699490429957853,rl2,__zQ0kS-xjtwKdGt,1,2697.0,fold clothes,"{shirts,shorts,t-shirts}"
2026-01-06-20-52-14-820000,2501.0,83.36666666666666,0.0,0.0,0.0,0.0,0.0,0.0,0.0,0.0,0.0,0.0,0.0,0.0,0.0,0.0,25.335673543790726,0.047181127548980406,14.410746144056299,0.005197920831667333,0.047181127548980406,25.335673543790726,40.12032280107731,0.4814438736129277,0.32236231795617015,45.3256317587975,0.5439075811055699,0.6304971575936762,26.658366367622953,0.0034,6.371216899071878,0.5126757273592488,85.4459545598748,0.0,83.36666666666666,4.435172378882968,40.12032280107731,0.4814438736129277,1.036489267846969,1.1762066709409296,43.60755522819352,0.9349981658160686,0.3450495791621506,0.7333613783121109,0.23659757855497343,0.20311620351491644,-0.1691836788327802,-0.5403106990604528,0.9836,45.3256317587975,0.5439075811055699,1.37361115545331,1.2366332802066011,58.82162190283193,0.5144753679633141,0.583984699100256,0.9594913646578789,0.2882750959131109,-0.07975808615296906,-0.07766694105504436,-0.55395140680747,0.9804,0.6956648181151712,0.3124193612415376,0.0793843770002129,0.0783009983244807,0.10602543519892045,0.0046989439202748395,0.023155123477960393,0.10639951619597283,0.00451942936244334,0.021588338217369593,6.368967070314368,0.30987256980309913,0.12272966044089102,rl2,__zQ0kS-xjtwKdGt,1,2501.0,fold clothes,"{shirts,shorts,t-shirts}"
2026-01-08-21-51-53-000000,2139.0,71.3,0.0,0.0,0.0,0.0,0.0,0.0,0.0,0.0,0.0,0.0,0.0,0.0,0.0,0.0,19.989980982562187,0.09911173445535297,22.89055454295042,0.04862085086489014,0.09911173445535297,22.89055454295042,43.178838107700926,0.6058770548320991,0.5424529416398223,48.76535570229885,0.6842659827263636,0.7101483959479251,13.3227488709116,0.0011693171188026192,6.94630359370449,0.6450715187792313,91.94419380999977,0.0,71.3,4.280824129164719,43.178838107700926,0.6058770548320991,1.0311188330331706,1.7063398487227297,43.09039843955921,0.528116513043642,0.6298293974250555,1.1107441298663616,0.36945938368598613,0.06389746480926614,-0.2852335219175312,-0.6890292680217541,0.9915809167446211,48.76535570229885,0.6842659827263636,1.0434998792173802,1.655030813512624,44.43772203461983,0.5431566219776869,0.6792945452034473,0.9749985338421538,0.35973870627957727,-0.23035705298822776,-0.07770632634788635,-0.6954572566254491,0.9920486435921422,0.802410830922604,0.39269080133079365,0.09026262276765812,0.10032747707749473,0.10392803226102364,0.005001852054429631,0.029977882793838923,0.10306329348787964,0.007649543311153344,0.033326530497958376,15.064619383821636,0.7408221235683394,0.32943504334541573,rl2,MppisaQryreZkiwB,1,2139.0,fold the clothes,"{""long sleeves t-shirt"",t-shirt,shorts}"
2026-01-08-21-58-04-000000,2959.0,98.63333333333334,0.0,0.0,0.0,0.0,0.0,0.0,0.0,0.0,0.0,0.0,0.0,0.0,0.0,0.0,25.934760609788125,0.04325785738425143,23.837695207917626,0.027036160865157147,0.04325785738425143,25.934760609788125,46.86513718723308,0.47530565098613675,0.4616432734420886,67.25838315165005,0.6821337033635907,0.36555548745880195,19.812734196499164,0.0010141987829614604,9.393499647824425,0.5787196771748636,114.12352033888314,0.0,98.63333333333334,4.601496780621782,46.86513718723308,0.47530565098613675,0.8618246091219517,1.0458416592267366,34.88053255755786,0.800949402153492,0.5538396323099732,0.8818712588399649,0.39119590548622724,-0.07327902586576719,-0.37066861487192965,-0.7128906539172669,0.9942528735632183,67.25838315165005,0.6821337033635907,0.9489713025549554,1.6084381248389714,40.97775072681719,0.8488871604204178,0.7745329216122627,0.8668325766921043,0.5699346631728638,-0.26278208244783,-0.01802197119861041,-0.6942468627008832,0.9976335361730899,0.8326296811565663,0.43758734294044715,0.110201684727963,0.14371974485950967,0.10280010846644126,0.004365944053818653,0.028222853780306187,0.10445384636704896,0.005389553860415592,0.03203643393085241,19.646114530839746,0.8980254013070738,0.301973138221955,rl2,MppisaQryreZkiwB,1,2959.0,fold the clothes,"{""long sleeves t-shirt"",t-shirt,shorts}"
2026-01-08-22-02-55-000000,2674.0,89.13333333333334,0.0,0.0,0.0,0.0,0.0,0.0,0.0,0.0,0.0,0.0,0.0,0.0,0.0,0.0,21.990292620626803,0.018698578908002993,18.055992980770668,0.006357516828721017,0.018698578908002993,21.990292620626803,41.38289773699934,0.4644545200561092,0.6720874329517361,63.972897800370895,0.7179898743027037,0.6633815534562861,10.520801160198836,0.00018705574261129816,9.504952283746816,0.5912221971794065,105.35579553737023,0.0,89.13333333333334,4.501290055500699,41.38289773699934,0.4644545200561092,0.6918202666116384,1.146992165865946,28.4177452813395,0.7148021385073662,0.5511077539995313,0.8378251194953918,0.33004696372553033,0.04916306382091124,-0.3089344235244726,-0.7401534044431075,0.9955106621773289,63.972897800370895,0.7179898743027037,0.8250581330750035,1.7212120085110625,37.86235130407637,0.7385923005640507,0.6681507006287575,0.8044677656143904,0.3969975724366555,-0.2015321426909966,-0.0062319738217077895,-0.7113900794665049,0.9951365506921063,0.7730007156630674,0.42637758650427554,0.10401442666599428,0.16446490842745728,0.10379774277628914,0.0042071174040243485,0.02328188132942567,0.10461680386610511,0.0050178444289087,0.03180671438618658,16.48745297514613,0.8345775586600375,0.2508586088429753,rl2,MppisaQryreZkiwB,1,2674.0,fold the clothes,"{""long sleeves t-shirt"",t-shirt,shorts}"
2026-01-08-22-07-39-000000,2841.0,94.7,0.0,0.0,0.0,0.0,0.0,0.0,0.0,0.0,0.0,0.0,0.0,0.0,0.0,0.0,25.38616084504717,0.029919042590637098,20.176061017212604,0.011263639563533967,0.029919042590637098,25.38616084504717,51.535802999757024,0.5443922852087009,0.09440601091906896,66.04913129611306,0.6977020911561239,0.250585520802784,20.696874427430107,0.001056338028169014,9.654143680511277,0.6210471881824123,117.58493429587008,0.0,94.7,4.5612182984589085,51.535802999757024,0.5443922852087009,0.8246260126341045,1.1596479759855995,34.33605392691145,0.5530152209103107,0.6718639321625233,0.982508385553956,0.36505195436216104,-0.010382263434068055,-0.35702748395397993,-0.731608963004041,0.9954225352112676,66.04913129611306,0.6977020911561239,0.9665228840316091,1.5810133324188522,42.20650745877566,0.6717867571860552,1.0254520252346992,0.9890161531511694,0.6813184823497944,-0.18844133075049677,0.05153128169842397,-0.7145755196203121,0.997887323943662,0.841097826753733,0.4693022077750452,0.10312538880780543,0.13478618628402203,0.102822130791881,0.004992702037214698,0.025878695903619575,0.10335207081581832,0.006170793381094898,0.03105573357620177,21.362695679293427,0.9885031768836452,0.3367816659483313,rl2,MppisaQryreZkiwB,1,2841.0,fold the clothes,"{""long sleeves t-shirt"",t-shirt,shorts}"
2026-01-08-22-41-22-000000,2513.0,83.76666666666667,0.0,0.0,0.0,0.0,0.0,0.0,0.0,0.0,0.0,0.0,0.0,0.0,0.0,0.0,20.0546934712297,0.04178272980501393,17.03540680264084,0.013529645841623557,0.04178272980501393,20.0546934712297,56.02816755390284,0.6691262048634895,0.29900942977776523,62.01437026772586,0.7406174793120127,0.39310095068014794,13.511390581675755,0.001393312101910828,7.11307906662147,0.7048718420877511,118.0425378216287,0.0,83.76666666666667,4.439902383759964,56.02816755390284,0.6691262048634895,1.016981056920314,1.9691852069681963,45.92994770922158,0.616219062358141,0.5920932646840811,0.9721044469624758,0.3546812084438302,0.12397404807485222,-0.23927226386180683,-0.7062740885855321,0.9992038216560509,62.01437026772586,0.7406174793120127,1.0523274765276116,1.8890959959506672,48.61016162797912,0.434571891091764,0.7485860511660576,1.0318107744678855,0.33566296068793217,-0.1666434605413558,-0.04178164785599908,-0.7013996207654488,0.9984076433121019,0.8881746893134426,0.3764997314656287,0.0972050001358158,0.15726448024695844,0.10340485203206028,0.00463814076836984,0.022201660925198805,0.10207199007416087,0.008195512482870777,0.03340571967145721,15.666832072760462,0.819005305511543,0.2946047491320952,rl2,MppisaQryreZkiwB,2,2513.0,fold the clothes,"{""long sleeves t-shirt"",t-shirt,shorts}"
2026-01-08-22-48-30-000000,2670.0,89.0,0.0,0.0,0.0,0.0,0.0,0.0,0.0,0.0,0.0,0.0,0.0,0.0,0.0,0.0,29.178311944128843,0.04082397003745318,19.379673119517392,0.024719101123595506,0.04082397003745318,29.178311944128843,49.42016481177985,0.5554907996828008,0.6882767511789157,61.71931318439573,0.6937352549763477,0.7689619652632215,12.755687141475358,0.0014986886474334957,12.711641354479427,0.6246130273295742,111.13947799617557,0.0,89.0,4.499809670330265,49.42016481177985,0.5554907996828008,0.8226418031654544,1.1841747988772258,34.40390238595444,0.5071935281157494,0.6279910951852798,0.9749124413356185,0.3105223051379395,0.11430001892498258,-0.40049550552200175,-0.7136758854375518,0.9985013113525665,61.71931318439573,0.6937352549763477,0.8951972993369368,1.5789691808512822,39.02555411121979,0.623639889061451,0.8638065159320831,0.9282692056149244,0.5000625195786194,-0.16724186644415032,-0.06796174086903942,-0.6995505360070239,0.9988759835144249,0.8831780387213092,0.46223097215595205,0.12341778130662662,0.10451606742037314,0.10080107956293825,0.005150730852454423,0.02808671685397121,0.10473581655372009,0.005285918758874599,0.026513004366313944,20.969894303504276,0.9079543853524947,0.32563540313816175,rl2,MppisaQryreZkiwB,2,2670.0,fold the clothes,"{""long sleeves t-shirt"",t-shirt,shorts}"
2026-01-08-22-59-47-000000,2389.0,79.63333333333334,0.0,0.0,0.0,0.0,0.0,0.0,0.0,0.0,0.0,0.0,0.0,0.0,0.0,0.0,20.426437092549296,0.05064880703223106,19.113966224802443,0.018836333193804938,0.05064880703223106,20.426437092549296,45.77662227113244,0.5750831943609602,0.12411396795745429,50.031419879343474,0.6285354256198928,0.6473743151451014,14.722817258577251,0.0010469011725293131,7.05594895213155,0.6018093099904266,95.80804215047591,0.0,79.63333333333334,4.389912128947872,45.77662227113244,0.5750831943609602,0.8512082432813896,1.4436135681047748,36.08894878375767,0.7994919940829277,0.40421292558312416,1.0173954856581986,0.3287866099948959,0.06585209816889179,-0.2764718551625326,-0.7167088235535473,0.9958123953098827,50.031419879343474,0.6285354256198928,0.950210895627208,1.3872353809425702,40.78079401059371,0.5186689188703895,0.6251529604196548,1.0137663772329688,0.3287111222738661,-0.2014756716348078,-0.027291228060054393,-0.7056925495229907,0.9958123953098827,0.8351166606927803,0.39028793744773155,0.09187693633038709,0.11023582117072019,0.10605831253673864,0.005186098941186987,0.027429342232667006,0.10494316821649105,0.006748517732064183,0.03005667297834176,15.895209322602971,0.7624413410778814,0.33236104676081896,rl2,MppisaQryreZkiwB,2,2389.0,fold the clothes,"{""long sleeves t-shirt"",t-shirt,shorts}"
2026-01-08-23-04-48-000000,3361.0,112.03333333333333,0.0,0.0,0.0,0.0,0.0,0.0,0.0,0.0,0.0,0.0,0.0,0.0,0.0,0.0,29.06892138103843,0.0279678667063374,21.357636124976683,0.01457899434692056,0.0279678667063374,29.06892138103843,45.04891570735965,0.402222461672854,0.7035525286712528,63.14623881514491,0.563805703706651,0.6997536690483132,11.380911502509896,0.000744047619047619,9.349519587711859,0.4830140826897525,108.19515452250457,0.0,112.03333333333333,4.727682760463483,45.04891570735965,0.402222461672854,0.6122655703174382,0.902045179838011,25.54278992315821,0.6168472934514284,0.651418061926961,0.9581883326172829,0.38502447557416564,0.20301034519511502,-0.3660647299659417,-0.7407651008288959,0.9952380952380953,63.14623881514491,0.563805703706651,0.6688167632599672,1.35602214631149,30.067983674764825,0.7390932776033878,0.8938099890947342,0.9109067250974476,0.6017531392177029,-0.13684469445736575,-0.1737938261806618,-0.7338531377917331,0.9973214285714286,0.8046678398892101,0.44064729774733424,0.10110671927622522,0.16439427317532454,0.09821406597951915,0.005813717280712073,0.030574695694631268,0.10134943230619413,0.006805505480488463,0.03030614449631333,20.49221686236025,0.8959601968673543,0.2554551998296483,rl2,MppisaQryreZkiwB,2,3361.0,fold the clothes,"{""long sleeves t-shirt"",t-shirt,shorts}"
2026-01-08-23-18-36-000000,2497.0,83.23333333333333,0.0,0.0,0.0,0.0,0.0,0.0,0.0,0.0,0.0,0.0,0.0,0.0,0.0,0.0,24.748012210207094,0.029635562675210253,24.920899932103037,0.00841009211053264,0.029635562675210253,24.920899932103037,45.944786773349534,0.5522209948719896,0.32692201135039756,51.517757477912276,0.6192038158402918,0.4655273780693773,8.670614067707568,0.0,7.312835414011768,0.5857124053561407,97.46254425126182,0.0,83.23333333333333,4.433590725726039,45.944786773349534,0.5522209948719896,0.7527609437400458,1.532810232422221,32.70934369487655,0.5668183788657188,0.481222010217607,0.6723762825131416,0.18340103924266526,0.12817363584026975,-0.2534240697020822,-0.5804385144493259,0.9923878205128205,51.517757477912276,0.6192038158402918,0.7551793081688352,1.4496730532388704,34.288517799295406,0.5399860562756658,0.4488136935979128,0.693538460880518,0.16808122121428398,-0.22090384484636852,-0.08770055694380952,-0.5871296657811034,0.9947916666666666,0.8247624048197529,0.40665701574530205,0.09318821045577835,0.12763894048002347,0.10346718156214527,0.00586569553137081,0.024463679576401998,0.10599376661785001,0.005382883952305048,0.029934527249109555,10.305569418591652,0.5339693498394182,0.27346476012103005,rl2,MppisaQryreZkiwB,3,2497.0,fold the clothes,"{""long sleeves t-shirt"",t-shirt,shorts}"
2026-01-08-23-23-46-000000,3140.0,104.66666666666667,0.0,0.0,0.0,0.0,0.0,0.0,0.0,0.0,0.0,0.0,0.0,0.0,0.0,0.0,27.149672465103592,0.015286624203821656,25.6291288289544,0.0035031847133757963,0.015286624203821656,27.149672465103592,33.88035901073623,0.32380081883468836,0.7087728654214965,52.628449933269174,0.5029797699898296,0.6971962157171142,10.709015046320328,0.00015928639694170118,7.675567378259895,0.413390294412259,86.50880894400541,0.0,104.66666666666667,4.660289485209171,33.88035901073623,0.32380081883468836,0.5066717799904953,0.781553960964805,21.038442168352734,0.4234078601002693,0.5932648130692542,0.8120575211942196,0.20398315271971995,0.15700475349429116,-0.29449351382913413,-0.6122465044479509,0.983434214718063,52.628449933269174,0.5029797699898296,0.6117843215790539,1.2487729122557496,27.323240817614845,0.6602735072374344,0.6625000946223736,0.848351027816534,0.37109525988662695,-0.18735406513408917,-0.15476118616509893,-0.605495457450272,0.987257088244664,0.8017210160207972,0.4070150455657084,0.10964307155560285,0.1637456612328906,0.10126754849757999,0.00449515484612299,0.02542718730011899,0.10193734988049262,0.006193193182923437,0.02987635170874861,12.847819935921878,0.6215183660011419,0.20481075175355296,rl2,MppisaQryreZkiwB,3,3140.0,fold the clothes,"{""long sleeves t-shirt"",t-shirt,shorts}"
2026-01-08-23-32-08-000000,2644.0,88.13333333333334,0.0,0.0,0.0,0.0,0.0,0.0,0.0,0.0,0.0,0.0,0.0,0.0,0.0,0.0,23.58484696714298,0.0208018154311649,25.49465725616988,0.007564296520423601,0.0208018154311649,25.49465725616988,46.35207880548131,0.5261302929112521,0.26614829535224754,48.919267998805736,0.5552697843224261,0.4175371526844888,8.24062948736649,0.0,6.711447050312481,0.5407000386168391,95.27134680428705,0.0,88.13333333333334,4.490133375999733,46.35207880548131,0.5261302929112521,0.7082097733854175,1.3913556756845662,30.319469107598504,0.5677508004009724,0.5163580570369959,0.7424637395888567,0.2176626746808219,-0.06469889800839193,-0.28451298439181155,-0.6166309866555452,0.9920544835414302,48.919267998805736,0.5552697843224261,0.6812569310848928,1.3128614363120608,30.282801951559204,0.4729049913585186,0.6549980118870735,0.6736295074224472,0.20865797209439452,-0.2578344890138391,0.04862339353371509,-0.6147529060569128,0.9954597048808173,0.8073923478565467,0.41178482763058716,0.08605296181670481,0.15423658640058638,0.10354575987791531,0.004851910770371783,0.023271477193756204,0.10572634006906675,0.00480337959776308,0.02809317060915803,11.377780439876663,0.6377920071236357,0.24482375743571919,rl2,MppisaQryreZkiwB,3,2644.0,fold the clothes,"{""long sleeves t-shirt"",t-shirt,shorts}"
2026-01-08-23-42-39-000000,2972.0,99.06666666666666,0.0,0.0,0.0,0.0,0.0,0.0,0.0,0.0,0.0,0.0,0.0,0.0,0.0,0.0,27.493026888952578,0.03263795423956931,26.383110222563257,0.008748317631224764,0.03263795423956931,27.493026888952578,39.12163551749043,0.3950350271035722,0.680717210421942,59.14386344908107,0.5972116807379442,0.9704629258260661,18.227083296058904,0.0003365870077415012,8.97214392963353,0.4961233539207582,98.2654989665715,0.0,99.06666666666666,4.605836630531252,39.12163551749043,0.3950350271035722,0.7019297228390189,0.9587458743548455,30.433637723349303,0.3673200309276581,0.5745084239169955,0.8561427071690559,0.1806704702204117,0.13956774961614474,-0.32265794803363346,-0.6155721713377672,0.989902389767755,59.14386344908107,0.5972116807379442,0.8114257046730564,1.4561125801699046,37.86935684686176,0.5938970800489187,0.8252028599381447,1.115616012364626,0.5467473081664956,-0.18640581993771588,-0.17023463172071404,-0.58851735757897,0.9902389767754964,0.8450879177295921,0.3925053389274382,0.10487943943996504,0.1273323988748482,0.09970025230774582,0.0052726763644314984,0.027788483506618444,0.10240736519041706,0.006547925536038783,0.029706375820890335,14.391323186076788,0.6620353940787161,0.2599780905339692,rl2,MppisaQryreZkiwB,3,2972.0,fold the clothes,"{""long sleeves t-shirt"",t-shirt,shorts}"
2026-01-08-23-51-17-000000,2998.0,99.93333333333334,0.0,0.0,0.0,0.0,0.0,0.0,0.0,0.0,0.0,0.0,0.0,0.0,0.0,0.0,17.24078296066561,0.018345563709139426,22.659364565198814,0.014342895263509006,0.018345563709139426,22.659364565198814,48.65905346760948,0.4870776122883832,0.49278942660800007,52.32599294124816,0.5237837131256072,0.7049797619875666,13.186647027625591,0.000333667000333667,5.821739081590085,0.5054306627069952,100.98504640885764,0.0,99.93333333333334,4.614460232895184,48.65905346760948,0.4870776122883832,0.7752397688157749,1.2248153822713397,34.27485413181716,0.5199669674038887,0.5704799117520452,0.763332786038518,0.22642794604350958,-0.006078180580215406,-0.2482321332723323,-0.6690529619031067,0.9963296629963296,52.32599294124816,0.5237837131256072,0.7201704546577469,1.1943542294608884,32.80863639864783,0.7817554473876953,0.6416189894080162,0.9618276860564947,0.48244232198990167,-0.25354337637993457,-0.03369141208201737,-0.6665324116277299,0.996996996996997,0.8594924769070109,0.35293997753900364,0.07726520300257368,0.1291516957924382,0.10455124397811452,0.004316503686564147,0.02282787654578096,0.10498321392075106,0.006342778180994493,0.02928064280140942,13.65077469617389,0.8807744017595247,0.16257594354617172,rl2,MppisaQryreZkiwB,4,2998.0,fold the clothes,"{""long sleeves t-shirt"",t-shirt,shorts}"
2026-01-08-23-57-13-000000,2406.0,80.2,0.0,0.0,0.0,0.0,0.0,0.0,0.0,0.0,0.0,0.0,0.0,0.0,0.0,0.0,19.918199969631278,0.030756442227763924,21.819722751810424,0.017040731504571905,0.030756442227763924,21.819722751810424,46.95240236307399,0.5856848527618378,0.5046436958897541,47.167305153738255,0.5883655528532838,0.9592887071815984,13.681015911577319,0.0010395010395010396,8.166501171214435,0.5870252028075609,94.11970751681224,0.0,80.2,4.396915247167632,46.95240236307399,0.5856848527618378,0.8899343602769079,1.4077909881449762,39.447855202898374,0.281373618170619,0.717224108055234,0.9097304453607649,0.18359082924656595,0.24014444482154332,-0.15785366034669204,-0.7228526350650557,0.997920997920998,47.167305153738255,0.5883655528532838,0.8805715975860698,1.2224357647429052,39.215434175140835,0.5298230908811092,0.8194248005747795,1.0437729140394367,0.4531541991201266,-0.15596237703763005,-0.22739238969902126,-0.7052239614373322,0.9995841995841996,0.8415194955424886,0.432406847398264,0.0755995965716664,0.06716684168253745,0.10416596892797723,0.004234407516369913,0.023545445491820027,0.10443431386321562,0.006992476028468481,0.030393460345308543,14.139956840799197,0.7127549519247184,0.25843641527204003,rl2,MppisaQryreZkiwB,4,2406.0,fold the clothes,"{""long sleeves t-shirt"",t-shirt,shorts}"
2026-01-09-00-04-42-000000,2828.0,94.26666666666667,0.0,0.0,0.0,0.0,0.0,0.0,0.0,0.0,0.0,0.0,0.0,0.0,0.0,0.0,22.863844139124396,0.015205091937765204,24.252097692738943,0.0038896746817538895,0.015205091937765204,24.252097692738943,40.85641417570099,0.4335664751577749,0.7197956200626279,51.99386681770316,0.5517566340753783,0.8278744513020591,8.281697128591928,0.0,6.673068506383315,0.4926615546165766,92.85028099340414,0.0,94.26666666666667,4.556679976827657,40.85641417570099,0.4335664751577749,0.6276311754035374,0.9609129320903239,27.110585525133587,0.2432226426899433,0.5979932621121407,0.9321381137706339,0.13557529544485647,0.28672944888857205,-0.19652993761685042,-0.7564467676631024,0.9985850725150336,51.99386681770316,0.5517566340753783,0.6574904622511265,1.2941433361037005,29.964132362567984,0.6965492963790894,0.8035085871815681,0.9556574448943138,0.5348655516442595,-0.1567131875526118,-0.2023560858768878,-0.7135619245330597,0.9932790944464096,0.8310246902827508,0.47848748308195055,0.10680067650798146,0.17897627658073118,0.10382913794820596,0.004768203421458313,0.02648147132227399,0.1040863790249466,0.005131844547417187,0.029349551322041187,16.173445184975986,0.7628203677041159,0.19661254562326835,rl2,MppisaQryreZkiwB,4,2828.0,fold the clothes,"{""long sleeves t-shirt"",t-shirt,shorts}"
2026-01-09-00-09-32-000000,2794.0,93.13333333333334,0.0,0.0,0.0,0.0,0.0,0.0,0.0,0.0,0.0,0.0,0.0,0.0,0.0,0.0,19.448788986708287,0.049391553328561204,24.396456063398666,0.04438081603435934,0.049391553328561204,24.396456063398666,48.496519537199134,0.520907836060141,0.22889041170232105,51.28264318014946,0.5508339761562778,0.3449102743116089,12.166901334397316,0.00035803795202291446,6.186159079378555,0.5358709061082094,99.7791627173486,0.0,93.13333333333334,4.544712216950978,48.496519537199134,0.520907836060141,0.7923549055456715,1.4548154543227958,34.48943840570927,0.5438848622143269,0.6003618761897087,0.844625209691003,0.2757935577509097,0.26082269752194137,-0.059014777230632504,-0.6411189142608437,0.9942713927676333,51.28264318014946,0.5508339761562778,0.7601290668771229,1.284458284072287,33.559202770732014,0.5893469341099262,1.089077852666378,1.0349500618176535,0.6642772051902692,-0.004727855268079166,-0.25676364349889647,-0.632616632962381,0.9942713927676333,0.8501388122459537,0.37184219116548856,0.07281401695620218,0.13392709517898607,0.10425907703134772,0.003862395473528155,0.020976909063803353,0.10559065205348826,0.006094349147823787,0.03007888081087305,15.32936189493659,0.8768774510307213,0.2030074013075538,rl2,MppisaQryreZkiwB,4,2794.0,fold the clothes,"{""long sleeves t-shirt"",t-shirt,shorts}"
2026-01-09-00-14-38-000000,2501.0,83.36666666666666,0.0,0.0,0.0,0.0,0.0,0.0,0.0,0.0,0.0,0.0,0.0,0.0,0.0,0.0,21.184843136019683,0.04238304678128749,19.558957859309125,0.029988004798080767,0.04238304678128749,21.184843136019683,46.47724954501655,0.5577269945401986,0.6690148014573647,48.74084447030504,0.5848901336436606,0.7291836124450106,9.956566541288797,0.0,6.797436227286131,0.5713085640919295,95.21809401532158,0.0,83.36666666666666,4.435172378882968,46.47724954501655,0.5577269945401986,0.8435494095366808,1.5568404508703273,36.732474483730584,0.6428859569132328,1.0092468187212944,0.9271202981472015,0.6015440256376078,0.11071679191176044,-0.28509360952812973,-0.7115361159324783,0.9928,48.74084447030504,0.5848901336436606,0.8139593662836716,1.3570134386250812,36.348290280694684,0.6756794899702072,0.9057966470718384,0.9747425320092589,0.5965699334222861,-0.21068192706623973,-0.05578852266505467,-0.7009695272494081,0.996,0.8617672176365367,0.42293064539479625,0.07466366626852862,0.14813649032363937,0.10417224800960294,0.004644045416114287,0.03134256886600249,0.10436521531244956,0.00690633097502537,0.03238686837938273,13.370396464791952,1.0181784188036762,0.23882026190479705,rl2,MppisaQryreZkiwB,8,2501.0,fold the clothes,"{""long sleeves t-shirt"",t-shirt,shorts}"
2026-01-09-00-19-36-000000,3204.0,106.8,0.0,0.0,0.0,0.0,0.0,0.0,0.0,0.0,0.0,0.0,0.0,0.0,0.0,0.0,24.96437002596135,0.016853932584269662,20.88012268385151,0.0024968789013732834,0.016853932584269662,24.96437002596135,42.53965744621628,0.39843575503792955,0.11630529607192634,56.61477205880445,0.5302663633356646,0.25516941075689176,8.389985593380915,0.0,3.9600614851712654,0.464351059186797,99.15442950502073,0.0,106.8,4.680277658474897,42.53965744621628,0.39843575503792955,0.6034301883434569,1.030866550893984,26.02269410412414,0.5850308835506439,0.45124394446611404,0.9053410496562719,0.23900247165202285,0.10532598162666382,-0.37413010578695566,-0.7802377595448781,0.9834530128004996,56.61477205880445,0.5302663633356646,0.6690262103030066,1.4006481386669953,30.639744727437257,0.6240000575780869,0.6379480622708797,0.7597496453672647,0.3024408558885676,-0.2213108399388765,-0.10436008981403316,-0.7427835540332077,0.9862628785513581,0.7688480827822205,0.4639550612787238,0.09045920027857875,0.1978163386975149,0.10347217108199794,0.0032726933475643602,0.018058764270708447,0.10137468380130642,0.006096424026106147,0.030825918823982917,15.167838352941606,0.5760477539659208,0.17900908561626938,rl2,MppisaQryreZkiwB,8,3204.0,fold the clothes,"{""long sleeves t-shirt"",t-shirt,shorts}"
2026-01-09-00-24-08-000000,2712.0,90.4,0.0,0.0,0.0,0.0,0.0,0.0,0.0,0.0,0.0,0.0,0.0,0.0,0.0,0.0,22.114099506391188,0.03797935103244838,20.95809418282929,0.019174041297935103,0.03797935103244838,22.114099506391188,53.017216261818135,0.5866899623218531,0.6518576077410853,55.541580999190735,0.6146246514111848,0.4050961404885016,13.581061539804626,0.0011066027296200663,6.6875130670379965,0.600657306866519,108.55879726100886,0.0,90.4,4.515245478460105,53.017216261818135,0.5866899623218531,0.880849915023767,1.5378220208275233,37.86879869446437,0.6759057119488716,0.9126067459583282,0.9982329839840531,0.6157461530665589,0.08096176627364042,-0.3023903722969515,-0.7263263115243146,0.9937292511988196,55.541580999190735,0.6146246514111848,0.953145298493877,1.4003424683838261,41.71120221680879,0.5466381479054689,0.765891969203949,0.9429219141602516,0.3947691269234316,-0.22143476905564263,-0.03110036156374429,-0.7073476591802018,0.9944669863518997,0.8570572558019602,0.43652101091601647,0.08164206326082853,0.12447047617105417,0.10429934941607581,0.0038752757030942166,0.023067107308715848,0.10461348052439169,0.005636790912298857,0.029171461091608994,17.39773940156307,0.9655482283493112,0.23290933778164302,rl2,MppisaQryreZkiwB,8,2712.0,fold the clothes,"{""long sleeves t-shirt"",t-shirt,shorts}"
2026-01-09-00-29-05-000000,3147.0,104.9,0.0,0.0,0.0,0.0,0.0,0.0,0.0,0.0,0.0,0.0,0.0,0.0,0.0,0.0,23.129318744597004,0.01271051795360661,17.94620946691858,0.0060374960279631395,0.01271051795360661,23.129318744597004,47.26578851972832,0.45072271315697693,0.5061398445281878,63.203775627397434,0.6027060612911389,0.5433358775794119,12.424239581400082,0.0011125238397965672,11.547091365518806,0.5267143872240581,110.46956414712575,0.0,104.9,4.662495252607361,47.26578851972832,0.45072271315697693,0.7382760775663232,1.061022078147339,31.19746738196812,0.6149727255105972,0.9137983545660973,0.8747660983353853,0.4915844879618094,0.12250633854069784,-0.29999320555044706,-0.7537799571786687,0.9952320406865861,63.203775627397434,0.6027060612911389,0.8052649011654983,1.5154905215808,36.13020084788825,0.8083397597074509,0.8943976312875748,0.8803282678127289,0.6364572365280153,-0.17687886987017035,-0.015065186033410845,-0.7205700891741712,0.9958677685950413,0.795234957556755,0.45684620824598793,0.10591017329383035,0.13736239661948543,0.10406557866452616,0.0034241653950176127,0.019678028593968305,0.10235386193523835,0.00590533618556531,0.030155882695185265,18.630440484501136,0.9417888180112531,0.23217344695255945,rl2,MppisaQryreZkiwB,8,3147.0,fold the clothes,"{""long sleeves t-shirt"",t-shirt,shorts}"
2026-01-09-00-41-56-000000,2352.0,78.4,0.0,0.0,0.0,0.0,0.0,0.0,0.0,0.0,0.0,0.0,0.0,0.0,0.0,0.0,21.891121398319466,0.0391156462585034,18.04766621207169,0.016581632653061226,0.0391156462585034,21.891121398319466,51.18924798234647,0.6532018032626092,0.6992436938273171,53.799878971246045,0.6865148316194731,0.8256418873101354,11.455913877012886,0.0002126754572522331,7.956268420230959,0.6698583174410412,104.98912695359252,0.0,78.4,4.37449836825309,51.18924798234647,0.6532018032626092,0.9778354505160788,1.7757535069842694,42.151910649442776,0.6759943030774593,0.579004152212292,0.9486329983919859,0.37129828371071644,0.11134464894365963,-0.24963740404131213,-0.7269297669511795,0.9987239472564866,53.799878971246045,0.6865148316194731,0.9709917059467054,1.6075242132311347,42.70971183173145,0.5424244161695242,0.6745328828692436,0.9033137084916234,0.33050722461231413,-0.19368985370054942,-0.059534617811940346,-0.7113073031809244,0.9995746490854955,0.8554568068676989,0.3891059647942833,0.0694512930557439,0.2532954410229106,0.10495076545718335,0.0040286927000374,0.022122654039591808,0.10599098811922397,0.005153379515181165,0.0276903314996359,16.516605639557167,0.7337493685718071,0.2698891171929556,rl2,MppisaQryreZkiwB,5,2352.0,fold the clothes,"{""long sleeves t-shirt"",t-shirt,shorts}"
2026-01-09-00-50-24-000000,2901.0,96.7,0.0,0.0,0.0,0.0,0.0,0.0,0.0,0.0,0.0,0.0,0.0,0.0,0.0,0.0,24.942922416859947,0.037917959324370906,23.000522226680488,0.028266115132712856,0.037917959324370906,24.942922416859947,52.579802131228,0.5439289875644275,1.219689252339166,64.73531517181866,0.6696756741912274,2.0144217067584846,29.908866445725437,0.000689655172413793,25.541117957941623,0.6068023308778275,117.31511730304666,0.0,96.7,4.581901559048737,52.579802131228,0.5439289875644275,0.8984831608504666,1.0921802575398187,38.19175194257493,1.3970411010086536,1.3711140006780624,0.8556892843917012,1.6390750602673732,0.23032048584040035,-0.22356774783618813,-0.754236875514454,0.9996551724137931,64.73531517181866,0.6696756741912274,1.0529487954249281,1.4560075877014536,45.97229349060428,2.5675268322229385,0.8446295633912086,0.9281773166731,2.012853744995452,-0.206737122501342,-0.13436382349741605,-0.7232069946573171,0.9989655172413793,0.8800167742141898,0.4914278310136832,0.09052169065307814,0.2512385045673401,0.1043437574110958,0.0038674852420434004,0.023971359050122834,0.10545382951847816,0.004836223409162014,0.02869938146020827,22.142267305106255,2.3750601403439866,0.27277562256088794,rl2,MppisaQryreZkiwB,5,2901.0,fold the clothes,"{""long sleeves t-shirt"",t-shirt,shorts}"
2026-01-09-00-55-10-000000,2638.0,87.93333333333334,0.0,0.0,0.0,0.0,0.0,0.0,0.0,0.0,0.0,0.0,0.0,0.0,0.0,0.0,18.452592232086552,0.04169825625473844,19.122678396697733,0.04435178165276725,0.04435178165276725,19.122678396697733,60.16573868659097,0.6844793934765753,1.1591480020009366,62.78275548419592,0.7142520532900559,1.7568674601578822,12.1481812824407,0.002085703450891164,5.882129414280152,0.6993657233833156,122.94849417078689,0.0,87.93333333333334,4.487887025373359,60.16573868659097,0.6844793934765753,1.0790980948323488,1.881534613640973,47.85390092006453,1.3457608744502068,1.0753007680177689,0.8631897978484631,1.249119972739455,0.1370575226584931,-0.18217857568855314,-0.7430394638634772,0.9981039059537353,62.78275548419592,0.7142520532900559,1.0749292177248297,1.6017367622722536,48.02322584059432,2.1052590012550354,0.6092412732541561,0.8059011474251747,1.0336574142425707,-0.1957925122977574,-0.08504291585583199,-0.7131753669150733,0.9969662495259765,0.8605155547082314,0.4017741927839412,0.09431787564093677,0.24862146169747235,0.10638237656593477,0.003785814617264876,0.023699766226904326,0.10683815193878662,0.005128313868192141,0.033004308247473885,19.62190425648277,1.9419182001874462,0.24634701262839281,rl2,MppisaQryreZkiwB,5,2638.0,fold the clothes,"{""long sleeves t-shirt"",t-shirt,shorts}"
2026-01-09-01-00-13-000000,3020.0,100.66666666666667,0.0,0.0,0.0,0.0,0.0,0.0,0.0,0.0,0.0,0.0,0.0,0.0,0.0,0.0,23.90741629380345,0.016225165562913906,18.56055664505709,0.008940397350993378,0.016225165562913906,23.90741629380345,43.18869223122634,0.42916885291049695,0.32282527120455545,57.4557607445765,0.5709416437023169,0.640002639921563,15.44353634299944,0.0011593242795627692,12.93997436011011,0.5000552483064069,100.64445297580284,0.0,100.66666666666667,4.621699487939302,43.18869223122634,0.42916885291049695,0.7796706806802586,0.9974319792127775,31.747398530849267,0.6327860616147518,0.5184783604927361,0.8320860415697098,0.27299568099163,0.11086741734376264,-0.2979065983549658,-0.7416310557367786,0.9976813514408744,57.4557607445765,0.5709416437023169,0.8515247183150914,1.3191407649286424,36.26653160259727,0.692165195941925,0.9615867659449577,0.8455809932202101,0.5627991696262431,-0.1820027447459041,-0.011982267648397963,-0.722511074710514,0.9983438224577674,0.8469566210947171,0.4520464173983328,0.08942711396752252,0.2301612834406553,0.10365861692749788,0.00316208974942039,0.020803846900995626,0.10297427714526877,0.005497730469161672,0.02851706512099747,18.043454933507988,0.9898812797648084,0.210120674947538,rl2,MppisaQryreZkiwB,5,3020.0,fold the clothes,"{""long sleeves t-shirt"",t-shirt,shorts}"
2026-01-09-19-48-24-000000,2910.0,97.0,0.0,0.0,0.0,0.0,0.0,0.0,0.0,0.0,0.0,0.0,0.0,0.0,0.0,0.0,18.992381208348156,0.04020618556701031,21.59953673907249,0.023711340206185566,0.04020618556701031,21.59953673907249,58.25884500451764,0.6008131145189168,0.3827154214261723,63.65005118909427,0.6564116657520894,0.5727854669044091,12.10448227858234,0.0008594018563080096,7.4282917087927505,0.6286123901355032,121.90889619361191,0.0,97.0,4.584967478670572,58.25884500451764,0.6008131145189168,0.925054887323254,1.807864655178199,41.76892109430086,0.5106367617845535,0.7153739631175995,1.0984568512067199,0.40126216193238395,0.06443903278687463,-0.26120759361536366,-0.6325901508702547,0.9938123066345823,63.65005118909427,0.6564116657520894,0.9421063707246219,1.6051100663702131,43.56547913964636,0.6130210729315877,0.8627951219677925,0.897197132348083,0.4745379630597249,-0.19101490760734144,-0.08225436443763007,-0.6260388941578071,0.9934685458920591,0.8672084904924534,0.3381373870470435,0.06952832532626581,0.1474807174160985,0.10480292379869785,0.004673861592753908,0.025646240987262786,0.10592846472262503,0.005567691761026785,0.03012328139007983,15.298364134868093,0.8297015375693595,0.2624056139684159,rl2,MppisaQryreZkiwB,6,2910.0,fold the clothes,"{""long sleeves t-shirt"",t-shirt,shorts}"
2026-01-09-19-53-09-000000,2751.0,91.7,0.0,0.0,0.0,0.0,0.0,0.0,0.0,0.0,0.0,0.0,0.0,0.0,0.0,0.0,25.4805040260521,0.011632133769538349,23.37017466728276,0.009087604507451835,0.011632133769538349,25.4805040260521,41.34337821540987,0.45101867144083485,0.6102132039573981,56.44501318813055,0.6157637802341515,0.7386067246396394,10.375562979159023,0.0001818181818181818,6.161728634148346,0.5333912258374932,97.78839140354043,0.0,91.7,4.529368472571809,41.34337821540987,0.45101867144083485,0.634277930838131,1.0974148527163436,27.775095539810497,0.5556852594017982,0.6810213588178158,0.7927026096731424,0.2999852471619353,-0.1135672061903499,-0.30191078267755245,-0.6538762084040175,0.9934545454545455,56.44501318813055,0.6157637802341515,0.7693221047606548,1.5722778131733677,34.612942766026755,0.6291381008923054,1.2458211779594421,0.9711299845948815,0.7611654375138476,-0.19373991472124566,0.0892684140211808,-0.6453147287331914,0.9934545454545455,0.7902851427781966,0.43363920178319576,0.12785415034740852,0.1297203730035656,0.10419663047647701,0.004504092900512012,0.02506551252953658,0.10620504741198784,0.0046959539026821635,0.03304469019902981,14.686702299940375,1.0147139688787574,0.19675121418545707,rl2,MppisaQryreZkiwB,6,2751.0,fold the clothes,"{""long sleeves t-shirt"",t-shirt,shorts}"
2026-01-09-19-57-45-000000,2842.0,94.73333333333333,0.0,0.0,0.0,0.0,0.0,0.0,0.0,0.0,0.0,0.0,0.0,0.0,0.0,0.0,20.117690180318917,0.05840957072484166,25.084920827171317,0.047501759324419426,0.05840957072484166,25.084920827171317,55.23497781440399,0.5832627013136641,0.888715487163953,64.21561226885512,0.6780951665137817,0.6985269961726966,10.267124220308467,0.00017599436818021823,5.7266500535498945,0.6306789339137229,119.45059008325912,0.0,94.73333333333333,4.56156654850596,55.23497781440399,0.5832627013136641,0.8257981458648334,1.6362973940236232,36.26322871963874,0.6617987751960754,1.1009541973471642,0.8381551187485456,0.6106883178694097,0.11632749712078935,-0.2348215682393141,-0.6240740703514867,0.9883843717001056,64.21561226885512,0.6780951665137817,0.8683401348649962,1.6396443855221652,38.89790588203386,0.9091051463037729,1.1132649704813957,0.874861802905798,0.8854256838190996,-0.18827987998300597,-0.12453935725776967,-0.6217360835837661,0.9855684618092221,0.8164965029371661,0.36464719379469474,0.08675909900725608,0.11571716641931304,0.10468519716899581,0.005155953908396038,0.031157134891328972,0.10579615067140133,0.005827787582149875,0.0297351245887868,16.09866917575369,1.0021827291140903,0.26422267964291596,rl2,MppisaQryreZkiwB,6,2842.0,fold the clothes,"{""long sleeves t-shirt"",t-shirt,shorts}"
2026-01-09-20-03-13-000000,3004.0,100.13333333333334,0.0,0.0,0.0,0.0,0.0,0.0,0.0,0.0,0.0,0.0,0.0,0.0,0.0,0.0,25.102530378561468,0.012649800266311585,23.128701394983963,0.009986684420772303,0.012649800266311585,25.102530378561468,43.63977023551924,0.4359617406145777,0.5825143479228553,60.46403828253361,0.6040363464788572,0.6877986053807877,12.218821774126623,0.000666000666000666,7.015705720999881,0.5199990435467176,104.10380851805284,0.0,100.13333333333334,4.616439778246322,43.63977023551924,0.4359617406145777,0.6726960877608367,0.9948711319899161,29.757992382775743,0.6659622713923454,0.6986799146980047,0.8887936659157276,0.413550771472057,0.2177354297820806,-0.2385984761519325,-0.6673923786109519,0.9966699966699967,60.46403828253361,0.6040363464788572,0.786191146524232,1.5392237937713387,35.36643278588858,1.241368681192398,0.6768541485071182,0.8524956833571196,0.7162886473387293,-0.17339401786028347,-0.12077871465140311,-0.6548578658695525,0.9953379953379954,0.7978597806679595,0.45277183981778096,0.13508924961397098,0.08097931182211332,0.10327825283011645,0.004272489510780331,0.027608608047032274,0.10520399892313666,0.004604113369619018,0.027808991265643124,17.28147901250313,1.0132234718958733,0.21824732402499025,rl2,MppisaQryreZkiwB,6,3004.0,fold the clothes,"{""long sleeves t-shirt"",t-shirt,shorts}"
2026-01-09-20-14-23-000000,3074.0,102.46666666666667,0.0,0.0,0.0,0.0,0.0,0.0,0.0,0.0,0.0,0.0,0.0,0.0,0.0,0.0,22.667721591910567,0.026024723487312947,25.13407902409513,0.03318152244632401,0.03318152244632401,25.13407902409513,47.282917515302415,0.46159698192615434,1.023923619838207,63.466965923257675,0.6195928986976017,0.9269025678714985,22.338936051249334,0.0003254149040026033,22.13117053197202,0.540594940311878,110.74988343856009,0.0,102.46666666666667,4.639249499640954,47.282917515302415,0.46159698192615434,0.7567820126824428,1.178705743491349,32.111908858692665,0.5757259130477905,1.4537157267332077,0.9379863683134317,0.7850400126836276,0.21137569019802413,-0.2520308698983557,-0.7481959653023337,0.9973966807679792,63.466965923257675,0.6195928986976017,0.893651417629077,1.5460833662614966,39.602078055980996,1.0340358093380928,1.3823008686304092,0.9780935659073293,1.3980366665976576,-0.2231644834840165,-0.1695480143815764,-0.7110327459457385,0.9986983403839896,0.7753902639040334,0.5050136887468747,0.11521203072961983,0.256103526178304,0.10359324185602542,0.0035717091351353675,0.026078842066317998,0.10535666610979577,0.00537201997870667,0.029908990943007016,18.596549265410545,1.4305956015782406,0.19746855683176848,rl2,MppisaQryreZkiwB,7,3074.0,fold the clothes,"{""long sleeves t-shirt"",t-shirt,shorts}"
2026-01-09-20-19-26-000000,2556.0,85.2,0.0,0.0,0.0,0.0,0.0,0.0,0.0,0.0,0.0,0.0,0.0,0.0,0.0,0.0,20.40119525194622,0.05555555555555555,28.408552494404333,0.05985915492957746,0.05985915492957746,28.408552494404333,53.7933126431246,0.6316240232069426,1.0979252901771435,60.268887190077926,0.7076581666153965,0.9161553630596851,10.093590622877024,0.00019569471624266145,6.926265238688601,0.6696410949111695,114.06219983320253,0.0,85.2,4.456670177669648,53.7933126431246,0.6316240232069426,0.8866937587923602,1.867649599814884,39.28070829385417,0.7860345914959908,1.413059115409851,0.795382671058178,0.8834421467608782,0.006805847105256782,-0.2779937695691082,-0.7112879001867778,0.9984344422700587,60.268887190077926,0.7076581666153965,0.9443714246249307,1.7341137547440006,43.130134384987564,1.187990978360176,1.2522828578948975,0.9780200868844986,1.4550012045813667,-0.2557539130467776,-0.10281366135428878,-0.700197113774781,0.9972602739726028,0.7953439368552728,0.39192702713345573,0.08734710866238583,0.1371062441554287,0.10524917764004842,0.00398621032466531,0.02010441165634791,0.10788648407850797,0.003778866470250391,0.017385454878351247,17.636971772997427,1.4464592999273382,0.20154505019225855,rl2,MppisaQryreZkiwB,7,2556.0,fold the clothes,"{""long sleeves t-shirt"",t-shirt,shorts}"
2026-01-09-20-24-04-000000,2862.0,95.4,0.0,0.0,0.0,0.0,0.0,0.0,0.0,0.0,0.0,0.0,0.0,0.0,0.0,0.0,24.931906345363146,0.045422781271837874,27.26027643239261,0.06009783368273934,0.06009783368273934,27.26027643239261,53.073220892297996,0.5565175207161621,1.068640752045267,63.077239447417995,0.6614180997632085,0.9630946107282895,11.033928517790118,0.00017476406850751484,4.734342720312128,0.6089678102396854,116.15046033971599,0.0,95.4,4.5685062016165,53.073220892297996,0.5565175207161621,0.7635702309285725,1.2311024936121737,33.90596416414524,0.5665752589702606,1.5738230347633362,0.9001580774784088,0.8026612301241908,0.17871196644158108,-0.31482789196870614,-0.7383486258033937,0.9975533030408948,63.077239447417995,0.6614180997632085,0.8545228659620082,1.671114249282053,38.75834156715243,0.8746063634753227,1.5127460956573486,0.8215264417231083,1.0869266064579683,-0.18117558273257706,-0.20571061417772915,-0.7103910687061288,0.9968542467668647,0.8226888700222063,0.4425898220294896,0.12198390639020747,0.10629524353707216,0.10415255638115618,0.00373615474163633,0.020083129152824952,0.10634787478231127,0.0035677936139411393,0.018841651067647777,20.65561621843233,1.468128882380094,0.23584734950540914,rl2,MppisaQryreZkiwB,7,2862.0,fold the clothes,"{""long sleeves t-shirt"",t-shirt,shorts}"
2026-01-09-20-31-25-000000,3075.0,102.5,0.0,0.0,0.0,0.0,0.0,0.0,0.0,0.0,0.0,0.0,0.0,0.0,0.0,0.0,20.649407649550515,0.013008130081300813,23.18330643237799,0.013983739837398375,0.013983739837398375,23.18330643237799,51.59634357354982,0.5035427154217614,0.40727720410115353,67.63646167582138,0.6600825797900589,0.8728481473292639,12.775080964493503,0.00048796356538711777,6.708363202118834,0.5818126476059102,119.2328052493712,0.0,102.5,4.639571612705423,51.59634357354982,0.5035427154217614,0.7413056390004586,1.2206022523826026,31.35315756735853,0.5794335044920444,0.8870600201189518,0.9537842012941837,0.4902377316569923,0.18612819093938282,-0.2413262799458353,-0.7572359005658608,0.9970722186076773,67.63646167582138,0.6600825797900589,0.8450781105012006,1.5546700904433208,37.57725210881698,1.1676264330744743,1.2377163544297218,0.8570236470550299,1.2385622890884866,-0.24865490798694573,-0.10861717826392449,-0.7317290982852379,0.9993493819128172,0.8018233986156849,0.5018099896259619,0.11050422519156151,0.17319203336970976,0.10373977505587123,0.0033956571150393056,0.01869694446512976,0.1037599956821689,0.005792307431026774,0.02971336028106221,20.776845747427476,1.2335086414154885,0.24104119369269617,rl2,MppisaQryreZkiwB,7,3075.0,fold the clothes,"{""long sleeves t-shirt"",t-shirt,shorts}"
2026-01-20-21-28-19-470000,3470.0,115.66666666666667,0.0,0.0,0.0,0.0,0.0,0.0,0.0,0.0,0.0,0.0,0.0,0.0,0.0,0.0,30.86936574970221,0.012680115273775217,22.896684489529896,0.0,0.012680115273775217,30.86936574970221,54.43393096791042,0.47074601586546916,0.5202389972382507,84.31064913496752,0.7291206324730543,0.6307762690878482,15.85875940717065,0.0008648025367541078,8.07330768642662,0.5999333241692617,138.74458010287793,0.0,115.66666666666667,4.75932086581535,54.43393096791042,0.47074601586546916,0.728403046956961,1.1745067511315457,31.70884827545877,0.5682876408100128,0.6841050004586577,0.6909836381673813,0.26863261502913277,0.1164269774916021,-0.36070304746658716,-0.666640796713123,0.9890458345344479,84.31064913496752,0.7291206324730543,1.0255574163151637,2.0292960716460167,47.36175496142453,0.6492750030010939,1.0161457732319832,0.744418241083622,0.4911359270955157,-0.23478425002605882,-0.09960272964923804,-0.7021613358581702,0.9884692995099452,0.5715403721051684,0.4734110462502663,0.14448349848682293,0.13389630636963865,0.10246326616543805,0.006780552065768382,0.03355391103325367,0.10123642458918847,0.00766068325969742,0.03253576607908826,13.433738729320833,0.7983498847317365,0.1585623135176443,rl2,B9BG1frBKz-C2vUD,9,3470.0,fold clothes,{clothes}
2026-01-20-21-28-33-672000,2893.0,96.43333333333334,0.0,0.0,0.0,0.0,0.0,0.0,0.0,0.0,0.0,0.0,0.0,0.0,0.0,0.0,25.156425606039964,0.015209125475285171,19.22709146766246,0.0,0.015209125475285171,25.156425606039964,56.91326880176297,0.5903866058274166,0.7442608866632237,58.41867582682944,0.6060028612741644,0.5859981306370438,11.874930378190715,0.00034578146611341634,3.6172145924167216,0.5981947335507904,115.33194462859241,0.0,96.43333333333334,4.57916838344909,56.91326880176297,0.5903866058274166,0.8666818258003566,1.712710262207049,38.073429076288164,0.6244283933192492,0.5904066432267427,0.8656964730471373,0.3191534373645212,0.13300939569957335,-0.2526393165488404,-0.6546968257153195,0.9799446749654218,58.41867582682944,0.6060028612741644,0.8715154873658274,1.6078634332905029,39.07928497479832,0.5195115059614182,0.6508073434233665,0.6594867445528507,0.22297372338448762,-0.17183718316992916,-0.0161817342204156,-0.6399910142880243,0.9740663900414938,0.5348176423403579,0.4033468952431564,0.1207627016821809,0.1383108167715044,0.10437062440321021,0.007822374965948278,0.033679597669482544,0.10609971027081858,0.006720228601803735,0.025495876798168463,10.495968431859316,0.5382410274961679,0.11448716136796218,rl2,B9BG1frBKz-C2vUD,9,2893.0,fold clothes,{clothes}
2026-01-20-21-28-46-027000,3424.0,114.13333333333334,0.0,0.0,0.0,0.0,0.0,0.0,0.0,0.0,0.0,0.0,0.0,0.0,0.0,0.0,20.9216052654104,0.005841121495327103,15.25243592017682,0.0,0.005841121495327103,20.9216052654104,44.3271457092633,0.38849382742562044,0.6271806771091719,51.88975237636698,0.4547743415983084,0.43080946238770323,12.045791471824,0.0005842827928717499,5.503475468121215,0.4216340845119644,96.21689808563028,0.0,114.13333333333334,4.746090877044469,44.3271457092633,0.38849382742562044,0.6268177528111634,0.9914155212759038,26.78463481226553,0.4355720281600952,0.4945512805134058,0.6460240855813026,0.13916179530663064,0.1410755173104084,-0.20472873906427058,-0.6535436439895829,0.9664037394098743,51.88975237636698,0.4547743415983084,0.7966792421154678,1.1496570945446858,34.6860910943562,0.40236276015639305,0.6094627492129803,0.5616309605538845,0.1377260163198022,-0.134592609548023,-0.05693832867794545,-0.6372750743638254,0.9661115980134385,0.5222219093444008,0.32101923388360365,0.07210322896824263,0.1169592214245125,0.10179599039719507,0.007662999219484177,0.02646517742191326,0.10335719632987286,0.007302591929791549,0.02888028252304875,10.709418788405785,0.4217390477553818,0.09453600592414725,rl2,B9BG1frBKz-C2vUD,9,3424.0,fold clothes,{clothes}
2026-01-20-21-28-58-868000,3612.0,120.4,0.0,0.0,0.0,0.0,0.0,0.0,0.0,0.0,0.0,0.0,0.0,0.0,0.0,0.0,30.937777701689157,0.01079734219269103,22.15905065118559,0.0,0.01079734219269103,30.937777701689157,49.00115469078376,0.40709904201703484,0.658653638809325,87.32153258278632,0.7254627464645775,0.27878099523514327,22.820148508302204,0.0009692605926336195,9.994608447979248,0.5662808942408061,136.32268727357007,0.0,120.4,4.799090878625398,49.00115469078376,0.40709904201703484,0.73994276102177,0.9556997583924102,31.703525229420613,0.7547849044203758,0.5131700220517814,0.7398138623684645,0.2865543124292213,0.09632155910708785,-0.34737872600682795,-0.6284209100311934,0.9803378565494323,87.32153258278632,0.7254627464645775,1.017960604483804,2.004927879345615,45.980775960746165,0.65500651858747,0.7888737395405769,0.7725260592997074,0.3991776890400272,-0.20393493048849815,-0.04389312157569134,-0.6388104015854027,0.9778454721683744,0.5777453994222805,0.4550069013668808,0.1492548823089342,0.03195738678425104,0.10271876604828276,0.007025495398360608,0.027167803268417376,0.10167209062639555,0.009069570147511079,0.03406041086048521,14.522741912057526,0.61720267919592,0.18201622638315232,rl2,B9BG1frBKz-C2vUD,9,3612.0,fold clothes,{clothes}
2026-01-20-21-29-45-799000,4307.0,143.56666666666666,0.0,0.0,0.0,0.0,0.0,0.0,0.0,0.0,0.0,0.0,0.0,0.0,0.0,0.0,19.65561279354108,0.011144648247039703,16.071396625532664,0.0,0.011144648247039703,19.65561279354108,65.36002287617245,0.45536476690319866,0.6796042584278589,56.974545068696855,0.3969429521739214,0.2785612472610918,13.66124507332766,0.00023223409196470042,6.128152744016891,0.42615385953856005,122.3345679448693,0.0,143.56666666666666,4.973740762173211,65.36002287617245,0.45536476690319866,0.7550059398772166,1.1496873525404543,33.10083460564114,0.4934532642364502,0.33553226105868816,0.7147574182599783,0.1183420208405216,-0.028297109237891742,-0.21937604849937103,-0.6808598912553483,0.9647004180213655,56.974545068696855,0.3969429521739214,0.5695205865155448,1.0589755666616183,25.21285668256086,0.34600111469626427,0.5414027087390423,0.5288692228496075,0.09907092468989565,-0.16415957844592777,0.002024695854607828,-0.6814925745120936,0.9593590339061774,0.5143875399247582,0.28013733528759405,0.08075101693004247,0.092358494838318,0.10445431479186959,0.00742067487905601,0.032811607999970835,0.10629556611700339,0.006567381922958266,0.02974490119335993,12.816762693471182,0.4494310889259744,0.11608394750375425,rl2,B9BG1frBKz-C2vUD,10,4307.0,fold clothes,{clothes}
2026-01-20-21-30-16-883000,3141.0,104.7,0.0,0.0,0.0,0.0,0.0,0.0,0.0,0.0,0.0,0.0,0.0,0.0,0.0,0.0,26.457029561355146,0.01687360713148679,23.191469822586537,0.0060490289716650745,0.01687360713148679,26.457029561355146,45.66491086174333,0.4362889572778025,0.6358407841763865,58.39646039330384,0.5579279655411195,0.08331250208766364,16.32624506844529,0.0017515923566878981,9.522059997199424,0.49710846140946097,104.06137125504716,0.0,104.7,4.660604892876192,45.66491086174333,0.4362889572778025,0.70332410535548,1.2515233715939664,30.927097275466654,0.39803318306803703,0.6653153598308563,0.8016151040792465,0.21228178030456532,0.2158730831477567,-0.2651732774767968,-0.6946552252009706,0.9557324840764331,58.39646039330384,0.5579279655411195,1.0504471041210612,1.4389700400831789,46.381361229096804,0.5828318800777197,0.6085798777639866,0.7813684977591038,0.27715121419999106,-0.25376665132729276,-0.05215278797787331,-0.6815776424930188,0.9503184713375796,0.5621629669956867,0.5238693691155081,0.14721246831419213,0.1291571907630856,0.10316321091487171,0.007953969153713134,0.030126331223463906,0.10542718518422312,0.006918101142429161,0.029794807857618524,11.83803771603218,0.6353789514972328,0.15107595697645348,rl2,B9BG1frBKz-C2vUD,10,3141.0,fold clothes,{clothes}
2026-01-20-21-30-45-970000,3384.0,112.8,0.0,0.0,0.0,0.0,0.0,0.0,0.0,0.0,0.0,0.0,0.0,0.0,0.0,0.0,28.252809671113535,0.03693853427895981,21.875399028526374,0.030732860520094562,0.03693853427895981,28.252809671113535,49.12358955188736,0.43562154494727184,0.15823630001118544,91.06268628548709,0.8075319505068319,0.3919975391027968,21.97665464227049,0.0035471475022169673,10.75935503805218,0.6215767477270518,140.18627583737447,0.0,112.8,4.73444252169223,49.12358955188736,0.43562154494727184,0.8461040109417004,1.0390502543171785,36.45457381867317,0.42723286896944046,0.4410441182553768,0.8988628499209881,0.16937141805222772,0.3419407624498133,-0.03417405081238533,-0.6487021081061304,0.981377475613361,91.06268628548709,0.8075319505068319,1.3808663316570584,2.0814007913176464,62.05221435605382,0.6786938309669495,0.6279692640528083,1.031018796376884,0.4394190413760351,-0.04920700451399884,-0.23975137898997537,-0.6814903258480531,0.9858114099911321,0.7224586362704406,0.4682001382361792,0.14350733119453082,0.14799449840645,0.10247678883615728,0.007321378023143383,0.032797936071165906,0.10296497407316635,0.008502610582296202,0.03371058596076991,16.898265857358098,0.6901025466218063,0.27787833582661564,rl2,B9BG1frBKz-C2vUD,10,3384.0,fold clothes,{clothes}
2026-01-20-21-31-13-320000,3092.0,103.06666666666666,0.0,0.0,0.0,0.0,0.0,0.0,0.0,0.0,0.0,0.0,0.0,0.0,0.0,0.0,26.297750688413945,0.012613195342820181,22.423171463328334,0.0,0.012613195342820181,26.297750688413945,55.2698197750048,0.5364265911517775,0.1319149861209234,62.50889596537016,0.6066861465419298,0.09559829875372576,14.435754769115809,0.00016175994823681658,4.297494188946728,0.5715563688468536,117.77871574037496,0.0,103.06666666666666,4.645031719413222,55.2698197750048,0.5364265911517775,0.771805818520854,1.4070008541726136,33.6796048012072,0.31864553689956665,0.5526775252074003,0.7319860607385635,0.12890876716387645,0.2942177462204809,-0.09274253769795637,-0.6647087713326406,0.9663539307667421,62.50889596537016,0.6066861465419298,0.8027538418292249,1.6852929961789263,36.403826156884406,0.48678870126605034,0.3879629401490092,0.6580743566155434,0.12428127475080118,-0.0848160889183435,-0.21710117217855116,-0.6602351558328465,0.9679715302491103,0.6856037432368813,0.40839938740666354,0.10503585011729971,0.16780066318681722,0.1052164695864662,0.007167255648818519,0.029480933619076666,0.10729864873756169,0.0057124485490967275,0.024504530576149597,13.553383181707188,0.48183169624893,0.13845610365217959,rl2,B9BG1frBKz-C2vUD,10,3092.0,fold clothes,{clothes}
2026-01-20-21-31-40-476000,2758.0,91.93333333333334,0.0,0.0,0.0,0.0,0.0,0.0,0.0,0.0,0.0,0.0,0.0,0.0,0.0,0.0,24.998475328095108,0.008339376359680928,23.541660855223526,0.0014503263234227702,0.008339376359680928,24.998475328095108,45.84886493388085,0.4988995096178547,0.14302230744141597,59.57812438696742,0.6482929748309839,0.40476845774010867,13.108034467020047,0.000544069640914037,5.884389240462242,0.5735962422244192,105.42698932084826,0.0,91.93333333333334,4.531882390218259,45.84886493388085,0.4988995096178547,0.7203688505090216,1.477914017327445,31.79304772268375,0.38342283852398396,0.6479028984904289,0.7281473707407713,0.1808869293676072,0.3190144054534925,-0.07440997667848626,-0.6909600941571012,0.9785999274573812,59.57812438696742,0.6482929748309839,0.8720376737415975,1.7778107255696947,40.64954861816509,0.5116972699761391,0.7000794149935246,0.7609552536159754,0.27259603060349846,-0.16795978318100244,-0.20955436657885415,-0.6680366527120312,0.9822270583968081,0.6902025809853961,0.5100558195124296,0.15482566103932452,0.15570152413811292,0.10298241025410423,0.00770692832389531,0.02715998324152538,0.10464223321734596,0.007583019044546695,0.02937861867009396,11.305022158803116,0.542439240012793,0.13349734271322636,rl2,B9BG1frBKz-C2vUD,15,2758.0,fold clothes,{clothes}
2026-01-20-21-32-08-684000,3165.0,105.5,0.0,0.0,0.0,0.0,0.0,0.0,0.0,0.0,0.0,0.0,0.0,0.0,0.0,0.0,28.926080635538828,0.012954186413902054,25.885724726672827,0.010110584518167456,0.012954186413902054,28.926080635538828,47.06010538843151,0.44620833174871843,0.8244276072036046,87.66783016021346,0.8312373276884967,0.7142768576152975,15.186190612170536,0.0015802781289506952,11.70419577916259,0.6387228297186076,134.72793554864495,0.0,105.5,4.66814498514948,47.06010538843151,0.44620833174871843,0.6672335758422916,1.0726318816953515,28.596061663302894,0.3063133768737316,0.6497736573219299,1.0013574534095824,0.19930454305279513,0.2981464499357564,-0.17852954638661747,-0.6554913264839052,0.9895701643489254,87.66783016021346,0.8312373276884967,1.088418593715966,2.276131268100538,50.427421549099364,0.7187565341591835,0.7365299379453063,1.043007142841816,0.5521530721569889,-0.1520564236973911,-0.25267826955176786,-0.6759300335261847,0.9908343868520859,0.5521440962868416,0.482922068244531,0.1548035688390671,0.16254727263655178,0.1021601552750638,0.00656739602168339,0.03146337967419277,0.10383888671092459,0.007229140770846261,0.03400217383502828,15.235870006173812,0.6630959884962571,0.21922770397098112,rl2,B9BG1frBKz-C2vUD,15,3165.0,fold clothes,{clothes}
2026-01-20-21-32-36-344000,2999.0,99.96666666666667,0.0,0.0,0.0,0.0,0.0,0.0,0.0,0.0,0.0,0.0,0.0,0.0,0.0,0.0,25.26925506396367,0.019339779926642216,20.908789312912337,0.0030010003334444814,0.019339779926642216,25.26925506396367,50.36589203051036,0.5039949169163812,0.13633345394753005,59.428994280873326,0.5946864004090059,0.06622840240291561,22.244412511860038,0.00066711140760507,5.558824940814449,0.5493406586626935,109.79488631138369,0.0,99.96666666666667,4.614790429365082,50.36589203051036,0.5039949169163812,0.8254864983881268,1.5193430839649709,33.65112754498773,0.26015933975577354,0.5367161780595779,0.8270460776984692,0.11548187174081491,0.2558009033912756,-0.1341733450736374,-0.6550404528288215,0.9683122081387592,59.428994280873326,0.5946864004090059,0.9259330442393885,1.690648961434521,39.548096575477075,0.37321750819683075,0.5640538446605206,0.7342011984437704,0.1545601967126864,-0.08982525899864686,-0.19216143872805322,-0.6355208421244636,0.9669779853235491,0.7905741152180173,0.35704385004842537,0.08249311262730537,0.14076250613864486,0.10504426895124999,0.007748939100660469,0.0297645708425658,0.10588892714035679,0.007571392139726021,0.03040020188987269,10.200074361699379,0.4357179690446263,0.12604823315315444,rl2,B9BG1frBKz-C2vUD,15,2999.0,fold clothes,{clothes}
2026-01-20-21-33-05-081000,3075.0,102.5,0.0,0.0,0.0,0.0,0.0,0.0,0.0,0.0,0.0,0.0,0.0,0.0,0.0,0.0,26.17750011642485,0.022113821138211382,22.269445908093946,0.0016260162601626016,0.022113821138211382,26.17750011642485,45.0405391905786,0.43956284180785893,0.49966519273986004,57.81713799294391,0.564253135910318,0.1538817261786223,10.653499886242601,0.00048796356538711777,5.127213560036817,0.5019079888590884,102.85767718352251,0.0,102.5,4.639571612705423,45.0405391905786,0.43956284180785893,0.6552756818014575,1.2241340519169033,28.640127964251135,0.21290138736367226,0.4548449255526066,0.6769546940922737,0.06555434002563963,0.23476260159194953,-0.18367343476125442,-0.6347295643383167,0.9752765126870527,57.81713799294391,0.564253135910318,0.8037025130263555,1.4629581975666468,37.063990441730546,0.32683551497757435,0.3648573365062475,0.6610714308917522,0.07883166776085425,-0.09464087905528827,-0.20749336452064354,-0.6144476418621172,0.9837345478204295,0.6530417474849451,0.3355098374111528,0.06619363619869835,0.15118970411230112,0.10451197491650456,0.0066996354903968,0.026323915716465696,0.10546847634199105,0.006683672034438862,0.029911173663025453,12.521195832086724,0.4532723514152019,0.13921487783788183,rl2,B9BG1frBKz-C2vUD,15,3075.0,fold clothes,{clothes}
