episode_hash,n_frames,duration_s,nan_left_ee,nan_right_ee,nan_head,nan_left_kp,nan_right_kp,nan_max,frozen_frac_left_ee,frozen_run_left_ee,frozen_frac_right_ee,frozen_run_right_ee,frozen_frac_head,frozen_run_head,frozen_frac_max,frozen_run_max_s,path_len_left,speed_mean_left,net_disp_left,path_len_right,speed_mean_right,net_disp_right,motion_energy,path_len_total,has_annotations,f_duration_s,f_log_duration,f_left_path,f_left_speed_mean,f_left_speed_std,f_left_speed_p90,f_left_acc_std,f_left_ext_x,f_left_ext_y,f_left_ext_z,f_left_bbox_vol,f_left_centroid_x,f_left_centroid_y,f_left_centroid_z,f_left_active_frac,f_right_path,f_right_speed_mean,f_right_speed_std,f_right_speed_p90,f_right_acc_std,f_right_ext_x,f_right_ext_y,f_right_ext_z,f_right_bbox_vol,f_right_centroid_x,f_right_centroid_y,f_right_centroid_z,f_right_active_frac,f_bimanual_speed_corr,f_hand_dist_mean,f_hand_dist_std,f_hand_dist_min,f_left_aperture_mean,f_left_aperture_std,f_left_aperture_range,f_right_aperture_mean,f_right_aperture_std,f_right_aperture_range,f_head_path,f_head_ext,f_head_rot_energy,lab,operator,scene,num_frames,task_description,objects,rule_tracking_dropout,rule_frozen_tracker,rule_too_short,rule_no_motion,rule_runaway_length,rule_suspiciously_short,drop_reason,keep
2025-09-20-17-42-51-000000,2808.0,93.6,0.0,0.0,0.0,0.0,0.0,0.0,0.0,0.0,0.0,0.0,0.0,0.0,0.0,0.0,55.18436557814052,0.5897865932825849,0.2695188238037217,68.83909658064886,0.7357224429709532,0.2704312997962146,0.6627545181267691,124.0234621587894,0.0,93.6,4.549657476057832,55.18436557814052,0.5897865932825849,0.8692959728965497,1.5064063855691074,37.82038161670762,0.5392958745360374,0.3197573348879814,0.7225444922223687,0.1245983262588673,0.012722956607028,-0.229954509974651,-0.5281858884200766,0.9960812255076594,68.83909658064886,0.7357224429709532,1.051091715704633,1.6946255657289082,46.604274846682145,0.379108845256269,0.4442443773150444,0.7444482455030084,0.1253777199849802,-0.0991800800716256,0.0737190175240178,-0.5815802805133673,0.9942999643747772,0.8202617186317294,0.3473333167880508,0.0659937462498221,0.1651379502159252,0.1065394551398229,0.0062918390496696,0.027336504096174,0.1042403037752374,0.0058058725379199,0.0266185755809942,10.115493711824112,0.3670344263080259,0.1365810489539454,rl2,ucKevMbqCXuuySSS,1,2808.0,folding clothes,"{""short sleeve shirts"",""long sleeve shirts"",shorts}",False,False,False,False,False,False,,True
2025-09-20-17-47-54-000000,2815.0,93.83333333333331,0.0,0.0,0.0,0.0,0.0,0.0,0.0,0.0,0.0,0.0,0.0,0.0,0.0,0.0,43.44196339157892,0.4631339380765343,0.4127702485576877,58.422817972707755,0.6228445412868631,0.444450062724774,0.5429892396816988,101.86478136428669,0.0,93.83333333333331,4.5521209648982754,43.44196339157892,0.4631339380765343,1.0417563724137742,1.027599383194289,43.500848379094165,0.8675367869436741,0.638343695551157,0.706939522176981,0.3914936616828507,-0.0336107029961703,-0.3301815159830594,-0.6305183734721628,0.964818763326226,58.422817972707755,0.6228445412868631,0.9721849292522384,1.5518374527218863,41.65168246618695,0.5220329519361258,0.6641258597373962,0.7977947406470776,0.2765919127356017,-0.2031292033006253,0.060201970668194,-0.6331628235252194,0.9694385216773276,0.7745579149612628,0.4494302463921044,0.1248148027396053,0.1096264578887021,0.1031567443996902,0.0047898283213894,0.0306139414844761,0.1008599835257729,0.0066349931873169,0.0311551614115562,10.756382314540256,0.4999368052485828,0.1364825258381708,rl2,ucKevMbqCXuuySSS,1,2815.0,folding clothes,"{""short sleeve shirts"",""long sleeve shirts"",shorts}",False,False,False,False,False,False,,True
2025-09-20-18-05-52-000000,3383.0,112.76666666666668,0.0,0.0,0.0,0.0,0.0,0.0,0.0,0.0,0.0,0.0,0.0,0.0,0.0,0.0,34.563921865867314,0.3065989520922588,0.5915582406215362,63.76614695220476,0.5656370220479428,0.2660946696712254,0.4361179870701008,98.33006881807208,0.0,112.76666666666668,4.734149567244551,34.563921865867314,0.3065989520922588,0.8517016518501878,0.5385246282835504,34.89338146026196,0.5314617082476616,0.373230516212061,0.7946913065388799,0.157633161800885,0.0121092692880879,-0.2522250570525739,-0.5988766185026296,0.9858072146658782,63.76614695220476,0.5656370220479428,1.0247603739287363,1.4744590207748642,44.11696748296911,0.5125686638057232,0.412531703710556,0.6695302780717611,0.1415727290905935,-0.1052743795083105,0.0194358673457526,-0.6357227158497335,0.989946777054997,0.8323542481710906,0.3157496068926197,0.0817444993539912,0.0228184587660008,0.1069473438950746,0.0052765036556751,0.0332221261440568,0.1020391840023959,0.0070610650008554,0.0346082696736318,11.81870612028893,0.4608127863705412,0.1455092961449028,rl2,ucKevMbqCXuuySSS,2,3383.0,folding clothes,"{""short sleeve shirts"",""long sleeve shirts"",shorts}",False,False,False,False,False,False,,True
2025-09-20-18-11-35-000000,3136.0,104.53333333333332,0.0,0.0,0.0,0.0,0.0,0.0,0.0,0.0,0.0,0.0,0.0,0.0,0.0,0.0,52.781391657358455,0.5050850876302244,0.1428139966255226,63.476610225923935,0.6074316768030998,0.1298412139159541,0.5562583822166621,116.2580018832824,0.0,104.53333333333332,4.659026858778802,52.781391657358455,0.5050850876302244,0.9128903202351584,1.3140910202798957,40.04891315736652,0.3560160081833601,0.2289267557207495,0.8968355022370815,0.0730935191658611,0.0160600591085052,-0.1777605142061493,-0.644532125123672,0.9891547049441788,63.476610225923935,0.6074316768030998,1.0365209264669422,1.3373732493364596,46.72496015886224,0.2858841316774487,0.6605214588344097,0.687490176409483,0.1298205600386477,-0.0569943836054168,0.0717887353240833,-0.6419979813036495,0.9891547049441788,0.8400471982480975,0.2691181840848635,0.0504257653390967,0.1258234884360478,0.1079039744771489,0.0052609196303502,0.0235371194950705,0.1049825505145612,0.0063763344525743,0.028295877792976,9.964803601982634,0.33246877733508,0.116658171678445,rl2,ucKevMbqCXuuySSS,2,3136.0,folding clothes,"{""short sleeve shirts"",""long sleeve shirts"",shorts}",False,False,False,False,False,False,,True
2025-09-20-18-39-18-000000,3712.0,123.73333333333332,0.0,0.0,0.0,0.0,0.0,0.0,0.0,0.0,0.0,0.0,0.0,0.0,0.0,0.0,51.24002493985644,0.4142281725129865,0.3671894126598251,73.32260191793964,0.592745367162002,0.4088821698895035,0.5034867698374943,124.56262685779608,0.0,123.73333333333332,4.82617812517188,51.24002493985644,0.4142281725129865,0.8343241282406783,0.9691723800863214,37.5560642441664,0.3121734522283077,0.3647595765069127,0.5039643123745918,0.0573855374530009,-0.1495474770824236,-0.1950866079230387,-0.5489934813632662,0.9857181352735112,73.32260191793964,0.592745367162002,0.8892392333003848,1.6638292308967788,42.84581967747614,0.329591003479436,0.4087786376476288,0.560105575248599,0.0754628905026654,-0.120460196644703,0.099062378292564,-0.5401745537287909,0.981945567232552,0.8428406023967847,0.2997370952587853,0.0617747406198004,0.1118340561536257,0.1065558912018078,0.0044319278234818,0.0331470227594777,0.1039996711813728,0.0056751123022624,0.0293347541170734,8.098566011299997,0.2751782750499162,0.0952679280891179,rl2,ucKevMbqCXuuySSS,3,3712.0,folding clothes,"{""short sleeve shirts"",""long sleeve shirts"",shorts}",False,False,False,False,False,False,,True
2025-09-20-18-44-29-000000,2350.0,78.33333333333333,0.0,0.0,0.0,0.0,0.0,0.0,0.0,0.0,0.0,0.0,0.0,0.0,0.0,0.0,33.927196081855996,0.4332975233953511,0.1803127447241172,60.29666867158255,0.7700723968273633,0.232129165594968,0.6016849601113572,94.22386475343856,0.0,78.33333333333333,4.373658385003365,33.927196081855996,0.4332975233953511,1.115146338573337,0.8103110751425467,47.07181323921549,0.3024180233478546,0.5606627007946372,0.7157176807522774,0.1213531576087473,0.0937010813377639,-0.326743924653435,-0.6208186883495209,0.9970200085142614,60.29666867158255,0.7700723968273633,1.2001542505700065,1.88329677800745,53.51995113310931,0.6464197728782892,0.7087215967476368,0.716906082816422,0.3284373691991279,-0.2062988289736924,-0.1369535508305775,-0.6297416997205545,0.9970200085142614,0.8662005882022994,0.371711226904982,0.1220941393162375,0.0936763495329374,0.1053030007747822,0.0047826389312952,0.0289731189587329,0.1015459684395442,0.0064040894734132,0.0304787089473714,12.895250135861511,0.5614181333878489,0.3104781513372975,rl2,ucKevMbqCXuuySSS,3,2350.0,folding clothes,"{""short sleeve shirts"",""long sleeve shirts"",shorts}",False,False,False,False,False,False,,True
2025-09-20-18-59-55-000000,2343.0,78.1,0.0,0.0,0.0,0.0,0.0,0.0,0.0,0.0,0.0,0.0,0.0,0.0,0.0,0.0,43.27368178205782,0.5543170168495878,0.0394239173600695,53.93889348810991,0.6909337338357375,0.088670208185527,0.6226253753426627,97.21257527016772,0.0,78.1,4.370712874773608,43.27368178205782,0.5543170168495878,0.8770841690421962,1.4155510151761328,37.80445301724276,0.5889042988419533,0.2700557373464107,0.6414187923073769,0.1020093106265603,0.0379439353588308,-0.1838223072785663,-0.5864842428491506,0.995730145175064,53.93889348810991,0.6909337338357375,0.9612756853076272,1.766973200025291,43.923917877118434,0.4575762543827295,0.4719908200204372,0.6441178061068058,0.1391112765399619,-0.1186577833326779,0.1252434052681922,-0.5951801192816752,0.9987190435525192,0.8119183507080935,0.3558777146120997,0.1081167639297671,0.1230215910900556,0.1075403946216194,0.0063388268317425,0.0345327763850981,0.1067024155491339,0.0062316073735627,0.0280445344423326,9.349271629449124,0.3700942298181257,0.1287982678305145,rl2,ucKevMbqCXuuySSS,4,2343.0,folding clothes,"{""short sleeve shirts"",""long sleeve shirts"",shorts}",False,False,False,False,False,False,,True
2025-09-20-19-04-22-000000,2472.0,82.4,0.0,0.0,0.0,0.0,0.0,0.0,0.0,0.0,0.0,0.0,0.0,0.0,0.0,0.0,28.615716725655773,0.3474186571305841,0.2188494648998959,53.17249470210312,0.6455584140279618,0.6715774184827901,0.4964885355792728,81.78821142775888,0.0,82.4,4.423648309364701,28.615716725655773,0.3474186571305841,0.7587497529318721,0.7125978369914607,30.15374638175981,0.2381900809705257,0.339255650062114,0.6330104842782021,0.0511518875763525,0.1165091799456071,-0.2587346803522397,-0.6808089134268294,0.9915014164305948,53.17249470210312,0.6455584140279618,0.8937931173771064,1.5577271341107324,38.757637421428434,0.4061102792620659,0.4325910583138466,0.6745330523699522,0.118501747753102,-0.1397533409546497,-0.0964200128955634,-0.6833232746016488,0.9975718332658844,0.8001376615784163,0.3097755262056165,0.0726996630508301,0.1096859153374604,0.1052919867931596,0.0038569189103964,0.0299270169799996,0.1017136772928447,0.0066580393033642,0.02995589119789,8.760459901025499,0.4304088752623807,0.1021169324660285,rl2,7UD-MlQsDB8PB3X-,4,2472.0,folding clothes,"{""short sleeve shirts"",""long sleeve shirts"",shorts}",False,False,False,False,False,False,,True
2025-09-20-19-53-07-000000,2226.0,74.2,0.0,0.0,0.0,0.0,0.0,0.0,0.0,0.0,0.0,0.0,0.0,0.0,0.0,0.0,33.38613119698533,0.4501500835548584,0.6014410289400783,45.81826115660059,0.6177743077294461,0.5840016930740102,0.5339621956421523,79.20439235358592,0.0,74.2,4.320151230955794,33.38613119698533,0.4501500835548584,0.7873556651879157,0.9765170490397244,33.066890015741116,0.2666619457304477,0.4780495353043079,0.7989823799580336,0.1018523716115859,0.255582869351613,-0.0767030124954196,-0.7105077739599138,0.9968539325842696,45.81826115660059,0.6177743077294461,0.8543165687376593,1.5524376816532524,37.7133179871168,0.5544334016740322,0.4677012581378221,0.9020658480003476,0.2339139729562127,-0.1131676450461276,-0.1324745476921988,-0.7086083421976074,0.9986516853932584,0.8725637240313302,0.3772922472515007,0.1262087265356994,0.0769422600708845,0.1042438412747032,0.006396982226625,0.036243121106409,0.1036155797319442,0.0060976043836755,0.0295160853255931,9.915345282211224,0.5571998962140551,0.1334746172135691,rl2,7UD-MlQsDB8PB3X-,5,2226.0,folding clothes,"{""short sleeve shirts"",""long sleeve shirts"",shorts}",False,False,False,False,False,False,,True
2025-09-20-19-57-29-000000,2101.0,70.03333333333333,0.0,0.0,0.0,0.0,0.0,0.0,0.0,0.0,0.0,0.0,0.0,0.0,0.0,0.0,42.24121779000221,0.603445968428603,0.5279971266628335,51.39799486610576,0.7342570695157965,0.5828006495832445,0.6688515189721999,93.63921265610796,0.0,70.03333333333333,4.263149250436462,42.24121779000221,0.603445968428603,1.0838179927578095,1.6250820448952183,46.70863323120258,0.274448899552226,0.4136878182180226,0.9396586418151855,0.1066852399803154,0.1441297636627583,-0.1945165084759841,-0.6824915489201935,0.9966666666666668,51.39799486610576,0.7342570695157965,1.1294849931230155,1.7592253718131683,50.64021980208703,0.4183544088155031,0.3321159575134516,0.909552078228444,0.1263751440828002,-0.1287425998879817,-0.0729658284170905,-0.6921459188344496,0.9966666666666668,0.9187481875251556,0.3035602287391105,0.0905246126702075,0.0859882944671952,0.1068390636594371,0.0069469921208106,0.0353037001500895,0.1047033892374699,0.0067446858163518,0.0298706622019252,10.493076285532496,0.5194187581544095,0.1689607823506541,rl2,7UD-MlQsDB8PB3X-,5,2101.0,folding clothes,"{""short sleeve shirts"",""long sleeve shirts"",shorts}",False,False,False,False,False,False,,True
2025-09-20-20-23-06-000000,2607.0,86.9,0.0,0.0,0.0,0.0,0.0,0.0,0.0,0.0,0.0,0.0,0.0,0.0,0.0,0.0,32.208500963112016,0.3707809013405067,0.4682971900058603,56.98896308171342,0.6560509948009988,0.5003700620250258,0.5134159480707527,89.19746404482544,0.0,86.9,4.476199804691132,32.208500963112016,0.3707809013405067,1.0174301729481068,0.7571657876261382,42.58504463576542,0.42550740391016,0.3353860229253769,0.8234232673421502,0.1175101053233965,-0.0805222459959447,-0.2677508579766414,-0.6322938266582144,0.9750575594781274,56.98896308171342,0.6560509948009988,1.1988464940250336,1.5900400043729008,53.5311852321677,0.4470689687877893,0.5064371190965176,0.9813843742012978,0.2221975135540134,-0.2201678551537726,0.019607995687104,-0.6391356222514029,0.9834996162701458,0.8999372541048224,0.3263510601065634,0.0853411564202827,0.1115592656902331,0.1056000384752097,0.0038050120384598,0.0268680305677831,0.1027409396971651,0.0052094356103402,0.0304455564279384,9.973047493401662,0.4841788039725622,0.2307717086552378,rl2,7UD-MlQsDB8PB3X-,6,2607.0,folding clothes,"{""short sleeve shirts"",""long sleeve shirts"",shorts}",False,False,False,False,False,False,,True
2025-09-20-20-27-23-000000,2050.0,68.33333333333333,0.0,0.0,0.0,0.0,0.0,0.0,0.0,0.0,0.0,0.0,0.0,0.0,0.0,0.0,35.79376165346375,0.5240667884840958,0.3622426203366019,51.003433341266586,0.7467559786422633,0.3100515298757129,0.6354113835631796,86.79719499473033,0.0,68.33333333333333,4.238925791033208,35.79376165346375,0.5240667884840958,1.067377419619004,1.232333948618007,45.74356192633071,0.467305164784193,0.422126330435276,0.9056288618594408,0.1786459924668447,-0.0659889036921284,-0.3372407218586744,-0.6312877258249536,0.99170326988775,51.003433341266586,0.7467559786422633,1.2556769796625054,1.8198586607252107,56.243981241841006,0.6884057149291039,0.5605417303740978,1.0558508560061457,0.4074318662581077,-0.2858602779631207,0.0605426698093296,-0.6254328049340842,0.9970717423133236,0.8956126705232978,0.4581059325216418,0.1419604012784613,0.1186810134988215,0.1053219806714984,0.0052145454274241,0.032717082956101,0.1036440712346468,0.006078783297649,0.0253345894126906,12.741279298618991,0.6842682222483788,0.2822813638441748,rl2,7UD-MlQsDB8PB3X-,6,2050.0,folding clothes,"{""short sleeve shirts"",""long sleeve shirts"",shorts}",False,False,False,False,False,False,,True
2025-09-20-20-55-13-000000,2329.0,77.63333333333334,0.0,0.0,0.0,0.0,0.0,0.0,0.0,0.0,0.0,0.0,0.0,0.0,0.0,0.0,43.99116630888446,0.5668964730526348,0.3152724807380192,47.79306667507595,0.6158900344726281,0.578689399400269,0.5913932537626315,91.7842329839604,0.0,77.63333333333334,4.36479569774552,43.99116630888446,0.5668964730526348,1.001324347860616,1.4049974415611064,42.67215555832242,0.4527253285050392,0.5453212168067694,1.0465712621808052,0.2583782740850305,0.0275877561302637,-0.2832459305665392,-0.6888436191888149,0.9965635738831616,47.79306667507595,0.6158900344726281,0.9484956831449792,1.5453874939317025,41.374234752465725,0.5191409308463335,0.4449128583073616,1.095536686480045,0.2530388203756829,-0.2205943943242458,-0.0561376279194242,-0.6884576179736569,0.9974226804123713,0.8592828057955021,0.3431044431375945,0.1077826346993903,0.0838780056522707,0.106624314492843,0.0054979108237096,0.0268464372189587,0.1063457852528809,0.0047168864700152,0.0235375542863024,11.484692336181036,0.6691780543492112,0.1545029479750956,rl2,7UD-MlQsDB8PB3X-,7,2329.0,folding clothes,"{""short sleeve shirts"",""long sleeve shirts"",shorts}",False,False,False,False,False,False,,True
2025-09-20-20-59-45-000000,2435.0,81.16666666666667,0.0,0.0,0.0,0.0,0.0,0.0,0.0,0.0,0.0,0.0,0.0,0.0,0.0,0.0,27.10644671598951,0.3340975355298625,0.2000759983603844,49.47526171161997,0.6098019109895642,0.1384436509011493,0.4719497232597133,76.58170842760948,0.0,81.16666666666667,4.408749704814635,27.10644671598951,0.3340975355298625,0.6188712722560065,0.6685981830891103,24.750526580060576,0.3473165147006511,0.3577439077198505,0.6984778009355068,0.0867861232365635,0.1635017523499974,-0.2939729234054531,-0.7291336002222261,0.9950698438783896,49.47526171161997,0.6098019109895642,0.7738997272824409,1.593280513474097,34.618385351635844,0.463101839646697,0.5914172800257802,0.824101353995502,0.2257101781161511,-0.1505625981105074,-0.2002439530154697,-0.7381570253995471,0.994658997534922,0.7536928125721833,0.3426933617176507,0.121006203698986,0.1164734330213154,0.1035291618780329,0.0043363629331417,0.021682656042641,0.1024851682521394,0.0054997200629267,0.0288213453372983,10.002679364197942,0.5461508150721742,0.1298848131110158,rl2,7UD-MlQsDB8PB3X-,7,2435.0,folding clothes,"{""short sleeve shirts"",""long sleeve shirts"",shorts}",False,False,False,False,False,False,,True
2025-09-20-21-23-13-000000,2089.0,69.63333333333334,0.0,0.0,0.0,0.0,0.0,0.0,0.0,0.0,0.0,0.0,0.0,0.0,0.0,0.0,44.2215095381944,0.6353665163533677,0.2026187276931985,50.13444604329584,0.7203225006220666,0.2308536155045443,0.6778445084877172,94.35595558149024,0.0,69.63333333333334,4.257502176606144,44.2215095381944,0.6353665163533677,1.4444389466957988,1.6338445780240225,58.4634699968888,0.282705720514059,0.3025242444127798,1.0378085356205702,0.0887589221452007,0.0830953264633053,-0.2159252684561615,-0.7643606084998389,0.988984674329502,50.13444604329584,0.7203225006220666,1.4223031236094767,1.6619956186192026,58.77402861431013,0.3890261799097061,0.2981102000921964,1.0775325074791908,0.1249643244191017,-0.163319724564235,-0.0845328595445461,-0.7381748439612151,0.9913793103448276,0.9541409690035632,0.2832704598694907,0.0596371309901944,0.1320937882056872,0.1048685405680759,0.0041496684968052,0.0348000182858283,0.1035500925596727,0.0043267054247735,0.0354521636762437,11.490337021311582,0.5741437337441686,0.300031161868826,rl2,7UD-MlQsDB8PB3X-,8,2089.0,folding clothes,"{""short sleeve shirts"",""long sleeve shirts"",shorts}",False,False,False,False,False,False,,True
2025-09-20-21-27-15-000000,2294.0,76.46666666666667,0.0,0.0,0.0,0.0,0.0,0.0,0.0,0.0,0.0,0.0,0.0,0.0,0.0,0.0,39.053761253961966,0.5109519570950104,0.1893138621326507,52.08666147069442,0.6814652612825263,0.1784614670173831,0.5962086091887683,91.1404227246564,0.0,76.46666666666667,4.349847736309647,39.053761253961966,0.5109519570950104,0.9103476036925876,1.276769545556818,37.07838492411118,0.2832742109894752,0.4199393857270479,0.8958590338006616,0.1065695972902091,-0.3160412648064267,0.0688100842201143,-0.7569754510527638,0.9973833406018316,52.08666147069442,0.6814652612825263,0.9629323874962008,1.8032929068182384,41.66285944988206,0.4469007812440395,0.5597894531674683,0.9091766849160194,0.22744904397923,0.0961409657580555,0.2713422314865748,-0.7282392298842316,0.9982555604012212,0.8761029851774449,0.464308942041789,0.13438479360679,0.1306964448702979,0.1034604962828376,0.0037992491098265,0.0282594559462797,0.1020686339386781,0.005515245435955,0.0283102817602963,12.586114138269382,0.5969458557310425,0.1788755779478108,rl2,7UD-MlQsDB8PB3X-,8,2294.0,folding clothes,"{""short sleeve shirts"",""long sleeve shirts"",shorts}",False,False,False,False,False,False,,True
2025-09-21-20-44-10-000000,3255.0,108.5,0.0,0.0,0.0,0.0,0.0,0.0,0.0,0.0,0.0,0.0,0.0,0.0,0.0,0.0,45.419746373064335,0.4187438202802488,0.8026715556684337,46.10718742724595,0.4250816296304174,0.7765288557506372,0.4219127249553332,91.52693380031027,0.0,108.5,4.695924549256556,45.419746373064335,0.4187438202802488,0.8317445833195589,0.8493597767757144,35.857441638658884,0.7264297381043434,0.4242139244452119,0.8689844980835915,0.2677876620248533,-0.0620568597045499,-0.2575995412734573,-0.7026640646874951,0.9935464044253228,46.10718742724595,0.4250816296304174,0.8994240223870135,0.9549760888582816,38.88129328263035,0.5344453603029251,0.5904096849262714,0.7808484397828579,0.2463902572393441,-0.2073478348979142,0.0294048525203364,-0.7548659274294491,0.9935464044253228,0.6590041387215009,0.358698632711972,0.102195364740796,0.1461796143447012,0.0962028409883512,0.0053776077836228,0.0294172387276627,0.0947909378494331,0.0051773688978005,0.0267406426867479,11.771095587633852,0.5123976972608676,0.1113089113474802,rl2,7UD-MlQsDB8PB3X-,1,3255.0,folding clothes,"{""short sleeve shirts"",""long sleeve shirts"",shorts}",False,False,False,False,False,False,,True
2025-09-21-20-50-33-000000,2730.0,91.0,0.0,0.0,0.0,0.0,0.0,0.0,0.0,0.0,0.0,0.0,0.0,0.0,0.0,0.0,40.16129260077879,0.4414946053585064,0.7788083173441857,41.862302805285594,0.4601938747374743,0.75932665661141,0.4508442400479903,82.02359540606439,0.0,91.0,4.5217885770490405,40.16129260077879,0.4414946053585064,0.8366540830368281,1.0052799540386526,35.49398057881859,0.6941390968859196,0.3520920276641845,0.8615467734634876,0.2105627569460721,-0.096377876501585,-0.3329111626978977,-0.6878384827728291,0.9959692194943204,41.862302805285594,0.4601938747374743,0.9930785230424108,0.9634418948838632,42.55747927626804,0.5858839545398951,0.5418045707046986,0.879551999270916,0.2792002410013478,-0.2317135151066295,0.0923253636249646,-0.7369616464940292,0.9941370465371931,0.7725621062121377,0.4611314492009814,0.108200408139959,0.1499711190282378,0.1007153957144318,0.005700223813789,0.0292140319743563,0.0969301366179225,0.0065936817439284,0.0313469918184314,10.225651820625975,0.5113155665141917,0.1366200088402975,rl2,7UD-MlQsDB8PB3X-,1,2730.0,folding clothes,"{""short sleeve shirts"",""long sleeve shirts"",shorts}",False,False,False,False,False,False,,True
2025-09-21-20-56-12-000000,2504.0,83.46666666666667,0.0,0.0,0.0,0.0,0.0,0.0,0.0,0.0,0.0,0.0,0.0,0.0,0.0,0.0,43.74154421357954,0.5242694072742253,0.1092939372642156,45.35855119227642,0.5436502340264852,0.0512074041810417,0.5339598206503553,89.10009540585597,0.0,83.46666666666667,4.436356979218929,43.74154421357954,0.5242694072742253,0.870998641987965,1.2832120972649803,36.517964087476834,0.532430861145258,0.3681229967623949,0.8301062881946564,0.1627008691549149,-0.0561365237992893,-0.2725159006041531,-0.6642722786179545,0.9972033559728326,45.35855119227642,0.5436502340264852,1.0967300311898092,1.1220422526906584,46.85604527003359,0.5075254924595356,0.4306239448487758,0.7610737066715956,0.1663346599690005,-0.1991189076354505,-0.0285043224387114,-0.7327584186219238,0.9984019176987616,0.6013852045870617,0.3097261408081964,0.0829015041925039,0.1766516189927678,0.1049071959309954,0.0070602418066847,0.0259382824183334,0.1019160933409782,0.0065184967179334,0.0299811414049364,11.678711441788645,0.4658135679715292,0.1515265907556695,rl2,7UD-MlQsDB8PB3X-,2,2504.0,folding clothes,"{""short sleeve shirts"",""long sleeve shirts"",shorts}",False,False,False,False,False,False,,True
2025-09-21-21-01-12-000000,3528.0,117.6,0.0,0.0,0.0,0.0,0.0,0.0,0.0,0.0,0.0,0.0,0.0,0.0,0.0,0.0,48.88234935729621,0.4157840886642717,0.3117446664190506,54.383191804605346,0.4625732220408732,0.2575096842359731,0.4391786553525725,103.26554116190157,0.0,117.6,4.775756486563625,48.88234935729621,0.4157840886642717,0.8648694434830042,0.8929985445800863,37.09554717800447,0.6625702790915966,0.5012701759114861,0.7588953394442797,0.2520494201815392,-0.0748514940438458,-0.3362525625565129,-0.6669114623752015,0.9948965126169548,54.383191804605346,0.4625732220408732,0.9652266113378112,0.920546276608152,41.74566600311338,0.6383022833615541,0.6567282378673553,0.7806721674278378,0.3272508509735838,-0.2874734288783896,0.0244730179002542,-0.6897878399656773,0.9954635667706266,0.8902532943626511,0.430864162205314,0.094733342334721,0.0100952732506125,0.1032256279823261,0.008282897610421,0.0314188695263994,0.0994341307202008,0.0078107681209183,0.0309379119319658,17.550814647306634,0.6770585395571762,0.1501002693721138,rl2,7UD-MlQsDB8PB3X-,2,3528.0,folding clothes,"{""short sleeve shirts"",""long sleeve shirts"",shorts}",False,False,False,False,False,False,,True
2025-09-21-21-35-21-000000,2994.0,99.8,0.0,0.0,0.0,0.0,0.0,0.0,0.0,0.0,0.0,0.0,0.0,0.0,0.0,0.0,46.185020223223184,0.462930373102805,0.0718286233913027,41.799122439748,0.4189688183068627,0.1693225347928134,0.4409495957048338,87.98414266297118,0.0,99.8,4.613138355637268,46.185020223223184,0.462930373102805,1.2489970843828315,1.1248587457094692,52.98578981416929,0.5993409715592861,1.0500617399811745,0.6808378053829074,0.428481884585877,-0.0485018080497955,-0.3279143359732401,-0.5026711176588768,0.9846308052121616,41.799122439748,0.4189688183068627,0.8409250665861712,1.0276849835734931,36.05618776536445,0.4450080543756485,0.921737615019083,0.4478726238012314,0.183708689637989,-0.2233044433531288,0.0363905723964137,-0.5661298900782943,0.9859672569328432,0.5659383736576128,0.431362605713646,0.104346660517613,0.0034731778265803,0.1058607457769008,0.0073824688542059,0.0341458594935277,0.1054902120307374,0.005667631523484,0.0327153290890632,6.2115214618757495,0.2260625403980447,0.1553442373600169,rl2,7UD-MlQsDB8PB3X-,3,2994.0,folding clothes,"{""short sleeve shirts"",""long sleeve shirts"",shorts}",False,False,False,False,False,False,,True
2025-09-21-21-40-03-000000,3508.0,116.93333333333334,0.0,0.0,0.0,0.0,0.0,0.0,0.0,0.0,0.0,0.0,0.0,0.0,0.0,0.0,48.28517582889276,0.4130468419922392,0.3125273708641672,47.54860922273503,0.4067460155922586,0.3143480716276261,0.4098964287922488,95.8337850516278,0.0,116.93333333333334,4.770119493057575,48.28517582889276,0.4130468419922392,0.7514942946770714,1.1183042487940067,31.60947228222353,0.479348860681057,0.5947733223438263,0.6003966368734837,0.1711754313826372,-0.0746892238324646,-0.2535302221445588,-0.4961346351119988,0.9803250641573996,47.54860922273503,0.4067460155922586,0.884379563654941,1.01215231343917,38.21174155523448,0.379597220569849,0.9760678671300412,0.5869647059589624,0.2174778483385566,-0.2821901165694423,0.06556423924407,-0.565234641434079,0.983176504134588,0.5419060825108173,0.4064477414622256,0.1109398829881326,0.1624945694415514,0.1055465796840149,0.0070214641663485,0.0344343506286496,0.1044812552997061,0.0068076152499544,0.0315091787803758,6.597391623326697,0.3224552771700416,0.133073439675781,rl2,7UD-MlQsDB8PB3X-,3,3508.0,folding clothes,"{""short sleeve shirts"",""long sleeve shirts"",shorts}",False,False,False,False,False,False,,True
2025-09-21-22-17-10-000000,3327.0,110.9,0.0,0.0,0.0,0.0,0.0,0.0,0.0,0.0,0.0,0.0,0.0,0.0,0.0,0.0,41.72148773974709,0.3763212965100459,0.7395635400839067,66.70463872423322,0.6016654124254349,0.7158408899984908,0.4889933544677404,108.42612646398032,0.0,110.9,4.71760561531788,41.72148773974709,0.3763212965100459,0.6732652412065843,0.8630075441244615,28.60153627126056,0.5911934822797775,0.3258085958659649,0.7656492553651333,0.1474762344536103,-0.0096583894692162,-0.2952583726688095,-0.568811447632552,0.9969933854479855,66.70463872423322,0.6016654124254349,0.7980932082532056,1.5815942915043852,35.95733732759041,0.609728517010808,0.5395784378051758,0.7114130072295666,0.234052290328872,-0.1761732661903748,0.0499400364780449,-0.6376463279098962,0.9963920625375828,0.7715622821881294,0.4118608998633958,0.1230846518458209,0.0175654477408775,0.1056749955596412,0.006122256440178,0.0286951180640489,0.1023371436843551,0.0070544464647954,0.0286112827455621,13.542352741951252,0.5100149093230818,0.1463922584793828,rl2,7UD-MlQsDB8PB3X-,4,3327.0,folding clothes,"{""short sleeve shirts"",""long sleeve shirts"",shorts}",False,False,False,False,False,False,,True
2025-09-21-22-21-41-000000,3541.0,118.03333333333332,0.0,0.0,0.0,0.0,0.0,0.0,0.0,0.0,0.0,0.0,0.0,0.0,0.0,0.0,47.022963334579366,0.3984996892760962,0.6931058928011693,46.069208889837725,0.3904170244901502,0.3535890250472859,0.3944583568831233,93.09217222441708,0.0,118.03333333333332,4.779403565932293,47.022963334579366,0.3984996892760962,0.7181774721722346,0.9257943154345876,30.0925329987468,0.5451195165514946,0.364703178871423,0.7872889135032892,0.1565184057487845,-0.0650752380364583,-0.2383938569260461,-0.6254410006535134,0.9889830508474576,46.069208889837725,0.3904170244901502,0.6944731634165058,0.8610901484738971,29.922038919383947,0.3502988247200846,0.4923087041825056,0.6861780639737844,0.118334948136749,-0.1687294566192193,0.0853085493567403,-0.6602212979535335,0.9929378531073446,0.5544381550765125,0.3583270362342551,0.0761973493943875,0.1738286563863972,0.1027797704052264,0.0079178190273452,0.0348147432590475,0.1024812863042029,0.0074193361063633,0.0290845318394127,11.049029907697234,0.4760575467212127,0.1403671249220677,rl2,7UD-MlQsDB8PB3X-,4,3541.0,folding clothes,"{""short sleeve shirts"",""long sleeve shirts"",shorts}",False,False,False,False,False,False,,True
2025-09-22-01-56-37-000000,3177.0,105.9,0.0,0.0,0.0,0.0,0.0,0.0,0.0,0.0,0.0,0.0,0.0,0.0,0.0,0.0,47.278106510879226,0.4465816106191362,0.2914277722542143,59.95324578173213,0.56630899667883,0.2418461536040306,0.5064453036489831,107.23135229261136,0.0,105.9,4.671893818030999,47.278106510879226,0.4465816106191362,0.7749143253623334,1.0136752364461308,33.420935714383624,0.7616798207163811,0.562121856957674,0.791562382131815,0.3389128760818119,0.1354761223385253,-0.2117308292227999,-0.5998642496409368,0.9977959697732998,59.95324578173213,0.56630899667883,0.7333361391337787,1.372217112999962,33.003639018522314,0.5394810289144516,0.7925781086087227,0.5240415185689926,0.2240701197934742,-0.1705417265912689,0.018536220751861,-0.7033744035725478,0.9987405541561712,0.5347201608250792,0.4359094304509591,0.1269156267247061,0.0326821360964311,0.1012617953440575,0.0064295282101132,0.0312797996350484,0.1004202077076666,0.0071082136798462,0.0289706186171116,15.339924472582046,0.5365764063781838,0.1813870384998504,rl2,7UD-MlQsDB8PB3X-,5,3177.0,folding clothes,"{""short sleeve shirts"",""long sleeve shirts"",shorts}",False,False,False,False,False,False,,True
2025-09-22-02-02-19-000000,3805.0,126.83333333333331,0.0,0.0,0.0,0.0,0.0,0.0,0.0,0.0,0.0,0.0,0.0,0.0,0.0,0.0,48.13852178518277,0.3796413389998641,0.1204631652874508,43.46204079490421,0.3427605740923045,0.1817107656854359,0.3612009565460843,91.60056258008696,0.0,126.83333333333331,4.8507273321392015,48.13852178518277,0.3796413389998641,0.8193445398443076,0.7607300789865623,34.18264315808136,0.4400669522583484,0.5301649756729603,0.7849401328712702,0.1831328792700783,-0.0224131692692872,-0.230519113984233,-0.6230092573122815,0.995268138801262,43.46204079490421,0.3427605740923045,0.5999819650814552,0.7402856742349373,25.17731046214607,0.4496984500437975,0.5430939272046089,0.6849129684269428,0.1672752650547917,-0.1445441827827235,0.0609123598093938,-0.7100307273904887,0.9973711882229233,0.4928658798511885,0.354344768726296,0.1020660043912614,0.033728554687327,0.1009284732423442,0.007498838389359,0.0272158023737009,0.0998546742358568,0.0077455351903806,0.0324961561561449,13.59298797229818,0.3925509351486861,0.1429253670827266,rl2,7UD-MlQsDB8PB3X-,5,3805.0,folding clothes,"{""short sleeve shirts"",""long sleeve shirts"",shorts}",False,False,False,False,False,False,,True
2025-09-22-02-19-38-000000,4240.0,141.33333333333334,0.0,0.0,0.0,0.0,0.0,0.0,0.0,0.0,0.0,0.0,0.0,0.0,0.0,0.0,58.246755896785544,0.4122204946693952,0.5611924056841893,56.041671767355794,0.3966148037321713,0.1900623398877372,0.4044176492007832,114.28842766414134,0.0,141.33333333333334,4.958171724560515,58.246755896785544,0.4122204946693952,0.6655914343964376,1.1318100143714958,30.59731718944067,0.4305985793471336,0.3035421939566731,0.6231147330254316,0.0814441099174991,-0.0386403331379318,-0.2544849875648857,-0.4959844367126143,0.9778249587166784,56.041671767355794,0.3966148037321713,0.6198357641045797,1.0522317632215692,28.466393869741367,0.366158353164792,0.3979569301009178,0.2191127166152,0.0319280651904542,-0.2242703524246847,0.0442798805512794,-0.5829656642404789,0.9778249587166784,0.4996411117390348,0.3853495486354103,0.090630316538144,0.1368182104512521,0.1045296854259114,0.0067250232635976,0.0313642674083383,0.1044785647131277,0.0058181224150701,0.0302795743712247,8.181998726175966,0.1936930668416461,0.1307051362596384,rl2,7UD-MlQsDB8PB3X-,6,4240.0,folding clothes,"{""short sleeve shirts"",""long sleeve shirts"",shorts}",False,False,False,False,False,False,,True
2025-09-22-02-24-19-000000,3785.0,126.16666666666669,0.0,0.0,0.0,0.0,0.0,0.0,0.0,0.0,0.0,0.0,0.0,0.0,0.0,0.0,41.0033316640203,0.325079267949421,0.2079665209574561,67.552030813752,0.5355604979948626,0.2550141972284302,0.4303198829721418,108.55536247777228,0.0,126.16666666666669,4.845498562056402,41.0033316640203,0.325079267949421,0.6121663326602872,0.7594016778318258,26.573144725164507,0.469812098890543,0.23981898650527,0.6140082739293575,0.069180227124434,-0.0563939410213828,-0.3028911579867808,-0.4676570556570666,0.9891649048625792,67.552030813752,0.5355604979948626,0.6668546068129061,1.424946569573868,31.092132978102384,0.4294848423451185,0.5442685149610043,0.2529661580920219,0.0591321238495671,-0.2197526843777932,0.0322018399339214,-0.5435350681213438,0.9918076109936576,0.4360447166696433,0.4050018902343696,0.1365705308276067,0.1439940253942583,0.1039915199213613,0.0046430029455944,0.02319650324686,0.0993840758349944,0.006879510152781,0.0312607917875162,8.64848556087066,0.2473622521109295,0.1489014675740459,rl2,7UD-MlQsDB8PB3X-,6,3785.0,folding clothes,"{""short sleeve shirts"",""long sleeve shirts"",shorts}",False,False,False,False,False,False,,True
2025-09-22-02-31-37-000000,3723.0,124.1,0.0,0.0,0.0,0.0,0.0,0.0,0.0,0.0,0.0,0.0,0.0,0.0,0.0,0.0,50.810490307173154,0.4095418348240716,0.7450383647862523,53.92805914256161,0.4346700092092553,0.4277559170261848,0.4221059220166634,104.73854944973476,0.0,124.1,4.829113417472866,50.810490307173154,0.4095418348240716,0.8179479703250015,0.925698266527499,35.27180379099197,0.4475036691874265,0.4414955717511475,0.7460749968886375,0.1474026998652318,0.0737923312053712,-0.2336741469268051,-0.554011961075485,0.9887157442235356,53.92805914256161,0.4346700092092553,0.686347394443733,0.98264462573787,30.585215091147425,0.4800730081624351,0.5194964557886124,0.291097417473793,0.0725985973920431,-0.2083840970070628,0.1386684089072273,-0.6161236963423707,0.9881783987103708,0.5430284986810324,0.4945143058861844,0.1187505927435843,0.0884071858013814,0.103455096431477,0.0067128621292995,0.0285111776666381,0.1007388876035603,0.0076174224154232,0.0306949825415715,13.008609942182078,0.4241920259215712,0.1358832325558628,rl2,7UD-MlQsDB8PB3X-,7,3723.0,folding clothes,"{""short sleeve shirts"",""long sleeve shirts"",shorts}",False,False,False,False,False,False,,True
2025-09-22-02-36-16-000000,3476.0,115.86666666666666,0.0,0.0,0.0,0.0,0.0,0.0,0.0,0.0,0.0,0.0,0.0,0.0,0.0,0.0,36.94873560357452,0.3189818901028016,0.6191850279084069,58.34978695582575,0.5037391679639633,0.4036290739751852,0.4113605290333825,95.29852255940028,0.0,115.86666666666666,4.761033683819025,36.94873560357452,0.3189818901028016,0.5202428047628754,0.6755206217499319,21.784953879160422,0.4607123360037803,0.2498825117945671,0.6977861262857914,0.0803318991152788,0.0131048734869992,-0.2321839805829614,-0.5257378003240635,0.9902158273381296,58.34978695582575,0.5037391679639633,0.6400583073280339,1.2493092543581974,29.16879212598124,0.4312753658741712,0.4966416768729687,0.3314725384116173,0.070997877899964,-0.2030210293855162,0.0616329267339555,-0.6070530049575726,0.9930935251798562,0.5353167514219407,0.4035946917262982,0.1190508854727325,0.1434254277044925,0.1053990120493566,0.0063065704250214,0.0292072911919477,0.1019740506086685,0.0073777885709978,0.028955112861166,9.393659082839402,0.3538966749419086,0.1418336110720438,rl2,7UD-MlQsDB8PB3X-,7,3476.0,folding clothes,"{""short sleeve shirts"",""long sleeve shirts"",shorts}",False,False,False,False,False,False,,True
2025-09-22-03-09-27-000000,3578.0,119.26666666666668,0.0,0.0,0.0,0.0,0.0,0.0,0.0,0.0,0.0,0.0,0.0,0.0,0.0,0.0,57.97231478220249,0.4862089581957156,0.2707118605144709,44.9238273790377,0.376772385063218,0.3932224134971281,0.4314906716294668,102.8961421612402,0.0,119.26666666666668,4.789711499520359,57.97231478220249,0.4862089581957156,0.7887033210389298,1.3125513129408517,33.759355123529545,0.3863436263054609,0.2622866844758391,0.6701295375823975,0.0679060949085417,0.0550311845289975,-0.2096545139250599,-0.5708644840477972,0.9890970086664804,44.9238273790377,0.376772385063218,0.5656032351169393,0.8327897176778748,25.191809659754497,0.5033585671335459,0.348736360669136,0.543794360011816,0.0954573546113974,-0.1708612473061555,-0.0063971811291866,-0.6546465450519869,0.9916130835896002,0.501281807540365,0.3413885436159968,0.0789779644080734,0.1365506343573655,0.1050171976705675,0.0056819269362795,0.0355366511719422,0.1049247924795295,0.0058333332263537,0.032890057268755,8.203492391751475,0.2759386388974798,0.1657009611549542,rl2,7UD-MlQsDB8PB3X-,8,3578.0,folding clothes,"{""short sleeve shirts"",""long sleeve shirts"",shorts}",False,False,False,False,False,False,,True
2025-09-22-03-13-58-000000,3659.0,121.96666666666668,0.0,0.0,0.0,0.0,0.0,0.0,0.0,0.0,0.0,0.0,0.0,0.0,0.0,0.0,54.45099761288533,0.4465636764315364,0.5882648822110373,46.88653203221378,0.3845259598049243,0.1676077505892644,0.4155448181182303,101.33752964509912,0.0,121.96666666666668,4.81191331593452,54.45099761288533,0.4465636764315364,0.7814762811653604,1.0910431748167757,32.533278197324314,0.5472951084375381,0.4027301426976919,0.7238673735409975,0.1595492271794802,-0.0393633213475546,-0.2038523993176418,-0.5993515220054572,0.9964461454346636,46.88653203221378,0.3845259598049243,0.5326946950041619,0.836227479948614,23.4626326406204,0.3612298429943621,0.3259904067963362,0.1753910183906555,0.0206536014401756,-0.1331094581676821,0.1071534160334727,-0.6526101358188049,0.9967195188627666,0.5581204775165614,0.3602835908320889,0.0803303587249335,0.020871252283668,0.1063715637348287,0.0054992655428621,0.0287663617830519,0.1037305451856239,0.0063010700499098,0.0285724320973628,13.35346730963267,0.4100178036775251,0.1781899098875926,rl2,7UD-MlQsDB8PB3X-,8,3659.0,folding clothes,"{""short sleeve shirts"",""long sleeve shirts"",shorts}",False,False,False,False,False,False,,True
2025-09-22-19-42-55-000000,2684.0,89.46666666666667,0.0,0.0,0.0,0.0,0.0,0.0,0.0,0.0,0.0,0.0,0.0,0.0,0.0,0.0,31.13315326035505,0.3481157651176487,0.9279796964262094,36.38345432496567,0.4068220759407268,0.5929645366050637,0.3774689205291878,67.51660758532071,0.0,89.46666666666667,4.504981458732659,31.13315326035505,0.3481157651176487,0.8278190845761384,0.6204376318797389,30.958690676328903,0.826795220375061,0.8128619622439146,0.9354048976674676,0.6286579299007892,0.2540533811581944,-0.3294668476522002,-0.8306046406930693,0.997018263138278,36.38345432496567,0.4068220759407268,0.8953751943481562,0.7939387631491166,33.731473989010695,0.7205630950629711,0.7134252674877644,0.9049560595303774,0.4652088781618143,-0.2784881625205123,-0.2368265913128238,-0.8105581637358101,0.9977636973537084,0.9056289671552884,0.5546243758628323,0.144628491254449,0.035129758458298,0.10382551107232,0.007104158874487,0.0309832180385732,0.1018773809621417,0.0071798454310357,0.0276594084708785,15.855631722980029,1.0125932573467356,0.1951692843789446,rl2,lbjSOvcmdHRbM9gk,5,2684.0,folding clothes,"{""short sleeve shirts"",""long sleeve shirts"",shorts}",False,False,False,False,False,False,,True
2025-09-22-19-49-07-000000,3892.0,129.73333333333332,0.0,0.0,0.0,0.0,0.0,0.0,0.0,0.0,0.0,0.0,0.0,0.0,0.0,0.0,41.578178145646575,0.3205719209379073,0.2478665029954403,54.890586277727245,0.4232119219562624,0.2042882139413982,0.3718919214470849,96.4687644233738,0.0,129.73333333333332,4.873159625094136,41.578178145646575,0.3205719209379073,0.9939244066897848,0.5611229563126685,35.39308714751078,0.2755721881985664,0.6515052691102028,0.9215297400951384,0.1654484385595236,0.2807634270482936,-0.1732787540477428,-0.7698739869348975,0.9907478797224364,54.890586277727245,0.4232119219562624,1.020865333179362,0.9002377017538319,37.61445425708174,0.5563889518380165,0.7173950765281916,0.8845038823783398,0.3530503391013673,-0.0625315500008859,-0.2871063558548631,-0.7826242543417646,0.992803906450784,0.9315523135080104,0.3879780820515091,0.0596795887135681,0.2484693558445407,0.1064696189996666,0.0069512075508492,0.0227935329428355,0.0998690721498088,0.0083149289844708,0.0332166535196674,20.296995785059067,0.8228521393804809,0.1815670520021194,rl2,lbjSOvcmdHRbM9gk,5,3892.0,folding clothes,"{""short sleeve shirts"",""long sleeve shirts"",shorts}",False,False,False,False,False,False,,True
2025-09-22-20-11-49-000000,2193.0,73.1,0.0,0.0,0.0,0.0,0.0,0.0,0.0,0.0,0.0,0.0,0.0,0.0,0.0,0.0,30.43299817708011,0.4165100115476292,0.3411882760727656,32.431541340610096,0.443862335866014,0.2764203063328592,0.4301861737068216,62.86453951769021,0.0,73.1,4.3054155323020415,30.43299817708011,0.4165100115476292,0.6076222341873929,1.0447244845180654,16.096547910891793,0.7264667972922325,0.4180107489228248,0.2427890449762344,0.0737279750826413,0.008370408343259,-0.2804574998583163,-0.8183307491694745,0.9831204379562044,32.431541340610096,0.443862335866014,0.5781171585652344,0.9416670907691428,16.045929798839968,0.3755295444279909,0.4640791229903698,0.2143882811069488,0.0373626080835411,-0.2081298851439915,-0.0083618614074207,-0.8115620727048201,0.9881386861313868,0.8542714063884878,0.3568672066518866,0.0573223541722038,0.2104562219752395,0.108411139658852,0.0061056213549658,0.0281757168019876,0.1051847643074763,0.0069153339841492,0.0287269845316866,11.449258754621578,0.5640794477381699,0.2364321957304517,rl2,lbjSOvcmdHRbM9gk,4,2193.0,folding clothes,"{""short sleeve shirts"",""long sleeve shirts"",shorts}",False,False,False,False,False,False,,True
2025-09-22-20-17-09-000000,2700.0,90.0,0.0,0.0,0.0,0.0,0.0,0.0,0.0,0.0,0.0,0.0,0.0,0.0,0.0,0.0,32.187275199747155,0.3577688981076009,0.3831068452193172,38.13072747864889,0.4238317244755342,0.2326633926452102,0.3908003112915676,70.31800267839606,0.0,90.0,4.51085950651685,32.187275199747155,0.3577688981076009,0.5198088484639934,0.7793546581435131,14.933242073091996,0.6124589741230011,0.390175461769104,0.3763501420617103,0.0899350623142452,0.0153814771609311,-0.3617161896314333,-0.7578773586589981,0.992589848091886,38.13072747864889,0.4238317244755342,0.56954959299015,0.9879662383941216,19.58631662070833,0.547365412581712,0.5065261051058769,0.3726844564080238,0.1033285807005159,-0.2533064261056413,0.1123416768987792,-0.775397534362144,0.9929603556872916,0.7684581217214745,0.5509695646392299,0.086920511429873,0.2227214843139152,0.104328865711141,0.0068883426018154,0.0210470674853606,0.1027020975886138,0.0062692645343791,0.0271051821002727,12.769044800349874,0.6334523812099325,0.1957903754634127,rl2,lbjSOvcmdHRbM9gk,4,2700.0,folding clothes,"{""short sleeve shirts"",""long sleeve shirts"",shorts}",False,False,False,False,False,False,,True
2025-09-22-20-23-21-000000,3317.0,110.56666666666666,0.0,0.0,0.0,0.0,0.0,0.0,0.0,0.0,0.0,0.0,0.0,0.0,0.0,0.0,35.065239181171236,0.3172367839068568,0.150784276291828,54.87079293360772,0.4964185126683448,0.1763789462408092,0.4068276482876007,89.93603211477895,0.0,110.56666666666666,4.714622319549171,35.065239181171236,0.3172367839068568,0.5674274503741263,0.6533275794217166,21.589078698086553,0.3186458274722099,0.7410689173266292,0.7527777291834354,0.1777598176354336,0.3477275380491312,-0.2346942512211658,-0.6317175857302724,0.9927623642943304,54.87079293360772,0.4964185126683448,0.7083153295660908,1.141940123144296,28.838936834407765,0.7385753504931927,0.9255359061062336,0.8343705898150802,0.5703573842564639,-0.1594086770512408,-0.2762004535127467,-0.6274287057762535,0.9951749095295536,0.8259774659392076,0.5526955698230218,0.0948890609513378,0.2962909186360857,0.1076033878803864,0.0060362106602299,0.0259163678411686,0.1010552008905755,0.0076775091214097,0.0320714394642295,17.354561232223304,0.7311714360240896,0.186544686616408,rl2,lbjSOvcmdHRbM9gk,3,3317.0,folding clothes,"{""short sleeve shirts"",""long sleeve shirts"",shorts}",False,False,False,False,False,False,,True
2025-09-22-20-27-48-000000,2398.0,79.93333333333334,0.0,0.0,0.0,0.0,0.0,0.0,0.0,0.0,0.0,0.0,0.0,0.0,0.0,0.0,34.08301951717571,0.4265709576617735,0.1841383313207864,40.436628934266295,0.5060904747717935,0.1730013634921738,0.4663307162167834,74.51964845144201,0.0,79.93333333333334,4.393625770517233,34.08301951717571,0.4265709576617735,0.9359226831908702,0.9930596997861402,34.848963314675075,0.8074190020561218,0.4039534479379654,0.648333728313446,0.2114603277208534,-0.0927273130776039,-0.3764485955670215,-0.6632282241815398,0.9899874843554444,40.436628934266295,0.5060904747717935,1.0749925222540624,1.059199787891553,42.91137432340938,0.8210780769586563,0.6867922209203243,0.6758452299982309,0.3811159079945621,-0.3223343543829497,0.0010776676272682,-0.6583900033403887,0.9908218606591572,0.7889802638279702,0.4538092561023369,0.0788571163593269,0.1125058259854015,0.1065593887517908,0.0082220941781588,0.0283288641641456,0.1025154576625576,0.009308873965173,0.0339523816449467,10.07111460945671,0.5230358257350108,0.2603432171113732,rl2,lbjSOvcmdHRbM9gk,3,2398.0,folding clothes,"{""short sleeve shirts"",""long sleeve shirts"",shorts}",False,False,False,False,False,False,,True
2025-09-22-20-35-24-000000,2717.0,90.56666666666666,0.0,0.0,0.0,0.0,0.0,0.0,0.0,0.0,0.0,0.0,0.0,0.0,0.0,0.0,36.089643141785025,0.3986337607708212,0.2406579554689827,43.07560184611298,0.4757982530866676,0.2319283953513803,0.4372160069287445,79.165244987898,0.0,90.56666666666666,4.517067304433119,36.089643141785025,0.3986337607708212,1.5264812697193944,0.6563925792175493,58.06355917627966,0.5621840171515942,0.5004894211888313,0.9221445773728192,0.2594611947086683,-0.0775237205302233,-0.3391385802990226,-0.7666775279456971,0.9771723122238586,43.07560184611298,0.4757982530866676,1.5346386030883323,0.8506942762560749,58.76248583370503,0.3728523347526788,0.5357850231230259,0.947027200832963,0.1891863897416533,-0.2593976492566092,-0.0012382250136293,-0.7506134443915352,0.9830633284241532,0.9694367625305308,0.3919568633966664,0.060675976756339,0.2584122111578342,0.1051882529504509,0.0058386661056523,0.0295224931456914,0.1021886008878626,0.0069676316778702,0.0317137398597011,10.474501141616573,0.4999000370172342,0.2578859248669958,rl2,lbjSOvcmdHRbM9gk,6,2717.0,folding clothes,"{""short sleeve shirts"",""long sleeve shirts"",shorts}",False,False,False,False,False,False,,True
2025-09-22-20-41-18-000000,4900.0,163.33333333333334,0.0,0.0,0.0,0.0,0.0,0.0,0.0,0.0,0.0,0.0,0.0,0.0,0.0,0.0,58.06751408704346,0.3555879613413562,0.7209183596198512,79.71201409818575,0.4881323582252648,0.7305271123099635,0.4218601597833106,137.7795281852292,0.0,163.33333333333334,5.101896885374581,58.06751408704346,0.3555879613413562,1.199402157388623,0.6734198557238464,47.34503923578032,0.653806172311306,0.3456069398671388,0.9032308086752892,0.2040939887991567,0.0474331975118162,-0.3206155958672871,-0.6940244243959232,0.9881608491528884,79.71201409818575,0.4881323582252648,1.1966456442426796,1.062651874152711,48.476872225698266,0.4164403304457664,0.6441431865096092,0.8364815693348646,0.2243838400339396,-0.2355734877307348,-0.0357751119289278,-0.7009900525326327,0.989793835476628,0.9498871571985016,0.427899249675205,0.0707068933620864,0.2298434044642783,0.1073899290969581,0.005047349308667,0.0239006534728232,0.1010440002918289,0.0073444233629,0.0344292194208187,18.15645261964962,0.5364905616776773,0.215395445043103,rl2,lbjSOvcmdHRbM9gk,6,4900.0,folding clothes,"{""short sleeve shirts"",""long sleeve shirts"",shorts}",False,False,False,False,False,False,,True
2025-09-22-20-47-49-000000,2718.0,90.6,0.0,0.0,0.0,0.0,0.0,0.0,0.0,0.0,0.0,0.0,0.0,0.0,0.0,0.0,40.61042336051383,0.4484036440248122,0.2463850631965519,44.90614366618972,0.4958352263473286,0.3209855074755557,0.4721194351860704,85.51656702670354,0.0,90.6,4.517431271680085,40.61042336051383,0.4484036440248122,1.486535932340708,0.8134449707536575,59.106335684866856,0.2503328956663608,0.596953596919775,0.9387063048779964,0.1402775690692357,0.2665624944157377,-0.0947024263225479,-0.7814414813582435,0.9907986750092014,44.90614366618972,0.4958352263473286,1.452041823142281,0.9445904766925692,58.35530679620448,0.465393204241991,0.4684611978009343,0.9351717908866704,0.2038848987621754,-0.0839900867811337,-0.1989543958446256,-0.7802823862608117,0.9937430990062568,0.9750626886559528,0.3761557802704638,0.0605899418234579,0.2688508403920971,0.1053608267889303,0.0059043283603694,0.028322979532433,0.103819016344847,0.0058026781480024,0.0277566185319246,13.314811957291354,0.5874146616568428,0.2580468399196285,rl2,lbjSOvcmdHRbM9gk,7,2718.0,folding clothes,"{""short sleeve shirts"",""long sleeve shirts"",shorts}",False,False,False,False,False,False,,True
2025-09-22-21-00-06-000000,2689.0,89.63333333333334,0.0,0.0,0.0,0.0,0.0,0.0,0.0,0.0,0.0,0.0,0.0,0.0,0.0,0.0,50.03355345501136,0.5584101948103947,0.7028382657441737,55.92749623261362,0.6241908061675627,0.7374960096585077,0.5913005004889788,105.96104968762498,0.0,89.63333333333334,4.506822062970316,50.03355345501136,0.5584101948103947,1.8341856145025133,0.8922366136041378,73.58598838948632,0.6193368807435036,0.4750882536172867,0.955475098453462,0.2811386844204391,0.0357452040675344,-0.3412370254074709,-0.7897014614446078,0.995907738095238,55.92749623261362,0.6241908061675627,1.7478740932541132,1.195490634802386,70.42123901633207,0.5996571239084005,0.5209299400448799,0.9512161614838988,0.2971402858581888,-0.2838051076379267,0.111676689850777,-0.7669389389184996,0.9947916666666666,0.957844972499228,0.5679046317929234,0.1088859342863019,0.2011302872005658,0.1060975364995814,0.0060549329505867,0.0330392400772759,0.1034643520354961,0.0066185195482369,0.0306311864971849,17.935270835948344,0.7333207198446169,0.3177694907456898,rl2,lbjSOvcmdHRbM9gk,8,2689.0,folding clothes,"{""short sleeve shirts"",""long sleeve shirts"",shorts}",False,False,False,False,False,False,,True
2025-09-22-21-04-21-000000,3020.0,100.66666666666669,0.0,0.0,0.0,0.0,0.0,0.0,0.0,0.0,0.0,0.0,0.0,0.0,0.0,0.0,41.729625821363015,0.414670014786648,0.8232882925230773,52.353054211391125,0.5202357159131281,0.8185232240156664,0.467452865349888,94.08268003275414,0.0,100.66666666666669,4.621699487939302,41.729625821363015,0.414670014786648,1.367039004730097,0.759402324836308,55.1614855750138,0.5962201543152332,0.3237681463360786,0.9408745858818292,0.1816236960378337,-0.0631567752910839,-0.279155620729045,-0.7706089292631318,0.9927128188141768,52.353054211391125,0.5202357159131281,1.3212255195839349,1.1162751418582757,54.63619383277453,0.568811260163784,0.5630159787833691,0.9510496533475816,0.3045734882693345,-0.3126133615342246,0.0073410696829962,-0.7899827262864291,0.9917191122888374,0.950123737166119,0.4088135474662809,0.0813861861494631,0.2222706838821401,0.1074047285912481,0.0045320201468597,0.0206106374677721,0.1023619714119255,0.0060596241090556,0.0340249549580609,15.505551792534252,0.7543744138964956,0.2380777375464205,rl2,lbjSOvcmdHRbM9gk,8,3020.0,folding clothes,"{""short sleeve shirts"",""long sleeve shirts"",shorts}",False,False,False,False,False,False,,True
2025-09-23-19-20-34-000000,2139.0,71.3,0.0,0.0,0.0,0.0,0.0,0.0,0.0,0.0,0.0,0.0,0.0,0.0,0.0,0.0,38.98643087244053,0.5470500122419157,0.1511408560450458,42.74869485577559,0.5998413684159344,0.2120918959980934,0.5734456903289251,81.73512572821612,0.0,71.3,4.280824129164719,38.98643087244053,0.5470500122419157,1.2113060028589973,1.2222202096177834,42.97025796551566,0.5150080695748329,0.6422179241781123,0.7339728157967329,0.242759610314042,0.2535691939393609,-0.2598429676927404,-0.6157174196752601,0.9920486435921422,42.74869485577559,0.5998413684159344,1.3380652650226077,1.3238721400158455,49.6605108937985,0.599184587597847,0.5910767284221947,0.7057500127702951,0.2499512939317262,-0.0245852347031451,-0.3008600551247085,-0.6171867961308677,0.9929840972871844,0.9287150402766164,0.3074743819967748,0.0825182751954488,0.094843805153909,0.1050816843219997,0.0059058538703024,0.0308104893855205,0.1040193005857313,0.0055839407696969,0.0270375444525826,13.574834776136395,0.558461065498688,0.29155373668205,rl2,pB5ssSy__hBrm6wJ,1,2139.0,folding clothes,"{""short sleeve shirts"",""long sleeve shirts"",shorts}",False,False,False,False,False,False,,True
2025-09-23-19-25-08-000000,2585.0,86.16666666666667,0.0,0.0,0.0,0.0,0.0,0.0,0.0,0.0,0.0,0.0,0.0,0.0,0.0,0.0,20.35307400842635,0.2362972988594391,0.1926857337668436,36.449069459534115,0.4231703110627026,0.4468326175099196,0.3297338049610708,56.80214346796047,0.0,86.16666666666667,4.467821994836868,20.35307400842635,0.2362972988594391,0.4580483981923147,0.5013360369569865,15.417919458445857,0.3146487269550562,0.4903227826580405,0.6721044592559338,0.1036918991656391,0.2786094321734209,-0.2109883608024952,-0.6699964936066066,0.9837461300309598,36.449069459534115,0.4231703110627026,0.6354240970797973,1.0905598014153004,24.728147021512218,0.5416335240006447,0.5365062097553164,0.6575837545096874,0.1910870981944365,0.0309507151537825,-0.3310901636939596,-0.6913809304685842,0.9903250773993808,0.7361898752307772,0.3106056461221683,0.0782651656730677,0.10416616677313,0.1061778498785607,0.0027517687247122,0.031348876621511,0.102313292506785,0.0049027975736387,0.0289621370083644,8.121202174582493,0.5057355227915988,0.1564432512000127,rl2,pB5ssSy__hBrm6wJ,1,2585.0,folding clothes,"{""short sleeve shirts"",""long sleeve shirts"",shorts}",False,False,False,False,False,False,,True
2025-09-23-19-32-44-000000,2277.0,75.9,0.0,0.0,0.0,0.0,0.0,0.0,0.0,0.0,0.0,0.0,0.0,0.0,0.0,0.0,31.951811564647137,0.4211574459312013,0.3086156007716081,40.64581664083468,0.5357532949143411,0.3798428455439097,0.4784553704227712,72.59762820548181,0.0,75.9,4.3425058765115985,31.951811564647137,0.4211574459312013,1.0935933734970007,0.8933076603162123,40.89374598421236,0.4736774116754532,0.3081715628504753,0.785423131659627,0.1146512841528061,-0.0954570899867617,-0.2481725216643998,-0.7105030560613228,0.9912126537785588,40.64581664083468,0.5357532949143411,1.3105123789825108,1.221568809501461,50.64891183507017,0.5698017422109842,0.6866597756743431,0.7973927799612284,0.3119878484415821,-0.2211447214800987,0.1736643280777004,-0.6967991922904734,0.9903339191564148,0.9417397038006216,0.4495168318470271,0.151876440771097,0.1166442531341609,0.1056721547383702,0.003730280391062,0.0182389705787902,0.1015319196302028,0.0057117615341154,0.0273140765958323,10.873671530507917,0.6080037916973257,0.2202460988407678,rl2,pB5ssSy__hBrm6wJ,2,2277.0,folding clothes,"{""short sleeve shirts"",""long sleeve shirts"",shorts}",False,False,False,False,False,False,,True
2025-09-23-19-37-29-000000,2055.0,68.5,0.0,0.0,0.0,0.0,0.0,0.0,0.0,0.0,0.0,0.0,0.0,0.0,0.0,0.0,40.56916480829919,0.5925389212507186,0.3200422144491303,40.211273578068614,0.5873116880925309,0.3761466503495799,0.5899253046716246,80.7804383863678,0.0,68.5,4.241326752570746,40.56916480829919,0.5925389212507186,1.317274643839807,1.4377813113360944,49.00642909274934,0.6732024438679218,0.3975604027509689,0.8316060192883015,0.2225698996248163,-0.0858504276459814,-0.3666213065295178,-0.6873870985804538,0.9917234664070108,40.211273578068614,0.5873116880925309,1.4269769709349025,1.3641441756093249,53.4511098949953,0.3789112344384193,0.5678689070045948,0.7563401125371456,0.1627431455292842,-0.2753693031786132,-0.0790993092673685,-0.701383266656902,0.98539435248296,0.9419340618461288,0.3644607617070562,0.1290593996663749,0.1344396901020314,0.1057658056921207,0.0038079031675876,0.0210666842009608,0.1049923737010615,0.0049045578367371,0.0257212967114221,11.533926707304236,0.5355505350056399,0.3085986007303365,rl2,pB5ssSy__hBrm6wJ,2,2055.0,folding clothes,"{""short sleeve shirts"",""long sleeve shirts"",shorts}",False,False,False,False,False,False,,True
2025-09-23-20-14-31-000000,2713.0,90.43333333333334,0.0,0.0,0.0,0.0,0.0,0.0,0.0,0.0,0.0,0.0,0.0,0.0,0.0,0.0,28.467468482946792,0.3149056248113583,0.2986716358973637,49.40855952861325,0.546554862042182,0.3314519799358709,0.4307302434267702,77.87602801156004,0.0,90.43333333333334,4.515610109275448,28.467468482946792,0.3149056248113583,0.7987888405308745,0.7322931469002293,30.243179418301093,0.4425660241395235,0.3638716544955969,0.6586713846772909,0.1060706162087424,-0.3280571180581497,-0.0782142497538492,-0.567219090602339,0.9775073746312684,49.40855952861325,0.546554862042182,0.9945980437970317,1.3966270104998673,40.117116480916586,0.6454215049743652,0.4655612343922257,0.6212523709982634,0.1866759206725967,-0.2745169246458739,0.19916427066852,-0.5923488255977422,0.980457227138643,0.8466961139394052,0.3204712190689142,0.08710792985336,0.1081334820852413,0.1054893966912218,0.0040256467749485,0.0313003716068998,0.1037330220938009,0.0049927932757591,0.0284172327770339,8.148616178996434,0.4565443235338826,0.1898611094163063,rl2,pB5ssSy__hBrm6wJ,6,2713.0,folding clothes,"{""short sleeve shirts"",""long sleeve shirts"",shorts}",False,False,False,False,False,False,,True
2025-09-23-20-19-39-000000,2649.0,88.3,0.0,0.0,0.0,0.0,0.0,0.0,0.0,0.0,0.0,0.0,0.0,0.0,0.0,0.0,22.849311256970505,0.258866819376554,0.0771780637590068,34.47552421890945,0.3905837335979166,0.0550852816227667,0.3247252764872353,57.32483547587995,0.0,88.3,4.492001487882454,22.849311256970505,0.258866819376554,0.5182760296643796,0.646795082121835,16.73253709398911,0.4336494579911232,0.3923509772866964,0.5769005119800568,0.0981554618776671,0.0473148209669002,-0.3057774209483147,-0.5833319720575532,0.9520392749244712,34.47552421890945,0.3905837335979166,0.674624171798028,0.9381179989580214,25.08071663597137,0.4240775257349014,0.4644377318909392,0.6007570791989565,0.1183236750241582,-0.2270075283756865,-0.1838830976800855,-0.5808927951969147,0.964501510574018,0.805789651554908,0.3266840252327691,0.0851979811878681,0.1258355488056482,0.104565031912982,0.0051100684850541,0.0231204626978271,0.1032770061498803,0.0057797085795236,0.0312461475491615,7.0687796644918475,0.3569415318657873,0.1664719878361268,rl2,pB5ssSy__hBrm6wJ,6,2649.0,folding clothes,"{""short sleeve shirts"",""long sleeve shirts"",shorts}",False,False,False,False,False,False,,True
2025-09-23-20-30-13-000000,2368.0,78.93333333333334,0.0,0.0,0.0,0.0,0.0,0.0,0.0,0.0,0.0,0.0,0.0,0.0,0.0,0.0,35.517910034445386,0.4501636252781417,0.1418663559679986,38.31725804081621,0.4856433211763779,0.1145324737622669,0.4679034732272598,73.8351680752616,0.0,78.93333333333334,4.3811929539253045,35.517910034445386,0.4501636252781417,0.8777943104329796,1.179638854502154,30.339072859199177,0.5417452957481146,0.4168796613812446,0.6002146638929844,0.1355540375185539,-0.1601886990892298,-0.3583952391038749,-0.5833407253722308,0.978031263202366,38.31725804081621,0.4856433211763779,0.875093942489857,1.1194820494677813,30.09960748453825,0.3671323377639055,0.4461613562889397,0.5667250864207745,0.0928297174984359,-0.3098906792041128,-0.1584476253668047,-0.5673898285541155,0.975496408956485,0.86491023810589,0.2722365042949794,0.0638828655650011,0.122257361059045,0.106957622385572,0.0035626774761188,0.0245847392958425,0.1053410614932386,0.0054414477978417,0.0289024936714145,8.784394368749522,0.3683421170160709,0.2953839715301339,rl2,pB5ssSy__hBrm6wJ,3,2368.0,folding clothes,"{""short sleeve shirts"",""long sleeve shirts"",shorts}",False,False,False,False,False,False,,True
2025-09-23-20-34-49-000000,3036.0,101.2,0.0,0.0,0.0,0.0,0.0,0.0,0.0,0.0,0.0,0.0,0.0,0.0,0.0,0.0,28.230248345473523,0.27904693586959,0.1605062232330396,54.77984688865138,0.5414811883556973,0.2617003654933462,0.4102640621126436,83.0100952341249,0.0,101.2,4.626931677769604,28.230248345473523,0.27904693586959,0.5485769062789682,0.6696923380877665,19.841886492901292,0.4813941344618797,0.225416487082839,0.7236271519213915,0.0785238031759649,-0.2593384168254351,-0.2142485869509733,-0.5614390138552643,0.9663920922570016,54.77984688865138,0.5414811883556973,0.6848800871693157,1.480062902343748,29.51350967364416,0.5727253034710884,0.4839973039925098,0.3156505078077316,0.0874975325244746,-0.2958633030816294,0.0732658982184083,-0.5671495121212895,0.984843492586491,0.5015068577015857,0.3193827248544668,0.0899332454078068,0.0960998804895476,0.1071115657998239,0.0017146428018749,0.0120591293354266,0.1035683642020314,0.0053627190382079,0.0269367039425441,7.244078782257102,0.4112814977011519,0.1573711103234438,rl2,pB5ssSy__hBrm6wJ,3,3036.0,folding clothes,"{""short sleeve shirts"",""long sleeve shirts"",shorts}",False,False,False,False,False,False,,True
2025-09-23-21-10-33-000000,2340.0,78.0,0.0,0.0,0.0,0.0,0.0,0.0,0.0,0.0,0.0,0.0,0.0,0.0,0.0,0.0,25.275181226577644,0.3241793231284007,0.2498222850360967,35.225531356627805,0.4518024543389629,0.3886610850807928,0.3879908887336818,60.50071258320545,0.0,78.0,4.3694478524670215,25.275181226577644,0.3241793231284007,0.6570976677594321,0.7084875823691291,24.889760360422805,0.3429811969399452,0.5583299724385142,0.6491515003144741,0.1243103585777102,0.3369716635276364,-0.1265907550193807,-0.7016107087127037,0.980333475844378,35.225531356627805,0.4518024543389629,0.9612575922794664,1.060457445114522,37.91230038484582,0.6420000866055489,0.4939043568447232,0.7349779531359673,0.2330516895378043,-0.0761384457576637,-0.2336691815578219,-0.6919919291757939,0.9850363403163744,0.8314267120748237,0.4405683704811827,0.1408770612049158,0.1385137840172118,0.1067931954500797,0.003744380085024,0.0222904113413887,0.1051669003520736,0.0049030494205389,0.0299152127958847,8.656477588974518,0.4608485473170829,0.1511042189311497,rl2,pB5ssSy__hBrm6wJ,5,2340.0,folding clothes,"{""short sleeve shirts"",""long sleeve shirts"",shorts}",False,False,False,False,False,False,,True
2025-09-23-21-14-51-000000,1946.0,64.86666666666666,0.0,0.0,0.0,0.0,0.0,0.0,0.0,0.0,0.0,0.0,0.0,0.0,0.0,0.0,27.837749320153783,0.4293740255036573,0.166272225881604,31.521823377783377,0.4861977898886895,0.2424393756079024,0.4577859076961734,59.35957269793715,0.0,64.86666666666666,4.187632496645658,27.837749320153783,0.4293740255036573,0.6376903121267995,1.087795478517974,23.892824039938414,0.4188017435371876,0.3848028685897589,0.2646675407886505,0.0426527919211341,0.063805088437213,-0.2820399115627817,-0.7182176616215142,0.9897172236503856,31.521823377783377,0.4861977898886895,0.9217955590013762,1.0787860585268756,35.81175125463821,0.3715915717184543,0.4437478929758072,0.692555932328105,0.1141976094189522,-0.1385893361357721,-0.1357312845056917,-0.6930908487826387,0.9922879177377892,0.7585846040498072,0.2737260680030777,0.0612325226845341,0.0973657467611162,0.1066085831455486,0.004670195697975,0.0283644212282114,0.1075482059709401,0.0030819961389264,0.0266373936975122,8.149360898166762,0.4690907073981924,0.2191207400818056,rl2,pB5ssSy__hBrm6wJ,5,1946.0,folding clothes,"{""short sleeve shirts"",""long sleeve shirts"",shorts}",False,False,False,False,False,False,,True
2025-09-23-21-34-16-000000,2966.0,98.86666666666666,0.0,0.0,0.0,0.0,0.0,0.0,0.0,0.0,0.0,0.0,0.0,0.0,0.0,0.0,27.21411927890411,0.2753536520631107,0.2319969161564813,48.77708176721531,0.4935286519448428,0.3315998715794351,0.3844411520039768,75.99120104611941,0.0,98.86666666666666,4.603835962974955,27.21411927890411,0.2753536520631107,0.6443837359162382,0.6407861103880331,24.480345935340974,0.4003006815910339,0.3825388075783849,0.5536180660128593,0.0847758363966305,0.2216183082806606,-0.2432853594104886,-0.6761620192890905,0.9797639123102868,48.77708176721531,0.4935286519448428,0.986368341370913,1.250693867428839,41.04229170494438,0.5459932684898376,0.5827284308616072,0.6721269227564335,0.213847800489048,-0.1016676216224548,-0.2702016218154447,-0.6697199159563693,0.9898819561551432,0.7689552184981013,0.3470794106100622,0.0905175583486724,0.119959558066771,0.1077502539217619,0.0034391228887031,0.0182212596588885,0.1051079674046311,0.0057163373696956,0.0283496237619198,8.997146328171027,0.5147058600811345,0.1436933905634617,rl2,pB5ssSy__hBrm6wJ,7,2966.0,folding clothes,"{""short sleeve shirts"",""long sleeve shirts"",shorts}",False,False,False,False,False,False,,True
2025-09-23-21-38-55-000000,2981.0,99.36666666666666,0.0,0.0,0.0,0.0,0.0,0.0,0.0,0.0,0.0,0.0,0.0,0.0,0.0,0.0,30.056646068934917,0.302583685257734,0.2503105423467707,40.17198661137943,0.4044159725977795,0.3985090727711468,0.3534998289277568,70.22863268031435,0.0,99.36666666666666,4.608830146819578,30.056646068934917,0.302583685257734,0.6257959687269257,0.6699694708285331,22.183601113737534,0.4497344680130481,0.2752429246902466,0.621382612735033,0.0769186112106008,0.0267609933276243,-0.3180267497227321,-0.6937496208694208,0.9798657718120806,40.17198661137943,0.4044159725977795,0.7796494088328477,0.9022255261411136,29.94818363579353,0.3709721975028515,0.4163156803697347,0.6037340871989727,0.0932416238689583,-0.182318596042354,-0.1263632398362779,-0.6712152183265824,0.9791946308724832,0.8200818887566912,0.3071504602182298,0.0735484009760998,0.1358825464537373,0.1049024653541132,0.0042713849656434,0.0262309870504507,0.1024862372044757,0.0063704191610843,0.0282583730364596,10.091272781563797,0.3305820801999001,0.1694456556603057,rl2,pB5ssSy__hBrm6wJ,7,2981.0,folding clothes,"{""short sleeve shirts"",""long sleeve shirts"",shorts}",False,False,False,False,False,False,,True
2025-09-23-21-58-00-000000,2272.0,75.73333333333333,0.0,0.0,0.0,0.0,0.0,0.0,0.0,0.0,0.0,0.0,0.0,0.0,0.0,0.0,39.47203778516762,0.5214271834236146,0.149060834342526,46.738001817887195,0.6174108562468587,0.4822228180661855,0.5694190198352366,86.21003960305481,0.0,75.73333333333333,4.340336207619672,39.47203778516762,0.5214271834236146,0.7317537186652207,1.469476838141496,29.203799938584886,0.3549792673438787,0.5654649124480784,0.5879755988717079,0.1180233543562435,0.2422614899819756,-0.2254987348027959,-0.6942408284037964,0.9876706296785556,46.738001817887195,0.6174108562468587,1.1242608534815817,1.388143220053534,45.88966644093239,0.5333505645394325,0.5059720394201577,0.673706378787756,0.181806721952443,-0.0664092352274398,-0.2719510829830001,-0.6948835800178874,0.985028621752532,0.6781459068451634,0.3461720380158548,0.0911935130258265,0.0893323684081922,0.1044345408256646,0.005544960217573,0.0303096715735206,0.1055069349199565,0.0054360188509552,0.0255492783790562,9.483002455116509,0.4330494061882218,0.210219745298086,rl2,pB5ssSy__hBrm6wJ,4,2272.0,folding clothes,"{""short sleeve shirts"",""long sleeve shirts"",shorts}",False,False,False,False,False,False,,True
2025-09-23-22-15-03-000000,2312.0,77.06666666666666,0.0,0.0,0.0,0.0,0.0,0.0,0.0,0.0,0.0,0.0,0.0,0.0,0.0,0.0,31.664603300149032,0.4110506702745439,0.2553918302791336,45.00243052078051,0.5841942516760775,0.5624365678797209,0.4976224609753107,76.66703382092953,0.0,77.06666666666666,4.357563162495508,31.664603300149032,0.4110506702745439,0.738482672834255,0.986617757519173,29.698492887131184,0.749873623251915,0.4380477648228407,0.4914804920554161,0.1614417403550501,-0.1661824008488583,-0.3060335731133818,-0.6565332392288636,0.9865858935525746,45.00243052078051,0.5841942516760775,0.9380544045621464,1.445625593215398,39.34390911092205,0.6817424241453409,0.6201845109462738,0.5868665054440498,0.2481307336396219,-0.1989906806839955,0.0920513700668543,-0.6664411437385119,0.9848550411077456,0.6640783425259805,0.4329246983548895,0.1326824603722588,0.1507378723698911,0.1050092710417287,0.00453939910567,0.0261545677425567,0.1032261672567123,0.0056338528056782,0.0293999983072105,8.350846530021691,0.381672674454842,0.1501719523340073,rl2,pB5ssSy__hBrm6wJ,4,2312.0,folding clothes,"{""short sleeve shirts"",""long sleeve shirts"",shorts}",False,False,False,False,False,False,,True
2025-09-23-22-43-03-000000,2519.0,83.96666666666667,0.0,0.0,0.0,0.0,0.0,0.0,0.0,0.0,0.0,0.0,0.0,0.0,0.0,0.0,30.39463711071659,0.3621283214144153,0.2230951684039941,41.29170891084686,0.4919584064040531,0.2262761086525986,0.4270433639092342,71.68634602156345,0.0,83.96666666666667,4.44225902271396,30.39463711071659,0.3621283214144153,0.7609657017863121,0.7666393700509476,28.96637115818587,0.2972806394100189,0.3526743093971163,0.6982993446290493,0.0732119687143846,0.3285074250823617,0.0968422071587511,-0.7203464623142822,0.989277204130262,41.29170891084686,0.4919584064040531,0.8926701803353047,1.0937318900235693,35.48503902463813,0.4548914805054664,0.4599969461560249,0.693731440231204,0.1451623963739377,0.1891031911838452,-0.2127257755137645,-0.6889957818851532,0.9952343129467832,0.8116710088161324,0.355951314853195,0.0774458152391222,0.1817962665923774,0.1043316013183992,0.0043298249205235,0.020465135905511,0.1018322804465688,0.0056783024471177,0.0281543709109213,10.878863256698242,0.34260021286051,0.1692080668074718,rl2,pB5ssSy__hBrm6wJ,8,2519.0,folding clothes,"{""short sleeve shirts"",""long sleeve shirts"",shorts}",False,False,False,False,False,False,,True
2025-09-23-22-47-12-000000,2371.0,79.03333333333333,0.0,0.0,0.0,0.0,0.0,0.0,0.0,0.0,0.0,0.0,0.0,0.0,0.0,0.0,36.36522201783286,0.4603192660485173,0.3261474123855809,36.68470420952162,0.4643633444243242,0.3226240193279266,0.4623413052364207,73.04992622735449,0.0,79.03333333333333,4.382443214559098,36.36522201783286,0.4603192660485173,0.637935610338749,1.256276014361314,22.939706286164725,0.2670265771448612,0.4864701107144356,0.3422297388315201,0.0444557965804594,0.3266429189264221,-0.0749382814627634,-0.7037482377045872,0.9966244725738396,36.68470420952162,0.4643633444243242,0.79537793210065,1.0647646517900795,29.23424507532101,0.4290814530104399,0.3197436574846506,0.5898730009794235,0.0809282593882716,0.1064585465097266,-0.2266590922630189,-0.6711615994635487,0.9957805907172996,0.7386159852147639,0.2916734860750851,0.0538178456628388,0.1652286293407047,0.1048074419347618,0.0044974845508318,0.021512066581051,0.1034358939441851,0.0058099950096645,0.0259994177277757,12.822864326226767,0.4387513013685237,0.2456573293286173,rl2,pB5ssSy__hBrm6wJ,8,2371.0,folding clothes,"{""short sleeve shirts"",""long sleeve shirts"",shorts}",False,False,False,False,False,False,,True
2025-09-24-03-12-23-000000,1920.0,64.0,0.0,0.0,0.0,0.0,0.0,0.0,0.0,0.0,0.0,0.0,0.0,0.0,0.0,0.0,35.304300213934226,0.5519171476904776,0.3868929740802473,41.9077057638475,0.6551491260632754,0.3626008220002919,0.6035331368768765,77.21200597778173,0.0,64.0,4.174387269895637,35.304300213934226,0.5519171476904776,1.1776059309888425,1.2947049467780731,44.557911780189585,0.2210258245468139,0.3124817898496985,0.8672504937276244,0.0598979954745361,0.907827838937131,-0.1283601377146624,-0.6861439181331661,0.9817613340281396,41.9077057638475,0.6551491260632754,1.1529058890556187,1.4648772948955888,45.82276205922799,0.3055768832564354,0.4100573398172855,0.8760666376911104,0.1097746923915945,0.5810813907417469,0.0123084123635635,-0.6528925616766477,0.982803543512246,0.9489858637549012,0.3604353521186313,0.0634244057871581,0.1863019833753721,0.1029998113617677,0.0047546589709561,0.030471663124823,0.1022014010065036,0.0052678677525649,0.0265713909534834,7.909221680669296,0.3736342488823808,0.3380685656279729,rl2,omDamnph0YxUBJSO,1,1920.0,folding clothes,"{""short sleeve shirts"",""long sleeve shirts"",shorts}",False,False,False,False,False,False,,True
2025-09-24-03-15-53-000000,2308.0,76.93333333333334,0.0,0.0,0.0,0.0,0.0,0.0,0.0,0.0,0.0,0.0,0.0,0.0,0.0,0.0,32.32935185490406,0.4204076964226796,0.5150736773090666,45.53075859389065,0.5920774849660684,0.6183586244271205,0.506242590694374,77.86011044879471,0.0,76.93333333333334,4.355853760369858,32.32935185490406,0.4204076964226796,0.8192840699667016,1.072733738287546,29.63178023875171,0.4513007551431656,0.35017029941082,0.8711651051416993,0.1376720689171557,0.4067519993345339,0.294734241498999,-0.6500623413354346,0.976592977893368,45.53075859389065,0.5920774849660684,0.8678640837313807,1.5095477799515482,34.93569827566787,0.6100052054971457,0.6450521051883698,0.8696646122261882,0.3422001034183669,0.3637510131160039,-0.0597392381661321,-0.731363962823283,0.9848287819679236,0.8066026425904039,0.4050301789325418,0.0862955001591714,0.1753663430809686,0.1066277111312088,0.0045916805675779,0.029963672279266,0.1031868752011873,0.0051915367160268,0.0305569867444336,7.498500711120279,0.4331347834462725,0.2116365471989865,rl2,omDamnph0YxUBJSO,1,2308.0,folding clothes,"{""short sleeve shirts"",""long sleeve shirts"",shorts}",False,False,False,False,False,False,,True
2025-09-24-03-19-17-000000,1890.0,63.0,0.0,0.0,0.0,0.0,0.0,0.0,0.0,0.0,0.0,0.0,0.0,0.0,0.0,0.0,40.39453339685248,0.6415224996853226,0.4027455621492237,42.59492591045563,0.6764678545863784,0.380948182795409,0.6589951771358505,82.98945930730811,0.0,63.0,4.1588830833596715,40.39453339685248,0.6415224996853226,1.0484452099927772,1.6794915836405109,39.80628576190069,0.3047723472118377,0.2906235344707966,0.8530550934374332,0.0755585161396326,0.0450089395051161,-0.3322406055297328,-0.6593566994818431,0.9793541556379036,42.59492591045563,0.6764678545863784,1.0242649363533023,1.5822521040756827,40.53665518192307,0.2355896104127168,0.367698360234499,0.8197960816323757,0.0710155844035111,-0.1775117050481851,-0.1257682617201541,-0.6395476504938589,0.9820010587612492,0.897908690588687,0.3149652653002692,0.0595279162729839,0.2206270250055064,0.1065676822587929,0.0039895178133623,0.0306834920267846,0.1040216557543185,0.0046757453781182,0.0253989504038572,9.88684576871554,0.358589096550903,0.4449312684870001,rl2,omDamnph0YxUBJSO,1,1890.0,folding clothes,"{""short sleeve shirts"",""long sleeve shirts"",shorts}",False,False,False,False,False,False,,True
2025-09-24-03-30-47-000000,1690.0,56.333333333333336,0.0,0.0,0.0,0.0,0.0,0.0,0.0,0.0,0.0,0.0,0.0,0.0,0.0,0.0,41.650468491520414,0.7397951774692789,0.7342408260331478,43.75144056713942,0.7771126210859577,0.6209281850488765,0.7584538992776183,85.40190905865984,0.0,56.333333333333336,4.048882188145344,41.650468491520414,0.7397951774692789,1.6099057537094814,1.6898075985464749,64.8027957997629,0.3693156689405441,0.5087235681712627,1.148329883813858,0.2157477418819769,0.4732243136938154,0.3439361914771901,-0.7089405039887456,0.9869745411486086,43.75144056713942,0.7771126210859577,1.5750904424158052,1.5854514684245264,64.44456140696226,0.4014166370034218,0.4387373104691505,1.0331805907189846,0.1819601037317947,0.4349804745226569,-0.0061159133620826,-0.6874625019023757,0.9911190053285968,0.9498057778045552,0.3641816416626474,0.0769464038091203,0.1806442084796834,0.1054356278966123,0.0037946038767686,0.0177785757912429,0.1023229486975363,0.0070514307822262,0.0309200034681617,9.55044323117521,0.3968179649923112,0.457336220715495,rl2,omDamnph0YxUBJSO,2,1690.0,folding clothes,"{""short sleeve shirts"",""long sleeve shirts"",shorts}",False,False,False,False,False,False,,True
2025-09-24-03-34-16-000000,2288.0,76.26666666666667,0.0,0.0,0.0,0.0,0.0,0.0,0.0,0.0,0.0,0.0,0.0,0.0,0.0,0.0,43.42289738862662,0.5696051253427191,0.8584362663445049,48.43039682283185,0.6352916067708594,0.8072688143382413,0.6024483660567893,91.85329421145848,0.0,76.26666666666667,4.347262642237542,43.42289738862662,0.5696051253427191,1.292742839224241,1.2833534016154586,49.35656092802833,0.2859052531421184,0.4579737950116396,0.9319240860641004,0.1220234501055183,0.1284723101335193,-0.347479259018897,-0.7440180045624192,0.9943156974202012,48.43039682283185,0.6352916067708594,1.251946709453167,1.3205285295327314,49.47714611016477,0.4583939462900162,0.5147307245060802,0.8708479544147849,0.2054760942084313,-0.1803620906100589,-0.2789199363634232,-0.6987389248150232,0.9855706165282028,0.9134763269642076,0.3254057471221521,0.0564765056223429,0.0771910961415361,0.1016743235034045,0.0043290044260967,0.0192431420168725,0.1010477663714255,0.0055913418632943,0.0266126886803513,11.124158761525592,0.5109060784216892,0.3597747378248633,rl2,omDamnph0YxUBJSO,2,2288.0,folding clothes,"{""short sleeve shirts"",""long sleeve shirts"",shorts}",False,False,False,False,False,False,,True
2025-09-24-03-55-38-000000,1616.0,53.86666666666667,0.0,0.0,0.0,0.0,0.0,0.0,0.0,0.0,0.0,0.0,0.0,0.0,0.0,0.0,33.2908066878666,0.6184050777931877,0.4609958160702986,38.40916361376343,0.7134829154259461,0.5278545617906341,0.6659439966095669,71.69997030163003,0.0,53.86666666666667,4.00490599957486,33.2908066878666,0.6184050777931877,1.3096679352338945,1.4457384883747733,52.005766969014346,0.5796070229262114,0.69251624122262,0.9320443291217088,0.3741107352191327,0.4882581694095423,-0.2410067066155192,-0.7491466760298809,0.98328173374613,38.40916361376343,0.7134829154259461,1.2088992781171255,1.588834557253003,50.3150797392608,0.7165182456374168,0.5888670794665813,0.8672224674373865,0.3659106503800671,0.0016089840892974,-0.1882599297028304,-0.7100600044146217,0.98328173374613,0.8130719249570835,0.4952039986106529,0.1086718850337988,0.2274698584308578,0.1030012827125779,0.0049571049188433,0.0225091812496469,0.1038914495191872,0.0053746492316673,0.0236398464578087,7.794296888313861,0.583474701270379,0.3117658625733631,rl2,omDamnph0YxUBJSO,5,1616.0,folding clothes,"{""short sleeve shirts"",""long sleeve shirts"",shorts}",False,False,False,False,False,False,,True
2025-09-24-03-59-06-000000,1673.0,55.766666666666666,0.0,0.0,0.0,0.0,0.0,0.0,0.0,0.0,0.0,0.0,0.0,0.0,0.0,0.0,41.182790633056555,0.7389256692534072,0.5198680303927591,43.2194875524541,0.7754692742665208,0.5457385024893938,0.757197471759964,84.40227818551065,0.0,55.766666666666666,4.0389492990005325,41.182790633056555,0.7389256692534072,1.241360686508327,1.7674611420098514,49.883798594970024,0.384456742554903,0.4608526360243559,0.8983586505055428,0.1591693020574696,0.4293115606951236,-0.3011974727237253,-0.6894060056511863,0.9910287081339711,43.2194875524541,0.7754692742665208,1.269487452523046,1.7060343188670892,51.68317932996015,0.2905208691954613,0.385663079097867,0.8701496198773384,0.0974943243576102,0.1429981435061801,-0.2260132605901341,-0.6666801859693156,0.9892344497607656,0.9516013101592252,0.3048948790367894,0.065080175595,0.1774054050449677,0.1057070952679881,0.0033099251597573,0.0231126583504163,0.105089619093201,0.0035655940226598,0.0207233354022727,10.169850524109608,0.4184893775076346,0.4525280360917945,rl2,omDamnph0YxUBJSO,5,1673.0,folding clothes,"{""short sleeve shirts"",""long sleeve shirts"",shorts}",False,False,False,False,False,False,,True
2025-09-24-04-02-36-000000,2392.0,79.73333333333333,0.0,0.0,0.0,0.0,0.0,0.0,0.0,0.0,0.0,0.0,0.0,0.0,0.0,0.0,33.79717916512476,0.4240549456100973,0.5766273597610595,48.78853327988365,0.6121522368868714,0.602829243137174,0.5181035912484845,82.58571244500841,0.0,79.73333333333333,4.391151542450882,33.79717916512476,0.4240549456100973,1.174449890977719,0.8885998492136489,45.74905637384433,0.4118769951164722,0.403250714763999,0.936375115881674,0.1555222552258343,0.4276291226522754,0.1473430423229546,-0.730065624663004,0.9857800083647008,48.78853327988365,0.6121522368868714,1.3121534714746987,1.3877150304949133,53.571333494378145,0.6180347166955471,0.5026961378753185,0.8714380282908678,0.2707415605854792,0.2324883554058373,-0.0949867237811903,-0.7545853421359905,0.9903805938937684,0.9308965425133028,0.3280577836099143,0.0736313137139892,0.0955260955427481,0.1033261513050338,0.0044704942949,0.0230357638696169,0.1016592261571328,0.0045022628488261,0.0273249578170174,9.942970985064203,0.6235436060942089,0.2575085885656832,rl2,omDamnph0YxUBJSO,5,2392.0,folding clothes,"{""short sleeve shirts"",""long sleeve shirts"",shorts}",False,False,False,False,False,False,,True
2025-09-24-04-07-27-000000,1624.0,54.13333333333333,0.0,0.0,0.0,0.0,0.0,0.0,0.0,0.0,0.0,0.0,0.0,0.0,0.0,0.0,36.54713909231984,0.6755478575290174,0.975444160880142,38.72426891408415,0.7157905529405573,0.3556688135191063,0.6956692052347873,75.27140800640399,0.0,54.13333333333333,4.0097544939214815,36.54713909231984,0.6755478575290174,1.431937974606443,1.555912016036736,56.59650409309603,0.3164153015241027,0.2770144082605839,1.4892899543046951,0.1305386436597743,-0.1751581566841823,-0.2426194017317164,-0.7104263810172512,0.9858287122612446,38.72426891408415,0.7157905529405573,1.1990573745661603,1.482573652153185,46.89100186315545,0.2928617484867573,0.3382818754762411,0.8274997677654028,0.0819802543114082,-0.22828451247216,0.0357675397531305,-0.6798703089881725,0.9833641404805916,0.8641193513124005,0.2922953083192657,0.0537274584803313,0.067223175694202,0.1064527158220881,0.0037151125727052,0.0313350627936779,0.1037852152124544,0.0048673641951601,0.0234641531298363,6.747811686730517,0.3089406404212115,0.3471757162224684,rl2,omDamnph0YxUBJSO,4,1624.0,folding clothes,"{""short sleeve shirts"",""long sleeve shirts"",shorts}",False,False,False,False,False,False,,True
2025-09-24-04-10-46-000000,2056.0,68.53333333333333,0.0,0.0,0.0,0.0,0.0,0.0,0.0,0.0,0.0,0.0,0.0,0.0,0.0,0.0,36.93775564945878,0.5392373087512231,0.510783585141633,46.1238563561958,0.6733409687035884,0.5222217423399477,0.6062891387274058,83.06161200565458,0.0,68.53333333333333,4.241806253898562,36.93775564945878,0.5392373087512231,1.0869443604816955,1.319337441618748,42.409726276353,0.2386139594018459,0.2219293797388672,0.8415486682206392,0.0445645867453913,0.3341088876733375,0.0800019834400222,-0.7286488406988882,0.9873479318734794,46.1238563561958,0.6733409687035884,1.1266575282952258,1.4461963187992692,46.38258272432118,0.3527458179742098,0.2826550332829356,0.8430275376886129,0.0840543817712225,0.1607729579813068,-0.212591811394453,-0.7012794783795506,0.9888077858880778,0.921504903782677,0.3454851663942109,0.0624072446807249,0.1586172577697316,0.1032288500194131,0.0050143659810091,0.0223054620280444,0.0997991576212175,0.0071750832238602,0.029741457441156,8.095575248426474,0.3527827750355863,0.3276174891424631,rl2,omDamnph0YxUBJSO,4,2056.0,folding clothes,"{""short sleeve shirts"",""long sleeve shirts"",shorts}",False,False,False,False,False,False,,True
2025-09-24-04-14-10-000000,2250.0,75.0,0.0,0.0,0.0,0.0,0.0,0.0,0.0,0.0,0.0,0.0,0.0,0.0,0.0,0.0,31.432867209300568,0.4192912477896919,0.3411201627579172,49.13322878940265,0.6554010065282702,0.3724617404172712,0.537346127158981,80.56609599870322,0.0,75.0,4.330733340286331,31.432867209300568,0.4192912477896919,0.9194566745596447,0.9591582767823256,33.64251946262499,0.3093572929501533,0.3867740258574486,0.8794448152184486,0.1052267731306842,0.2483078615615765,-0.2865436534500784,-0.7402623620869385,0.9799911071587372,49.13322878940265,0.6554010065282702,0.9904175861813712,1.5731134803693214,40.17090381092161,0.4496159628033638,0.5126876840367913,0.8539770971983671,0.1968524525573984,-0.0729778999876644,-0.2937455451082852,-0.7315744379969935,0.9888839484215208,0.856027620849442,0.3310010449731241,0.0718906618672596,0.1384763336847078,0.1036051378530529,0.0039708949708958,0.0264095219644382,0.1005417557117337,0.0058109278127092,0.0275798747331139,7.466713706236694,0.4524543789161523,0.225272732207287,rl2,omDamnph0YxUBJSO,4,2250.0,folding clothes,"{""short sleeve shirts"",""long sleeve shirts"",shorts}",False,False,False,False,False,False,,True
2025-09-24-04-35-30-000000,1973.0,65.76666666666667,0.0,0.0,0.0,0.0,0.0,0.0,0.0,0.0,0.0,0.0,0.0,0.0,0.0,0.0,37.65220929262395,0.5728023726058411,0.3516280365405463,48.59019424838164,0.7392017380585443,0.3897060454674279,0.6560020553321927,86.24240354100559,0.0,65.76666666666667,4.201203954003663,37.65220929262395,0.5728023726058411,0.8756723178686535,1.449653049990295,34.26098764792647,0.1703878417611122,0.2847372107207775,0.697889182716608,0.0338586232604546,0.5046290211942193,-0.1023647158485268,-0.5058159600552483,0.9898580121703854,48.59019424838164,0.7392017380585443,0.871395113444756,1.6712710221156983,37.25255723842839,0.3107016617432236,0.3448983547277748,0.7073784430976957,0.0758030219546442,0.2090271126995315,-0.2175369763327219,-0.5021442960637625,0.9939148073022313,0.9155881277677882,0.3213523842658451,0.0465716462364648,0.1467949796322589,0.1021068982693632,0.0040115366906862,0.0169144908227238,0.1007277874779799,0.0041758917466969,0.0201751361319765,8.05958100904243,0.2663267883794655,0.338135644351928,rl2,omDamnph0YxUBJSO,3,1973.0,folding clothes,"{""short sleeve shirts"",""long sleeve shirts"",shorts}",False,False,False,False,False,False,,True
2025-09-24-04-38-51-000000,2064.0,68.8,0.0,0.0,0.0,0.0,0.0,0.0,0.0,0.0,0.0,0.0,0.0,0.0,0.0,0.0,30.065426579286424,0.4372093055640295,0.2305675009424305,57.45090634252223,0.8354470141908227,0.2375430045346975,0.636328159877426,87.51633292180865,0.0,68.8,4.2456340097683265,30.065426579286424,0.4372093055640295,0.6621601851721987,1.1537965731819433,24.96147219697268,0.2321381643414497,0.418034290894866,0.7012447342276573,0.0680499901856618,0.4007249809404503,-0.1676689163233072,-0.5950589815981311,0.990790111488124,57.45090634252223,0.8354470141908227,1.142067751703943,2.093129526645238,50.2494464045815,0.5326181724667549,0.7615017774514854,0.7144450424239039,0.2897715397325255,0.0227958470647938,-0.271021875780531,-0.6277256874722256,0.9936984973339796,0.5887210648883666,0.4181772079209832,0.123391237118507,0.121156544669947,0.104318075713512,0.0039177741697522,0.0186189220306465,0.1013487702733917,0.0048327943782617,0.0238708700926517,7.137785266680934,0.3452172894829557,0.2497943996565106,rl2,omDamnph0YxUBJSO,3,2064.0,folding clothes,"{""short sleeve shirts"",""long sleeve shirts"",shorts}",False,False,False,False,False,False,,True
2025-09-24-04-43-51-000000,1756.0,58.53333333333333,0.0,0.0,0.0,0.0,0.0,0.0,0.0,0.0,0.0,0.0,0.0,0.0,0.0,0.0,37.61256186018015,0.6429497753876949,0.2700352011087702,45.76247087829396,0.7822644594580164,0.2089105866144246,0.7126071174228557,83.37503273847412,0.0,58.53333333333333,4.086536379774289,37.61256186018015,0.6429497753876949,1.2358897782892062,1.5111597890690174,48.29775493477291,0.4006484970450401,0.3457625117152929,0.8932858034968376,0.1237461951118873,-0.5015863890129573,-0.0854728501658024,-0.7758479970507324,0.9914529914529916,45.76247087829396,0.7822644594580164,1.2483651170521162,1.78007956933321,51.19174479903131,0.4161972450092435,0.5022602714598179,0.8682689052075148,0.1815023599804004,-0.1951041259576942,0.3257876596809205,-0.7299912519045472,0.9943019943019944,0.9216518379230734,0.5194090268192207,0.1137296957978045,0.1952994841995299,0.1034375571026186,0.0046540844156909,0.0276413546165041,0.1020587820618827,0.0046724283134026,0.0244763673161456,9.442036359118203,0.4597507217222222,0.344475613457267,rl2,omDamnph0YxUBJSO,7,1756.0,folding clothes,"{""short sleeve shirts"",""long sleeve shirts"",shorts}",False,False,False,False,False,False,,True
2025-09-24-04-47-05-000000,1381.0,46.03333333333333,0.0,0.0,0.0,0.0,0.0,0.0,0.0,0.0,0.0,0.0,0.0,0.0,0.0,0.0,34.44130885041315,0.7487241054437641,0.2560749095684397,38.227961911739214,0.8310426502552004,0.370666836266368,0.7898833778494823,72.66927076215237,0.0,46.03333333333333,3.8508565701906585,34.44130885041315,0.7487241054437641,1.5074874096074262,1.8012661420111524,59.44215245929992,0.3844370990991592,0.2749605104327202,0.8666131608188152,0.0916053623611312,0.1568161415598429,0.4207338389983046,-0.6742915274908498,0.9920289855072464,38.227961911739214,0.8310426502552004,1.5919368134705698,1.7947925790042762,64.25601003846931,0.4517934955656528,0.3384372107684612,0.8561858525499701,0.1309140108412924,0.3896236778179603,0.0574375477505224,-0.678634412859814,0.9942028985507246,0.9532967055099124,0.4379127101358296,0.0899450793709654,0.2116899403190573,0.1068667632673627,0.0048914358050449,0.0267337113913431,0.1030118275266046,0.0062464349258451,0.0284877400113682,8.536476882633007,0.4037074102271091,0.4663441213443392,rl2,omDamnph0YxUBJSO,7,1381.0,folding clothes,"{""short sleeve shirts"",""long sleeve shirts"",shorts}",False,False,False,False,False,False,,True
2025-09-24-04-50-31-000000,2230.0,74.33333333333333,0.0,0.0,0.0,0.0,0.0,0.0,0.0,0.0,0.0,0.0,0.0,0.0,0.0,0.0,37.76884339806391,0.5083289824773071,0.4888198922153866,53.10012605144079,0.7146719522401184,0.4940265472093232,0.6115004673587127,90.8689694495047,0.0,74.33333333333333,4.321922710604176,37.76884339806391,0.5083289824773071,1.1762788196356488,1.1069037206826595,45.480610794346426,0.2673760540783405,0.3550037064123899,0.8803722001612186,0.0835644804288394,0.3796180773593251,-0.1512560986692133,-0.7387419301715801,0.9914759982054732,53.10012605144079,0.7146719522401184,1.230831562317074,1.645341220896253,50.57334080694667,0.4009069502353668,0.4718001196160912,0.8732039835304022,0.1651647408633333,0.078573084024988,-0.3065094402477546,-0.7722344696521759,0.9923732615522656,0.9041200773435744,0.3556418985219323,0.0698706469054687,0.181789135110391,0.1044518555410829,0.0034712490013643,0.0204231271494064,0.1014886924077206,0.0042394688229044,0.0271952669544073,9.070769237554524,0.4220448819906681,0.2788884740612843,rl2,omDamnph0YxUBJSO,7,2230.0,folding clothes,"{""short sleeve shirts"",""long sleeve shirts"",shorts}",False,False,False,False,False,False,,True
2025-09-24-05-09-51-000000,1599.0,53.3,0.0,0.0,0.0,0.0,0.0,0.0,0.0,0.0,0.0,0.0,0.0,0.0,0.0,0.0,39.36038206153076,0.7389308271876861,0.1495091581403577,45.216465201505734,0.8488698097904707,0.1932892414065582,0.7939003184890783,84.57684726303648,0.0,53.3,3.9945242269398897,39.36038206153076,0.7389308271876861,1.615762674757144,1.6512479606648556,61.65289157174384,0.1794587261974811,0.3546148976311087,0.7365313954651356,0.0468719283718575,0.2736339218485832,-0.1892959398745773,-0.6091578873322858,0.98811013767209,45.216465201505734,0.8488698097904707,1.7446127101653128,1.6799151801999457,68.9499945460321,0.54207600094378,0.408068798482418,0.7385740112513304,0.1633757489231817,-0.0185543188500247,-0.1709961843255833,-0.6010108962200764,0.9899874843554444,0.969254167932894,0.301871208928574,0.0585582957068542,0.1920835834319751,0.1054047210764045,0.0042984721779027,0.0299658359421057,0.1037762642234321,0.003205601012237,0.0185825602973958,9.761571549923154,0.3980473918759918,0.5577346953283142,rl2,omDamnph0YxUBJSO,6,1599.0,folding clothes,"{""short sleeve shirts"",""long sleeve shirts"",shorts}",False,False,False,False,False,False,,True
2025-09-24-05-17-51-000000,2097.0,69.9,0.0,0.0,0.0,0.0,0.0,0.0,0.0,0.0,0.0,0.0,0.0,0.0,0.0,0.0,44.63452149192879,0.6388528839493622,0.755941325350367,53.1616222632,0.7609010820114505,0.5713896603652124,0.6998769829804062,97.79614375512878,0.0,69.9,4.2612704335380815,44.63452149192879,0.6388528839493622,1.3770383398625476,1.4849309651502347,52.56883055532751,0.2810633815824985,0.3048727763816714,0.7632299289107323,0.0654000838473407,0.3489477549531685,0.0901130044135111,-0.6407669275363087,0.9904580152671756,53.1616222632,0.7609010820114505,1.4494358349516538,1.5502774714645262,58.45345197986085,0.4607463181018829,0.3809273894876241,0.727066183462739,0.1276080345266073,0.1309864177893976,-0.1320405929992589,-0.6103382626420503,0.991412213740458,0.9377660660793218,0.3176059378619836,0.0583804256454871,0.0143293569601499,0.102159957971551,0.0032118081335927,0.0162463835721339,0.1007505057126474,0.0043556797435368,0.0254102916669837,11.12897634669448,0.3912242195043346,0.4249471181489999,rl2,omDamnph0YxUBJSO,6,2097.0,folding clothes,"{""short sleeve shirts"",""long sleeve shirts"",shorts}",False,False,False,False,False,False,,True
2025-09-24-05-21-13-000000,1949.0,64.96666666666667,0.0,0.0,0.0,0.0,0.0,0.0,0.0,0.0,0.0,0.0,0.0,0.0,0.0,0.0,30.161112452522353,0.4644935182626645,0.1250352121220197,50.16312685225944,0.772532754398246,0.2175164330743337,0.6185131363304552,80.3242393047818,0.0,64.96666666666667,4.18914956394041,30.161112452522353,0.4644935182626645,1.0596662818725786,1.1012949098741025,40.85073469679502,0.2649921290576458,0.4434363692998886,0.756782803684473,0.0889273886154867,0.2620846897119005,-0.3749536233488231,-0.6232615755971286,0.9933264887063656,50.16312685225944,0.772532754398246,1.2415493191217508,1.9182688027497468,52.91799132253408,0.469031497836113,0.7771406508982182,0.7472207583487034,0.2723645394878201,-0.0811515214385655,-0.229285047839071,-0.6300436121565965,0.98870636550308,0.8510256777178437,0.3910704334942664,0.1116360956188448,0.1184424820954013,0.1041325224989786,0.0033382417267204,0.0225700048019172,0.1012150812328239,0.0048314115711466,0.0259948393225252,8.289412891058362,0.4811620517432382,0.2898852735475473,rl2,omDamnph0YxUBJSO,6,1949.0,folding clothes,"{""short sleeve shirts"",""long sleeve shirts"",shorts}",False,False,False,False,False,False,,True
2025-09-24-05-25-40-000000,2331.0,77.7,0.0,0.0,0.0,0.0,0.0,0.0,0.0,0.0,0.0,0.0,0.0,0.0,0.0,0.0,35.86751610941738,0.4618135121384212,0.0584980259874651,51.153976033641555,0.6586348845533248,0.2292797525342703,0.560224198345873,87.02149214305894,0.0,77.7,4.365643155423357,35.86751610941738,0.4618135121384212,1.2505086458106145,0.9271645626974908,47.4351899754985,0.2354274429380893,0.5179935917258263,0.862556628882885,0.1051887004660454,0.2948528725569185,-0.3007908479667359,-0.745770991824612,0.9888412017167382,51.153976033641555,0.6586348845533248,1.3110173885487733,1.5157169539538615,52.53450597552187,0.3974052257835865,0.575787290930748,0.8503629472106695,0.1945807965018476,-0.0134789401132746,-0.1952918066341227,-0.7272547474286808,0.9875536480686696,0.927133705478885,0.3365408298493894,0.0721694918332091,0.1545654554948084,0.1037342128553947,0.003313316626947,0.0193661150967421,0.100972125012577,0.0044907777855059,0.0261761704293747,9.936880334662716,0.4979053309178859,0.2664684475318411,rl2,omDamnph0YxUBJSO,8,2331.0,folding clothes,"{""short sleeve shirts"",""long sleeve shirts"",shorts}",False,False,False,False,False,False,,True
2025-09-24-05-29-17-000000,1943.0,64.76666666666667,0.0,0.0,0.0,0.0,0.0,0.0,0.0,0.0,0.0,0.0,0.0,0.0,0.0,0.0,40.77350114457468,0.6298687097514112,0.3782335423054533,47.96218330566789,0.7409194125489377,0.3999921089744929,0.6853940611501743,88.73568445024257,0.0,64.76666666666667,4.18611312436046,40.77350114457468,0.6298687097514112,1.2171029044645882,1.4209242434843254,48.7946257049595,0.3049944750964641,0.4676498025655746,0.8567540757358074,0.1221993530686745,0.321736544729184,-0.3243552212494584,-0.7006491786477741,0.9927909371781668,47.96218330566789,0.7409194125489377,1.1781198290617765,1.671819381911147,49.05731549826996,0.3944140449166298,0.4792105555534363,0.814105324447155,0.1538719091933477,-0.1079557571805557,-0.1433439583372796,-0.6601977627355331,0.9927909371781668,0.9333727320118628,0.4716345137881952,0.1034545067828463,0.1918757420752504,0.1016805865003536,0.0053122981535426,0.0327727744758445,0.1019797595580121,0.0047162560687314,0.0262211101306537,10.208343991240858,0.4971180175410027,0.3419282332312012,rl2,omDamnph0YxUBJSO,8,1943.0,folding clothes,"{""short sleeve shirts"",""long sleeve shirts"",shorts}",False,False,False,False,False,False,,True
2025-09-24-05-32-41-000000,1574.0,52.46666666666667,0.0,0.0,0.0,0.0,0.0,0.0,0.0,0.0,0.0,0.0,0.0,0.0,0.0,0.0,40.64307643841967,0.7751381393214176,0.467714198702481,43.81880162570522,0.835705053255662,0.5415092868183331,0.8054215962885399,84.46187806412489,0.0,52.46666666666667,3.9790584067643047,40.64307643841967,0.7751381393214176,1.7037785905345115,1.615929194224916,68.45403167720565,0.342007678002119,0.3060668706893921,0.8497987017035484,0.0889545654481612,0.2462403075781377,-0.2750038090617582,-0.669712360760758,0.9904640813731724,43.81880162570522,0.835705053255662,1.8273296287840772,1.5493118547185984,74.21966282473224,0.3369319196790457,0.4245256232097745,0.8601209493353963,0.1230284606730116,-0.0432322821094686,-0.1981959600753983,-0.6469716806860529,0.9949141767323586,0.9739278999295184,0.3078561404119973,0.0658792687704757,0.1973302113206742,0.104817361766856,0.0036146082866776,0.023365464430532,0.1034109640005442,0.0040752882961595,0.0237349811099667,10.912611854590605,0.4537234659585601,0.5390278129471214,rl2,omDamnph0YxUBJSO,8,1574.0,folding clothes,"{""short sleeve shirts"",""long sleeve shirts"",shorts}",False,False,False,False,False,False,,True
2025-09-24-13-46-02-000000,2480.0,82.66666666666667,0.0,0.0,0.0,0.0,0.0,0.0,0.0,0.0,0.0,0.0,0.0,0.0,0.0,0.0,51.5376448207345,0.6236907400653631,0.6830498226057258,41.00276704971695,0.4962012954786239,0.1305880314520453,0.5599460177719935,92.54041187045144,0.0,82.66666666666667,4.426840650463674,51.5376448207345,0.6236907400653631,0.9894436528207274,1.7021186704157942,41.80468085869415,0.6953541673719883,0.5597128998488188,0.9065189063549042,0.3528159775596362,0.029914128685355,-0.2297179829704785,-0.7211425102976782,0.9967728922952804,41.00276704971695,0.4962012954786239,0.602901499550584,1.191242689993621,26.746123143043334,0.5961741860955954,0.6903248354792595,0.5423612371087074,0.223210853559659,-0.247817992854623,0.0435039664032428,-0.7553494745474909,0.9959661153691004,0.602988577735952,0.4338337052145943,0.0977118631954184,0.05004684087963,0.0977981366183551,0.00564813576137,0.0302235271177054,0.1019954284874569,0.0039388887874601,0.0258574628333042,12.838318338974933,0.5420099844603075,0.1576365931749618,rl2,EwCW-BuE_nA9dzbr,1,2480.0,folding clothes,"{""short sleeve shirts"",""long sleeve shirts"",shorts}",False,False,False,False,False,False,,True
2025-09-24-13-50-23-000000,2665.0,88.83333333333333,0.0,0.0,0.0,0.0,0.0,0.0,0.0,0.0,0.0,0.0,0.0,0.0,0.0,0.0,35.61267279496697,0.4010436125559343,0.7680857231938464,35.118080330913955,0.3954738776003824,0.7326128276125184,0.3982587450781583,70.73075312588092,0.0,88.83333333333333,4.497956101680942,35.61267279496697,0.4010436125559343,0.7552075345674176,0.8262975315218597,29.979880265335805,0.5177660286426544,0.4024044796824455,1.0264750830829144,0.2138674891672583,0.064966425333193,-0.2873637946815305,-0.7466720393187005,0.9894894894894894,35.118080330913955,0.3954738776003824,0.652719874319351,0.885068014053841,27.15654316993203,0.5886695086956024,0.5979989469051361,0.759105371311307,0.267223116626583,-0.2636774475310578,0.0774839510087327,-0.7500797722048317,0.9906156156156156,0.4788406826463934,0.5233968726014413,0.1078962365394636,0.1448274008122961,0.0973654414583976,0.0054219667893842,0.0297474338679971,0.1010082913995739,0.0054479086712871,0.0292986833038669,12.861907547549936,0.5982226587670041,0.1588985146600095,rl2,EwCW-BuE_nA9dzbr,1,2665.0,folding clothes,"{""short sleeve shirts"",""long sleeve shirts"",shorts}",False,False,False,False,False,False,,True
2025-09-24-14-06-40-000000,2903.0,96.76666666666668,0.0,0.0,0.0,0.0,0.0,0.0,0.0,0.0,0.0,0.0,0.0,0.0,0.0,0.0,36.820205057303475,0.3806361653063764,0.8213860426123022,44.572703907269656,0.460779158241933,0.3004576265570383,0.4207076617741547,81.39290896457314,0.0,96.76666666666668,4.582583687315296,36.820205057303475,0.3806361653063764,0.6534444352884536,0.7966426115516319,25.06864078114591,0.6940316632390022,0.4837834574282169,0.850416986271739,0.285536889708724,0.0492931612328726,-0.339873385291304,-0.8019666400710149,0.996209510682288,44.572703907269656,0.460779158241933,0.566241156971625,1.105939063814478,24.062161115225106,0.5714477868750691,0.7237648777663708,0.337720513343811,0.139679123156018,-0.2332637048341831,-0.0662748603301091,-0.8003998947192832,0.9982770503101308,0.4745073371597867,0.4376843639522607,0.1301076568498964,0.1244697615665971,0.0972634105281677,0.0045985397266748,0.0278412566299042,0.1000757392406804,0.0038340873060241,0.024972512141379,14.574039608208334,0.5968252834999863,0.1440105261351843,rl2,EwCW-BuE_nA9dzbr,2,2903.0,folding clothes,"{""short sleeve shirts"",""long sleeve shirts"",shorts}",False,False,False,False,False,False,,True
2025-09-24-14-11-01-000000,2690.0,89.66666666666667,0.0,0.0,0.0,0.0,0.0,0.0,0.0,0.0,0.0,0.0,0.0,0.0,0.0,0.0,56.60292463030251,0.6314941386794628,0.9357672506068924,44.44391155975032,0.4958413338759797,0.0595571168242151,0.5636677362777212,101.04683619005284,0.0,89.66666666666667,4.507189777627888,56.60292463030251,0.6314941386794628,1.03906041083084,1.7662243055366895,42.90520830986767,0.6708625853061676,0.4955145213752985,1.028116942383349,0.3417688473856795,0.0227353257296752,-0.2767862191105255,-0.734570570103651,0.9973968017850502,44.44391155975032,0.4958413338759797,0.6361964086162704,1.245195667257827,28.185972693845823,0.6624629031866789,0.696316558867693,0.5549112856388092,0.2559716359585184,-0.2429976699960359,-0.0304183294573585,-0.7527831450298594,0.9977686872443288,0.5788342506832765,0.4074639063542428,0.0920076908892567,0.1030514202975665,0.1006306460309283,0.0036558580243436,0.0231155333020594,0.1014093347656386,0.0044901413378905,0.0281023115774427,15.5655621450679,0.5895647372698002,0.1635943958880287,rl2,EwCW-BuE_nA9dzbr,2,2690.0,folding clothes,"{""short sleeve shirts"",""long sleeve shirts"",shorts}",False,False,False,False,False,False,,True
2025-09-24-14-37-48-000000,2867.0,95.56666666666666,0.0,0.0,0.0,0.0,0.0,0.0,0.0,0.0,0.0,0.0,0.0,0.0,0.0,0.0,39.013189694285856,0.4083725369255323,0.6008195480158293,39.93957800710943,0.4180695534589265,0.5590998475470543,0.4132210451922293,78.95276770139529,0.0,95.56666666666666,4.570233616107195,39.013189694285856,0.4083725369255323,0.7549428935875954,0.8116840619763623,30.78822149581181,0.69917968288064,0.2906411290168762,0.675909973680973,0.1373519174728124,-0.215907112871666,-0.3006867768537262,-0.6503951062182277,0.994417306350314,39.93957800710943,0.4180695534589265,0.7617989311582177,0.9340127196005376,32.61454014646747,0.57546082790941,0.781959056854248,0.3411125615239143,0.1534961521314276,-0.2611609303418782,0.2215888964124823,-0.6167345035692562,0.9961618981158408,0.6090006976058734,0.5507254378902441,0.138027863648411,0.1055848257903445,0.0995194861253817,0.0033962769912183,0.0215236941864496,0.1014396073253802,0.0044038676056993,0.0307294644069818,12.831841317827802,0.5264540713707909,0.162561548891397,rl2,EwCW-BuE_nA9dzbr,3,2867.0,folding clothes,"{""short sleeve shirts"",""long sleeve shirts"",shorts}",False,False,False,False,False,False,,True
2025-09-24-14-42-14-000000,3548.0,118.26666666666668,0.0,0.0,0.0,0.0,0.0,0.0,0.0,0.0,0.0,0.0,0.0,0.0,0.0,0.0,45.696903290802815,0.3864976314418055,0.6378468475257055,63.47077981892983,0.536826443351535,0.390694761424755,0.4616620373966703,109.16768310973264,0.0,118.26666666666668,4.781361882406509,45.696903290802815,0.3864976314418055,0.6524009707131402,0.8512336814925808,26.35253555373123,0.5336068421602249,0.4425222463905811,0.7392967324703932,0.1745722802765995,-0.0354995408610954,-0.3205943857471898,-0.6536915196114238,0.9966168593177333,63.47077981892983,0.536826443351535,0.8243566357140827,1.359234768946102,36.033155895691976,0.5701801106333733,0.6649922654032707,0.251067154109478,0.0951959687402795,-0.292772129286194,-0.020688749522534,-0.632754993193448,0.9960530025373556,0.4549768150170724,0.4247995836385581,0.1367636168746604,0.1158683229549444,0.1001625455595402,0.003515514916692,0.0281436684771452,0.1012898250014635,0.00362114323769,0.0289041999343425,17.64759257743965,0.4597752489308793,0.1729413139566145,rl2,EwCW-BuE_nA9dzbr,3,3548.0,folding clothes,"{""short sleeve shirts"",""long sleeve shirts"",shorts}",False,False,False,False,False,False,,True
2025-09-24-14-57-32-000000,3056.0,101.86666666666666,0.0,0.0,0.0,0.0,0.0,0.0,0.0,0.0,0.0,0.0,0.0,0.0,0.0,0.0,58.34178912377285,0.5729144594805844,0.2104749946091404,40.682800022735165,0.3995037645440442,0.1589846551318666,0.4862091120123143,99.02458914650802,0.0,101.86666666666666,4.633433651260951,58.34178912377285,0.5729144594805844,0.9587384732189684,1.3919174151460143,38.07906325551726,0.4856251999735832,0.3355141539359465,0.8322098311036825,0.1355953832263874,0.0439558701674424,-0.1489858676409383,-0.7514661537874636,0.9960720130932896,40.682800022735165,0.3995037645440442,0.7009327478384632,0.8416722244838734,30.08224420191256,0.3796232305467129,0.4348907247185707,0.3006361126899719,0.0496334053397459,-0.151442808838115,0.0822274803982528,-0.7523110825275876,0.9967266775777414,0.4557133102141603,0.3298899229523353,0.092802634373564,0.0998040705556903,0.0965686330181096,0.0060761684549298,0.0296362457095055,0.1019313269671128,0.0043804966412964,0.0236712314894034,16.457334966182366,0.4635958805468947,0.1724112935268221,rl2,EwCW-BuE_nA9dzbr,5,3056.0,folding clothes,"{""short sleeve shirts"",""long sleeve shirts"",shorts}",False,False,False,False,False,False,,True
2025-09-24-15-01-42-000000,2877.0,95.9,0.0,0.0,0.0,0.0,0.0,0.0,0.0,0.0,0.0,0.0,0.0,0.0,0.0,0.0,47.20069030726438,0.4923576874888495,0.2123795252469233,44.295743517932166,0.4620557390604884,0.2443654024813807,0.477206713274669,91.49643382519656,0.0,95.9,4.5736795188967205,47.20069030726438,0.4923576874888495,0.8338640914438126,0.9768940615801088,35.002941667326326,0.6837128177285194,0.4100660420954227,0.8515032399445772,0.2387337572199771,0.0928867639194258,-0.2693927173435087,-0.7369893331574013,0.9972183588317108,44.295743517932166,0.4620557390604884,0.8048645323442296,0.9557768503871864,34.232969744473365,0.6438842266798019,0.6631828993558884,0.3596204072237015,0.1535625919343168,-0.1904446151448703,0.1671952710822982,-0.7157642020972437,0.9986091794158554,0.5444660339313196,0.550160990392631,0.1274486357286623,0.1226105526192143,0.0959021574456497,0.0055283439871705,0.0318183052394761,0.1012612039238624,0.0047086908337486,0.0254404231287949,19.831981615681855,0.6892561051229866,0.1999456913481214,rl2,EwCW-BuE_nA9dzbr,5,2877.0,folding clothes,"{""short sleeve shirts"",""long sleeve shirts"",shorts}",False,False,False,False,False,False,,True
2025-09-24-15-16-29-000000,3625.0,120.83333333333331,0.0,0.0,0.0,0.0,0.0,0.0,0.0,0.0,0.0,0.0,0.0,0.0,0.0,0.0,40.14422967992105,0.3323197821185517,0.7634861710141386,49.27948257505189,0.4079427365484428,0.2881796673493309,0.3701312593334973,89.42371225497294,0.0,120.83333333333331,4.802653990521724,40.14422967992105,0.3323197821185517,0.6700879834188452,0.6676164633975736,26.686066781644456,0.4321977719664573,0.4259862303733825,0.8315410353243351,0.1530952691896292,0.0784763196082464,-0.3015848667837422,-0.6886812159557795,0.9917218543046358,49.27948257505189,0.4079427365484428,0.612224724910465,0.980233589265707,26.92276221999201,0.4285064022988081,0.5494814105331898,0.2502554655075073,0.0589242265531904,-0.199674413580062,-0.1731210095583268,-0.6911376571984127,0.9931015452538632,0.3996485883704125,0.3299204189852614,0.0859080346904491,0.1019114256804266,0.0969293862704221,0.0051260429597484,0.0289015209998804,0.1000517648215569,0.0036348044188066,0.023492946909457,10.796538806275906,0.3219062802500235,0.1396418569008367,rl2,EwCW-BuE_nA9dzbr,6,3625.0,folding clothes,"{""short sleeve shirts"",""long sleeve shirts"",shorts}",False,False,False,False,False,False,,True
2025-09-24-15-20-42-000000,3084.0,102.8,0.0,0.0,0.0,0.0,0.0,0.0,0.0,0.0,0.0,0.0,0.0,0.0,0.0,0.0,57.16346453630136,0.5562451949688747,0.6089592677611593,48.32614723362475,0.4702511894287197,0.4074065247000832,0.5132481921987972,105.48961176992611,0.0,102.8,4.642465970731788,57.16346453630136,0.5562451949688747,0.916868694332003,1.4871149093402996,37.95195903528397,0.5194055959582329,0.4535409547388553,0.7140739969909191,0.1682156324574245,-0.0399859472079475,-0.229358436365165,-0.6496311066027165,0.9948102497567304,48.32614723362475,0.4702511894287197,0.8257193443991034,1.0963058228252118,36.01341337756901,0.4374395329505205,0.5732741244137287,0.2261995375156402,0.0567246835179376,-0.240859746141782,0.04243135874478,-0.6675469776816019,0.998053843658774,0.445109389721514,0.365536596936197,0.0785952318062096,0.1143766591414438,0.0971954107170325,0.0059911209720497,0.0299296037994948,0.1018114725222663,0.0041732692982641,0.0259956477235004,12.819294682435244,0.3317276639011779,0.1799346558537539,rl2,EwCW-BuE_nA9dzbr,6,3084.0,folding clothes,"{""short sleeve shirts"",""long sleeve shirts"",shorts}",False,False,False,False,False,False,,True
2025-09-24-15-39-38-000000,3292.0,109.73333333333332,0.0,0.0,0.0,0.0,0.0,0.0,0.0,0.0,0.0,0.0,0.0,0.0,0.0,0.0,50.913025039316594,0.4641114406501057,0.6699568405625538,43.21909590749458,0.3939753501138977,0.1566923208173887,0.4290433953820017,94.13212094681116,0.0,109.73333333333332,4.7071249085110844,50.913025039316594,0.4641114406501057,0.954685217203562,0.8520694412934857,38.46918426101591,0.4889295846223831,0.2672430966049433,0.8204427994787693,0.1072015636305155,-0.0035237823013229,-0.274352965766693,-0.7634096509915067,0.9954421148587056,43.21909590749458,0.3939753501138977,0.6060994409216545,0.8527205010361444,26.28398500093125,0.4066762886941433,0.4538817889988422,0.2629445046186447,0.0485350753610659,-0.2158352123216396,-0.0013325561472725,-0.7639524856421595,0.9978729869340626,0.4870360173831387,0.3730261010133874,0.0866289000389813,0.0973079556832553,0.1011577777496366,0.0051016346312085,0.0299965555967061,0.1019272711424355,0.0042892406894255,0.0271226017336284,15.772707125901718,0.4728934245497552,0.154216258965683,rl2,EwCW-BuE_nA9dzbr,7,3292.0,folding clothes,"{""short sleeve shirts"",""long sleeve shirts"",shorts}",False,False,False,False,False,False,,True
2025-09-24-15-44-35-000000,3184.0,106.13333333333334,0.0,0.0,0.0,0.0,0.0,0.0,0.0,0.0,0.0,0.0,0.0,0.0,0.0,0.0,41.34393854023682,0.3896695432633065,0.633096690634135,59.41481470886048,0.559988828547224,0.4618013213659846,0.4748291859052653,100.7587532490973,0.0,106.13333333333334,4.674074164635303,41.34393854023682,0.3896695432633065,0.6814500375701494,0.7539853246673855,27.46725743866753,0.2557244319468736,0.4483603751286864,0.8002363592386246,0.0917524619606604,0.2290831297974163,-0.1972625465240338,-0.7142972921187423,0.9956016336789192,59.41481470886048,0.559988828547224,0.757699916835682,1.38762391292766,32.877844366204606,0.6005013063549995,0.6731451340019703,0.3094036132097244,0.1250685308523655,-0.1406304797610436,-0.1715174753424517,-0.7240332542268101,0.9968583097706566,0.4821033610399211,0.3953293486004828,0.1327800854138218,0.1145375707374399,0.0988370192568901,0.0045214047593493,0.0282365291888145,0.1009342881194986,0.0039569101428348,0.0244413003910457,18.24389454218766,0.5772006708781313,0.1811711213484688,rl2,EwCW-BuE_nA9dzbr,7,3184.0,folding clothes,"{""short sleeve shirts"",""long sleeve shirts"",shorts}",False,False,False,False,False,False,,True
2025-09-24-16-04-23-000000,2693.0,89.76666666666667,0.0,0.0,0.0,0.0,0.0,0.0,0.0,0.0,0.0,0.0,0.0,0.0,0.0,0.0,58.3358307791555,0.6501021260678548,0.3685116930123539,49.9289518027952,0.5564147674902883,0.5810054912011213,0.6032584467790715,108.2647825819507,0.0,89.76666666666667,4.508292111011604,58.3358307791555,0.6501021260678548,1.1625932462617594,1.80940877871567,48.32089666099614,0.3344362489879131,0.5334668289870024,0.783173244446516,0.1397264438810197,0.1688809511637349,-0.184436865294578,-0.7401452682652285,0.99925705794948,49.9289518027952,0.5564147674902883,0.8912594884307891,1.2758671422858272,39.21652136660909,0.5186458174139261,0.6226581856608391,0.3560799285769462,0.1149921187268671,-0.1985073854978692,-0.0763665990383887,-0.7485001520722319,0.99925705794948,0.5674345573337548,0.4146608635149121,0.0916774820303887,0.1140499761257301,0.1018949517429364,0.0050666655019958,0.0329868833676396,0.1033158247073301,0.0037421275818856,0.0234636210520516,16.30563840429472,0.5238202427703051,0.2072897352323204,rl2,EwCW-BuE_nA9dzbr,8,2693.0,folding clothes,"{""short sleeve shirts"",""long sleeve shirts"",shorts}",False,False,False,False,False,False,,True
2025-09-24-16-08-35-000000,2756.0,91.86666666666666,0.0,0.0,0.0,0.0,0.0,0.0,0.0,0.0,0.0,0.0,0.0,0.0,0.0,0.0,51.63737046386451,0.5622944152144955,0.5412284960520335,51.13624332008985,0.5568374953185826,0.5846109269312498,0.5595659552665391,102.77361378395436,0.0,91.86666666666666,4.531164772677595,51.63737046386451,0.5622944152144955,0.8958646636563068,1.250223172470991,36.33122100204581,0.4989971816539764,0.4066483788192272,0.817606994882226,0.1659058638914539,0.0931996153893979,-0.3293887565280101,-0.7456094291951935,0.9989110707803992,51.13624332008985,0.5568374953185826,0.7239160289985217,1.2661784907374645,30.7139600461417,0.6818667501211166,0.6664392501115799,0.5630636960268021,0.2558689619725117,-0.2026958963194225,0.1058546988753022,-0.7410991196676072,0.9989110707803992,0.60160528411974,0.5580934444139493,0.1421387615740199,0.1149110259155444,0.1008754025127644,0.0038962846648878,0.0265602635384197,0.1035857309212787,0.0033115199379366,0.0178896967858572,20.456746465344168,0.6433912381507125,0.2327389435204668,rl2,EwCW-BuE_nA9dzbr,8,2756.0,folding clothes,"{""short sleeve shirts"",""long sleeve shirts"",shorts}",False,False,False,False,False,False,,True
2025-09-24-16-24-49-000000,3307.0,110.23333333333332,0.0,0.0,0.0,0.0,0.0,0.0,0.0,0.0,0.0,0.0,0.0,0.0,0.0,0.0,49.231762511267235,0.4467492060913542,0.5483387111103089,68.70312808980587,0.6234403637913418,0.5844857071261356,0.535094784941348,117.9348906010731,0.0,110.23333333333332,4.711630097089219,49.231762511267235,0.4467492060913542,0.754562483071848,0.8882778696848068,29.574655794605356,0.5720974430441856,0.4172269273549318,0.7704067770391703,0.1838918283229,-0.0144568030847197,-0.3519017351140717,-0.7286326803181389,0.997580157289776,68.70312808980587,0.6234403637913418,0.8118205076859009,1.5211622913048348,35.53774596695792,0.59449209459126,0.7003612369298935,0.2953590452671051,0.122975461327223,-0.2610067540908129,-0.0356626078804199,-0.752300728744418,0.998185117967332,0.4294299680879974,0.4243483399305486,0.1460585014152947,0.0930033380447875,0.1003003703116238,0.0033785618244109,0.0268982568697854,0.1010763907272815,0.0040229192945738,0.0265231463435241,20.69075992752802,0.5755194616648249,0.1984521377437991,rl2,EwCW-BuE_nA9dzbr,4,3307.0,folding clothes,"{""short sleeve shirts"",""long sleeve shirts"",shorts}",False,False,False,False,False,False,,True
2025-09-24-16-28-59-000000,3025.0,100.83333333333331,0.0,0.0,0.0,0.0,0.0,0.0,0.0,0.0,0.0,0.0,0.0,0.0,0.0,0.0,68.77998341924719,0.6823411053496745,0.4838467605919411,44.82974305238733,0.4447395144086044,0.3685082868936751,0.5635403098791395,113.60972647163452,0.0,100.83333333333331,4.62333748994354,68.77998341924719,0.6823411053496745,1.204051249237403,1.8288257893790096,50.29879260381473,0.4850582191720605,0.4259665287099778,0.9063526019454002,0.1872692747619994,0.1662305613745712,-0.1789135890762891,-0.7149008337753124,0.9966931216931216,44.82974305238733,0.4447395144086044,0.8519873421124446,0.8799497244078598,37.066656787806274,0.5970889776945114,0.4374041464179754,0.248227372765541,0.06482934302882,-0.1158787716244739,-0.12592342020582,-0.7621784686451116,0.9976851851851852,0.4977571289203547,0.3270188240266499,0.0929637939085393,0.1175062411119025,0.1018418308829914,0.0051293276018547,0.0342259361651975,0.1014809793497197,0.0052220491125314,0.0275762367721832,17.00947922731345,0.5116227521801299,0.1937978285494969,rl2,EwCW-BuE_nA9dzbr,4,3025.0,folding clothes,"{""short sleeve shirts"",""long sleeve shirts"",shorts}",False,False,False,False,False,False,,True
2025-09-25-18-10-53-000000,1688.0,56.266666666666666,0.0,0.0,0.0,0.0,0.0,0.0,0.0,0.0,0.0,0.0,0.0,0.0,0.0,0.0,26.54854643390233,0.4721140444677354,0.7120076499559065,29.60580404973011,0.52648139981737,0.320779282847204,0.4992977221425528,56.15435048363244,0.0,56.266666666666666,4.047718720882045,26.54854643390233,0.4721140444677354,0.8207212799896964,0.903853393014306,34.55997240249722,0.603714537806809,0.4597546122968197,0.7663436811417341,0.21270676846718,0.1491328621773111,-0.3069948678399255,-0.6587156171179972,0.995257854179016,29.60580404973011,0.52648139981737,0.9200374554580106,1.3361669670254466,38.646307833267734,0.6181798409670591,0.6057222448289394,0.8001295495778322,0.2996047340109231,-0.2586034938629046,0.0365489999018071,-0.6320107127390846,0.995257854179016,0.8959012870100115,0.562636440946175,0.1062785341561102,0.2695663723017172,0.1014637678220578,0.0036085078092785,0.0199685093252593,0.1033100422399917,0.0043282105545272,0.0198550921925936,7.507335021111457,0.5259475455346225,0.1219838049681346,rl2,DGNH8qVgE-stb4Fq,1,1688.0,folding clothes,"{""short sleeve shirts"",""long sleeve shirts"",shorts}",False,False,False,False,False,False,,True
2025-09-25-18-17-20-000000,2535.0,84.5,0.0,0.0,0.0,0.0,0.0,0.0,0.0,0.0,0.0,0.0,0.0,0.0,0.0,0.0,33.920430650206534,0.4015836304286488,0.2210496329930136,49.44344527554176,0.5853604413047565,0.3781713882701575,0.4934720358667026,83.36387592574829,0.0,84.5,4.448516375942715,33.920430650206534,0.4015836304286488,0.7089058814087787,0.8767195915035982,28.722552395685906,0.6477074529975653,0.4887043014168739,0.8323332518339157,0.2634646187337766,0.2281838313292498,-0.312702008884187,-0.7095671467284655,0.9968429360694554,49.44344527554176,0.5853604413047565,0.8623203760145225,1.6043546266196111,37.23546000321203,0.5904868468642235,0.7110396288335323,0.7844613250344992,0.3293635776861917,-0.2667933536239733,-0.1306847769030667,-0.6822331611294836,0.9972375690607734,0.7209156144446625,0.5842123143885151,0.1122084957571104,0.3025392626034393,0.1021647947984507,0.0032949933388382,0.0229965043308075,0.1037228713925205,0.0055988491945623,0.02842658609303,10.645140586584125,0.5301009171604282,0.1081146279237972,rl2,DGNH8qVgE-stb4Fq,1,2535.0,folding clothes,"{""short sleeve shirts"",""long sleeve shirts"",shorts}",False,False,False,False,False,False,,True
2025-09-25-18-37-35-000000,1913.0,63.766666666666666,0.0,0.0,0.0,0.0,0.0,0.0,0.0,0.0,0.0,0.0,0.0,0.0,0.0,0.0,46.01923411150439,0.722059112628207,0.2105912455457321,41.90737881333701,0.6575425546025679,0.1306524333824207,0.6898008336153875,87.9266129248414,0.0,63.766666666666666,4.170791067715284,46.01923411150439,0.722059112628207,1.233161443262639,1.8205731928530189,52.05657463382665,0.5709665641188622,0.3854227866977453,0.7515970580279827,0.1653990974085224,0.1026393737978902,-0.2124903579237659,-0.6651057085169355,0.997907949790795,41.90737881333701,0.6575425546025679,1.5768186337680654,1.4466158994881704,66.13664734485451,0.8164482489228249,0.445817100815475,0.9110166355967522,0.3315978398090437,-0.1631180611650824,-0.123522439283739,-0.6587246279439111,0.997907949790795,0.7539510961223738,0.316221653195991,0.0718018412966606,0.0480411396197952,0.1006403527233003,0.0053513127103325,0.0304896398061893,0.1017351600316403,0.0044785835741018,0.0252814343255487,9.654524120400051,0.3890349274784071,0.1560993438225526,rl2,DGNH8qVgE-stb4Fq,2,1913.0,folding clothes,"{""short sleeve shirts"",""long sleeve shirts"",shorts}",False,False,False,False,False,False,,True
2025-09-25-18-42-13-000000,1645.0,54.833333333333336,0.0,0.0,0.0,0.0,0.0,0.0,0.0,0.0,0.0,0.0,0.0,0.0,0.0,0.0,32.199001696621394,0.5875730236609743,0.5978680720321432,33.849189352533806,0.6176859370900328,0.7037405328169979,0.6026294803755037,66.04819104915521,0.0,54.833333333333336,4.022371062597012,32.199001696621394,0.5875730236609743,1.1274430926668864,1.1616287433866743,48.828507258987614,0.6205863133072853,0.4771279613487422,0.7867866531014442,0.2329668061138508,0.0310994831137472,-0.2951023408245737,-0.6482276004339967,1.0,33.849189352533806,0.6176859370900328,1.0912854001406354,1.5806748203155605,47.23749947699231,0.4810387659817934,0.6378768160939217,0.696441100910306,0.2136984085544908,-0.2124604096641837,0.1293193329683657,-0.6392463862069382,0.9987834549878344,0.8274404329555493,0.5211403976493696,0.1303443336514252,0.0105140962978778,0.1019038970706347,0.0034954595545335,0.0201028180792412,0.1032837756553351,0.0043985938051967,0.0254434606303301,9.708709322304331,0.4771077373527975,0.1273336243685362,rl2,DGNH8qVgE-stb4Fq,2,1645.0,folding clothes,"{""short sleeve shirts"",""long sleeve shirts"",shorts}",False,False,False,False,False,False,,True
2025-09-25-19-01-00-000000,1839.0,61.3,0.0,0.0,0.0,0.0,0.0,0.0,0.0,0.0,0.0,0.0,0.0,0.0,0.0,0.0,29.257624981290437,0.4775455655270474,0.4337400018386541,45.09213308236183,0.7359978196250571,0.3086651430056524,0.6067716925760523,74.34975806365227,0.0,61.3,4.131961425793407,29.257624981290437,0.4775455655270474,1.202937285506665,1.0448230332504738,51.172903852833315,0.6457878910005093,0.4050711262971163,0.6494536008685827,0.1698905858675187,0.2511914009309377,-0.3034386076377487,-0.5675357092980168,0.9912948857453754,45.09213308236183,0.7359978196250571,1.0682157768695195,1.8616075768026237,47.98614636012251,0.5706319101154804,0.7725910022854805,0.6090794689953327,0.268521868442603,-0.198585584848084,-0.159637149784128,-0.5678274217251609,0.9951033732317736,0.7454406362216642,0.5083075159495157,0.1451832293408304,0.0118304256614189,0.1011090639792555,0.0044526914650653,0.0247872292701083,0.1040125526238444,0.0047516615696108,0.0245120541035677,7.760180559070918,0.4208220534844071,0.1949073326927843,rl2,DGNH8qVgE-stb4Fq,3,1839.0,folding clothes,"{""short sleeve shirts"",""long sleeve shirts"",shorts}",False,False,False,False,False,False,,True
2025-09-25-19-11-49-000000,2532.0,84.4,0.0,0.0,0.0,0.0,0.0,0.0,0.0,0.0,0.0,0.0,0.0,0.0,0.0,0.0,37.2880922403033,0.4419765970798494,0.2424031308085932,34.287146297759136,0.4064063172393418,0.3210292266044361,0.4241914571595955,71.57523853806244,0.0,84.4,4.447346100794524,37.2880922403033,0.4419765970798494,0.771290232265011,1.0192246883134553,32.611387833230694,0.4647287465631962,0.3001074381172657,0.69807746168226,0.0973598538470495,0.0192504939601107,-0.367025182442666,-0.5424818731531778,0.9838008692216516,34.287146297759136,0.4064063172393418,0.6859780846355997,0.9605294869118784,30.195046515677912,0.3687926810234785,0.4014916867017746,0.5483334939926863,0.0811902026801964,-0.2378336617739291,-0.131400860734363,-0.5887330068704947,0.9873567759778744,0.5572701225789802,0.3868078147711327,0.1098290458230051,0.1436158522667231,0.1013278609556471,0.0033025771969562,0.0209532446648561,0.1031628633853708,0.0044576493989463,0.0261498151033352,7.195941503793094,0.3287483603939976,0.1033407218955082,rl2,DGNH8qVgE-stb4Fq,3,2532.0,folding clothes,"{""short sleeve shirts"",""long sleeve shirts"",shorts}",False,False,False,False,False,False,,True
2025-09-25-19-27-43-000000,1550.0,51.666666666666664,0.0,0.0,0.0,0.0,0.0,0.0,0.0,0.0,0.0,0.0,0.0,0.0,0.0,0.0,20.696978942653143,0.4008452990830176,0.230973904501384,24.752036072395946,0.4793809439456929,0.3307898028804694,0.4401131215143552,45.449015015049085,0.0,51.666666666666664,3.963982744358857,20.696978942653143,0.4008452990830176,1.0901073303218274,0.8320506379041929,45.8549442318592,0.9891998767852784,0.3673674128949642,0.7347834873944521,0.2670201720469488,0.1292334928483732,-0.2869022710873715,-0.6191712312760853,0.9935442220787604,24.752036072395946,0.4793809439456929,0.6691498893123483,1.2719877204875512,31.380016233811364,0.4566685478202998,0.4135227873921394,0.2761822193861007,0.0521550376516199,-0.2095173574999095,0.0086439952447131,-0.6800276148415381,0.9941897998708844,0.6390622731474636,0.4806503927328453,0.2154843687341751,0.1981065947066031,0.0990734506785648,0.0046745573265838,0.027667834973301,0.1027710787399466,0.0046760139226294,0.0282487055241282,6.187560000656718,0.3749160730051933,0.1126406199928532,rl2,DGNH8qVgE-stb4Fq,4,1550.0,folding clothes,"{""short sleeve shirts"",""long sleeve shirts"",shorts}",False,False,False,False,False,False,,True
2025-09-25-20-03-37-000000,2311.0,77.03333333333333,0.0,0.0,0.0,0.0,0.0,0.0,0.0,0.0,0.0,0.0,0.0,0.0,0.0,0.0,65.30018192959766,0.8480543107739954,0.2317192922611331,35.674342863789974,0.4633031540751944,0.349312254836788,0.655678732424595,100.97452479338764,0.0,77.03333333333333,4.357136085828755,65.30018192959766,0.8480543107739954,1.4996311340632793,2.1522433651305475,65.96210371950373,0.5385058633983135,0.3695850744843483,0.7782347872853279,0.1548871898967007,0.0528519293099919,-0.2151494718673395,-0.6131401881180649,0.9987012987012988,35.674342863789974,0.4633031540751944,0.6296061543563147,1.1174648558994713,28.330464789340738,0.3250099457800388,0.4896808937191963,0.3559014946222305,0.0566421359701132,-0.1405202473913956,-0.0092332183773252,-0.6910051111662249,0.9987012987012988,0.5181493039091967,0.339960433061734,0.1053385388340753,0.150805578346847,0.1037042012831499,0.0036007517676933,0.0194502900120578,0.1031967841368689,0.0054447474014631,0.0305605217386996,11.578297565234774,0.452168398456343,0.171623384486195,rl2,DGNH8qVgE-stb4Fq,5,2311.0,folding clothes,"{""short sleeve shirts"",""long sleeve shirts"",shorts}",False,False,False,False,False,False,,True
2025-09-25-20-08-06-000000,2214.0,73.8,0.0,0.0,0.0,0.0,0.0,0.0,0.0,0.0,0.0,0.0,0.0,0.0,0.0,0.0,45.94036983987039,0.6227795278789479,0.2775732716059965,34.79785002625437,0.4717286492488166,0.3695830835032808,0.5472540885638822,80.73821986612477,0.0,73.8,4.314817884980432,45.94036983987039,0.6227795278789479,1.4676377898455863,1.2380542743815652,62.53075423034389,0.5606758296489716,0.3391663581132889,0.7812975309789181,0.1485733973729351,0.0613759425258417,-0.341050885309816,-0.6019866383418293,0.9963849977406236,34.79785002625437,0.4717286492488166,0.6981292244925654,1.0955520677987962,29.976730580674523,0.4552062824368477,0.4723706971853971,0.4766029268503189,0.1024820728976189,-0.1876022204219985,-0.0759970194303966,-0.658595026723953,0.9963849977406236,0.5992736965953664,0.4068568739767579,0.0892322615096444,0.204426696690443,0.1010039730751545,0.0033580474682086,0.0256099643326727,0.1043397227371409,0.0034729344258927,0.0225024559342223,10.95769377437484,0.502517200999157,0.1584523087334902,rl2,DGNH8qVgE-stb4Fq,5,2214.0,folding clothes,"{""short sleeve shirts"",""long sleeve shirts"",shorts}",False,False,False,False,False,False,,True
2025-09-25-21-01-27-000000,2727.0,90.9,0.0,0.0,0.0,0.0,0.0,0.0,0.0,0.0,0.0,0.0,0.0,0.0,0.0,0.0,40.00268530233633,0.4402349813169809,0.5793047354476002,61.88150014906131,0.6810143083168889,0.1302588132393497,0.5606246448169349,101.88418545139764,0.0,90.9,4.520701029361642,40.00268530233633,0.4402349813169809,1.0345524799635095,1.1032948779078833,44.095694637719454,0.623103529214859,0.564966345205903,0.8867688458412886,0.3121714746384378,0.0975530649493351,-0.3197735043547892,-0.5734726313800768,0.9926632428466616,61.88150014906131,0.6810143083168889,0.8725241312103585,1.7440347806270506,40.32366425666849,0.4982160665094852,0.6321304067969322,0.4761216901242733,0.149948586589145,-0.2203136316306279,-0.0246820670645263,-0.6294523438566502,0.9926632428466616,0.5236563833761847,0.472810578917804,0.1195316645135088,0.0178894450183521,0.1011622747606217,0.0034133189666924,0.0211684535097555,0.1034046459219433,0.0054457590680976,0.0327878876295459,8.526126473780174,0.3682018737063731,0.1313402626155462,rl2,DGNH8qVgE-stb4Fq,6,2727.0,folding clothes,"{""short sleeve shirts"",""long sleeve shirts"",shorts}",False,False,False,False,False,False,,True
2025-09-25-21-05-37-000000,2475.0,82.5,0.0,0.0,0.0,0.0,0.0,0.0,0.0,0.0,0.0,0.0,0.0,0.0,0.0,0.0,65.06989594649083,0.7890448174594683,0.4963725599156801,47.433572465133366,0.5751847914122883,0.0558658925778453,0.6821148044358784,112.5034684116242,0.0,82.5,4.42484663185681,65.06989594649083,0.7890448174594683,1.4233024550467308,2.0796604663823506,62.03569343049109,0.6807523928582668,0.4210206316784024,0.7429365031421185,0.2129336273407332,-0.0178793002138234,-0.2475788214509234,-0.5461044360358607,0.994341147938561,47.433572465133366,0.5751847914122883,1.1133331235428794,1.4997225052623644,48.46056954212525,0.377295745536685,1.0000093579292295,0.6219338960945606,0.2346552088678216,-0.2469401518436092,0.058176666348758,-0.5648533672568473,0.9955537590945835,0.3941130479579811,0.4464014230213427,0.1616669038769486,0.1694232980840728,0.1030924255308367,0.0034713923847684,0.0217972472582802,0.102175434187709,0.0075398752124846,0.0334315440521685,10.29239295946211,0.325786962215431,0.1532225982713126,rl2,DGNH8qVgE-stb4Fq,6,2475.0,folding clothes,"{""short sleeve shirts"",""long sleeve shirts"",shorts}",False,False,False,False,False,False,,True
2025-09-25-21-53-41-000000,1879.0,62.63333333333333,0.0,0.0,0.0,0.0,0.0,0.0,0.0,0.0,0.0,0.0,0.0,0.0,0.0,0.0,36.1018253982147,0.5767064760098195,0.4434667839337448,33.434404587178065,0.5340959199229723,0.2389143020286178,0.5554011979663959,69.53622998539277,0.0,62.63333333333333,4.153137442063592,36.1018253982147,0.5767064760098195,1.1518016402466162,1.2969450583477276,48.55340333152699,0.7221356183290482,0.4425447285175323,0.7066920399665833,0.2258427419551261,-0.0218804986456517,-0.3610819727083258,-0.4539039203091194,0.9946751863684772,33.434404587178065,0.5340959199229723,0.8326987805617202,1.2182583399141609,36.350062756547935,0.524968359619379,0.6394533663988113,0.3863954879343509,0.1297101773832704,-0.3988642001117145,0.0512072470067567,-0.4039389302179875,0.9968051118210862,0.5625079384383126,0.6004247820540618,0.1038566957567347,0.2317140056617831,0.1018773613164703,0.0040128578301425,0.0285491909573095,0.1038095883120676,0.0043399765281224,0.0263299035724534,5.922500699569223,0.2714274615483948,0.1203184107325043,rl2,DGNH8qVgE-stb4Fq,7,1879.0,folding clothes,"{""short sleeve shirts"",""long sleeve shirts"",shorts}",False,False,False,False,False,False,,True
2025-09-25-21-57-46-000000,2041.0,68.03333333333333,0.0,0.0,0.0,0.0,0.0,0.0,0.0,0.0,0.0,0.0,0.0,0.0,0.0,0.0,50.32396932607199,0.7400583724422353,0.4213260222418773,43.43722950264691,0.6387827868036311,0.241411337411861,0.6894205796229332,93.7611988287189,0.0,68.03333333333333,4.234589479733429,50.32396932607199,0.7400583724422353,0.9288841154608592,1.9772612304999784,41.49892902950299,0.5599686354398727,0.5250814594328403,0.5237713092938066,0.1540040319931196,0.0665475806419403,-0.2981163568403216,-0.3552381321295023,0.9990196078431371,43.43722950264691,0.6387827868036311,0.8690359051240378,1.635738338984748,39.4091808742404,0.4712594952434301,0.5361431278288364,0.2927919551730156,0.0739775590266855,-0.2838803068358252,-0.223828194792206,-0.3721965501091312,0.9990196078431371,0.5285526556099086,0.4138479260810715,0.068444010973895,0.2384281480987893,0.102997446189443,0.0032148930831044,0.0224197471057239,0.1037103646049866,0.00532898010665,0.0282547633453136,9.257288653417383,0.3362040184119917,0.1516005420658908,rl2,DGNH8qVgE-stb4Fq,7,2041.0,folding clothes,"{""short sleeve shirts"",""long sleeve shirts"",shorts}",False,False,False,False,False,False,,True
2025-09-25-22-39-54-000000,2536.0,84.53333333333333,0.0,0.0,0.0,0.0,0.0,0.0,0.0,0.0,0.0,0.0,0.0,0.0,0.0,0.0,36.306027534430925,0.4296571305849815,0.4251229248547444,42.57801696436334,0.5038818575664301,0.1291678666565937,0.4667694940757058,78.88404449879427,0.0,84.53333333333333,4.448906163513426,36.306027534430925,0.4296571305849815,0.8713332123653708,1.0453761037974691,36.3389968786946,0.5905068591237068,0.2926337262615561,0.6872480232268572,0.1187579858693252,0.0138610000953471,-0.2612204052098771,-0.6786717787445214,0.9897435897435898,42.57801696436334,0.5038818575664301,0.5950482052033531,1.3104164619478562,28.22950655452891,0.3746103085577488,0.4143003597855568,0.1765543073415756,0.0274014378248218,-0.2373765822300211,0.0324411703939401,-0.7248691944728608,0.9964497041420118,0.3871266808125103,0.4166227750703855,0.0876614444506168,0.1549813030020564,0.1022298420623077,0.0030027773674074,0.0192078224626579,0.1026322299415305,0.0051125409639156,0.0337813782242063,9.25346457558583,0.3739509334825971,0.0952729561511195,rl2,DGNH8qVgE-stb4Fq,8,2536.0,folding clothes,"{""short sleeve shirts"",""long sleeve shirts"",shorts}",False,False,False,False,False,False,,True
2025-09-25-22-44-19-000000,2736.0,91.2,0.0,0.0,0.0,0.0,0.0,0.0,0.0,0.0,0.0,0.0,0.0,0.0,0.0,0.0,81.43764919350362,0.8932831721408075,0.693162335548607,57.57803320066113,0.6315689199341258,0.620466092081788,0.7624260460374666,139.01568239416474,0.0,91.2,4.523960130562548,81.43764919350362,0.8932831721408075,1.2466781492415222,2.386223973571293,56.31076409514174,0.5889029204845428,0.5566234011203051,0.7088210955262184,0.2323495325136118,0.1371557800897822,-0.1345867057294867,-0.5086799987785148,0.9974405850091408,57.57803320066113,0.6315689199341258,0.8915022481226289,1.55838500565367,40.43870969146427,0.4163413997739553,0.5003387108445168,0.6121742371469736,0.1275230678109112,-0.1819516856738023,0.0174622849581655,-0.5871351745581439,0.9985374771480804,0.5118902897385063,0.4215379639701894,0.0941573190918402,0.1649297105974667,0.1039760953754764,0.0031746953178484,0.0180804742533368,0.1042967054886365,0.0050447487161723,0.0276111324728722,15.084119876574466,0.4329886172956275,0.1771520984244177,rl2,DGNH8qVgE-stb4Fq,8,2736.0,folding clothes,"{""short sleeve shirts"",""long sleeve shirts"",shorts}",False,False,False,False,False,False,,True
2025-09-26-17-40-42-000000,3897.0,129.9,0.0,0.0,0.0,0.0,0.0,0.0,0.0,0.0,0.0,0.0,0.0,0.0,0.0,0.0,64.27733025520563,0.4949486415955258,0.6370152980519835,54.84668463540089,0.4223307338454894,0.2306020070405667,0.4586396877205076,119.12401489060652,0.0,129.9,4.874433672915854,64.27733025520563,0.4949486415955258,0.8292668923910897,1.3316067673885998,33.52155426099227,0.7777979522943497,0.6252974728122354,0.9184341728687286,0.4466851384124286,0.0461343213151552,-0.231083128091245,-0.6742407843744928,0.9699691991786448,54.84668463540089,0.4223307338454894,0.6752302278893257,1.065843844367914,27.764555535604508,0.519456391222775,0.6159421466290951,0.642775934189558,0.2056594284602875,-0.2066260835529616,0.0188092591994975,-0.6816018177074501,0.9638090349075976,0.5144236582182533,0.3902210175154517,0.0886135298758853,0.143047787482561,0.1049045008510856,0.0086318110586296,0.0321292397116696,0.1015584467810874,0.0086458431679773,0.0342424389011095,15.168365347668397,0.5916301876775242,0.1448072186858932,rl2,B9BG1frBKz-C2vUD,1,3897.0,folding clothes,"{""short sleeve shirts"",""long sleeve shirts"",shorts}",False,False,False,False,False,False,,True
2025-09-26-17-45-46-000000,3759.0,125.3,0.0,0.0,0.0,0.0,0.0,0.0,0.0,0.0,0.0,0.0,0.0,0.0,0.0,0.0,54.050040256201285,0.4314798317418943,0.2253709010625134,49.664822425267914,0.3964727708243846,0.1777328560965595,0.4139763012831395,103.7148626814692,0.0,125.3,4.838660029356445,54.050040256201285,0.4314798317418943,0.7042296277596376,1.037767331192082,29.120415133137588,0.5092922188341618,0.3520216206088662,0.6537701599299908,0.11720913828525,-0.0538362611655515,-0.2117601951154855,-0.644148210318272,0.9755188930282064,49.664822425267914,0.3964727708243846,0.5845866332867397,1.0287053598845233,25.08275491854368,0.4291070625185966,0.5088453814387321,0.2942761182785034,0.0642549393807229,-0.0962978855905701,0.0608219790274439,-0.6355035925449035,0.9643427354976052,0.3810330064492164,0.3020466809843118,0.0662526943930771,0.0699988845611552,0.1047464259823681,0.0074011633010998,0.0326216814070399,0.1039925638118862,0.0072765691840902,0.0277206288151565,10.811426383911073,0.3480608954438516,0.1137072540501079,rl2,B9BG1frBKz-C2vUD,1,3759.0,folding clothes,"{""short sleeve shirts"",""long sleeve shirts"",shorts}",False,False,False,False,False,False,,True
2025-09-26-17-51-49-000000,3535.0,117.83333333333331,0.0,0.0,0.0,0.0,0.0,0.0,0.0,0.0,0.0,0.0,0.0,0.0,0.0,0.0,46.47250927843587,0.3945034743500498,0.4147933607046941,53.50350932760371,0.4541893830866189,0.1762241933879255,0.4243464287183343,99.9760186060396,0.0,117.83333333333331,4.7777219511862405,46.47250927843587,0.3945034743500498,0.6883100350980472,0.9573073091938112,27.300130355976655,0.554854728281498,0.5090287383645773,0.8543065935373306,0.2412877933347017,-0.1167915163856774,-0.1642135697882787,-0.6343611047388472,0.9770797962648556,53.50350932760371,0.4541893830866189,0.630460257612019,1.1871154785173068,26.936964587173662,0.5550628937780857,0.490227460861206,0.3317018896341324,0.0902584303085569,-0.0341578038963601,0.1331986942108772,-0.6647114102287374,0.9748160724391624,0.3017644247627202,0.3420602939796663,0.07320380758706,0.1168775397080027,0.1038374043231693,0.0074326633332289,0.0257191054010416,0.101073838486861,0.0079562257223927,0.0314313174767812,10.879864392396382,0.4502858585688138,0.1162584299707131,rl2,B9BG1frBKz-C2vUD,2,3535.0,folding clothes,"{""short sleeve shirts"",""long sleeve shirts"",shorts}",False,False,False,False,False,False,,True
2025-09-26-17-56-04-000000,3740.0,124.66666666666669,0.0,0.0,0.0,0.0,0.0,0.0,0.0,0.0,0.0,0.0,0.0,0.0,0.0,0.0,63.77073560291208,0.5116667740271094,0.2618363595329087,53.22054572520664,0.4270169488516179,0.4312379161187553,0.4693418614393636,116.99128132811872,0.0,124.66666666666669,4.833632898779901,63.77073560291208,0.5116667740271094,0.8044355361264258,1.3508901508515314,32.58444326584435,0.5809666886925697,0.4928374141454696,0.6447920762002468,0.1846182345778766,0.0589219470767374,-0.1583920255627727,-0.5947767705591843,0.9743246857448516,53.22054572520664,0.4270169488516179,0.6813696668607883,1.05982261328248,28.88521991272952,0.4127185642719269,0.6758034154772758,0.338052324950695,0.0942884102918029,-0.1173113988326454,0.0033706736512194,-0.6072879696633408,0.9617544798074352,0.4709589823058392,0.2660510203743427,0.0545319639225201,0.1197044489724134,0.1063141425127757,0.0070252862058932,0.0282854524810692,0.1058804555396793,0.0063150578472628,0.0257751797303734,14.426600484601524,0.6129089229134099,0.1491394005290252,rl2,B9BG1frBKz-C2vUD,2,3740.0,folding clothes,"{""short sleeve shirts"",""long sleeve shirts"",shorts}",False,False,False,False,False,False,,True
2025-09-26-18-23-35-000000,3565.0,118.83333333333331,0.0,0.0,0.0,0.0,0.0,0.0,0.0,0.0,0.0,0.0,0.0,0.0,0.0,0.0,52.23517003910799,0.439689983494175,0.2084607954229346,64.46230608122086,0.5426120040506806,0.5486858663409084,0.4911509937724277,116.69747612032884,0.0,118.83333333333331,4.786101888492992,52.23517003910799,0.439689983494175,0.9097566801618012,1.0577500590753448,35.41642351259641,0.5665513016283512,0.2877013012766838,0.6426148042082787,0.1047446365709229,-0.1258901448481485,-0.3115816476850197,-0.6491874707165223,0.9814814814814816,64.46230608122086,0.5426120040506806,0.979300803487005,1.3021518512724364,39.52669441693351,0.5672057466581464,0.6910486221313477,0.6701158154755831,0.2626631181099016,-0.1804527301679601,0.172263287710709,-0.648710729333286,0.9806397306397306,0.8512765813507216,0.5009980353624295,0.1371316980936648,0.0999858878614498,0.104502173992172,0.0075547257591809,0.0322234404782415,0.1034397090121382,0.0078882978074682,0.0313906423618795,15.026731303116572,0.5715939557365656,0.2203955440229163,rl2,B9BG1frBKz-C2vUD,4,3565.0,folding clothes,"{""short sleeve shirts"",""long sleeve shirts"",shorts}",False,False,False,False,False,False,,True
2025-09-26-18-27-57-000000,3859.0,128.63333333333333,0.0,0.0,0.0,0.0,0.0,0.0,0.0,0.0,0.0,0.0,0.0,0.0,0.0,0.0,50.75108817320347,0.3946429873499492,0.2341096013769912,81.82786398952909,0.6362975426868515,0.1422446736573705,0.5154702650184003,132.57895216273255,0.0,128.63333333333333,4.864709952493592,50.75108817320347,0.3946429873499492,1.082004764073833,0.8854931708415287,44.253669159654855,0.5881785191595554,0.5253614615648985,0.7600394412875175,0.2348569957372914,0.1241280068893175,-0.2826162230012971,-0.6194270024398049,0.981078278900985,81.82786398952909,0.6362975426868515,1.3494093309415254,1.5741663747904011,57.40069358007198,0.6734512448310852,0.600076362490654,0.9150275774300098,0.369782933232382,-0.1998289354744286,-0.0437804202208315,-0.625288341752862,0.9862623120787972,0.890193646902231,0.4276079533880699,0.1256115800991059,0.1125506818735617,0.1037642530332483,0.0071093460476414,0.0329978691846129,0.1023785593688393,0.0081856672086534,0.0325229142457129,15.497820604900229,0.463240124960917,0.2234355419253366,rl2,B9BG1frBKz-C2vUD,4,3859.0,folding clothes,"{""short sleeve shirts"",""long sleeve shirts"",shorts}",False,False,False,False,False,False,,True
2025-09-26-18-36-44-000000,2999.0,99.96666666666668,0.0,0.0,0.0,0.0,0.0,0.0,0.0,0.0,0.0,0.0,0.0,0.0,0.0,0.0,28.982365026086676,0.2900169949241494,0.804763586753842,51.05337647285621,0.51087434762698,0.7811652415875528,0.4004456712755648,80.03574149894288,0.0,99.96666666666668,4.614790429365082,28.982365026086676,0.2900169949241494,0.5917158406006474,0.6446077328711078,23.38508890417936,0.4141830671578645,0.5188315184786916,0.8064463976770639,0.1732982580530538,0.2137295205596984,-0.2951783159159704,-0.8115512254551952,0.97498332221481,51.05337647285621,0.51087434762698,0.6740060554584781,1.3082330753001108,29.9122525460255,0.5425171181559563,0.6739219427108765,0.8730296790599823,0.319192039148911,-0.1577546122291682,-0.2007617298852144,-0.8172738298912889,0.9833222148098733,0.8053598731881123,0.396171070752074,0.0770854105546718,0.1736046156843755,0.0984262735233086,0.0028171634554049,0.0171336519060942,0.0979408440914627,0.0046932842881152,0.0308200748010947,7.697520017023586,0.4919782244486279,0.0816070400528613,rl2,5ES9O8onNvOcpl1T,1,2999.0,folding clothes,"{""short sleeve shirts"",""long sleeve shirts"",shorts}",False,False,False,False,False,False,,True
2025-09-26-18-41-35-000000,2327.0,77.56666666666666,0.0,0.0,0.0,0.0,0.0,0.0,0.0,0.0,0.0,0.0,0.0,0.0,0.0,0.0,47.19127568391838,0.608657897900925,0.6302937519456175,49.82836848319087,0.6426702727840611,0.6535128227172745,0.6256640853424931,97.01964416710923,0.0,77.56666666666666,4.363947521273976,47.19127568391838,0.608657897900925,0.9570767589131062,1.7326150472296469,40.6892420775443,0.6454128809273243,0.4086137758567929,0.8588666450232267,0.2265042574841945,-0.1036476467635609,-0.2605148396407925,-0.7421783280367177,0.9969905417024936,49.82836848319087,0.6426702727840611,0.9903449866459036,1.8753123436378996,42.65847238198212,0.5437839291989803,0.5606837309896946,0.8199809789657593,0.2500046585275368,-0.2065729725390327,0.0219411216392826,-0.7495343846056433,0.9969905417024936,0.87021560194253,0.3150005632725773,0.0548023175538182,0.1687839405426582,0.1010322522126205,0.0030593164336872,0.0260092222910392,0.100871747308419,0.0048345386291629,0.0301822136461409,11.19551233822926,0.4468711752567636,0.1060960881434595,rl2,5ES9O8onNvOcpl1T,1,2327.0,folding clothes,"{""short sleeve shirts"",""long sleeve shirts"",shorts}",False,False,False,False,False,False,,True
2025-09-26-18-43-07-000000,3839.0,127.96666666666668,0.0,0.0,0.0,0.0,0.0,0.0,0.0,0.0,0.0,0.0,0.0,0.0,0.0,0.0,55.64240196187275,0.434932792823393,0.0853779360358238,63.572678608429285,0.4969203643181027,0.1257736668493364,0.4659265785707479,119.21508057030204,0.0,127.96666666666668,4.8595539730383575,55.64240196187275,0.434932792823393,0.8664076855170231,1.0864216502846722,33.877270630212784,0.4535437766462564,0.3502367418259382,0.3931342251598835,0.0624484653381561,0.1363930181197688,-0.2633681616945545,-0.5268787689852463,0.964304325169359,63.572678608429285,0.4969203643181027,1.0052997143013536,1.1766382878377777,41.15257212610298,0.592724870890379,0.8195400238037109,0.6696311458945274,0.3252812004974912,-0.0805584404345356,-0.1507194984801324,-0.5111112088189617,0.9645648775403856,0.8194403411273925,0.2549542626930522,0.0662951256145811,0.0515500859666916,0.105475554952259,0.0076630269135407,0.0329343382898133,0.1049781017178944,0.0064814831611166,0.0284212353635258,11.338268121595938,0.3568886677320035,0.2393039323363103,rl2,B9BG1frBKz-C2vUD,3,3839.0,folding clothes,"{""short sleeve shirts"",""long sleeve shirts"",shorts}",False,False,False,False,False,False,,True
2025-09-26-18-47-40-000000,4026.0,134.2,0.0,0.0,0.0,0.0,0.0,0.0,0.0,0.0,0.0,0.0,0.0,0.0,0.0,0.0,72.3850816366049,0.5395161364218999,0.1235420699529313,92.53415999061755,0.6896956024145408,0.2107933788278726,0.6146058694182203,164.91924162722245,0.0,134.2,4.906755163608864,72.3850816366049,0.5395161364218999,1.3130052079500885,1.2527091324572277,53.74844320572701,0.5646200329065323,0.4958887137472629,0.6849903529509902,0.1917895597189317,0.1039693798690338,-0.386629462186608,-0.5274563629010861,0.9875776397515528,92.53415999061755,0.6896956024145408,1.434899720154915,1.5713848811192157,61.32087366991869,0.672178715467453,0.600934274494648,0.6859864462167025,0.2770940920446261,-0.2561020297581266,-0.0394654456774648,-0.519287888131276,0.9838509316770186,0.9114349886461014,0.5121298866654949,0.1357763308405715,0.0855320519772695,0.1019619265455176,0.009250437146347,0.032793702796968,0.1017255039628828,0.0082479476184387,0.0326173819470188,16.104946098094995,0.4579802989628367,0.2845874579970665,rl2,B9BG1frBKz-C2vUD,3,4026.0,folding clothes,"{""short sleeve shirts"",""long sleeve shirts"",shorts}",False,False,False,False,False,False,,True
2025-09-26-18-58-59-000000,2752.0,91.73333333333332,0.0,0.0,0.0,0.0,0.0,0.0,0.0,0.0,0.0,0.0,0.0,0.0,0.0,0.0,39.64174459665067,0.4322981962557325,0.6975549738519548,49.3498153865044,0.5381659256979759,0.6326808818568748,0.4852320609768542,88.99155998315507,0.0,91.73333333333332,4.5297279908212325,39.64174459665067,0.4322981962557325,0.8209250780433106,1.0933887618097429,33.940508970361925,0.3623351268470287,0.540060181170702,0.8243744075298309,0.1613158710857381,0.2408607757276703,-0.2070539023030548,-0.8284728475453786,0.9869138495092692,49.3498153865044,0.5381659256979759,0.8550074654553904,1.537159241614647,37.027795826178775,0.5493363551795483,0.5564929805696011,0.8535818941891193,0.2609415433775657,-0.0956593237754342,-0.176417611283119,-0.8149586441401435,0.990185387131952,0.8891986139188794,0.3511480127705235,0.0614015625873542,0.1452014408561924,0.0998439370095164,0.0031624342455313,0.0194466748676608,0.098206346239168,0.005909461282307,0.0308520956064132,10.888859509103767,0.5460134761732438,0.0782521524891351,rl2,5ES9O8onNvOcpl1T,2,2752.0,folding clothes,"{""short sleeve shirts"",""long sleeve shirts"",shorts}",False,False,False,False,False,False,,True
2025-09-26-19-04-09-000000,3606.0,120.2,0.0,0.0,0.0,0.0,0.0,0.0,0.0,0.0,0.0,0.0,0.0,0.0,0.0,0.0,62.21213260059703,0.5177153891866604,0.5686433230636884,89.88353718592512,0.7479906007150495,0.0998874817454111,0.6328529949508549,152.09566978652214,0.0,120.2,4.797442073635214,62.21213260059703,0.5177153891866604,1.346886366893352,1.1105764419942468,55.221815699513726,0.6771052554249763,0.709682097658515,0.8649242101237178,0.4156215792051576,0.2792221430066148,-0.2108341366312124,-0.6759568993709837,0.99500693481276,89.88353718592512,0.7479906007150495,1.4897059332766711,1.7716243266166238,62.62536933032486,0.8602828606963158,0.7551306299865246,0.9739294983446598,0.6326898644575281,-0.1806827812655495,-0.1218197228044079,-0.6510189723862537,0.99750346740638,0.9042986435276448,0.50058265808146,0.1536553772007624,0.1099465186639215,0.1028678408838406,0.0068784532538977,0.0313069994771519,0.1007234157505969,0.0078762394498018,0.0333086929626577,16.360311471103593,0.5639947445557134,0.2345920746854004,rl2,B9BG1frBKz-C2vUD,5,3606.0,folding clothes,"{""short sleeve shirts"",""long sleeve shirts"",shorts}",False,False,False,False,False,False,,True
2025-09-26-19-06-11-000000,2801.0,93.36666666666666,0.0,0.0,0.0,0.0,0.0,0.0,0.0,0.0,0.0,0.0,0.0,0.0,0.0,0.0,35.003541297286866,0.3750379424709306,0.464613672599569,57.386502854671875,0.6148553877286272,0.5000523027611194,0.4949466650997789,92.39004415195872,0.0,93.36666666666666,4.547187903449744,35.003541297286866,0.3750379424709306,0.7248617365937556,0.8914044024518827,28.408713699107462,0.5189241655170918,0.3605784922838211,0.8602889757603407,0.1609711592527273,-0.0511354280446856,-0.2985724982350362,-0.789939385859089,0.9875,57.386502854671875,0.6148553877286272,0.9758703644119642,1.5589416025058866,42.631888324145805,0.5153623037040234,0.5105964206159115,0.8743128199130297,0.2300685530988214,-0.1679592532637239,0.0496633533401967,-0.794467513689885,0.9903571428571428,0.7657976136180036,0.3846483618198352,0.0827164673398818,0.1622617776667176,0.0994952714502634,0.0036319120320522,0.0253834371752498,0.099195582661018,0.0048348767114049,0.032053614988239,11.607055290992356,0.5609322377549979,0.1090774636999263,rl2,5ES9O8onNvOcpl1T,2,2801.0,folding clothes,"{""short sleeve shirts"",""long sleeve shirts"",shorts}",False,False,False,False,False,False,,True
2025-09-26-19-08-33-000000,4110.0,137.0,0.0,0.0,0.0,0.0,0.0,0.0,0.0,0.0,0.0,0.0,0.0,0.0,0.0,0.0,75.70762585021652,0.5527448954749319,0.1981243010353276,86.90201268844778,0.6344756341332279,0.3278479147701189,0.5936102648040799,162.60963853866429,0.0,137.0,4.927253685157205,75.70762585021652,0.5527448954749319,1.2415241139899875,1.282653454232516,50.6260003583863,0.6497535146772861,0.4152154177427292,0.6811769120395184,0.1837731367432506,0.0693338342076688,-0.2740920855063229,-0.6265925415304383,0.9880749574105622,86.90201268844778,0.6344756341332279,1.3476024903367223,1.4407616539550254,55.97073103066988,0.5566673902794719,0.8940840363502502,0.7071889098733664,0.3519731728814275,-0.1813994769750213,0.0438276625018345,-0.6070745538453369,0.9856412752494524,0.8965204615316512,0.4216513285634298,0.0961397976834024,0.1313067536418522,0.1049781258665499,0.0083404522491005,0.0346256567055423,0.1048968453288931,0.0068210763796817,0.029496339374752,18.69168383965178,0.5539917727732021,0.2788809826413427,rl2,B9BG1frBKz-C2vUD,5,4110.0,folding clothes,"{""short sleeve shirts"",""long sleeve shirts"",shorts}",False,False,False,False,False,False,,True
2025-09-26-19-28-55-000000,2789.0,92.96666666666668,0.0,0.0,0.0,0.0,0.0,0.0,0.0,0.0,0.0,0.0,0.0,0.0,0.0,0.0,45.08025856295486,0.4850816918538901,0.1750934609648741,57.2131629933892,0.615636617575924,0.3915993428108456,0.5503591547149072,102.29342155634409,0.0,92.96666666666668,4.5429401094519575,45.08025856295486,0.4850816918538901,0.843278930215166,1.3506692681326804,30.28707681196559,0.6038302890956402,0.4853699821978807,0.3394970148801803,0.0995001574368984,0.0642230791263829,-0.3217829787294261,-0.7128392389119633,0.9838593974175036,57.2131629933892,0.615636617575924,1.5291763987563425,1.4810384330095376,62.15754653652493,0.6104328725486994,1.0641728714108467,0.5971181802451611,0.3878916139703665,-0.2150341077637917,-0.0794675838965188,-0.6992882469093962,0.9870875179340028,0.6808545179974634,0.3829744836526362,0.1477613556820965,0.0955736375649934,0.1033795632848753,0.0042187811895903,0.0222540119088926,0.1020465465789959,0.0063149255896323,0.0313305843661086,10.70234328200251,0.3703006256709589,0.2126190188343814,rl2,5ES9O8onNvOcpl1T,3,2789.0,folding clothes,"{""short sleeve shirts"",""long sleeve shirts"",shorts}",False,False,False,False,False,False,,True
2025-09-26-19-33-12-000000,2734.0,91.13333333333334,0.0,0.0,0.0,0.0,0.0,0.0,0.0,0.0,0.0,0.0,0.0,0.0,0.0,0.0,40.386363995996064,0.443319033984589,0.1440280603995658,51.75062097677355,0.5680638965617294,0.111439704655275,0.5056914652731592,92.1369849727696,0.0,91.13333333333334,4.523236803225405,40.386363995996064,0.443319033984589,1.1271809688291785,1.1133812289965124,45.35724646022039,0.7513724714517593,0.5235720686614513,0.7330345567315817,0.2883740640799463,0.1171709013582992,-0.3778770343075563,-0.7127114079671898,0.9780461031833152,51.75062097677355,0.5680638965617294,1.567982470422701,1.3038948376712034,65.03991066389419,0.6748307002708316,0.8789904378354549,0.6557567343115807,0.3889750468051136,-0.317731531810059,0.03467963742869,-0.6909273148772539,0.9849981705085986,0.897301401646326,0.615175858234658,0.1951780924895005,0.1143464706539191,0.1021980095737199,0.0042683293588428,0.0279613613402121,0.1010833654641493,0.0059563180083395,0.0350624914115081,8.882599553623773,0.3857186864127004,0.1943034990990272,rl2,5ES9O8onNvOcpl1T,3,2734.0,folding clothes,"{""short sleeve shirts"",""long sleeve shirts"",shorts}",False,False,False,False,False,False,,True
2025-09-26-19-33-15-000000,3974.0,132.46666666666667,0.0,0.0,0.0,0.0,0.0,0.0,0.0,0.0,0.0,0.0,0.0,0.0,0.0,0.0,50.766512482260325,0.3833363640744549,0.2533756169220154,76.66923249098089,0.578927000938693,0.2746336123550028,0.4811316825065739,127.4357449732412,0.0,132.46666666666667,4.893851758772956,50.766512482260325,0.3833363640744549,1.238570230474711,0.8111778426924972,50.282368562366955,0.8234959542751312,0.571271865745075,0.6566082611680031,0.3088948364989675,0.108678454400575,-0.2203685073809762,-0.7004155922891074,0.9786055877170904,76.66923249098089,0.578927000938693,1.312550984577334,1.3896895886620575,55.48737312473436,0.6071244105696678,0.4958655163645744,0.7290742676705122,0.2194893096974121,-0.1770251253767433,-0.0233851842000793,-0.6569999727014139,0.9859048577900832,0.8892218094400657,0.3655337315430034,0.0798130135797864,0.0957254335016967,0.10158243229564,0.0057792902687576,0.0327013556660517,0.0995272495392339,0.0072666846449646,0.0315671760110693,12.086025302812676,0.430344659602467,0.1875957083864751,rl2,B9BG1frBKz-C2vUD,8,3974.0,folding clothes,"{""short sleeve shirts"",""long sleeve shirts"",shorts}",False,False,False,False,False,False,,True
2025-09-26-19-37-28-000000,3466.0,115.53333333333332,0.0,0.0,0.0,0.0,0.0,0.0,0.0,0.0,0.0,0.0,0.0,0.0,0.0,0.0,48.868145603809566,0.4231008277386109,0.411085976715982,54.10881749607563,0.4684746103556331,0.2435322759294202,0.445787719047122,102.9769630998852,0.0,115.53333333333332,4.758177355113271,48.868145603809566,0.4231008277386109,0.6079975052016318,1.131503765286452,21.191139199678243,0.4605626985430717,0.2321631712839007,0.4813917949795723,0.0514731530488496,-0.0417469791563918,-0.1902186336330059,-0.6857382390181659,0.9795093795093796,54.10881749607563,0.4684746103556331,0.6331476390402528,1.1964120925350628,23.82659528267655,0.324989459477365,0.3386529888957739,0.2777471616864204,0.0305684781597147,-0.1390774841745482,0.0816841749995689,-0.6470581032744186,0.96998556998557,0.7820675431694781,0.2985882337795899,0.0599965724440761,0.1333069160676011,0.1057684227518801,0.0062398057280536,0.0286811796884677,0.1058702543696319,0.0058785662405902,0.0279440583217275,9.17171086954976,0.3160734032886483,0.1775267695376262,rl2,B9BG1frBKz-C2vUD,8,3466.0,folding clothes,"{""short sleeve shirts"",""long sleeve shirts"",shorts}",False,False,False,False,False,False,,True
2025-09-26-19-47-50-000000,3278.0,109.26666666666668,0.0,0.0,0.0,0.0,0.0,0.0,0.0,0.0,0.0,0.0,0.0,0.0,0.0,0.0,34.063904010698266,0.3118453220387391,0.3427180146011735,32.651071667829754,0.2989112450518439,0.1676092170926526,0.3053782835452915,66.71497567852802,0.0,109.26666666666668,4.702901674481427,34.063904010698266,0.3118453220387391,0.5387164322573639,0.7500236134728518,14.623340184191411,0.2868043053895235,0.4290259163826704,0.2209313213825225,0.0271848214051061,0.1712548654382142,-0.1462044194081097,-0.8462322007289669,0.9697894415624048,32.651071667829754,0.2989112450518439,0.5953706620555295,0.7424103663238558,18.932448281187792,0.3039023168385029,0.4185251537710428,0.1714893579483032,0.0218118624358004,-0.1494778622398658,-0.097964009803725,-0.8348127420516622,0.9673481843149222,0.7443186714889126,0.3441383725920571,0.0850838896485131,0.1513292201315547,0.0988186737744017,0.0051764778254804,0.0337430675288506,0.0949455072988063,0.0066857602856275,0.0287423917693031,10.151106211152424,0.2935664372567633,0.1716654316323944,rl2,5ES9O8onNvOcpl1T,3,3278.0,folding clothes,"{""short sleeve shirts"",""long sleeve shirts"",shorts}",False,False,False,False,False,False,,True
2025-09-26-19-52-12-000000,3463.0,115.43333333333334,0.0,0.0,0.0,0.0,0.0,0.0,0.0,0.0,0.0,0.0,0.0,0.0,0.0,0.0,39.00970035908432,0.3380389979123425,0.9295623733916576,76.58345081999396,0.6636347558058402,0.9189229588585202,0.5008368768590913,115.59315117907828,0.0,115.43333333333334,4.757318863144676,39.00970035908432,0.3380389979123425,0.8073885155112447,0.710131915600646,31.38401789622765,0.5278219282627106,0.5257856538519263,0.9663236793130636,0.2681753048188701,0.0332906920464998,-0.2887938875479636,-0.8113247717297984,0.9968226458694396,76.58345081999396,0.6636347558058402,0.9851157437592206,1.731172759417485,40.782399865751934,0.842335470020771,0.5776710398495197,1.0282051237300038,0.5003172171929037,-0.1646002996264137,0.0988707400347526,-0.8092273343665084,0.9959560947429232,0.6972965780624898,0.4660221939051613,0.1409138228450352,0.1294865939890654,0.1032893318088797,0.0037924589538597,0.0268173391823626,0.1003824920176734,0.0058107582600722,0.0327317434076037,16.236980905970235,0.6853420053789138,0.1731714252320994,rl2,5ES9O8onNvOcpl1T,8,3463.0,folding clothes,"{""short sleeve shirts"",""long sleeve shirts"",shorts}",False,False,False,False,False,False,,True
2025-09-26-19-53-43-000000,3115.0,103.83333333333331,0.0,0.0,0.0,0.0,0.0,0.0,0.0,0.0,0.0,0.0,0.0,0.0,0.0,0.0,60.80207398932539,0.5857617918046762,0.4905820053095807,76.91871576175791,0.7410280901903459,0.5575737730164594,0.6633949409975112,137.72078975108332,0.0,103.83333333333331,4.6523717874723856,60.80207398932539,0.5857617918046762,1.4520465478733295,1.25414542927715,58.12419484177945,0.3636141866445541,0.6302400324493647,0.8143863445147872,0.1866282088051316,0.3216006840565757,-0.2417759172255502,-0.5932576314505805,0.9877970456005138,76.91871576175791,0.7410280901903459,1.531433343081866,1.6879151876310343,63.250993904412766,0.6248676851391792,0.6370434761047363,0.8719303167890757,0.3470874546708193,-0.2521961535860815,-0.1897363547475285,-0.5486416798773376,0.9845857418111752,0.9195128996061606,0.5836387368565871,0.1302069931769222,0.0840617014646379,0.102536394960351,0.0065294631944447,0.0342951306493227,0.1030814203114307,0.0075151232559623,0.0336628380586527,14.70495586960006,0.5365816318540547,0.3467085468374073,rl2,B9BG1frBKz-C2vUD,6,3115.0,folding clothes,"{""short sleeve shirts"",""long sleeve shirts"",shorts}",False,False,False,False,False,False,,True
2025-09-26-19-56-45-000000,3127.0,104.23333333333332,0.0,0.0,0.0,0.0,0.0,0.0,0.0,0.0,0.0,0.0,0.0,0.0,0.0,0.0,55.79818563639988,0.5354912249174653,0.3050765945440126,61.04311488629615,0.5858264384481398,0.3731430572303272,0.5606588316828025,116.84130052269605,0.0,104.23333333333332,4.656180106895836,55.79818563639988,0.5354912249174653,0.7557527155901008,1.4192330684911298,26.970741282171904,0.5807032063603401,0.5033318377099931,0.2804096490144729,0.0819599302066303,0.1088552979578487,-0.2335633736123858,-0.8261399332530437,0.9977607165706974,61.04311488629615,0.5858264384481398,0.991680931421673,1.349097365997653,37.77038325774884,0.4274655804038048,0.5729405954480171,0.2729087471961975,0.0668387319366926,-0.1737633490464988,0.022735927996072,-0.8214792204067125,0.99744081893794,0.7789161852152714,0.3971443500677637,0.1014592160929089,0.1392011396442704,0.1065434542772562,0.0035509459797081,0.031117051535941,0.1047345101798726,0.0053332854445742,0.0329392305564925,18.78787019746863,0.4377443779017759,0.2431921444338488,rl2,5ES9O8onNvOcpl1T,8,3127.0,folding clothes,"{""short sleeve shirts"",""long sleeve shirts"",shorts}",False,False,False,False,False,False,,True
2025-09-26-19-58-43-000000,3248.0,108.26666666666668,0.0,0.0,0.0,0.0,0.0,0.0,0.0,0.0,0.0,0.0,0.0,0.0,0.0,0.0,35.43208590935882,0.3273675938653417,0.2373012044242775,62.76952711181987,0.5799463545902668,0.3659836877759617,0.4536569742278042,98.2016130211787,0.0,108.26666666666668,4.693791377641619,35.43208590935882,0.3273675938653417,0.710384325539363,0.8027114417673664,26.82352486558737,0.6653937436640263,0.362447340041399,0.8045324170961976,0.1940292378804216,0.0757438014373252,-0.2716284334915346,-0.5940033916843909,0.9772097320603634,62.76952711181987,0.5799463545902668,0.8297601372010933,1.500763835404349,34.79093859779864,0.5177516862750053,0.5430135428905487,0.7068599946796894,0.1987309855330995,-0.1739911704689489,-0.0200257165642738,-0.5646725825990064,0.983061287342162,0.7660756243138007,0.3677793591817809,0.0802996521024293,0.157509133328238,0.1034226857915294,0.0050439908910292,0.0241664018222769,0.1016736291273461,0.0083221554142098,0.0333045470403153,8.423832744587312,0.4354937232288065,0.1944807613398666,rl2,B9BG1frBKz-C2vUD,6,3248.0,folding clothes,"{""short sleeve shirts"",""long sleeve shirts"",shorts}",False,False,False,False,False,False,,True
2025-09-26-20-12-50-000000,2637.0,87.9,0.0,0.0,0.0,0.0,0.0,0.0,0.0,0.0,0.0,0.0,0.0,0.0,0.0,0.0,35.340608618582024,0.4022072301052583,0.078533492880127,46.00262310538943,0.5235503388322014,0.3276985927660917,0.4628787844687299,81.34323172397146,0.0,87.9,4.487512142519859,35.340608618582024,0.4022072301052583,0.6031583578376851,1.036647367450896,22.327625205844164,0.2277929633855819,0.5507435407489538,0.4252456054091453,0.0533494014155817,0.2692941645648405,-0.1384472775490316,-0.7742929393520941,0.9984825493171472,46.00262310538943,0.5235503388322014,0.8781433813007857,1.2628045451506944,34.917907567616076,0.5722412765026093,0.6000691130757332,0.4036931023001671,0.1386218795070126,-0.210232916843269,-0.086620864347463,-0.7882680946994244,0.9973444613050076,0.8200793720966547,0.4904415679787489,0.1418362225107178,0.1271286711188912,0.1020642969921226,0.004459616575247,0.025912337241152,0.1013719013221486,0.0050017922588871,0.0328312215904349,12.985719165376317,0.4900806578973412,0.1708992697576616,rl2,5ES9O8onNvOcpl1T,5,2637.0,folding clothes,"{""short sleeve shirts"",""long sleeve shirts"",shorts}",False,False,False,False,False,False,,True
2025-09-26-20-13-41-000000,3317.0,110.56666666666666,0.0,0.0,0.0,0.0,0.0,0.0,0.0,0.0,0.0,0.0,0.0,0.0,0.0,0.0,64.44571249889196,0.5830432373241131,0.3531109984511427,69.77357013325692,0.6312446031356177,0.1680817622612883,0.6071439202298653,134.2192826321489,0.0,110.56666666666666,4.714622319549171,64.44571249889196,0.5830432373241131,0.8846973622858588,1.467776258089212,34.450269624189445,0.4793805554509163,0.2935069240629673,0.694178681820631,0.0976719903288614,0.0354988063765054,-0.2853812253934308,-0.6692212758923299,0.9927623642943304,69.77357013325692,0.6312446031356177,0.9285451388139868,1.5724695188877704,37.93174297579562,0.3716084342449903,0.686575073748827,0.5882801897823811,0.1500920946359002,-0.1951498887831564,-0.0056549350049745,-0.6270863097750677,0.993968636911942,0.7969580039492449,0.3755186757387256,0.0768249021045618,0.1624980335055483,0.1053023263625442,0.0068646316969208,0.0325863003559467,0.1059512707806907,0.0068423984487677,0.0288850394451805,12.819801431170257,0.3966516131146192,0.2509445208639731,rl2,B9BG1frBKz-C2vUD,7,3317.0,folding clothes,"{""short sleeve shirts"",""long sleeve shirts"",shorts}",False,False,False,False,False,False,,True
2025-09-26-20-17-33-000000,2572.0,85.73333333333333,0.0,0.0,0.0,0.0,0.0,0.0,0.0,0.0,0.0,0.0,0.0,0.0,0.0,0.0,29.821276682379903,0.3479728901094504,0.5878671678608045,55.45512457098678,0.6470843007116311,0.5353083044593296,0.4975285954105408,85.27640125336669,0.0,85.73333333333333,4.462838277410295,29.821276682379903,0.3479728901094504,0.7709622424616756,0.7536810486618364,29.45430371749436,0.3704885710030794,0.4439697749912739,0.7197220139205456,0.1183839990611392,0.209155889713201,-0.3275427015702505,-0.8053989305869208,0.9953325554259044,55.45512457098678,0.6470843007116311,0.9532723515438988,1.6770086794363308,40.15986521361378,0.5531203970313072,0.6856870800256729,0.9346131440252066,0.354468399894474,-0.1360819902938021,-0.0546825616883909,-0.8362552012913624,0.9968883702839362,0.5999507127248176,0.4654771353140026,0.1354006051630103,0.1540953363398715,0.1025793429310236,0.0039571036785743,0.0221543945910257,0.1006450060133337,0.0060877016402629,0.0321975205803709,12.483073611162736,0.6207435527875687,0.1626954632784382,rl2,5ES9O8onNvOcpl1T,5,2572.0,folding clothes,"{""short sleeve shirts"",""long sleeve shirts"",shorts}",False,False,False,False,False,False,,True
2025-09-26-20-18-17-000000,3559.0,118.63333333333334,0.0,0.0,0.0,0.0,0.0,0.0,0.0,0.0,0.0,0.0,0.0,0.0,0.0,0.0,51.84449871104356,0.4371374258941278,0.1475308022944295,64.44358738575356,0.5433692022407551,0.1711772111598884,0.4902533140674415,116.28808609679712,0.0,118.63333333333334,4.784431509485452,51.84449871104356,0.4371374258941278,0.5894656668290821,1.102112234990497,19.19536357235362,0.4429329670965671,0.2532681711018085,0.294161707162857,0.032999302256723,-0.0424516256197336,-0.2128845988562156,-0.7295694215457136,0.9887577290612704,64.44358738575356,0.5433692022407551,0.9627322313199904,1.2988240195716645,39.01084199848958,0.3382803630083799,0.6347237378358841,0.8303827757481486,0.1782952859821188,-0.1019159468261398,0.0935019594426569,-0.6673048934800813,0.9876335019673974,0.6444519470132632,0.3244795033947688,0.0697380658795873,0.1429102194660509,0.1033006732132331,0.0062920499831129,0.032296350405745,0.1043406238141662,0.0067353454729905,0.0289341752307102,11.2646804212839,0.2726996761004232,0.2190482142315226,rl2,B9BG1frBKz-C2vUD,7,3559.0,folding clothes,"{""short sleeve shirts"",""long sleeve shirts"",shorts}",False,False,False,False,False,False,,True
2025-09-26-20-32-15-000000,3764.0,125.46666666666668,0.0,0.0,0.0,0.0,0.0,0.0,0.0,0.0,0.0,0.0,0.0,0.0,0.0,0.0,61.59531227261308,0.4910601563057115,0.2143433776881713,70.95942428963025,0.5657142515782375,0.1148276998228019,0.5283872039419745,132.5547365622433,0.0,125.46666666666668,4.839978768832804,61.59531227261308,0.4910601563057115,0.6737461138685116,1.38919091854084,23.222918761421056,0.3762113321572542,0.3789492063224315,0.2336683124303817,0.0333129196273064,0.2206718084272729,-0.2611155053971812,-0.739401654283913,0.9891044379484454,70.95942428963025,0.5657142515782375,0.7917711651322489,1.305674133092714,29.91425327819351,0.3403293471783399,0.463143678382039,0.2435717582702636,0.0383921180592409,-0.0300129754326527,-0.1697863419215785,-0.7448297538393742,0.9909646558596864,0.8326385018970833,0.2740919280477261,0.0583545088044875,0.1174014001175439,0.1064876083483449,0.0034187217543572,0.0346026714361373,0.1044387199178197,0.0037482057486208,0.0231832337072075,12.196191203863808,0.2597307191113746,0.2722467142473433,rl2,5ES9O8onNvOcpl1T,6,3764.0,folding clothes,"{""short sleeve shirts"",""long sleeve shirts"",shorts}",False,False,False,False,False,False,,True
2025-09-26-20-36-20-000000,2552.0,85.06666666666666,0.0,0.0,0.0,0.0,0.0,0.0,0.0,0.0,0.0,0.0,0.0,0.0,0.0,0.0,33.92566259197288,0.3989689838334717,0.1805075652619511,45.840820778729224,0.5390923650967766,0.2976765840536486,0.4690306744651241,79.7664833707021,0.0,85.06666666666666,4.455122189744432,33.92566259197288,0.3989689838334717,0.5167619888843229,1.0505432418820655,19.43608638601237,0.2861149236559868,0.4932989384979009,0.2513782829046249,0.0354795781404288,0.2876231225811785,-0.3199249237070012,-0.7537344574379417,0.9894159153273226,45.840820778729224,0.5390923650967766,0.8631462640099418,1.315402745160052,35.4547496828884,0.552828673273325,0.5192979108542204,0.2825327068567276,0.0811102735384431,-0.2061436847472697,-0.0911669595469301,-0.744586516300152,0.9898079184633476,0.7589150285868794,0.54961377782576,0.1609517068947498,0.1138457462817707,0.1032243569929181,0.0047820704119579,0.0267530532753595,0.1022631921434265,0.0051994083669422,0.0308101835191987,9.656892758550123,0.3385350333348037,0.1671552913224385,rl2,5ES9O8onNvOcpl1T,6,2552.0,folding clothes,"{""short sleeve shirts"",""long sleeve shirts"",shorts}",False,False,False,False,False,False,,True
2025-09-26-20-50-48-000000,3627.0,120.9,0.0,0.0,0.0,0.0,0.0,0.0,0.0,0.0,0.0,0.0,0.0,0.0,0.0,0.0,41.44168575305452,0.3428710900693975,0.230843222076245,86.32649357233558,0.7142291249779558,0.6055320893245952,0.5285501075236766,127.7681793253901,0.0,120.9,4.803201036487226,41.44168575305452,0.3428710900693975,0.4692465434913146,0.7574486216615719,16.19493700314926,0.4462919272482395,0.3563363468274474,0.2424068003892898,0.0385499619438972,-0.0863190944647292,-0.2874244121936832,-0.7640365117347895,0.996414782129068,86.32649357233558,0.7142291249779558,0.8633534696230816,1.8182932395706437,36.5047411081812,0.7491163238883018,0.579967800527811,0.3227017372846603,0.140202076768204,-0.159414392292736,0.1381530746794952,-0.7990296612947415,0.9986210700496416,0.675031510971552,0.4583988509863424,0.1434629714041975,0.1407090239298982,0.1051264330255638,0.0034149924753925,0.0192296490973033,0.101232047733891,0.0056880285238535,0.0323067771881019,18.99061176948386,0.5062209806987762,0.193494024139323,rl2,5ES9O8onNvOcpl1T,4,3627.0,folding clothes,"{""short sleeve shirts"",""long sleeve shirts"",shorts}",False,False,False,False,False,False,,True
2025-09-26-20-54-50-000000,3433.0,114.43333333333334,0.0,0.0,0.0,0.0,0.0,0.0,0.0,0.0,0.0,0.0,0.0,0.0,0.0,0.0,65.0472518077222,0.5685948584591102,0.2196083284876054,83.30320919819488,0.7281749055786266,0.4647235951258885,0.6483848820188685,148.35046100591708,0.0,114.43333333333334,4.748693162740267,65.0472518077222,0.5685948584591102,0.7679060890225207,1.5295755576296195,29.514200982887473,0.5764201395213604,0.3609638009220361,0.3603531122207641,0.0749775205476712,0.0188553107890471,-0.2663917043109329,-0.7359096594729959,0.9973776223776224,83.30320919819488,0.7281749055786266,1.2143100782226472,1.5562275353194015,49.26902676878414,0.3825431512668729,0.6465835198760033,0.431997537612915,0.1068529049504208,-0.1754943096520313,-0.0138016203702079,-0.7989365159119666,0.9976689976689976,0.8058317895998814,0.3409692130191313,0.0777983380627795,0.1427158488421392,0.1063917432196851,0.0050491915173008,0.0273441137148362,0.1039030226532354,0.0056915833074338,0.0285795974468317,19.364356230212504,0.3904841259443601,0.2699995628491148,rl2,5ES9O8onNvOcpl1T,4,3433.0,folding clothes,"{""short sleeve shirts"",""long sleeve shirts"",shorts}",False,False,False,False,False,False,,True
2025-09-27-20-24-52-000000,3237.0,107.9,0.0,0.0,0.0,0.0,0.0,0.0,0.0,0.0,0.0,0.0,0.0,0.0,0.0,0.0,27.576323181968228,0.2556519454446992,0.1561624086835589,40.64607529980148,0.3768177561786293,0.4204730853687811,0.3162348508116642,68.22239848176972,0.0,107.9,4.690430029938915,27.576323181968228,0.2556519454446992,0.640944808787478,0.5516769358415814,25.17916201111567,0.4434630200266838,0.5204671919345856,0.8904788140207529,0.2055295920403887,0.3055595625485393,0.0118680303930684,-0.72932868366523,0.9826946847960444,40.64607529980148,0.3768177561786293,0.6151404282284763,0.916746355241466,24.951825106090975,0.5525745749473572,0.4896619729697704,0.8661568202078342,0.2343601707892752,0.0414292138791448,-0.1891766018388478,-0.7671341484364791,0.9935105067985168,0.8332869075514203,0.3610921833982304,0.0947791782618343,0.149643616438511,0.0983482153852508,0.0048661499980494,0.0293308587762415,0.0964111235882715,0.0067695520765077,0.0316385812088745,8.976704631578322,0.4001715312764983,0.1303500547559907,rl2,F1_iXodjWgQOjiF3,1,3237.0,folding clothes,"{""short sleeve shirts"",""long sleeve shirts"",shorts}",False,False,False,False,False,False,,True
2025-09-27-20-29-18-000000,2767.0,92.23333333333332,0.0,0.0,0.0,0.0,0.0,0.0,0.0,0.0,0.0,0.0,0.0,0.0,0.0,0.0,45.616156434822784,0.4947522389894011,0.1712276404246599,52.3412287843876,0.5676922861647244,0.1863943621460621,0.5312222625770628,97.95738521921038,0.0,92.23333333333332,4.535105311539804,45.616156434822784,0.4947522389894011,1.147006346011902,1.0764064903475394,47.058580152519845,0.5331884548068047,0.3698363415896892,0.5929745584726334,0.116930116352081,0.1047243062052694,-0.3333547036081046,-0.6951663070636016,0.9895155459146784,52.3412287843876,0.5676922861647244,1.1116635012089542,1.1941466351402354,46.92766787935422,0.4145300611853599,0.5500721614807844,0.616310752928257,0.14053206953336,-0.1927600174342569,-0.0782741989111697,-0.7141486365128649,0.9913232104121475,0.9387391303544368,0.4185922986344911,0.0600283033153521,0.1980952340408157,0.1037562161112587,0.0058026773434106,0.0305967310813655,0.1002263529202196,0.0070185910590454,0.0333544059190547,10.68513366006594,0.3845311080138317,0.2642518563841549,rl2,F1_iXodjWgQOjiF3,1,2767.0,folding clothes,"{""short sleeve shirts"",""long sleeve shirts"",shorts}",False,False,False,False,False,False,,True
2025-09-27-20-44-44-000000,2877.0,95.9,0.0,0.0,0.0,0.0,0.0,0.0,0.0,0.0,0.0,0.0,0.0,0.0,0.0,0.0,49.532187784650745,0.5166778976145766,0.4520267324170424,53.52868102445635,0.5583659355819507,0.5109706854368243,0.5375219165982636,103.06086880910708,0.0,95.9,4.5736795188967205,49.532187784650745,0.5166778976145766,1.2974119507574016,0.8673069759664489,53.38264582958815,0.7393983285874128,0.9846120551228524,0.7240404114127159,0.5271162680313637,-0.3087074733467116,-0.3277373737835241,-0.7291597490900397,0.9986091794158554,53.52868102445635,0.5583659355819507,1.1823511875075572,1.085840888399635,49.060284599280955,0.6820993656292558,0.8671534955501556,0.6489314325153828,0.3838331105141513,-0.1977840703327777,0.1883347090321156,-0.7373251767364856,0.9989568845618916,0.8369200534955725,0.548565877663631,0.1276498092592559,0.0252093797674743,0.101270401390796,0.005356176380681,0.0326589535126988,0.1014162675544085,0.0050914164488119,0.0280868113937842,15.490392850546431,0.6474279706025721,0.2407271302975199,rl2,F1_iXodjWgQOjiF3,2,2877.0,folding clothes,"{""short sleeve shirts"",""long sleeve shirts"",shorts}",False,False,False,False,False,False,,True
2025-09-27-20-49-54-000000,4050.0,135.0,0.0,0.0,0.0,0.0,0.0,0.0,0.0,0.0,0.0,0.0,0.0,0.0,0.0,0.0,58.65309261711221,0.4345746551033258,0.2945172952598194,81.53592236331907,0.6041189604592672,0.37218848577101,0.5193468077812964,140.1890149804313,0.0,135.0,4.912654885736052,58.65309261711221,0.4345746551033258,0.8603467245636313,0.8955239272556715,35.83912507272317,0.5894555151462555,0.9200722258538008,0.7187131606042385,0.3897880798625066,-0.0670285170488519,-0.4322048049397122,-0.7166962368363216,0.996789330698938,81.53592236331907,0.6041189604592672,1.033660214862053,1.3902749792539026,45.41937581218044,0.7266722414642572,0.846731785684824,0.751662440598011,0.4624952573228182,-0.2735981318114302,-0.0480058594048059,-0.7509133145176334,0.998271178068659,0.6862553327706522,0.4746115678201817,0.1150386067293832,0.048738066415987,0.0993729430246404,0.0053724307062238,0.0317526719503112,0.0981045937828948,0.0065709837460575,0.0326061843848548,18.427828643320996,0.6509305387094295,0.2047378627357635,rl2,F1_iXodjWgQOjiF3,2,4050.0,folding clothes,"{""short sleeve shirts"",""long sleeve shirts"",shorts}",False,False,False,False,False,False,,True
2025-09-27-21-06-03-000000,3412.0,113.73333333333332,0.0,0.0,0.0,0.0,0.0,0.0,0.0,0.0,0.0,0.0,0.0,0.0,0.0,0.0,43.62732491114976,0.3837055840910269,0.0750211977393306,56.320485257451445,0.4953428782537506,0.0593372173420012,0.4395242311723887,99.9478101686012,0.0,113.73333333333332,4.742610595109329,43.62732491114976,0.3837055840910269,0.6181753269331846,0.9141704933858996,23.709590687808745,0.3901386931538582,0.3885800577700138,0.3091071397066116,0.0468606782124719,0.1732894976739089,-0.2630256624223068,-0.6330515925880579,0.987393726180006,56.320485257451445,0.4953428782537506,1.2125974164494089,1.0258487581333575,50.63233628910832,1.1189992483705282,0.7817862182855606,0.5636534355580807,0.4930942786474379,-0.2832005537750476,-0.1067371345072253,-0.6123770428592162,0.989152741131633,0.4863364557997829,0.4993831361668046,0.3527822563670449,0.1205898472763343,0.1032270233913793,0.0043704278109971,0.0294647844813101,0.1000142230080267,0.0052955360215511,0.0307869037131893,9.726311627098994,0.2550119970040454,0.2241418852666537,rl2,F1_iXodjWgQOjiF3,3,3412.0,folding clothes,"{""short sleeve shirts"",""long sleeve shirts"",shorts}",False,False,False,False,False,False,,True
2025-09-27-21-10-46-000000,3776.0,125.86666666666666,0.0,0.0,0.0,0.0,0.0,0.0,0.0,0.0,0.0,0.0,0.0,0.0,0.0,0.0,39.16344580622537,0.3112326819037777,0.3160131964767101,62.39133764487892,0.4958251998268523,0.6978111310877759,0.403528940865315,101.55478345110429,0.0,125.86666666666666,4.8431366661939395,39.16344580622537,0.3112326819037777,0.4723017823058792,0.6689158465556484,17.041975619846195,0.3657262483611703,0.2587096616625786,0.3313789814710617,0.0313540565828521,0.0891470187550836,-0.4254215118550237,-0.6424967875719955,0.9888741721854304,62.39133764487892,0.4958251998268523,1.3262842209942438,1.0436383979087562,55.71267887097031,0.765636139549315,0.8141159191727638,0.6978291049599648,0.4349684438016523,-0.2115028762481554,-0.262208279303642,-0.633974384245664,0.990728476821192,0.6136164647477046,0.3533150621428613,0.0843326442382324,0.131020235070641,0.100910035606468,0.0054240986828144,0.0276127224225919,0.0968859428649321,0.006805172655993,0.0297019220407128,11.01118558411713,0.310294746174387,0.198984012376085,rl2,F1_iXodjWgQOjiF3,3,3776.0,folding clothes,"{""short sleeve shirts"",""long sleeve shirts"",shorts}",False,False,False,False,False,False,,True
2025-09-27-21-42-08-000000,4415.0,147.16666666666666,0.0,0.0,0.0,0.0,0.0,0.0,0.0,0.0,0.0,0.0,0.0,0.0,0.0,0.0,54.37013606750837,0.3695296968793047,0.4406476844839318,77.15785181424494,0.524407692439363,0.1939719893053462,0.4469686946593339,131.5279878817533,0.0,147.16666666666666,4.998337766285849,54.37013606750837,0.3695296968793047,0.6196986461724506,0.8210560356509335,23.82330844798736,0.4271385297179222,0.7320119738578796,0.6518090404570103,0.2038014704794475,-0.2369777123349911,0.1101534026071491,-0.7629765557296077,0.9934299954689624,77.15785181424494,0.524407692439363,0.6475074968884732,1.229827119679217,27.172130969058287,0.486257903277874,0.6120835244655609,0.6586122624576092,0.1960230648658451,0.0753251753170989,0.2529233878832268,-0.7755763736082028,0.9943362029904848,0.765307126838941,0.3673400522965511,0.079025102652653,0.1134023720868801,0.1001026472970003,0.0044282660069177,0.0337098294582906,0.0931250877404749,0.0073742752979914,0.0340895932438529,14.494262480900574,0.5236620803147344,0.1965270118279836,rl2,F1_iXodjWgQOjiF3,4,4415.0,folding clothes,"{""short sleeve shirts"",""long sleeve shirts"",shorts}",False,False,False,False,False,False,,True
2025-09-27-21-46-02-000000,3601.0,120.03333333333332,0.0,0.0,0.0,0.0,0.0,0.0,0.0,0.0,0.0,0.0,0.0,0.0,0.0,0.0,80.63225430695661,0.6719354525579719,0.3394746689656931,94.78276211698916,0.7898563509749096,0.2769151734496634,0.7308959017664407,175.41501642394576,0.0,120.03333333333332,4.79606598975218,80.63225430695661,0.6719354525579719,1.1403218004431548,1.474481176371372,47.25615914512125,0.5361207649111748,0.5178028454538435,0.508878767490387,0.1412672177735848,0.0740988465800355,-0.2802888600819611,-0.6984917393424418,0.9972222222222222,94.78276211698916,0.7898563509749096,1.4347247952865785,1.572090512428254,61.31170196551972,0.5232356619089842,0.634498193860054,0.5642235279083252,0.1873177439944224,-0.1935808287232067,-0.0224012044871915,-0.7158880284662811,0.9983333333333332,0.8449907614043412,0.4015692073657836,0.0872472180104801,0.1311702358813177,0.1038065599850467,0.0047814128527741,0.0297427365734875,0.1018309908815129,0.0056390097228708,0.0313481546783763,18.788242311325288,0.4330966719948847,0.3370363764752427,rl2,F1_iXodjWgQOjiF3,4,3601.0,folding clothes,"{""short sleeve shirts"",""long sleeve shirts"",shorts}",False,False,False,False,False,False,,True
2025-09-27-22-01-47-000000,3878.0,129.26666666666668,0.0,0.0,0.0,0.0,0.0,0.0,0.0,0.0,0.0,0.0,0.0,0.0,0.0,0.0,75.52884546405087,0.5844378034360397,0.2827323349462023,88.59728510546122,0.6855606275893311,0.2651948980316457,0.6349992155126853,164.1261305695121,0.0,129.26666666666668,4.869583631500518,75.52884546405087,0.5844378034360397,0.8332889358822444,1.1638086415830278,33.51262961217767,0.789341326802969,0.5397036802023649,0.652340829372406,0.2779039900591698,-0.1210087795975767,-0.2853808655896353,-0.7690548838623917,0.9984524116584989,88.59728510546122,0.6855606275893311,1.1069942009387488,1.3739081606581938,46.09782019027313,0.6116062067449093,0.7060737982392311,0.5115692466497421,0.2209156119740077,-0.1093576791892247,0.1687559033538967,-0.7460322908657522,1.0,0.7805829736289177,0.4877458633305757,0.1281768854192921,0.0693673798539299,0.1022976933876782,0.0044385102036519,0.0283296267649408,0.0990161890169768,0.0062606408226546,0.0323373778481701,24.593726850871796,0.5822960091757469,0.299689954233433,rl2,F1_iXodjWgQOjiF3,8,3878.0,folding clothes,"{""short sleeve shirts"",""long sleeve shirts"",shorts}",False,False,False,False,False,False,,True
2025-09-27-22-06-08-000000,4675.0,155.83333333333334,0.0,0.0,0.0,0.0,0.0,0.0,0.0,0.0,0.0,0.0,0.0,0.0,0.0,0.0,86.1787762452681,0.5531372031146861,0.2162622075874355,111.65983775204442,0.7166870202313507,0.3820758726372824,0.6349121116730184,197.8386139973125,0.0,155.83333333333334,5.055183670357325,86.1787762452681,0.5531372031146861,0.8376467744511594,1.2153103013353097,34.42182877454953,0.7324936613440514,0.6739407181739807,0.7121232002973557,0.3515448193057455,-0.1767774660381324,-0.2936799134605409,-0.718428263585357,0.998288403936671,111.65983775204442,0.7166870202313507,0.9935302524028784,1.628650163057501,43.10352959482885,0.6733026094734669,0.663353830575943,0.7034618631005287,0.3141927047362977,-0.127096722293807,0.1010844420093232,-0.7212944909348527,0.998502353444587,0.7361707767391984,0.4389523704992309,0.1143548851170072,0.0821506420868117,0.1014328527764611,0.005241923329064,0.0307017094546564,0.0979139438348273,0.0084074343190126,0.0333549693338453,25.608267428065226,0.6658799849111656,0.2514845066234388,rl2,F1_iXodjWgQOjiF3,8,4675.0,folding clothes,"{""short sleeve shirts"",""long sleeve shirts"",shorts}",False,False,False,False,False,False,,True
2025-09-27-22-20-20-000000,3879.0,129.3,0.0,0.0,0.0,0.0,0.0,0.0,0.0,0.0,0.0,0.0,0.0,0.0,0.0,0.0,76.23425695342182,0.5897441228990857,0.3458203211140936,86.4653019153491,0.6688909379733039,0.7517551955247779,0.629317530436195,162.6995588687709,0.0,129.3,4.869839484130799,76.23425695342182,0.5897441228990857,0.8715274518830136,1.2808285209510788,33.62419461065561,0.4813177408650517,0.5170549489557743,0.6190295219421387,0.1540564656978761,0.2546235235939996,0.1775223445811734,-0.7766932735095229,0.997937080969572,86.4653019153491,0.6688909379733039,1.1784191414976342,1.3100534847858207,47.0391055827316,0.841637521982193,0.391444556415081,0.573183573782444,0.1888378655536973,0.1029590137978018,-0.0755781113015692,-0.7912143457389947,0.9987106756059824,0.8099508383015437,0.3225712570802149,0.0548708729229005,0.1184466470068536,0.104441174867343,0.0043698750749571,0.0278526289951528,0.1011713282534526,0.0047848255828968,0.0278768029246352,25.18881053646672,0.5811314783859403,0.292216892373209,rl2,F1_iXodjWgQOjiF3,5,3879.0,folding clothes,"{""short sleeve shirts"",""long sleeve shirts"",shorts}",False,False,False,False,False,False,,True
2025-09-27-22-24-24-000000,4533.0,151.1,0.0,0.0,0.0,0.0,0.0,0.0,0.0,0.0,0.0,0.0,0.0,0.0,0.0,0.0,67.26037972520592,0.4452364059479651,0.1101225003372181,96.59413332699332,0.6394139452360548,0.4033767467542985,0.54232517559201,163.85451305219925,0.0,151.1,5.024538199265247,67.26037972520592,0.4452364059479651,0.6855148168337213,0.9783434594435656,25.9261308808337,0.4741054307669401,0.5194829776883125,0.5185489878058434,0.1277132751154453,0.2675256490959695,0.0040334644309053,-0.769190706933949,0.999117387466902,96.59413332699332,0.6394139452360548,0.8181642060277828,1.421842941938953,35.03440366697713,0.5856909900903702,0.6473595574498177,0.6561432778835297,0.2487784692472749,0.0395417115547316,-0.206241751227282,-0.7817693569576427,0.999558693733451,0.6601639238377475,0.3355760225352053,0.0725316322667124,0.1150966910767037,0.09835739346549,0.0046796967720028,0.027155971910424,0.0900256847812862,0.0082373962024859,0.0356737801548672,21.95037531574976,0.6040429829797829,0.2175078658930402,rl2,F1_iXodjWgQOjiF3,5,4533.0,folding clothes,"{""short sleeve shirts"",""long sleeve shirts"",shorts}",False,False,False,False,False,False,,True
2025-10-03-17-01-49-000000,3044.0,101.46666666666668,0.0,0.0,0.0,0.0,0.0,0.0,0.0,0.0,0.0,0.0,0.0,0.0,0.0,0.0,43.609008739746386,0.4299277890872138,0.0788203119345898,50.31941214905143,0.4960835900333693,0.3133992459230006,0.4630056895602916,93.92842088879782,0.0,101.46666666666668,4.629537542436386,43.609008739746386,0.4299277890872138,0.7110146619637072,0.9816502402537596,26.708291249551777,0.4033577218651771,0.5415019916836172,0.6635459288954735,0.1449310447136302,0.1567814081825276,-0.2823205531949999,-0.7547063997918532,0.994413407821229,50.31941214905143,0.4960835900333693,0.9029880678695684,1.12603358675256,34.967116950816866,0.5811886861920357,0.5080431438982487,0.4941413328051567,0.1459045812873359,-0.2655007584297689,-0.0008516375034969,-0.7561630608560457,0.9980282615839632,0.8449477773865056,0.5183217950585947,0.1335289617781598,0.1167638709031058,0.1036012877004362,0.0048766625587968,0.0233747232519176,0.1032030145505817,0.005145767911983,0.0326252912801116,14.556293877971086,0.5697744090605606,0.1760038680310142,rl2,5ES9O8onNvOcpl1T,7,3044.0,folding clothes,"{""short sleeve shirts"",""long sleeve shirts"",shorts}",False,False,False,False,False,False,,True
2025-10-03-17-06-00-000000,4110.0,137.0,0.0,0.0,0.0,0.0,0.0,0.0,0.0,0.0,0.0,0.0,0.0,0.0,0.0,0.0,59.45710847808555,0.4340991127628538,0.3802662153142754,84.7846594402468,0.6190167396464843,0.1723236574765079,0.526557926204669,144.24176791833236,0.0,137.0,4.927253685157205,59.45710847808555,0.4340991127628538,0.7341496054472598,0.9462426533880016,29.02089117723863,0.7067326158285141,0.5202675741165876,0.4667470678687095,0.1716182590633048,-0.0309448880356466,-0.3869117461901765,-0.6745194087933449,0.9963494767583354,84.7846594402468,0.6190167396464843,0.8109846977299409,1.5096424170648088,34.318121641329235,0.6070140097290277,0.6640168391168118,0.47466791421175,0.1913232209225092,-0.2650031881959805,-0.0736489949957984,-0.6748586107398907,0.9973229496227792,0.6568399463450987,0.4364749808585863,0.1119282841904828,0.1145882817916255,0.0965279547653317,0.0086159497690502,0.032904610932418,0.0933077257333518,0.0098353123191462,0.0343453706392057,16.13899510607721,0.4628683721763836,0.241328754006399,rl2,F1_iXodjWgQOjiF3,6,4110.0,folding clothes,"{""short sleeve shirts"",""long sleeve shirts"",shorts}",False,False,False,False,False,False,,True
2025-10-03-17-06-02-000000,3562.0,118.73333333333332,0.0,0.0,0.0,0.0,0.0,0.0,0.0,0.0,0.0,0.0,0.0,0.0,0.0,0.0,36.24205769805832,0.3053248331765654,0.1934443680476501,74.86579160936475,0.6307143353779675,0.3340050167219342,0.4680195842772666,111.10784930742308,0.0,118.73333333333332,4.785267047759935,36.24205769805832,0.3053248331765654,0.5175350997355321,0.6236760163950387,17.166878363565605,0.2988099567592144,0.5342931561172009,0.4979875236749649,0.0795047613366324,0.2365125864655289,-0.169092387472106,-0.7534112518026814,0.997191800056164,74.86579160936475,0.6307143353779675,0.9748974701397132,1.544027219496988,37.76025636154965,0.8690073490142822,0.7552660070359707,0.3778495639562607,0.2479946506514044,-0.2173999646947348,-0.1639508982038986,-0.7827299257582456,0.9988767200224656,0.7622294484423763,0.4790307500949939,0.1370488898638058,0.135882848697486,0.1041642238924695,0.00417545819814,0.024138302689739,0.1039239937562036,0.006189198952063,0.0324326427987451,16.246295211632546,0.5996249850564285,0.1783777945571466,rl2,5ES9O8onNvOcpl1T,7,3562.0,folding clothes,"{""short sleeve shirts"",""long sleeve shirts"",shorts}",False,False,False,False,False,False,,True
2025-10-03-17-09-59-000000,3765.0,125.5,0.0,0.0,0.0,0.0,0.0,0.0,0.0,0.0,0.0,0.0,0.0,0.0,0.0,0.0,74.33877177319866,0.5924981809766098,0.2357822211171626,97.96655299439249,0.7808173724313962,0.563515607275046,0.686657776704003,172.30532476759117,0.0,125.5,4.840242308167575,74.33877177319866,0.5924981809766098,0.8101823343336118,1.484563176210857,32.15966052147195,0.4891948625445366,0.5038434453308582,0.5256361179053783,0.1295575419463888,0.2395063842054342,-0.2446131744937771,-0.659339176747666,0.997077577045696,97.96655299439249,0.7808173724313962,1.4776307898734684,1.5383794308613572,61.06367449363785,0.6941104270517826,0.852127730846405,0.5738447420299053,0.3394123760271532,-0.1412353984784003,-0.1259172046439416,-0.6478392646458757,0.9960148777895856,0.6916967179136962,0.4358269416795061,0.0913274663349583,0.1461713164122646,0.1025987825117869,0.0044430965038631,0.0232090153978559,0.1045133813114435,0.0039603633592888,0.0273356711184047,16.944215925649843,0.387312066836756,0.307983347555608,rl2,F1_iXodjWgQOjiF3,6,3765.0,folding clothes,"{""short sleeve shirts"",""long sleeve shirts"",shorts}",False,False,False,False,False,False,,True
2025-10-03-17-25-15-000000,3887.0,129.56666666666666,0.0,0.0,0.0,0.0,0.0,0.0,0.0,0.0,0.0,0.0,0.0,0.0,0.0,0.0,71.87357409174555,0.5548654716295333,0.6558616530269065,80.09447113194022,0.6183309660211546,0.5226749549921282,0.586598218825344,151.96804522368578,0.0,129.56666666666666,4.871883952003676,71.87357409174555,0.5548654716295333,1.318019628134716,1.108424959868478,52.71503913086332,0.6521731149405241,0.5826124348677695,1.7189060151576996,0.6531226912566555,0.2248618322172292,-0.3055709283927119,-0.7408561689713512,0.9981986618630982,80.09447113194022,0.6183309660211546,1.2141372305060265,1.315688788231755,50.498154892473686,0.6224792562425137,0.5806370191276073,1.4103176146745682,0.5097374416379626,-0.1551898461184314,-0.0354422942530636,-0.7272373178337898,0.997941327843541,0.873951095129215,0.4912243973678277,0.1020105690314926,0.0978213679713821,0.0939841901626384,0.0073572671648789,0.0331045067179271,0.0936511882063994,0.0090945206796786,0.0309591588252196,22.25295592619553,0.6137454366315007,0.2778230868559667,rl2,F1_iXodjWgQOjiF3,7,3887.0,folding clothes,"{""short sleeve shirts"",""long sleeve shirts"",shorts}",False,False,False,False,False,False,,True
2025-10-03-17-29-31-000000,4257.0,141.9,0.0,0.0,0.0,0.0,0.0,0.0,0.0,0.0,0.0,0.0,0.0,0.0,0.0,0.0,78.89516886201308,0.5561219609634381,0.3442488288509438,93.42526232210108,0.6585427325336073,0.2266777964483367,0.6073323467485227,172.32043118411417,0.0,141.9,4.9621450849358215,78.89516886201308,0.5561219609634381,0.7057674745634352,1.243857674068085,26.804405301533976,0.4072967935353517,0.4176550086122006,0.3099003210663795,0.0527170028635108,0.1874880334810875,-0.1943197835838198,-0.7221920180532864,0.9976503759398496,93.42526232210108,0.6585427325336073,1.08339354158,1.2976209529026068,42.726387079031106,0.3830007538199425,0.507005543448031,0.3127851337194443,0.0607377136812191,-0.1077812200235822,-0.2035541774450098,-0.7184724623408708,0.9978853383458648,0.7374536038788496,0.3211849752902672,0.0600657950862611,0.0956119455844243,0.1017534719643891,0.004516764610978,0.0294725201979617,0.1004624812735822,0.005657399968354,0.0283380447842887,20.88759991299945,0.3178552789090798,0.3386891780505728,rl2,F1_iXodjWgQOjiF3,7,4257.0,folding clothes,"{""short sleeve shirts"",""long sleeve shirts"",shorts}",False,False,False,False,False,False,,True
2025-10-12-01-38-11-933000,2089.0,69.63333333333334,0.0,0.0,0.0,0.0,0.0,0.0,0.0,0.0,0.0,0.0,0.0,0.0,0.0,0.0,53.24772344672066,0.7650534977977107,0.6092990444427963,54.6665429178358,0.7854388350263765,0.5875257268203851,0.7752461664120436,107.91426636455644,0.0,69.63333333333334,4.257502176606144,53.24772344672066,0.7650534977977107,1.1631458287703798,2.013007192808968,50.00691025583839,0.5849901624023914,0.4133108928799629,0.8276160387322307,0.2001033284237298,-0.1031995706154098,-0.368639086459194,-0.6537453502571757,0.9961685823754788,54.6665429178358,0.7854388350263765,1.156713809507355,2.148817633318596,49.88623797309953,0.3691433239728212,0.485648363828659,0.8346731457859278,0.1496350694264649,-0.2352671946442158,-0.0494714316053871,-0.666393822255197,0.9952107279693486,0.9455591876847278,0.3522919777907176,0.0796575637504677,0.2107461296310755,0.1043453709772064,0.0042841847909991,0.0234699364974299,0.1050421483722962,0.0037688303529764,0.0261064440340484,7.501258923840998,0.4440552820609014,0.1328136912714095,rl2,w06Lr-M7fxyxM1_2,1,2089.0,folding clothes,"{""short sleeve shirts"",""long sleeve shirts"",shorts}",False,False,False,False,False,False,,True
2025-10-12-01-38-27-674000,2249.0,74.96666666666667,0.0,0.0,0.0,0.0,0.0,0.0,0.0,0.0,0.0,0.0,0.0,0.0,0.0,0.0,46.81818691424839,0.6247978680727098,0.6304564096295561,58.07646118597915,0.7750417418057717,0.545515513668393,0.6999198049392408,104.89464810022756,0.0,74.96666666666667,4.330294647583529,46.81818691424839,0.6247978680727098,1.0899583137720603,1.52151288946534,45.90681731418096,0.6560348868370056,0.519609933719039,0.7988202217966318,0.2723036298119378,0.0217122713132049,-0.4606402548607281,-0.6658296392201092,0.9968861209964412,58.07646118597915,0.7750417418057717,1.1644123949678038,1.9177260715355977,50.00206112853641,0.5751188918948174,0.5865607596933842,0.8136729300022125,0.274486195248936,-0.2202270885009323,0.0068836551812974,-0.6776544869007363,0.9977758007117438,0.852931640768628,0.5432022829470843,0.1161547549250102,0.1657301597206365,0.1032452731461543,0.0042159202899903,0.022310240028594,0.1025212884939062,0.0054956369213177,0.0266791454347097,10.301823056155216,0.5990257938583416,0.2284880806667009,rl2,w06Lr-M7fxyxM1_2,1,2249.0,folding clothes,"{""short sleeve shirts"",""long sleeve shirts"",shorts}",False,False,False,False,False,False,,True
2025-10-12-01-39-14-013000,2232.0,74.4,0.0,0.0,0.0,0.0,0.0,0.0,0.0,0.0,0.0,0.0,0.0,0.0,0.0,0.0,51.259157526201925,0.68927598645722,0.5931642487961397,57.48462836256054,0.772989175650747,0.5136515792599969,0.7311325810539835,108.74378588876246,0.0,74.4,4.32280727501391,51.259157526201925,0.68927598645722,1.4768713862341507,1.5362804697203778,63.22300622858961,0.7703796625137329,0.5446630988735706,0.9398186895996332,0.3943454544683448,0.1036019322907178,-0.3475975847111345,-0.578323856349081,0.998655311519498,57.48462836256054,0.772989175650747,1.236234015637822,1.9692423256705696,53.54679395099149,0.5570686645805836,0.6245502531528473,0.9389497488737106,0.3266769323426215,-0.1185789715067239,0.1086857123336682,-0.5627470918612698,0.9982070820259972,0.7842689963878027,0.5337858804292898,0.1089890477004012,0.1723323199392742,0.1037669293878931,0.0049892810293506,0.0311108038391187,0.1027847816354409,0.0054858342503492,0.0338417706061694,12.957021571564356,0.5987822396964282,0.3067337685227855,rl2,w06Lr-M7fxyxM1_2,2,2232.0,folding clothes,"{""short sleeve shirts"",""long sleeve shirts"",shorts}",False,False,False,False,False,False,,True
2025-10-12-01-39-29-633000,2633.0,87.76666666666667,0.0,0.0,0.0,0.0,0.0,0.0,0.0,0.0,0.0,0.0,0.0,0.0,0.0,0.0,43.21599356243311,0.4925835132496175,0.5824938536319607,68.49429796419457,0.7807100831785095,0.5079615659657518,0.6366467982140636,111.71029152662769,0.0,87.76666666666667,4.486011204151777,43.21599356243311,0.4925835132496175,0.8371943463973566,1.1892676894775405,33.96552663408766,0.6177058517932892,0.4561773771420121,0.9057024903595448,0.2552119591080724,0.0618040017239633,-0.3732519902163699,-0.712681784565135,0.9958206686930092,68.49429796419457,0.7807100831785095,0.8817930670902991,2.0873056104077823,39.360753577379704,0.6931778285652399,0.6116575337946415,0.8519608043134212,0.3612206813394865,-0.1659810401537649,0.0022809487858421,-0.7235507513285023,0.9984802431610942,0.6524827117232838,0.4793893102693092,0.1223634298847724,0.1829353717196114,0.1035815991999279,0.0033904021879253,0.0209346364883162,0.1024674386117062,0.0066344512037131,0.0313103097984168,11.048581000155265,0.5668561305184685,0.1731147663449946,rl2,w06Lr-M7fxyxM1_2,2,2633.0,folding clothes,"{""short sleeve shirts"",""long sleeve shirts"",shorts}",False,False,False,False,False,False,,True
2025-10-12-01-39-44-736000,2019.0,67.3,0.0,0.0,0.0,0.0,0.0,0.0,0.0,0.0,0.0,0.0,0.0,0.0,0.0,0.0,54.01910982975277,0.803059115407623,0.6543801091016335,53.12300997320765,0.7897375119902028,0.5589938881807125,0.7963983136989128,107.14211980296042,0.0,67.3,4.223909766576744,54.01910982975277,0.803059115407623,1.6308083574569006,1.9843331361742975,70.74695990601823,0.690231442451477,0.3457584078423679,0.8393580121919513,0.2003155801264677,-0.0117246175434859,-0.2647021764101956,-0.6815913125195454,0.998017839444995,53.12300997320765,0.7897375119902028,1.0452792939028792,2.1917102168211993,45.370714150590615,0.5107708144932985,0.5168489590287209,0.8134412933140993,0.214741476371354,-0.2137096107228409,0.1063524741412205,-0.6832192918537586,0.9990089197224976,0.6351671969332969,0.4610562636534596,0.082807216486753,0.2272407944165711,0.1037801049172877,0.0060226612938033,0.0302897237777223,0.1033588487739189,0.0067003678317216,0.0307494705063372,9.717868498484748,0.5563584949716684,0.2079111577131176,rl2,w06Lr-M7fxyxM1_2,2,2019.0,folding clothes,"{""short sleeve shirts"",""long sleeve shirts"",shorts}",False,False,False,False,False,False,,True
2025-10-12-01-48-33-473000,2414.0,80.46666666666667,0.0,0.0,0.0,0.0,0.0,0.0,0.0,0.0,0.0,0.0,0.0,0.0,0.0,0.0,39.83699580052196,0.4952796825593282,0.585154260104239,58.91523364339019,0.7324728592215937,0.5460346653595067,0.6138762708904609,98.75222944391214,0.0,80.46666666666667,4.4001939386293305,39.83699580052196,0.4952796825593282,0.8371006168120708,1.2081837356684668,33.542906571315214,0.6103988811373711,0.4153242842294276,0.8110276851803064,0.2056064495510484,-0.0427859102946018,-0.2460938192324908,-0.6969639647755133,0.997513468711148,58.91523364339019,0.7324728592215937,0.882691768376185,1.7615111531866785,38.07242287730213,0.6074969340115786,0.6934975311160088,0.8279835414141417,0.3488274986240769,-0.2695872323832906,0.0791549768627204,-0.7130459735328957,0.997513468711148,0.7979100476991692,0.4383353053011841,0.1048803129658308,0.1725907113794577,0.1035130634802874,0.0030546069706637,0.0180249012330012,0.1024083715285689,0.0065453898571941,0.0301335037898969,12.651036038426632,0.6761349350738584,0.2282836549383174,rl2,w06Lr-M7fxyxM1_2,5,2414.0,folding clothes,"{""short sleeve shirts"",""long sleeve shirts"",shorts}",False,False,False,False,False,False,,True
2025-10-12-01-48-48-267000,2319.0,77.3,0.0,0.0,0.0,0.0,0.0,0.0,0.0,0.0,0.0,0.0,0.0,0.0,0.0,0.0,41.92634580201129,0.5426187981278424,0.4631378075029664,46.68728433207322,0.604235776515184,0.4437893235774974,0.5734272873215133,88.6136301340845,0.0,77.3,4.360547602996758,41.92634580201129,0.5426187981278424,0.9724260993215612,1.3223365923498611,39.213856262803986,0.2853414043784141,0.453679421916604,0.92287942674011,0.1194699934531319,0.249393417805581,-0.0855446670103824,-0.6862525704126835,0.9987057808455564,46.68728433207322,0.604235776515184,0.9475213794276596,1.5300619095054873,38.95028330261226,0.4679086282849312,0.495868107303977,0.9795361664146184,0.2272729274643754,-0.0946579248158067,-0.1741697725205828,-0.6887146254717089,0.999137187230371,0.9311994850311572,0.3629990755081471,0.0599119300295494,0.1836403195676298,0.1022960619899617,0.0036045255541981,0.0201516240570115,0.1023159286966784,0.0054271694408581,0.0284067070738365,9.76431511053842,0.5361256008228802,0.1346457896873329,rl2,w06Lr-M7fxyxM1_2,5,2319.0,folding clothes,"{""short sleeve shirts"",""long sleeve shirts"",shorts}",False,False,False,False,False,False,,True
2025-10-12-01-49-22-409000,2562.0,85.4,0.0,0.0,0.0,0.0,0.0,0.0,0.0,0.0,0.0,0.0,0.0,0.0,0.0,0.0,45.96020276538467,0.5383858191962281,0.5365056160999557,53.05269957599661,0.6214685619991793,0.541398532319825,0.5799271905977038,99.01290234138128,0.0,85.4,4.45898767581001,45.96020276538467,0.5383858191962281,0.9343530952567338,1.4415805120831116,40.64427914540635,0.3477511964738369,0.1968752518296241,0.7637922540307045,0.0522919707083442,-0.0570621363226844,-0.1608004173857162,-0.6738552046513693,0.9953143303397112,53.05269957599661,0.6214685619991793,0.9346606575995148,1.5938870724036958,42.12137552953264,0.2835473213344812,0.3175297731067985,0.785033481195569,0.0706802670075317,-0.1925729343814486,0.1388361429053191,-0.6734212583278442,0.9960952752830924,0.9277947838691868,0.3355667618981437,0.048650909177537,0.1553177942814246,0.1020577134148882,0.0027170691819627,0.015723991936474,0.101687618003497,0.0048438224059905,0.0277478833231113,8.375375667359219,0.3876715301865202,0.1083662814808362,rl2,w06Lr-M7fxyxM1_2,4,2562.0,folding clothes,"{""short sleeve shirts"",""long sleeve shirts"",shorts}",False,False,False,False,False,False,,True
2025-10-12-01-50-21-394000,2193.0,73.1,0.0,0.0,0.0,0.0,0.0,0.0,0.0,0.0,0.0,0.0,0.0,0.0,0.0,0.0,52.561352334173904,0.7193615739166136,0.5022901881444216,54.49320834027202,0.7458012090365695,0.4825163587598877,0.7325813914765915,107.05456067444592,0.0,73.1,4.3054155323020415,52.561352334173904,0.7193615739166136,0.9550153961718,1.9629525178885427,42.6630208694847,0.5726155154407024,0.4328743615187704,0.654652401804924,0.1622690676808932,0.1062901645000196,-0.2318012805689997,-0.6755251140778352,0.9936131386861314,54.49320834027202,0.7458012090365695,0.9527552469208248,1.9627901950096516,43.325857723236304,0.4095611404627561,0.3917930293828249,0.6440531685948372,0.1033468323638296,-0.1965197695727509,0.0009069356893121,-0.6709812078650444,0.9958941605839416,0.8662643515219233,0.3982526509252651,0.0879058357262123,0.1823133381867643,0.1040560009361518,0.0036569384727875,0.0241255803022686,0.102294724522352,0.0072221476807792,0.0311118015970999,6.88188701580748,0.2642805170599364,0.1111316258282457,rl2,w06Lr-M7fxyxM1_2,4,2193.0,folding clothes,"{""short sleeve shirts"",""long sleeve shirts"",shorts}",False,False,False,False,False,False,,True
2025-10-12-01-51-04-211000,2354.0,78.46666666666667,0.0,0.0,0.0,0.0,0.0,0.0,0.0,0.0,0.0,0.0,0.0,0.0,0.0,0.0,35.78785301771588,0.4562837188829054,0.388911296504741,44.93833089871772,0.5729493952237703,0.3332121920604134,0.5146165570533379,80.7261839164336,0.0,78.46666666666667,4.375337646523085,35.78785301771588,0.4562837188829054,0.6383538655036649,1.221125639930242,28.14829814754567,0.5764585733413696,0.3236363045871258,0.4914662204682827,0.0916893743631264,-0.0761245128147924,-0.4223500797754516,-0.5507438817396191,0.9915002124946876,44.93833089871772,0.5729493952237703,0.6978112208191006,1.5857899977677812,32.169672312545444,0.4484960697591305,0.5798483118414879,0.4739730916917324,0.1232612947805579,-0.2149997141031024,0.0516601424508131,-0.5388898323167404,0.9906502337441564,0.7929145948627816,0.5066513144761488,0.1223702029689876,0.1642566056787953,0.1025985266839702,0.0033368468103447,0.0171867278235396,0.1016439103853222,0.0058865083092702,0.0317717660380105,5.910837236471858,0.2658654230514009,0.1214104960168807,rl2,w06Lr-M7fxyxM1_2,3,2354.0,folding clothes,"{""short sleeve shirts"",""long sleeve shirts"",shorts}",False,False,False,False,False,False,,True
2025-10-12-01-51-26-218000,2106.0,70.2,0.0,0.0,0.0,0.0,0.0,0.0,0.0,0.0,0.0,0.0,0.0,0.0,0.0,0.0,37.95923968042388,0.5409867887946396,0.3375095228576746,40.391972679173335,0.5756575678742043,0.3501445988787054,0.5583221783344221,78.35121235959721,0.0,70.2,4.26549281841793,37.95923968042388,0.5409867887946396,0.8068352912880606,1.3979693344574742,35.11096896318258,0.3062727823853493,0.4298143945634365,0.4960872307419777,0.0653051465581543,-0.2972345868026499,-0.0932596379158384,-0.5643870632879697,0.9800475059382424,40.391972679173335,0.5756575678742043,0.8190384658339458,1.5856144352748167,36.3454531894823,0.3072062293067574,0.326075054705143,0.4702844396233558,0.047109468340549,-0.1151993329957806,0.1597904068014622,-0.5650948690655593,0.9743467933491686,0.8978801481937946,0.3221453032721919,0.0579181643518785,0.1200158361745234,0.1037436749805307,0.0034646082772178,0.0179812596793711,0.103649646471639,0.0043427492076767,0.0262019552530317,4.574414698523158,0.3415306279335394,0.1446979603413471,rl2,w06Lr-M7fxyxM1_2,3,2106.0,folding clothes,"{""short sleeve shirts"",""long sleeve shirts"",shorts}",False,False,False,False,False,False,,True
2025-10-12-01-51-49-249000,2613.0,87.1,0.0,0.0,0.0,0.0,0.0,0.0,0.0,0.0,0.0,0.0,0.0,0.0,0.0,0.0,26.5299481761368,0.3047084400015712,0.3915796741702433,48.21023758532556,0.5537163581775524,0.3487198161635655,0.4292123990895618,74.74018576146236,0.0,87.1,4.478472532942134,26.5299481761368,0.3047084400015712,0.6185979835662716,0.7595039818466641,25.80103195775154,0.3448940366506576,0.2288301736116409,0.5315743163228035,0.0419529944590417,0.0235504822750635,-0.3390815206060248,-0.6007475810951649,0.9754977029096478,48.21023758532556,0.5537163581775524,0.7215678337185597,1.5485301939017269,33.63730486699603,0.4289287710562348,0.4194602407515049,0.5147704444825649,0.0926167599704189,-0.1780859972052689,-0.055066809188427,-0.5901268008516134,0.9758805513016844,0.741148959527844,0.3614196249744924,0.0764544747051115,0.1438822282952504,0.1027353865357721,0.0030104904122186,0.0177349469748499,0.100964120051146,0.0053672345635815,0.0309863298187567,4.495035432883647,0.2588339433591272,0.0973322495574907,rl2,w06Lr-M7fxyxM1_2,3,2613.0,folding clothes,"{""short sleeve shirts"",""long sleeve shirts"",shorts}",False,False,False,False,False,False,,True
2025-10-12-04-18-32-000000,1992.0,66.4,0.0,0.0,0.0,0.0,0.0,0.0,0.0,0.0,0.0,0.0,0.0,0.0,0.0,0.0,36.16725497074413,0.5449611497349693,0.652440847359857,45.42163236871863,0.6844043049028423,0.6507851445989661,0.6146827273189058,81.58888733946276,0.0,66.4,4.210645017918261,36.16725497074413,0.5449611497349693,0.7732633774259745,1.2159192645745946,32.20792997603001,0.4878088310360908,0.6037714388221502,0.8458652580156922,0.2491284987696618,0.3134484738737988,-0.1788194692520021,-0.4374481520688453,0.9924660974384732,45.42163236871863,0.6844043049028423,0.8357653093826753,1.5685373397197098,35.85871019447675,0.5373624786734581,0.5028360085561872,0.8537478828802705,0.2306871207933646,-0.0484956578668543,-0.302561467416663,-0.4633745048414863,0.9909593169261678,0.8243707266091678,0.3976905973175082,0.0865016564754153,0.0874024550841723,0.1025458466442511,0.0034769512318771,0.0205470787649009,0.1027659759516582,0.0057475294319967,0.0351450846663192,5.4039956678550265,0.3853676488332896,0.1897350532114536,rl2,4OOitkcdBEpTp3V5,1,1992.0,folding clothes,"{""short sleeve shirts"",""long sleeve shirts"",shorts}",False,False,False,False,False,False,,True
2025-10-12-04-25-04-000000,1883.0,62.766666666666666,0.0,0.0,0.0,0.0,0.0,0.0,0.0,0.0,0.0,0.0,0.0,0.0,0.0,0.0,39.02601425782426,0.6220937448112261,0.0682346353469276,48.84295948107251,0.778580650601581,0.6627592780362959,0.7003371977064036,87.86897373889677,0.0,62.766666666666666,4.155230587778098,39.02601425782426,0.6220937448112261,0.8738745444357923,1.6024904584202069,39.69090860927709,0.5136393243446946,0.4902952164411545,0.574227649718523,0.1446105648700453,-0.2861602175822536,-0.1615212397688586,-0.358001376244439,0.9909670563230606,48.84295948107251,0.778580650601581,0.9320096418338992,1.9732643731663655,43.937698881591885,0.3726166132837534,0.6702357986941934,0.879088660585694,0.219544475390983,-0.1781917681115809,0.2824426250308712,-0.3912290436858301,0.9925611052072264,0.7973376577561903,0.4719525122682503,0.1173602437530214,0.0997359333617769,0.103477168975654,0.0042257750899151,0.0240405096016714,0.1041682443576256,0.0050764964468989,0.0351846560911021,5.27410983384444,0.3710489516106466,0.1846318967656696,rl2,4OOitkcdBEpTp3V5,1,1883.0,folding clothes,"{""short sleeve shirts"",""long sleeve shirts"",shorts}",False,False,False,False,False,False,,True
2025-10-12-04-31-48-000000,2972.0,99.06666666666666,0.0,0.0,0.0,0.0,0.0,0.0,0.0,0.0,0.0,0.0,0.0,0.0,0.0,0.0,42.06352717042272,0.4247411023603775,0.367241037860004,72.6985895370047,0.7340820215786403,0.5369289081309551,0.5794115619695089,114.7621167074274,0.0,99.06666666666666,4.605836630531252,42.06352717042272,0.4247411023603775,0.5848228500458224,1.2123884021070437,25.987304538489,0.4762832075357437,0.5142293013632298,0.5137744508683681,0.1258330122475529,-0.0413224996546406,-0.3803779356768242,-0.3836148154149696,0.9909121507909796,72.6985895370047,0.7340820215786403,0.7932784501209498,1.905638110587484,39.1841820056875,0.6351737305521965,0.5840202271938324,0.4392072837799787,0.1629258333312555,-0.3093293140119651,-0.0577943551333685,-0.4155680847925812,0.987209693705823,0.6538409071165749,0.4470377450070559,0.1087834428168132,0.1907620619673666,0.1011284584652754,0.0036690224401633,0.0298991375965425,0.1024935797637428,0.0050924460355916,0.0264329742381096,6.747809505977948,0.3204980267034967,0.1373702240553285,rl2,4OOitkcdBEpTp3V5,1,2972.0,folding clothes,"{""short sleeve shirts"",""long sleeve shirts"",shorts}",False,False,False,False,False,False,,True
2025-10-12-04-36-08-000000,1947.0,64.9,0.0,0.0,0.0,0.0,0.0,0.0,0.0,0.0,0.0,0.0,0.0,0.0,0.0,0.0,38.90123209393792,0.5997106694851683,0.4333224524533726,43.68422419183344,0.6734464161125404,0.370196970802364,0.6365785427988543,82.58545628577136,0.0,64.9,4.188138441508461,38.90123209393792,0.5997106694851683,0.8361560117181969,1.3871154965108936,37.49134310298413,0.664531234651804,0.3819378688931465,0.5111227342858911,0.1297278790126115,-0.0791194740860781,-0.2856195531594153,-0.3546065927354468,0.9856115107913668,43.68422419183344,0.6734464161125404,0.8919709722616423,1.6714336893611854,40.83348404159945,0.4457572496030479,0.4858396537601948,0.5100090058986098,0.110450889758575,-0.2203419564673787,0.0154439486014328,-0.3773704984585999,0.986125385405961,0.8633772974476926,0.3439492955940014,0.0542769256587005,0.1668877721766699,0.1028098271545908,0.0038438839040523,0.0270086631441105,0.1028687151261672,0.0047377713086532,0.0336799527335155,5.494222171744301,0.351075746819182,0.2008456402032911,rl2,4OOitkcdBEpTp3V5,1,1947.0,folding clothes,"{""short sleeve shirts"",""long sleeve shirts"",shorts}",False,False,False,False,False,False,,True
2025-10-12-16-21-45-000000,2202.0,73.4,0.0,0.0,0.0,0.0,0.0,0.0,0.0,0.0,0.0,0.0,0.0,0.0,0.0,0.0,41.743022677838866,0.5689644163267451,0.450108761908139,52.00344860412085,0.7088157465350412,0.4736032008520059,0.6388900814308931,93.74647128195971,0.0,73.4,4.309455941839047,41.743022677838866,0.5689644163267451,0.825340672197187,1.2341151835265831,35.68500121743261,0.4721215395256877,0.6030642413534224,0.5734344655647874,0.1632680420184299,-0.3523986786341702,-0.206658771799769,-0.4070382139245412,0.9940935938209904,52.00344860412085,0.7088157465350412,0.8793489550783548,1.6448496272481006,39.3197338196428,0.5144478250294924,0.5636027157306671,0.6166422563837841,0.1787918403414239,-0.3060521480113904,0.154440642159792,-0.4369128003684642,0.9936392548841436,0.792802767202768,0.3788074902242558,0.066491973748664,0.2339075531022094,0.1025381357078917,0.0035014130057884,0.0209478151364747,0.1023670189900083,0.0050274434130674,0.0327735191954948,5.426565773856153,0.3365688225603223,0.1683172137305305,rl2,4OOitkcdBEpTp3V5,2,2202.0,folding clothes,"{""short sleeve shirts"",""long sleeve shirts"",shorts}",False,False,False,False,False,False,,True
2025-10-12-16-27-30-000000,2587.0,86.23333333333333,0.0,0.0,0.0,0.0,0.0,0.0,0.0,0.0,0.0,0.0,0.0,0.0,0.0,0.0,38.72906362225945,0.4492930814647267,0.4229839158024987,61.236501663140054,0.7104002513125296,0.3503800229792189,0.5798466663886281,99.9655652853995,0.0,86.23333333333333,4.468586520867991,38.72906362225945,0.4492930814647267,0.6750703923973966,1.19940107506337,28.308767210134036,0.5393201392143965,0.4848615732043981,0.5723848147317767,0.1496761169471652,-0.3070175633317555,-0.1958802765462825,-0.3835177876643482,0.9895591647331786,61.236501663140054,0.7104002513125296,0.7861037502764185,1.751969055476282,37.47235727874809,0.5645046215504408,0.6144018843770027,0.5240498455241323,0.1817576245452198,-0.2900721098018783,0.1355206952190007,-0.4207664015796503,0.9949729311678268,0.7710270099625517,0.3481032775367499,0.0745566262414179,0.1938393875748578,0.1013380769699979,0.0047281370360155,0.0308860626548254,0.1014984688558184,0.0055600085496917,0.0330094456842192,6.651966906582015,0.4214128831262566,0.1819150151405739,rl2,4OOitkcdBEpTp3V5,2,2587.0,folding clothes,"{""short sleeve shirts"",""long sleeve shirts"",shorts}",False,False,False,False,False,False,,True
2025-10-12-16-35-00-000000,1483.0,49.43333333333333,0.0,0.0,0.0,0.0,0.0,0.0,0.0,0.0,0.0,0.0,0.0,0.0,0.0,0.0,32.619054449185,0.6603047459349191,0.2800846150892332,43.85797174625134,0.887813193243954,0.1876447945383512,0.7740589695894367,76.47702619543634,0.0,49.43333333333333,3.9206523321262,32.619054449185,0.6603047459349191,0.9373405510945352,1.5317658412149269,40.14371400252098,0.5730228573083878,0.3872037753462791,0.6097551640123129,0.1352904109829449,-0.2087919220990242,-0.2294858714128547,-0.3088044422168086,0.9912280701754386,43.85797174625134,0.887813193243954,1.090227931421463,2.163872105219935,47.59163978039707,0.4811359392479062,0.7091926634311676,0.6167219392955303,0.2104366749272681,-0.2286792480187718,0.1365588900865476,-0.3478554077276901,0.9919028340080972,0.8177561605084328,0.3845829873959064,0.0766314086820374,0.0233951814107857,0.1025053646975636,0.0054137880601866,0.0297665662228016,0.1035671899513927,0.0050311526732172,0.0277810910565697,4.873246218086105,0.3585011361447104,0.2427838605501233,rl2,4OOitkcdBEpTp3V5,2,1483.0,folding clothes,"{""short sleeve shirts"",""long sleeve shirts"",shorts}",False,False,False,False,False,False,,True
2025-10-12-16-41-01-000000,2095.0,69.83333333333333,0.0,0.0,0.0,0.0,0.0,0.0,0.0,0.0,0.0,0.0,0.0,0.0,0.0,0.0,42.15193385941966,0.6038959005647516,0.3175450811695554,50.04725966307696,0.717009450760415,0.2992314884338185,0.6604526756625833,92.1991935224966,0.0,69.83333333333333,4.260329699696362,42.15193385941966,0.6038959005647516,0.9207544133264712,1.412101195613633,42.216025234486246,0.4781415611505508,0.7463641986250877,0.3991617225110531,0.142447943051405,-0.2387729336154204,-0.1343355466015436,-0.3615106990236371,0.98567335243553,50.04725966307696,0.717009450760415,0.9108462287237664,1.874896605528341,43.27222907589584,0.5168091841042042,0.5598279479891062,0.4084917698055506,0.1181865647337926,-0.1702714196973656,0.1555926136802804,-0.404691688691517,0.9880611270296084,0.7864404369498613,0.3159300960164217,0.072223247600319,0.1351869272515969,0.1005895849999471,0.0068207620359294,0.0339137280663594,0.1012169675366336,0.0072817845705671,0.0308184675223884,5.279030180460269,0.2849892504525237,0.1699625190328472,rl2,4OOitkcdBEpTp3V5,2,2095.0,folding clothes,"{""short sleeve shirts"",""long sleeve shirts"",shorts}",False,False,False,False,False,False,,True
2025-10-12-16-50-06-000000,1990.0,66.33333333333333,0.0,0.0,0.0,0.0,0.0,0.0,0.0,0.0,0.0,0.0,0.0,0.0,0.0,0.0,37.928009656321606,0.572066510653418,0.3071870856250288,51.69593551497576,0.7797275341625304,0.3059601340026973,0.6758970224079741,89.62394517129736,0.0,66.33333333333333,4.209655408733095,37.928009656321606,0.572066510653418,0.838160866543313,1.4198460101494936,37.69498652693889,0.5394175127148628,0.2694616168737411,0.4355480782687664,0.0633079215338255,-0.2193660905500452,-0.301306367605625,-0.3698393283907942,0.9889391654097536,51.69593551497576,0.7797275341625304,0.9669081311265472,1.7942668870825829,46.34916653067736,0.5473318435251713,0.4699086472392082,0.4267224334180355,0.109751288554424,-0.2510798623476495,0.2114264214596238,-0.378363369181565,0.9949723479135244,0.8036174278503164,0.5205554831080986,0.1178114420797157,0.213431047002186,0.1003122153648211,0.0037230753044362,0.0213163286001842,0.1026727954903701,0.0051537966495592,0.0257254847792967,4.717103403464697,0.2682774389308486,0.1714640463672867,rl2,4OOitkcdBEpTp3V5,3,1990.0,folding clothes,"{""short sleeve shirts"",""long sleeve shirts"",shorts}",False,False,False,False,False,False,,True
2025-10-12-16-57-37-000000,2571.0,85.7,0.0,0.0,0.0,0.0,0.0,0.0,0.0,0.0,0.0,0.0,0.0,0.0,0.0,0.0,33.11828231551603,0.3865947352005763,0.2371454356353314,57.5342972172656,0.6716065823027112,0.2450639835042278,0.5291006587516438,90.65257953278164,0.0,85.7,4.462453883786496,33.11828231551603,0.3865947352005763,0.6613024395692075,0.9947928913875824,27.140777920612596,0.5264301933348179,0.3064006716012954,0.5184022805187851,0.0836175438310184,-0.1199042980585613,-0.3465197493406596,-0.3580750850097572,0.982101167315175,57.5342972172656,0.6716065823027112,0.7595885447327225,1.650223416593302,35.30976192996288,0.4345742184668779,0.4432000406086445,0.4915977641940117,0.0946833571976736,-0.327270775507427,-0.0897537474654081,-0.3856973305840128,0.9828793774319066,0.7593829833396811,0.3460692951423046,0.0704036242619735,0.191374675522444,0.1027825393035826,0.0027351351594761,0.0168602078666299,0.102121906646043,0.0051287836262516,0.0276750528720425,4.717813997997835,0.2168058969945813,0.1170312627383242,rl2,4OOitkcdBEpTp3V5,3,2571.0,folding clothes,"{""short sleeve shirts"",""long sleeve shirts"",shorts}",False,False,False,False,False,False,,True
2025-10-12-17-08-49-000000,1758.0,58.6,0.0,0.0,0.0,0.0,0.0,0.0,0.0,0.0,0.0,0.0,0.0,0.0,0.0,0.0,34.26148997017279,0.5849998287451245,0.2588980272493939,49.51849987649623,0.8455065431388087,0.2800567646851251,0.7152531859419665,83.77998984666903,0.0,58.6,4.087655574071304,34.26148997017279,0.5849998287451245,0.9041780586422912,1.4091632654969262,38.36336273661965,0.4079072270542383,0.3116764016449451,0.6056555844843388,0.0770000570942155,-0.15848247940277,-0.2607237406115262,-0.2977276701852043,0.9954467842914058,49.51849987649623,0.8455065431388087,1.0091144636551843,2.131933516791056,45.023018372925215,0.3653793577104807,0.5920867174863815,0.5034227406140417,0.1089085951909855,-0.2138933559738743,0.1763271978758539,-0.3258476658453804,0.9954467842914058,0.799278804672813,0.4507268548715304,0.1107412893376495,0.1513043101056948,0.1036171968202016,0.003860549108995,0.0209643600620247,0.1045978439524788,0.0045683678695217,0.0252374460047144,4.7883550058338304,0.2183388970254285,0.1922971469929731,rl2,4OOitkcdBEpTp3V5,3,1758.0,folding clothes,"{""short sleeve shirts"",""long sleeve shirts"",shorts}",False,False,False,False,False,False,,True
2025-10-12-19-17-44-000000,6709.0,223.63333333333333,0.0,0.0,0.0,0.0,0.0,0.0,0.0,0.0,0.0,0.0,0.0,0.0,0.0,0.0,59.449657701884774,0.2658750344449229,0.4215362977505745,94.84763952670431,0.4241844343770318,0.435762432929663,0.3450297344109773,154.2972972285891,0.0,223.63333333333333,5.414469443284061,59.449657701884774,0.2658750344449229,0.8065404196411388,0.4842364447625668,30.358736868560896,0.5728624537587166,0.5803011027164757,0.8928657500073314,0.2968177841742306,0.0824032145314821,-0.380399840168136,-0.7309459571783952,0.9874776386404294,94.84763952670431,0.4241844343770318,0.8624301700351267,0.983181890795912,33.725289163225575,0.6440818589180708,0.8253719806671143,0.9630655013024808,0.5119724771402495,-0.252727019461198,-0.0871478083841866,-0.7713236298991228,0.9897137745974957,0.9133634748558176,0.4569456188349778,0.1293769019451823,0.1499744111356771,0.1033157688734202,0.0050125398171219,0.0315429853977762,0.1000381329701875,0.0069046470844923,0.0347362948373531,28.420792321431705,0.6768993052935404,0.1234190891684596,rl2,cbb43DO-bmnqDXr5,1,6709.0,folding clothes,"{""short sleeve shirts"",""long sleeve shirts"",shorts}",False,False,False,False,False,False,,True
2025-10-12-19-30-48-000000,4552.0,151.73333333333332,0.0,0.0,0.0,0.0,0.0,0.0,0.0,0.0,0.0,0.0,0.0,0.0,0.0,0.0,55.46471585395669,0.3656210669344542,0.3327193155396921,73.41879260662424,0.483973583431933,0.3538091265612755,0.4247973251831936,128.8835084605809,0.0,151.73333333333332,5.028693481351286,55.46471585395669,0.3656210669344542,0.8526907602076405,0.7639306326093623,31.395087283318173,0.4894627258181572,0.5386284179985523,0.7944788672029972,0.2094552435865184,0.1612533121347273,-0.4242718759285833,-0.7239229396719695,0.995165897604922,73.41879260662424,0.483973583431933,0.92012620141667,1.1461986632549317,35.64854754233846,0.6961334496736526,0.7763049900531769,0.8211777936667204,0.4437742276729226,-0.2399997109324656,-0.029408193567506,-0.7604799082294853,0.996704021094265,0.8901959783246579,0.5736600375805827,0.1421825898280445,0.1487544639136069,0.1035591700881922,0.0066052425755049,0.0326131631595364,0.1021176423639925,0.0072448274152206,0.0331751941631646,25.33103686724896,0.7750793627610241,0.1702826901445553,rl2,cbb43DO-bmnqDXr5,1,4552.0,folding clothes,"{""short sleeve shirts"",""long sleeve shirts"",shorts}",False,False,False,False,False,False,,True
2025-10-12-19-55-02-000000,6997.0,233.23333333333332,0.0,0.0,0.0,0.0,0.0,0.0,0.0,0.0,0.0,0.0,0.0,0.0,0.0,0.0,88.98723592892593,0.3815919207929928,0.3758792218036352,115.5537511033396,0.4955135124499983,0.3124678316669165,0.4385527166214956,204.54098703226555,0.0,233.23333333333332,5.456317769530043,88.98723592892593,0.3815919207929928,0.7391121569236703,1.093150699661845,24.326267934731188,0.6893975846469402,0.6011072024703026,0.6326012313365936,0.2621511227903093,0.0633957930472521,-0.4437422167115276,-0.612100934883697,0.9832761578044596,115.5537511033396,0.4955135124499983,0.7737899105468334,1.2371808583284802,28.57379284383068,0.5882796319201589,0.7322812117636204,0.6571581680327654,0.2830946185623711,-0.2739415557600363,-0.2714613831183977,-0.6300015148324861,0.9902801600914808,0.8450827782066642,0.3982508362797859,0.0770011144765658,0.0939600152643661,0.1068366183822542,0.0069961241408604,0.0263970391046331,0.1028529843990621,0.0075833474928949,0.0341029034284575,28.088812943480185,0.5954321166479692,0.1818252751867616,rl2,cbb43DO-bmnqDXr5,3,6997.0,folding clothes,"{""short sleeve shirts"",""long sleeve shirts"",shorts}",False,False,False,False,False,False,,True
2025-10-12-20-04-24-000000,5542.0,184.73333333333332,0.0,0.0,0.0,0.0,0.0,0.0,0.0,0.0,0.0,0.0,0.0,0.0,0.0,0.0,57.27667058273629,0.3101065001772403,0.3458260337184778,96.70794706846772,0.5235947323685312,0.3218015910572643,0.4168506162728858,153.98461765120402,0.0,184.73333333333332,5.224311953237541,57.27667058273629,0.3101065001772403,0.7278793591081222,0.6759378156174443,27.681846591389913,0.5390117913484573,0.342384785413742,0.7260264307260513,0.1339877686864465,-0.0956574468191165,-0.4247136285863964,-0.5979058235488464,0.9888106839920592,96.70794706846772,0.5235947323685312,0.7799133941717584,1.3355112149509116,31.443946510934374,0.6128276027739048,0.6489908061921597,0.6647523269057274,0.2643849497731356,-0.3292734077935,-0.0583801034041822,-0.6339898125538405,0.9906154123804368,0.8008532509869124,0.4564102886211867,0.1411618317981211,0.10427238869847,0.1060900796331624,0.0064023671124872,0.0260808674747626,0.1017650214435773,0.0073935432869377,0.0324807431043714,22.158682234557546,0.5111114853379931,0.1506046204604471,rl2,cbb43DO-bmnqDXr5,3,5542.0,folding clothes,"{""short sleeve shirts"",""long sleeve shirts"",shorts}",False,False,False,False,False,False,,True
2025-10-12-20-15-26-000000,5872.0,195.73333333333332,0.0,0.0,0.0,0.0,0.0,0.0,0.0,0.0,0.0,0.0,0.0,0.0,0.0,0.0,56.236625243027,0.2873613962341697,0.5328399448568153,82.39371838134977,0.4210205333742962,0.3436438875529408,0.3541909648042329,138.63034362437676,0.0,195.73333333333332,5.28184917384073,56.236625243027,0.2873613962341697,0.6085352463278196,0.7005787341798954,20.0117156796681,0.5348947560414672,0.3761610016226768,0.7343837413936853,0.1477628169221716,0.1232673608452431,-0.4346475690363447,-0.6639797839825232,0.967126554249702,82.39371838134977,0.4210205333742962,0.7724984510661405,1.0546549048360123,29.316330683330236,0.6674788072705269,0.6293249763548374,0.6842100843787193,0.2874100301403525,-0.1817392527656464,-0.1969328487807553,-0.6944104274059202,0.9775166070516096,0.8086065910437031,0.3987123079000274,0.08207295597361,0.0225724602242502,0.1042032510854076,0.0067697795311583,0.0282197526660107,0.101595675758975,0.0073085693546157,0.0369690685238131,16.60626207849808,0.4307334523376739,0.1466104403853323,rl2,cbb43DO-bmnqDXr5,6,5872.0,folding clothes,"{""short sleeve shirts"",""long sleeve shirts"",shorts}",False,False,False,False,False,False,,True
2025-10-12-20-39-19-000000,6005.0,200.16666666666663,0.0,0.0,0.0,0.0,0.0,0.0,0.0,0.0,0.0,0.0,0.0,0.0,0.0,0.0,82.14253666656077,0.4104390572946074,0.1372831329288463,98.51064112280612,0.4922250555769793,0.5046896275933296,0.4513320564357934,180.6531777893669,0.0,200.16666666666663,5.304133751869476,82.14253666656077,0.4104390572946074,0.8261227034087173,1.1943017667909268,30.736317194216006,0.6707993112504482,1.094654694199562,0.4874514937400818,0.3579325194395495,-0.0814080092900872,-0.3620414478128945,-0.6528089981330721,0.987508327781479,98.51064112280612,0.4922250555769793,0.7301176558134206,1.255152638761566,28.037961727968696,0.3784717842936516,0.968105137348175,0.6209000907838345,0.2274980904980137,-0.2410742711480536,-0.0873617902281585,-0.6926742987581633,0.9913391072618256,0.8018697218058437,0.3457676059930487,0.0620209190239533,0.0609737157013938,0.104793944535519,0.0070205681226556,0.0296460819446202,0.1017744151427391,0.0088696712993569,0.0357091858465011,24.000501005185335,0.6353745311707222,0.2015062556304044,rl2,cbb43DO-bmnqDXr5,6,6005.0,folding clothes,"{""short sleeve shirts"",""long sleeve shirts"",shorts}",False,False,False,False,False,False,,True
2025-10-12-20-52-11-000000,5227.0,174.23333333333332,0.0,0.0,0.0,0.0,0.0,0.0,0.0,0.0,0.0,0.0,0.0,0.0,0.0,0.0,47.51924632318298,0.2727855701675258,0.2870734138581096,91.7118198665419,0.526474281667864,0.2514305051054876,0.3996299259176949,139.23106618972488,0.0,174.23333333333332,5.166118419157293,47.51924632318298,0.2727855701675258,0.496433925787994,0.6167921364628544,16.642971970483387,0.4511620793491602,0.6347946133464575,0.7472240161150694,0.2140014146676324,0.2409827929002241,-0.475797429339084,-0.7038094737843714,0.9894756984309224,91.7118198665419,0.526474281667864,0.686908222132424,1.3285291766050165,26.438715536503285,0.701567068696022,0.90542745962739,0.7531214710325003,0.4783963814391637,-0.1226732730426276,-0.3000734215431007,-0.7483729423485769,0.9931113662456946,0.7241688393740883,0.4274570363682173,0.1479627948618031,0.1256653619629509,0.1056461496227069,0.0062893526043717,0.0282284370635317,0.1011267324787957,0.0074360088700623,0.0324939572925008,21.8349993008708,0.6993628776340811,0.1228120231765689,rl2,cbb43DO-bmnqDXr5,5,5227.0,folding clothes,"{""short sleeve shirts"",""long sleeve shirts"",shorts}",False,False,False,False,False,False,,True
2025-10-12-21-23-35-000000,6914.0,230.46666666666667,0.0,0.0,0.0,0.0,0.0,0.0,0.0,0.0,0.0,0.0,0.0,0.0,0.0,0.0,67.07184683972419,0.291068335771984,0.3493507537426868,89.37229129849814,0.3878444581158606,0.3173816226159726,0.3394563969439223,156.44413813822234,0.0,230.46666666666667,5.444435874678031,67.07184683972419,0.291068335771984,0.4940420263874578,0.7002889967252136,15.789007317177,0.7150598913431168,0.3577202670276165,0.4653607532382011,0.1190352856828425,-0.1141127770182552,-0.3194512865665868,-0.7710303637385799,0.9824967452625488,89.37229129849814,0.3878444581158606,0.5548301429281387,1.000194793646499,19.89862485646907,0.5478489920496941,0.7077853977680206,0.444953054189682,0.1725347812711197,-0.2594647924644085,-0.0163518276565703,-0.7927679236140991,0.9879936351800954,0.780278399684691,0.3473018362054735,0.0757626902223666,0.0255001979183095,0.1044762563205727,0.0085871843227159,0.0293267443144872,0.1010877474842889,0.0086676162117203,0.0333573063448782,26.654504180628216,0.5411196257715001,0.1454784851829396,rl2,cbb43DO-bmnqDXr5,5,6914.0,folding clothes,"{""short sleeve shirts"",""long sleeve shirts"",shorts}",False,False,False,False,False,False,,True
2025-10-12-21-34-53-000000,7098.0,236.6,0.0,0.0,0.0,0.0,0.0,0.0,0.0,0.0,0.0,0.0,0.0,0.0,0.0,0.0,90.08614894347728,0.3808066039600278,0.5501522176318091,115.23769532075138,0.4871256671301313,0.5170565609826933,0.4339661355450795,205.32384426422863,0.0,236.6,5.47058858748849,90.08614894347728,0.3808066039600278,0.7170312753858721,1.2079527208164824,25.07729794899179,0.6783763654530048,0.4499516412615776,0.7741843983530998,0.2363093818069606,0.2797176284449441,-0.4675330595305165,-0.678300023764355,0.9809778779766098,115.23769532075138,0.4871256671301313,0.8509832559886875,1.3135624581618346,33.70485242268805,0.4349473416805267,0.9061734415590764,0.8130045216530561,0.3204357562437596,-0.0528236006244019,-0.2719489442772614,-0.7093967596435314,0.9880231083556432,0.7914890192968509,0.4119121685658778,0.0662822940328265,0.1877627074083109,0.1060583595134552,0.0086366168345429,0.0348693159583675,0.1050862844286975,0.0068246201111357,0.0319891224933124,25.2877812768149,0.4844371405489368,0.1718049196064471,rl2,cbb43DO-bmnqDXr5,7,7098.0,folding clothes,"{""short sleeve shirts"",""long sleeve shirts"",shorts}",False,False,False,False,False,False,,True
2025-10-12-21-50-03-000000,8106.0,270.2,0.0,0.0,0.0,0.0,0.0,0.0,0.0,0.0,0.0,0.0,0.0,0.0,0.0,0.0,67.62496790265659,0.2503083327673903,0.1772026856230829,118.12325123735218,0.4372236319704584,0.1104680868862502,0.3437659823689243,185.74821914000876,0.0,270.2,5.60285655606624,67.62496790265659,0.2503083327673903,0.4768178943840275,0.6070336863572666,16.279746557527705,0.5609715394675732,0.3428111746907234,0.6235609613358974,0.119915332600137,0.1800129239884238,-0.3873183518264864,-0.7006922533885913,0.9802590993214064,118.12325123735218,0.4372236319704584,0.5766247233147879,1.1524753753127874,24.12307677141738,0.4366364367306232,0.647871695458889,0.61099037155509,0.1728396376757286,-0.1287806591310518,-0.2490978328558339,-0.7413025365265988,0.9902529302899444,0.6525933014186304,0.3649218964755425,0.080177979990724,0.1398099318273157,0.1055555842526904,0.0078300983689719,0.0290865061434995,0.1025688705725081,0.0073010160070917,0.0298163339431665,26.899946336464268,0.4401087465051497,0.1255391842157415,rl2,cbb43DO-bmnqDXr5,7,8106.0,folding clothes,"{""short sleeve shirts"",""long sleeve shirts"",shorts}",False,False,False,False,False,False,,True
2025-10-12-23-35-41-000000,6062.0,202.06666666666663,0.0,0.0,0.0,0.0,0.0,0.0,0.0,0.0,0.0,0.0,0.0,0.0,0.0,0.0,84.11804744907928,0.4163572716502852,0.1830540875397312,116.60692125725711,0.5771667443850378,0.1939777102481437,0.4967620080176616,200.72496870633643,0.0,202.06666666666663,5.313534332352897,84.11804744907928,0.4163572716502852,0.7798021155723087,1.0495988320457483,28.38177364463924,0.4908953048288822,0.4252790138125419,0.6042610332369804,0.1261500478069552,0.0218629191078968,-0.3486317015145157,-0.7131075916381038,0.9839960402573832,116.60692125725711,0.5771667443850378,1.1977605967549396,1.380190816391032,49.10424506249621,0.6367210932075977,0.6663748137652874,0.9446503033395856,0.4008103059022496,-0.3212736664165987,-0.0218205329028486,-0.7478311894211206,0.9912555683880548,0.8244309352298641,0.4895930311591734,0.1165761134785215,0.0331471202517824,0.1041543303283415,0.0080969997156022,0.0339163191324801,0.1015024675383157,0.0087097586838724,0.0345248820485761,26.590892000397556,0.5391644856212343,0.1777213105694509,rl2,cbb43DO-bmnqDXr5,4,6062.0,folding clothes,"{""short sleeve shirts"",""long sleeve shirts"",shorts}",False,False,False,False,False,False,,True
2025-10-12-23-59-23-433000,1992.0,66.4,0.0,0.0,0.0,0.0,0.0,0.0,0.0,0.0,0.0,0.0,0.0,0.0,0.0,0.0,36.16721496615908,0.5449605469536778,0.6524366537586004,45.42157908012675,0.6844035019607244,0.6507950723827546,0.6146820244572011,81.58879404628583,0.0,66.4,4.210645017918261,36.16721496615908,0.5449605469536778,0.7732637311873494,1.2159251187031666,32.207975788846376,0.4877890665084123,0.6037674080580473,0.8458714624866843,0.2491185690190271,0.3134534129121127,-0.1788193669065706,-0.4374475786093076,0.9924660974384732,45.42157908012675,0.6844035019607244,0.8357657166500645,1.5685217412171315,35.85872361725668,0.537361390888691,0.5028448272496462,0.8537549395114183,0.2306926063427863,-0.048490784124445,-0.3025610701110982,-0.46337398754977,0.9909593169261678,0.824369629162116,0.397690597461506,0.0865016567462176,0.0874024048732802,0.1025458466865879,0.003476951262348,0.0205470726030073,0.102765977222024,0.005747530630958,0.0351450924462344,5.4039832203805584,0.3853690562090915,0.1897351203756817,rl2,4OOitkcdBEpTp3V5,1,1992.0,folding clothes,"{""short sleeve shirts"",""long sleeve shirts"",shorts}",False,False,False,False,False,False,,True
2025-10-12-23-59-38-361000,1889.0,62.96666666666667,0.0,0.0,0.0,0.0,0.0,0.0,0.0,0.0,0.0,0.0,0.0,0.0,0.0,0.0,39.10593536480563,0.6213866848221233,0.0684802646505065,48.89980378872339,0.7770095941004777,0.6660143893104774,0.6991981394613005,88.00573915352902,0.0,62.96666666666667,4.158362114345545,39.10593536480563,0.6213866848221233,0.8557068027736936,1.5986327048333009,38.99857437157544,0.5147636104375124,0.4900918006896972,0.5854059336706996,0.1476870430145831,-0.286023948852381,-0.1615980049151391,-0.35854007815406,0.9904661016949152,48.89980378872339,0.7770095941004777,0.9104897737770092,1.9824145594011096,43.21772668694611,0.3917769258841872,0.6707015419378877,0.8475837726145983,0.2227156791161655,-0.178329680891251,0.2820263065318485,-0.391628747253766,0.993114406779661,0.783600084405735,0.4715139839260295,0.1174489055893359,0.1021085482106262,0.1034657193937154,0.0041944576675147,0.022286014524876,0.1042586955725897,0.0048574729197087,0.0292045396540033,5.282104365950396,0.3710298796904626,0.1851872951235233,rl2,4OOitkcdBEpTp3V5,1,1889.0,folding clothes,"{""short sleeve shirts"",""long sleeve shirts"",shorts}",False,False,False,False,False,False,,True
2025-10-12-23-59-52-539000,2973.0,99.1,0.0,0.0,0.0,0.0,0.0,0.0,0.0,0.0,0.0,0.0,0.0,0.0,0.0,0.0,41.94003822123854,0.4233516644135787,0.3405066560099612,72.70458446735688,0.7338955363461329,0.5231184906723958,0.5786236003798557,114.64462268859542,0.0,99.1,4.6061696863211745,41.94003822123854,0.4233516644135787,0.5818433967491407,1.2110494116045254,25.8658695400658,0.4711046852171421,0.5139826033264399,0.4967681355774402,0.1202872438745111,-0.0413541897515501,-0.3806769678665508,-0.3837060768732389,0.990578734858681,72.70458446735688,0.7338955363461329,0.8040651814044728,1.8857499006811684,39.55292902291379,0.6350163538008928,0.5847751013934612,0.4185929987579584,0.1554410578185344,-0.309347028376361,-0.0578079953576948,-0.4153029697747031,0.9865410497981156,0.6615807851311147,0.4473603594709813,0.1085901170254747,0.1901650057900633,0.1011132870985435,0.0036804911607467,0.0300847995930041,0.1025592720422904,0.0050928141286663,0.0270393693337725,6.755502028591495,0.3205066476619651,0.1377420980332295,rl2,4OOitkcdBEpTp3V5,1,2973.0,folding clothes,"{""short sleeve shirts"",""long sleeve shirts"",shorts}",False,False,False,False,False,False,,True
2025-10-13-00-00-06-022000,1947.0,64.9,0.0,0.0,0.0,0.0,0.0,0.0,0.0,0.0,0.0,0.0,0.0,0.0,0.0,0.0,38.90123568879645,0.5997107249043645,0.4333272043625317,43.68421756152924,0.6734463138981898,0.370196331329987,0.6365785194012771,82.58545325032568,0.0,64.9,4.188138441508461,38.90123568879645,0.5997107249043645,0.8361568650020029,1.3871303652676494,37.49136134712276,0.664532694965601,0.3819406107068062,0.5111246583983302,0.1297295837320562,-0.0791191709671278,-0.2856217814570185,-0.3546057409460024,0.9856115107913668,43.68421756152924,0.6734463138981898,0.8919710555552428,1.67143320507402,40.83348785550607,0.4457582756876945,0.4858454465866089,0.5100111616775393,0.1104529278261523,-0.2203413622571479,0.0154418736250956,-0.3773696043882107,0.986125385405961,0.8633774362376804,0.3439492909703545,0.0542769225511854,0.1668877453840009,0.1028098267935461,0.0038438787875709,0.0270086515026149,0.1028687150708628,0.0047377713152817,0.0336799578722644,5.494225704962988,0.3510747591841099,0.2008457012446205,rl2,4OOitkcdBEpTp3V5,1,1947.0,folding clothes,"{""short sleeve shirts"",""long sleeve shirts"",shorts}",False,False,False,False,False,False,,True
2025-10-13-00-00-19-171000,2185.0,72.83333333333333,0.0,0.0,0.0,0.0,0.0,0.0,0.0,0.0,0.0,0.0,0.0,0.0,0.0,0.0,41.47466047065518,0.569706874596912,0.4086693615845344,51.9272912163797,0.7132869672579629,0.4730897629133869,0.6414969209274375,93.40195168703488,0.0,72.83333333333333,4.30181030081708,41.47466047065518,0.569706874596912,0.8437246601179236,1.2401532596447007,36.48776821596244,0.4691027905791998,0.548214468639344,0.5599246183410287,0.1439952189406687,-0.3518548513773308,-0.2077518647361879,-0.4056908018153919,0.9926739926739928,51.9272912163797,0.7132869672579629,0.9073467925606232,1.6489999024334272,40.47685902239907,0.4929976630955934,0.5604276098310947,0.6191409879829735,0.1710621552258268,-0.3062903189353935,0.1537201174313348,-0.4359945487724382,0.9935897435897436,0.8110920910456086,0.3790229931353089,0.066375590055895,0.233907544093535,0.1025052803170772,0.0035303980274076,0.0209478516498392,0.1024219090408248,0.0049770162795044,0.0328086765605811,5.342058378045715,0.3213868508664938,0.166417602964877,rl2,4OOitkcdBEpTp3V5,2,2185.0,folding clothes,"{""short sleeve shirts"",""long sleeve shirts"",shorts}",False,False,False,False,False,False,,True
2025-10-13-00-00-33-262000,2584.0,86.13333333333334,0.0,0.0,0.0,0.0,0.0,0.0,0.0,0.0,0.0,0.0,0.0,0.0,0.0,0.0,39.25446339251397,0.4559171125727522,0.4192991576809814,61.59029702668235,0.7153344602402132,0.355327634234006,0.5856257864064827,100.84476041919632,0.0,86.13333333333334,4.467439512522012,39.25446339251397,0.4559171125727522,0.7389001611244098,1.1970030107800838,31.51229468732688,0.6017871890217066,0.4853481594473123,0.6616245359182358,0.1932448494642743,-0.3070625677054615,-0.1959801393099008,-0.3833709961533598,0.989159891598916,61.59029702668235,0.7153344602402132,0.8168038993070327,1.753677040008207,38.999194619630686,0.5726168751716614,0.61426942050457,0.6040195431560278,0.2124584599239813,-0.2901469047005424,0.135708059224744,-0.4206014947108665,0.994579945799458,0.7883619623862239,0.3483763365220712,0.0745745284463057,0.1942052803454739,0.1013374106925731,0.0047321071752907,0.0307909904038576,0.1014792501674388,0.0055621478125452,0.0325870578061061,6.930825607313243,0.4276025585544022,0.1970013841646978,rl2,4OOitkcdBEpTp3V5,2,2584.0,folding clothes,"{""short sleeve shirts"",""long sleeve shirts"",shorts}",False,False,False,False,False,False,,True
2025-10-13-00-00-46-425000,1475.0,49.166666666666664,0.0,0.0,0.0,0.0,0.0,0.0,0.0,0.0,0.0,0.0,0.0,0.0,0.0,0.0,32.12555501683641,0.6538444033277424,0.2648698791139076,42.84893955923605,0.8720951063616563,0.1881181441265512,0.7629697548446993,74.97449457607246,0.0,49.166666666666664,3.915350795520821,32.12555501683641,0.6538444033277424,0.9014873719379228,1.5445765033784455,38.72744491514303,0.5709553193300962,0.385804483667016,0.5340679511427879,0.1176429513215404,-0.2101417040490245,-0.2294014311506081,-0.3105849919998544,0.991180461329715,42.84893955923605,0.8720951063616563,0.9890936616570054,2.1391319726876676,43.57066972039422,0.491302297450602,0.5850119963288307,0.4892565314657986,0.1406210054936838,-0.2300520438593575,0.1375056522877855,-0.3496048675777422,0.9925373134328358,0.8033232875964954,0.3855341734649174,0.0750357462382986,0.1792039698345122,0.102470542947006,0.0054221975264874,0.0283199903505096,0.1035886035865163,0.0049795701095597,0.0248699775302507,4.538964360472991,0.3460669596682961,0.2184210889217057,rl2,4OOitkcdBEpTp3V5,2,1475.0,folding clothes,"{""short sleeve shirts"",""long sleeve shirts"",shorts}",False,False,False,False,False,False,,True
2025-10-13-00-01-00-898000,2095.0,69.83333333333333,0.0,0.0,0.0,0.0,0.0,0.0,0.0,0.0,0.0,0.0,0.0,0.0,0.0,0.0,42.151927738059634,0.6038958128661838,0.3175213309473969,50.047286598479985,0.7170098366544411,0.2991779804871766,0.6604528247603125,92.19921433653964,0.0,69.83333333333333,4.260329699696362,42.151927738059634,0.6038958128661838,0.9207536593948082,1.4121014011832358,42.216005876101846,0.4781341105699539,0.746329577639699,0.3991606626659632,0.1424387376599857,-0.2387732510368266,-0.134343722458292,-0.3615117453554365,0.98567335243553,50.047286598479985,0.7170098366544411,0.9108460132553272,1.8748973146406025,43.272214954897294,0.5168071463704109,0.5598103739321232,0.4084935989230871,0.1181829178388009,-0.1702714391211648,0.1555844971439595,-0.4046927541192078,0.9880611270296084,0.7864404189617396,0.3159300927671737,0.0722232435865679,0.1351869295371565,0.1005895858011479,0.0068207620446522,0.0339137387036631,0.1012169673649136,0.0072817847288091,0.0308184712227358,5.279017783399613,0.2849788680347195,0.1699625591703498,rl2,4OOitkcdBEpTp3V5,2,2095.0,folding clothes,"{""short sleeve shirts"",""long sleeve shirts"",shorts}",False,False,False,False,False,False,,True
2025-10-13-00-01-17-454000,1990.0,66.33333333333333,0.0,0.0,0.0,0.0,0.0,0.0,0.0,0.0,0.0,0.0,0.0,0.0,0.0,0.0,37.92792475213952,0.5720652300473532,0.3071576512780828,51.69588929853694,0.7797268370820052,0.3059316889945767,0.6758960335646791,89.62381405067646,0.0,66.33333333333333,4.209655408733095,37.92792475213952,0.5720652300473532,0.8381557703500219,1.4198755502068117,37.69473991644642,0.5394185483455658,0.2694464102387428,0.4355418868362903,0.0633035705010044,-0.2193691272475761,-0.301298277415148,-0.3698443514046882,0.9889391654097536,51.69588929853694,0.7797268370820052,0.9669060474982056,1.7942919101481376,46.349080956410226,0.5473308525979519,0.4699128922075033,0.4267386551946401,0.1097562535065896,-0.2510782209898921,0.2114348400676981,-0.3783603237193059,0.9949723479135244,0.8036181820137768,0.5205554982148513,0.1178114634356854,0.2134311306969586,0.1003122117723328,0.0037231006926767,0.0213167023624572,0.1026727956694075,0.0051537967150777,0.0257254716011056,4.717137782332629,0.2683026194285381,0.1714641960783792,rl2,4OOitkcdBEpTp3V5,3,1990.0,folding clothes,"{""short sleeve shirts"",""long sleeve shirts"",shorts}",False,False,False,False,False,False,,True
2025-10-13-00-01-37-879000,2583.0,86.1,0.0,0.0,0.0,0.0,0.0,0.0,0.0,0.0,0.0,0.0,0.0,0.0,0.0,0.0,33.29072981873705,0.3868016632696016,0.2362260068441438,57.81743585406176,0.6717750099232581,0.2463869328351332,0.5292883365964299,91.1081656727988,0.0,86.1,4.467056883858457,33.29072981873705,0.3868016632696016,0.6338152673844499,0.996210312279019,26.436152690703945,0.5220097508281469,0.3183335661888122,0.5021999012678862,0.083452177472841,-0.1196903434599722,-0.3461849019666928,-0.3576440094759961,0.9821843532145624,57.81743585406176,0.6717750099232581,0.7431377154055927,1.6718773738785129,34.93493223188507,0.4436597973108291,0.4436226543039083,0.4877149891108274,0.0959908628615963,-0.3267050637253151,-0.0891748527051511,-0.3848948709658075,0.982571649883811,0.7486042060816082,0.3460131993432176,0.0701995827862308,0.1911386604835853,0.102779679104728,0.0027573681310187,0.0174671977688401,0.1021044128591785,0.0051250478368427,0.0278423956551463,4.6751079175549295,0.2102773792149117,0.1143508393375519,rl2,4OOitkcdBEpTp3V5,3,2583.0,folding clothes,"{""short sleeve shirts"",""long sleeve shirts"",shorts}",False,False,False,False,False,False,,True
2025-10-13-00-02-22-038000,1758.0,58.6,0.0,0.0,0.0,0.0,0.0,0.0,0.0,0.0,0.0,0.0,0.0,0.0,0.0,0.0,34.26144753577961,0.5849991041965784,0.2589079606874832,49.518464985397195,0.8455059473886829,0.2800637486879743,0.7152525257926308,83.77991252117681,0.0,58.6,4.087655574071304,34.26144753577961,0.5849991041965784,0.9041729519150642,1.4091770423395835,38.36313122402056,0.4079144615679979,0.3116749729961157,0.6056613121181726,0.0770017979797444,-0.1584825764245441,-0.2607235633180105,-0.2977263023245092,0.9954467842914058,49.518464985397195,0.8455059473886829,1.0091109861883871,2.131905389309024,45.02286200314592,0.3653910830616951,0.5920851454138756,0.5034299739636481,0.1089133658706236,-0.2138930798769929,0.1763274304861991,-0.3258463045506949,0.9954467842914058,0.7992769862715823,0.4507268514547816,0.1107412842740312,0.1513042852825989,0.1036171975849257,0.0038605521893516,0.0209643756115811,0.1045978436869458,0.0045683680267115,0.0252374428134302,4.788330140411036,0.2183437152174175,0.1922972698632861,rl2,4OOitkcdBEpTp3V5,3,1758.0,folding clothes,"{""short sleeve shirts"",""long sleeve shirts"",shorts}",False,False,False,False,False,False,,True
2025-10-13-00-04-59-000000,7163.0,238.76666666666668,0.0,0.0,0.0,0.0,0.0,0.0,0.0,0.0,0.0,0.0,0.0,0.0,0.0,0.0,108.51575146230584,0.4545479675885473,0.153847595780644,139.08865121888505,0.582610937805997,0.1546534955261415,0.5185794526972721,247.6044026811909,0.0,238.76666666666668,5.479666228205201,108.51575146230584,0.4545479675885473,1.3670472350485552,1.2426128716324665,54.914718726814385,0.6170146092772484,0.4181399345397949,1.628617599606514,0.4201808136267611,-0.0346036838670784,-0.3554362364026998,-0.6637392730159448,0.982127897235409,139.08865121888505,0.582610937805997,1.1666652188728894,1.376226206610042,46.92366149408215,0.4756795447319746,0.6318826545029879,0.5726365447044373,0.1721194583224799,-0.3412522375393821,-0.1216948731276576,-0.7203967396576079,0.989388438983524,0.6043268171212991,0.4095786071794046,0.0797355662623076,0.1472892383891037,0.1059711284557164,0.0067486139624062,0.0279166796465911,0.1024064044435912,0.0084313200997545,0.0325023053683016,27.14855099507006,0.4688681496887191,0.2090983532790857,rl2,cbb43DO-bmnqDXr5,4,7163.0,folding clothes,"{""short sleeve shirts"",""long sleeve shirts"",shorts}",False,False,False,False,False,False,,True
2025-10-13-00-26-50-123000,1608.0,53.6,0.0,0.0,0.0,0.0,0.0,0.0,0.0,0.0,0.0,0.0,0.0,0.0,0.0,0.0,29.339221388654114,0.54771415162391,0.0718074496089438,35.09857557038424,0.6552316534608135,0.1094805106292791,0.6014729025423617,64.43779695903835,0.0,53.6,4.000033882750859,29.339221388654114,0.54771415162391,0.7943309269449339,1.3159160542692288,36.03206191495818,0.5041028819978237,0.3009394146502018,0.4318798165768385,0.0655180797749295,-0.1699625754222709,-0.2297769310236653,-0.251297185046596,0.9813316739265712,35.09857557038424,0.6552316534608135,0.7968109016621356,1.7711088790161764,37.42618561539924,0.4469783119857311,0.4013428967446089,0.4020354198291898,0.0721217653655619,-0.2429760852064103,0.075827501722863,-0.2902831244004418,0.9670192906036092,0.7988709862426281,0.3283723160292386,0.0443471889832462,0.2293391068417178,0.1014292836279964,0.0038499905736681,0.0298128664550878,0.1025574857714413,0.0053421429309183,0.0266721531820746,4.182510432104716,0.4134817924267227,0.1854828605067152,rl2,4OOitkcdBEpTp3V5,4,1608.0,folding clothes,"{""short sleeve shirts"",""long sleeve shirts"",shorts}",False,False,False,False,False,False,,True
2025-10-13-00-27-04-770000,1781.0,59.36666666666667,0.0,0.0,0.0,0.0,0.0,0.0,0.0,0.0,0.0,0.0,0.0,0.0,0.0,0.0,29.85766209347379,0.5032190240473111,0.2199011771591494,41.89456861334881,0.7060882350564407,0.2752177117826489,0.604653629551876,71.7522307068226,0.0,59.36666666666667,4.100437076221258,29.85766209347379,0.5032190240473111,0.7447143750263657,1.229041307813636,33.430537641569536,0.621379904448986,0.1842644959688186,0.3142352048307657,0.0359793825807781,-0.2034808751143377,-0.3137501039380675,-0.273836823113384,0.9938202247191013,41.89456861334881,0.7060882350564407,0.8452580081142168,1.57486990481064,40.38166349145073,0.5681745857000351,0.4306895826011896,0.3515459559857845,0.086025712364329,-0.2763103184727915,0.1881120326841336,-0.2888063873472356,0.994943820224719,0.7800598562512396,0.5129162269810558,0.0983295464649963,0.2335775407569043,0.1006313202166932,0.0043760360196166,0.032850898404375,0.1023400323836375,0.0059074763195788,0.0296132229155172,4.39372407182116,0.3097058489103722,0.1517678818420959,rl2,4OOitkcdBEpTp3V5,4,1781.0,folding clothes,"{""short sleeve shirts"",""long sleeve shirts"",shorts}",False,False,False,False,False,False,,True
2025-10-13-00-27-19-744000,2082.0,69.4,0.0,0.0,0.0,0.0,0.0,0.0,0.0,0.0,0.0,0.0,0.0,0.0,0.0,0.0,32.05723685165481,0.4621418094904585,0.1918716893526694,43.65883262417378,0.6293921089501266,0.172911497132555,0.5457669592202926,75.71606947582859,0.0,69.4,4.254193263163997,32.05723685165481,0.4621418094904585,0.6605589427077625,1.0878145006596616,29.632237280583617,0.4552882928401232,0.2688579447567463,0.3088499251753092,0.03780566293727,-0.2241223982945048,-0.2453162122023981,-0.2811868089840789,0.9827006246996636,43.65883262417378,0.6293921089501266,0.7279291505833795,1.691218003895165,34.71552740690703,0.522862883284688,0.3911308608949184,0.3358157202601433,0.0686769374028663,-0.2833610934256348,0.106499331584491,-0.31084962929514,0.9908697741470448,0.7495782960253413,0.3662947623503712,0.0621763211280549,0.1826460637104319,0.1008150152311701,0.0035879414092312,0.0214269025430428,0.1021695749603982,0.0054281331917818,0.0253445410921803,4.325640223520616,0.2972970527707182,0.142333322666464,rl2,4OOitkcdBEpTp3V5,4,2082.0,folding clothes,"{""short sleeve shirts"",""long sleeve shirts"",shorts}",False,False,False,False,False,False,,True
2025-10-13-00-27-33-211000,2122.0,70.73333333333333,0.0,0.0,0.0,0.0,0.0,0.0,0.0,0.0,0.0,0.0,0.0,0.0,0.0,0.0,29.5338865569949,0.4177353119801259,0.3864341387449432,57.21267494389424,0.8092316116533839,0.4367043092971035,0.613483461816755,86.74656150088914,0.0,70.73333333333333,4.272955539619519,29.5338865569949,0.4177353119801259,0.5711678688869257,1.0413181985794515,24.50354740215952,0.6048373356461525,0.2112971246242523,0.3606152255088091,0.0460867664193677,-0.199484288100413,-0.2870489154695678,-0.2669731015348272,0.9882131070249882,57.21267494389424,0.8092316116533839,0.8126164761202057,2.008068027348322,38.476881365719485,0.620224729180336,0.4947683829814195,0.4392715338617563,0.1347981953447487,-0.2558237681771882,0.1060579587270398,-0.3095966983888505,0.9933993399339934,0.6126748008874339,0.4191534288661493,0.1144347566176128,0.17280253433427,0.0995764873055126,0.0040055145405764,0.0273159354199756,0.1019197541585047,0.005365222847539,0.0261389801753884,4.927262433973156,0.2306224048952622,0.116326035799954,rl2,4OOitkcdBEpTp3V5,4,2122.0,folding clothes,"{""short sleeve shirts"",""long sleeve shirts"",shorts}",False,False,False,False,False,False,,True
2025-10-13-00-35-50-000000,7045.0,234.83333333333337,0.0,0.0,0.0,0.0,0.0,0.0,0.0,0.0,0.0,0.0,0.0,0.0,0.0,0.0,77.81884634289513,0.3314260917499792,0.0954700711309252,135.96793404827247,0.5790797872584007,0.4464167945431704,0.45525293950419,213.7867803911676,0.0,234.83333333333337,5.463125340849283,77.81884634289513,0.3314260917499792,0.5661309166385552,0.8527765455173855,20.660565703780534,0.4342898838222027,0.4188950806856155,0.3547599092125892,0.0645385952820103,0.0535114084796767,-0.4176432564791167,-0.6216836682135455,0.987649063032368,135.96793404827247,0.5790797872584007,0.7591376779279051,1.497114943177181,30.60350947068603,0.6193624064326286,0.6280221110209823,0.6963950283825397,0.2708790625265089,-0.2926700889238013,-0.196772626253409,-0.6537033762528995,0.9909142532651902,0.6476364303675713,0.4390543084422755,0.1258255095829156,0.1272232324475274,0.1069765521007033,0.0058030639553,0.0336270237612442,0.1016421415447104,0.0079638736235311,0.0350458815619909,24.116580697541636,0.4169310145327726,0.1307936542512605,rl2,cbb43DO-bmnqDXr5,16,7045.0,folding clothes,"{""short sleeve shirts"",""long sleeve shirts"",shorts}",False,False,False,False,False,False,,True
2025-10-13-00-43-42-000000,6058.0,201.93333333333337,0.0,0.0,0.0,0.0,0.0,0.0,0.0,0.0,0.0,0.0,0.0,0.0,0.0,0.0,79.43650298963627,0.3934447894484214,0.1143556073135686,99.74878945326776,0.4940504678220296,0.0620103320431764,0.4437476286352254,179.18529244290403,0.0,201.93333333333337,5.312877517879366,79.43650298963627,0.3934447894484214,0.5767932681211849,1.2125085114833665,19.933701341947256,0.5592706389725208,0.3656386435031891,0.2728380933403969,0.0557929230274312,-0.0323455780072733,-0.3223535027447196,-0.6038475891015009,0.9841505695889052,99.74878945326776,0.4940504678220296,0.5954139909691544,1.3408074877513092,23.3844609626066,0.359549205750227,0.4541124543175101,0.3127099350094795,0.0510579561355329,-0.2508489331928475,-0.1054912255348903,-0.6409604492304879,0.9891035165923724,0.7052240111243163,0.3282937270803157,0.0489536587651779,0.1672292951362527,0.1052874521688822,0.0064190890319303,0.0285542402261245,0.1010151709094709,0.0093915810460362,0.0356831050208364,19.080334510763215,0.3246368084219143,0.1973529535892448,rl2,cbb43DO-bmnqDXr5,16,6058.0,folding clothes,"{""short sleeve shirts"",""long sleeve shirts"",shorts}",False,False,False,False,False,False,,True
2025-10-13-00-57-30-000000,8208.0,273.6,0.0,0.0,0.0,0.0,0.0,0.0,0.0,0.0,0.0,0.0,0.0,0.0,0.0,0.0,112.01515382286324,0.4094619976466306,0.1664962171642008,153.48782006674148,0.5610618498845187,0.1491446012930157,0.4852619237655746,265.50297388960473,0.0,273.6,5.6153154933338705,112.01515382286324,0.4094619976466306,0.717233394955453,1.0884355402167407,28.400278509658055,0.5809340551495552,0.378911517560482,0.5206734389066696,0.1146119934344938,0.0799545148208503,-0.3551030592202276,-0.6782128607280566,0.9893992932862192,153.48782006674148,0.5610618498845187,0.88103513503506,1.3708881680288427,36.98094961485225,0.5815729759633541,0.601878073066473,0.5185638889670372,0.1815160409092845,-0.2662718257520504,-0.0289463315018711,-0.7148610796901029,0.9926891677835994,0.7641352767389348,0.4883167442239651,0.109217744075577,0.1225237537506906,0.1036336151460325,0.0071960773749797,0.0318907091204418,0.1011966740766643,0.0084474129049636,0.0354718321876032,34.603280218713,0.507552652349317,0.174917631969324,rl2,cbb43DO-bmnqDXr5,14,8208.0,folding clothes,"{""short sleeve shirts"",""long sleeve shirts"",shorts}",False,False,False,False,False,False,,True
2025-10-13-01-18-34-000000,6488.0,216.26666666666668,0.0,0.0,0.0,0.0,0.0,0.0,0.0,0.0,0.0,0.0,0.0,0.0,0.0,0.0,96.7842675430302,0.4475918030354411,0.1517546576367734,152.30617745378862,0.7043603088659872,0.1339507938478113,0.5759760559507142,249.09044499681883,0.0,216.26666666666668,5.381125477735352,96.7842675430302,0.4475918030354411,0.7944561703251917,1.0217543561140154,32.38565716169733,0.4780472032725811,0.3941990248858928,0.8331564757972956,0.1570047897667358,0.1007540393451345,-0.4419126610120049,-0.6974626175632055,0.996916910744566,152.30617745378862,0.7043603088659872,0.9540440624362077,1.7794138674647593,41.84658709327091,0.5904703587293625,0.6735713854432106,0.8383511882275343,0.3334323356671945,-0.164677880771941,-0.1126934416119179,-0.7428829273370895,0.9978418375211964,0.7129780211458139,0.4469177647946229,0.1216111603068486,0.0374932976537119,0.1043346952785274,0.0055305406927231,0.0337141300640404,0.1017650286680072,0.006806605535511,0.031550174752458,32.50926611166306,0.5580113836700806,0.1816059328260452,rl2,cbb43DO-bmnqDXr5,14,6488.0,folding clothes,"{""short sleeve shirts"",""long sleeve shirts"",shorts}",False,False,False,False,False,False,,True
2025-10-13-02-24-10-000000,5958.0,198.6,0.0,0.0,0.0,0.0,0.0,0.0,0.0,0.0,0.0,0.0,0.0,0.0,0.0,0.0,77.89370324128085,0.3922798551684447,0.5475861643591522,91.34128390099532,0.46000310844886,0.5543836274695186,0.4261414818086523,169.23498714227617,0.0,198.6,5.296315363877364,77.89370324128085,0.3922798551684447,0.6419228469541114,1.0523607953736642,21.26589432492528,0.5098864212632179,0.5194588974118233,0.7481431309133768,0.1981569589444378,0.1024914854118608,-0.330179297046679,-0.6787123525294483,0.9890884673493368,91.34128390099532,0.46000310844886,0.644851895384948,1.1417723193303422,23.51268611342684,0.4799207299947738,0.5230734944343567,0.7770139835774899,0.195056783276997,-0.1071287538039055,-0.1150280422085185,-0.7104662287900285,0.9944602988081248,0.8145850823834828,0.3212696932161385,0.0541737629484344,0.1710204230393034,0.107024951058284,0.0057207875917279,0.0344335281749973,0.1027177551753879,0.0088961645962455,0.0353436174613672,26.147746933253856,0.4628487714676435,0.2098024433668898,rl2,cbb43DO-bmnqDXr5,8,5958.0,folding clothes,"{""short sleeve shirts"",""long sleeve shirts"",shorts}",False,False,False,False,False,False,,True
2025-10-13-02-33-23-000000,6097.0,203.23333333333332,0.0,0.0,0.0,0.0,0.0,0.0,0.0,0.0,0.0,0.0,0.0,0.0,0.0,0.0,69.00961869712822,0.3396142652417727,1.2953821486884836,119.95170161057574,0.5903134921780302,0.8719165847859762,0.4649638787099014,188.96132030770391,0.0,203.23333333333332,5.319263131063499,69.00961869712822,0.3396142652417727,0.7323550827175999,0.7699517132202485,27.151760952180556,1.013588763773441,0.7984779253602028,0.8104527518153191,0.6559223099815016,0.2867695282673017,-0.2884926748276734,-0.6861982677948804,0.9958989501312336,119.95170161057574,0.5903134921780302,1.0236787613992775,1.4988985500377627,41.51217795054991,0.7708537615835667,1.1071449890732763,0.8266733288764954,0.705521772850495,-0.1007237683334604,-0.1967679107592467,-0.7104294992713277,0.9973753280839897,0.7154843625520196,0.4365188550578544,0.1526749983881779,0.0837481494760982,0.1043411752618775,0.0050248413853969,0.0339999280618966,0.1009654531515797,0.0067309465660874,0.0346563213703666,31.98951663866367,1.0018908196349705,0.1670292002236327,rl2,cbb43DO-bmnqDXr5,8,6097.0,folding clothes,"{""short sleeve shirts"",""long sleeve shirts"",shorts}",False,False,False,False,False,False,,True
2025-10-13-02-48-34-000000,5935.0,197.83333333333337,0.0,0.0,0.0,0.0,0.0,0.0,0.0,0.0,0.0,0.0,0.0,0.0,0.0,0.0,78.08650961729703,0.3947750738993782,0.0834420887401171,92.62108374529424,0.4682562373371801,0.1104348635281296,0.4315156556182792,170.70759336259127,0.0,197.83333333333337,5.292466952869861,78.08650961729703,0.3947750738993782,0.5826950255554338,1.2669687644297618,19.81491805826172,0.5339647866785526,0.2827552668750286,0.2450310811400413,0.0369951248336566,0.0204394266782948,-0.3917824703851666,-0.6059197092894857,0.9674755645433096,92.62108374529424,0.4682562373371801,0.5882202241985619,1.269401107504794,21.10886815754646,0.3491017837077379,0.3939059972763061,0.2000619322061538,0.0275111737536604,-0.1768694856361797,-0.161966549774409,-0.6390969179715041,0.975901584091675,0.7058522473208239,0.3181824918491137,0.0516478701708798,0.1542577288146029,0.1034840582580639,0.0047588432282101,0.0248550226592141,0.1017426714626676,0.0065383294650741,0.0306164862152489,14.464724398508348,0.2301462739363186,0.1904308211282348,rl2,cbb43DO-bmnqDXr5,11,5935.0,folding clothes,"{""short sleeve shirts"",""long sleeve shirts"",shorts}",False,False,False,False,False,False,,True
2025-10-13-02-56-33-000000,4908.0,163.6,0.0,0.0,0.0,0.0,0.0,0.0,0.0,0.0,0.0,0.0,0.0,0.0,0.0,0.0,49.45960171412605,0.3023819138829797,0.0895250667291826,69.28763025861673,0.4236048314160387,0.1212923639811288,0.3629933726495092,118.74723197274278,0.0,163.6,5.103518288242969,49.45960171412605,0.3023819138829797,0.5111701845686312,0.8099560457349211,16.124616600532324,0.2028857432305812,0.3425304107367992,0.3448772206902504,0.0239670827604075,0.231936008985949,-0.3395600827075328,-0.6369068986753695,0.9708579580191564,69.28763025861673,0.4236048314160387,0.6051917146629997,1.0600210455586123,22.53083601887504,0.3505822066217661,0.4499694323167205,0.4521521665155887,0.0713275814373343,-0.1183426207561082,-0.2164190238180491,-0.6522233554578789,0.9757489300998572,0.7608006863397577,0.3763474649254997,0.0669802154451164,0.1422687256123582,0.099879987766365,0.0049614594957923,0.0249846570655093,0.0987432535833316,0.0076400558632313,0.0339625739070438,12.475124638200482,0.2878985399201103,0.1674684966513308,rl2,cbb43DO-bmnqDXr5,11,4908.0,folding clothes,"{""short sleeve shirts"",""long sleeve shirts"",shorts}",False,False,False,False,False,False,,True
2025-10-13-03-51-05-413000,2429.0,80.96666666666667,0.0,0.0,0.0,0.0,0.0,0.0,0.0,0.0,0.0,0.0,0.0,0.0,0.0,0.0,31.88818998476525,0.3940056423158803,0.548756795483718,57.68896448307204,0.7127961015206594,0.6401218365332997,0.5534008719182699,89.57715446783729,0.0,80.96666666666667,4.406312660554037,31.88818998476525,0.3940056423158803,0.5686215578033822,1.031655574023045,23.13225388995795,0.3669358324259519,0.5462837591767311,0.5403325594961643,0.1083102483058549,0.2423537155178507,-0.3347345364382417,-0.577725902495744,0.9954695222405272,57.68896448307204,0.7127961015206594,0.7622049036401317,1.8044823018883944,34.74430844192311,0.6848097741603851,0.7509729117155075,0.6020960286259651,0.3096420862098478,-0.1483581725568554,-0.201800953649119,-0.5769071332687039,0.992998352553542,0.6748013904639644,0.4472476040101211,0.1280224106883292,0.1449338361549644,0.1035305851595104,0.0028849849361979,0.0130934392366882,0.1011715210077626,0.0062599150091039,0.0318621340821114,6.650972659027023,0.3557051026043235,0.1382741195566004,rl2,w06Lr-M7fxyxM1_2,16,2429.0,folding clothes,"{""short sleeve shirts"",""long sleeve shirts"",shorts}",False,False,False,False,False,False,,True
2025-10-13-03-51-22-623000,2175.0,72.5,0.0,0.0,0.0,0.0,0.0,0.0,0.0,0.0,0.0,0.0,0.0,0.0,0.0,0.0,43.66630912296282,0.6025709630583646,0.3416115636501241,44.29323440352337,0.6112221858811874,0.3286417764002472,0.606896574469776,87.95954352648619,0.0,72.5,4.297285406218791,43.66630912296282,0.6025709630583646,0.8142714792065728,1.6278560088184704,35.13252387145325,0.3363595511764288,0.6204489879310131,0.4977200105786323,0.103871151571582,0.3117387674526236,-0.0944114262835074,-0.502632321645131,0.9894204231830728,44.29323440352337,0.6112221858811874,0.7859749647930144,1.584166755828115,34.76506065876767,0.4562046155333519,0.419369903858751,0.4657922908663749,0.0891146757654385,-0.1037078223428849,-0.1989645163966449,-0.527633374292275,0.9935602575896963,0.7850138278759137,0.4471620689121984,0.1068375491480237,0.2009924009800981,0.1034797246556243,0.0046124356736625,0.0209999525307941,0.1017354656804444,0.0068416545055655,0.0316436799379803,5.835939418149984,0.2208153890670275,0.1248192387538422,rl2,w06Lr-M7fxyxM1_2,16,2175.0,folding clothes,"{""short sleeve shirts"",""long sleeve shirts"",shorts}",False,False,False,False,False,False,,True
2025-10-13-03-52-23-515000,2256.0,75.2,0.0,0.0,0.0,0.0,0.0,0.0,0.0,0.0,0.0,0.0,0.0,0.0,0.0,0.0,45.37803641023433,0.6036989322869312,0.2922321369109567,57.34191061474366,0.7628635558502482,0.3364002424927341,0.6832812440685897,102.71994702497798,0.0,75.2,4.333361462692601,45.37803641023433,0.6036989322869312,1.0043531782838968,1.4993451210237738,42.689012094098985,0.3991104867309332,0.4429688155651092,0.5912409089505672,0.1045275493922606,0.2160816231093547,-0.3746012205882196,-0.5338304545086353,0.9982261640798226,57.34191061474366,0.7628635558502482,0.8986382659132134,1.914083848602647,40.27473064226572,0.571792084723711,0.4206532277166843,0.5136422943323851,0.1235444220352969,-0.195126455914599,-0.1489509034232624,-0.5261205462004052,0.9982261640798226,0.7223036777323796,0.479822023582288,0.1222198311521444,0.1177622695926932,0.1016660851866169,0.0035498451888411,0.0184345022038821,0.0993855692939045,0.0055929183617967,0.0314672737614801,7.896106018460824,0.301582699340339,0.1409133666104585,rl2,w06Lr-M7fxyxM1_2,13,2256.0,folding clothes,"{""short sleeve shirts"",""long sleeve shirts"",shorts}",False,False,False,False,False,False,,True
2025-10-13-03-52-56-528000,2325.0,77.5,0.0,0.0,0.0,0.0,0.0,0.0,0.0,0.0,0.0,0.0,0.0,0.0,0.0,0.0,50.09595679728864,0.6466775834417638,0.3412291270786188,50.89885255393546,0.6570419864965852,0.3229597094372623,0.6518597849691745,100.9948093512241,0.0,77.5,4.363098624788363,50.09595679728864,0.6466775834417638,1.0844548413160828,1.633787067702059,48.546204392538456,0.225249383598566,0.3466286747716367,0.5123559851199389,0.0400036769778418,0.274221871123519,-0.1375574550689799,-0.5065148037567895,0.982788296041308,50.89885255393546,0.6570419864965852,1.0050752836786114,1.66676397147654,45.94462545864643,0.2742891032248735,0.2909182321745902,0.4423700869083404,0.0352992311928882,-0.0305867479104668,-0.1630608962029619,-0.506381692312738,0.9858003442340793,0.9248471731808788,0.3122752243269871,0.0504328884879352,0.1717167918593495,0.101908181130815,0.0039778014851897,0.02124719786757,0.1017582834229884,0.0043957475130496,0.0294618740375788,4.580730778583753,0.1785689234388609,0.1040820377803093,rl2,w06Lr-M7fxyxM1_2,13,2325.0,folding clothes,"{""short sleeve shirts"",""long sleeve shirts"",shorts}",False,False,False,False,False,False,,True
2025-10-13-03-53-27-758000,2495.0,83.16666666666667,0.0,0.0,0.0,0.0,0.0,0.0,0.0,0.0,0.0,0.0,0.0,0.0,0.0,0.0,36.201787623807846,0.4354665712567103,0.3246160894390769,68.64454511223151,0.8257162603716701,0.2817591919398728,0.6305914158141903,104.84633273603936,0.0,83.16666666666667,4.432798960047305,36.201787623807846,0.4354665712567103,0.894298739785757,1.0362672881846715,35.48992238784175,0.4832595251500606,0.3034155201166868,0.5180052947252989,0.0759543083678315,-0.3076720340494701,-0.2666697287390788,-0.5626268563183671,0.9935846030473136,68.64454511223151,0.8257162603716701,0.9662826153042192,2.062594478107319,42.97605721723337,1.0288430005311966,0.5565751045942307,0.5985059849917889,0.342721524954344,-0.2222815144914417,0.1306090353258998,-0.5559155813125307,0.9959903769045708,0.56383956530099,0.4496153627059625,0.1452882882522481,0.1253542365821849,0.1032356900344387,0.0032817264493902,0.0179471140143812,0.1011698472123173,0.006712046027798,0.0333930942678275,6.986957743968604,0.3047231850531417,0.1333764430051413,rl2,w06Lr-M7fxyxM1_2,13,2495.0,folding clothes,"{""short sleeve shirts"",""long sleeve shirts"",shorts}",False,False,False,False,False,False,,True
2025-10-13-03-53-53-876000,2418.0,80.6,0.0,0.0,0.0,0.0,0.0,0.0,0.0,0.0,0.0,0.0,0.0,0.0,0.0,0.0,48.57916360041081,0.6029685180026166,0.5011290328959911,56.963947973596646,0.7070411415837399,0.4627472423878503,0.6550048297931782,105.54311157400744,0.0,80.6,4.401829261970061,48.57916360041081,0.6029685180026166,0.987155457199808,1.6212932494621528,42.25686884127565,0.400957316160202,0.3565324153751135,0.7879706677049398,0.1126437797724882,0.0609199425985156,-0.3402006473520122,-0.6992292934843795,0.9958626396359124,56.963947973596646,0.7070411415837399,1.0690768442142946,1.7982709574262958,46.572550073949785,0.6089502749964595,0.8058501593768597,0.7834172388538718,0.3844406039990586,-0.0969376907369231,-0.0430139882613116,-0.6878534519164442,0.9987587918907735,0.8690473400126965,0.3436621875189558,0.0714002135584408,0.14348816354893,0.1022062486395368,0.0030642790204405,0.0176729639322841,0.1014411571064503,0.0049376976257735,0.0259996700998179,10.557291132533852,0.5740707943880061,0.1636859175845218,rl2,w06Lr-M7fxyxM1_2,11,2418.0,folding clothes,"{""short sleeve shirts"",""long sleeve shirts"",shorts}",False,False,False,False,False,False,,True
2025-10-13-03-54-21-206000,2680.0,89.33333333333333,0.0,0.0,0.0,0.0,0.0,0.0,0.0,0.0,0.0,0.0,0.0,0.0,0.0,0.0,44.56116210354836,0.4990051747317845,0.4907822339193463,68.4135804563178,0.7661095235869854,0.4397533310442124,0.632557349159385,112.97474255986616,0.0,89.33333333333333,4.503506532211591,44.56116210354836,0.4990051747317845,0.8705939907087803,1.2566604641109231,36.38141248932135,0.5037266593426466,0.378185698762536,0.873033064417541,0.1663147357253169,-0.256719185057124,-0.2612575224809237,-0.6808922113881989,0.9985069055617768,68.4135804563178,0.7661095235869854,0.9252438122779711,1.9716656202393064,41.99357086525478,0.8059131391346455,0.5744167491793633,0.8648487441241741,0.4003644338763716,-0.1570194896686311,0.1309638299381935,-0.6913391016284699,0.9988801791713324,0.7764336051330923,0.4461692690876874,0.1259719791191206,0.2006643179879187,0.1018666798117249,0.0033024360059912,0.022244151488911,0.0994437376450214,0.0071827488759624,0.0332475603503911,12.419569168136956,0.6425476979124453,0.2421998557520921,rl2,w06Lr-M7fxyxM1_2,11,2680.0,folding clothes,"{""short sleeve shirts"",""long sleeve shirts"",shorts}",False,False,False,False,False,False,,True
2025-10-13-03-55-38-230000,2370.0,79.0,0.0,0.0,0.0,0.0,0.0,0.0,0.0,0.0,0.0,0.0,0.0,0.0,0.0,0.0,37.3058927747105,0.4724258266109391,0.5492283983653738,57.49617557502006,0.7281069089280718,0.5052074288708408,0.6002663677695055,94.80206834973056,0.0,79.0,4.382026634673881,37.3058927747105,0.4724258266109391,0.7943154055206749,1.2757524983316202,31.728358520672906,0.3280579503625631,0.2677511777728796,0.6947736535221338,0.0610274604983227,-0.2196483517486114,-0.1470026579367209,-0.7167943672603193,0.9945124525116082,57.49617557502006,0.7281069089280718,0.8308049416727707,1.7961119583078748,38.239700601762046,0.4136040825396776,0.4126333501189947,0.7220363207161427,0.1232276559230808,-0.0863032232128075,0.1550317456335701,-0.7097697295075605,0.9953566905867456,0.7506940007349252,0.3434267841439427,0.0736769892874518,0.1447982108259771,0.103812496556991,0.0025040352610187,0.0175337116151195,0.101932555662913,0.0061702995485468,0.0299835437688296,6.342762603837544,0.3510814544492945,0.1267924372512306,rl2,w06Lr-M7fxyxM1_2,8,2370.0,folding clothes,"{""short sleeve shirts"",""long sleeve shirts"",shorts}",False,False,False,False,False,False,,True
2025-10-13-03-55-42-588000,413.0,13.766666666666667,0.0,0.0,0.0,0.0,0.0,0.0,0.0,0.0,0.0,0.0,0.0,0.0,0.0,0.0,5.456323947995392,0.3973051418443247,0.5826208859176175,8.730779628884061,0.6357363807439851,0.4935254761796585,0.5165207612941549,14.187103576879451,0.0,13.766666666666667,2.69237238838298,5.456323947995392,0.3973051418443247,0.744976881104673,0.9155725261426876,31.934217937185657,0.3515161816030741,0.2368774302303791,0.6452160626649857,0.0537247218375641,-0.0057362928517505,-0.3103934893199664,-0.7241497819760665,0.983009708737864,8.730779628884061,0.6357363807439851,0.7995195237245148,1.727556961902862,38.36842909997723,0.3167525343596935,0.3599037863314152,0.5830693617463112,0.0664701617174432,-0.2044456751913409,-0.036810820996953,-0.7111610984632669,0.9902912621359224,0.7501273838087177,0.3502089930672398,0.0712892259641361,0.1830185510652953,0.1035421903243019,0.0022130420317401,0.0124306941770841,0.1018527992483094,0.005830937009611,0.0298894453257846,1.0345295138431982,0.2307233352025363,0.1027379168370862,rl2,w06Lr-M7fxyxM1_2,8,413.0,folding clothes,"{""short sleeve shirts"",""long sleeve shirts"",shorts}",False,False,False,False,False,True,suspiciously_short,False
2025-10-13-03-56-06-797000,2493.0,83.1,0.0,0.0,0.0,0.0,0.0,0.0,0.0,0.0,0.0,0.0,0.0,0.0,0.0,0.0,47.30509772459075,0.5694835199589577,0.5706693914424387,55.90421987354338,0.6730042520892061,0.4994728273609665,0.6212438860240819,103.20931759813412,0.0,83.1,4.432006566978902,47.30509772459075,0.5694835199589577,0.9467772405076766,1.5893109398017586,39.839867045103944,0.3650172613561153,0.2169611565768718,0.7842211909592152,0.0621060578026489,-0.0661833318842465,-0.288122174816824,-0.695827289082101,0.9951845906902088,55.90421987354338,0.6730042520892061,0.905365768522756,1.8169410716930376,40.18962801290798,0.2869564788416028,0.4198649898171425,0.7597948908805847,0.0915423519330214,-0.1512130464024085,0.0596476975641901,-0.6764021606961205,0.9979935794542536,0.9012478583449084,0.3656745516545652,0.0685066528396072,0.1879359398839171,0.1031744598397258,0.0028314367323059,0.0185790188456249,0.1029825930323397,0.0048151104653124,0.0304117651814515,8.402220665347444,0.381456926254107,0.1660275008422584,rl2,w06Lr-M7fxyxM1_2,8,2493.0,folding clothes,"{""short sleeve shirts"",""long sleeve shirts"",shorts}",False,False,False,False,False,False,,True
2025-10-13-03-56-28-534000,1871.0,62.36666666666667,0.0,0.0,0.0,0.0,0.0,0.0,0.0,0.0,0.0,0.0,0.0,0.0,0.0,0.0,39.121551581280045,0.6276184745659901,0.0580696408250809,45.43770152437355,0.72894708327872,0.0400056763808571,0.678282778922355,84.5592531056536,0.0,62.36666666666667,4.148937960826274,39.121551581280045,0.6276184745659901,0.9822373288295976,1.6020411153162617,38.65556473956322,0.3182583209127188,0.5182706099003553,0.8340814560651779,0.1375766767109839,0.2830339209756499,-0.1843896545179811,-0.6916244644542259,0.9978609625668448,45.43770152437355,0.72894708327872,0.9411422246909196,1.7382182658707468,38.73927282107078,0.4671439863741398,0.4717725273221731,0.7930336128920317,0.1747732671672489,-0.182639326193912,-0.0711025348499259,-0.6838667978324048,0.997326203208556,0.8886978422529943,0.4893155720660923,0.1206543756802377,0.2125062844810779,0.1025976838921513,0.0033065893941827,0.0180446681830777,0.1015477128935931,0.0055730299370448,0.0291868185043008,8.777864450477413,0.4968716097166686,0.177829900375028,rl2,w06Lr-M7fxyxM1_2,8,1871.0,folding clothes,"{""short sleeve shirts"",""long sleeve shirts"",shorts}",False,False,False,False,False,False,,True
2025-10-13-03-56-52-773000,2216.0,73.86666666666666,0.0,0.0,0.0,0.0,0.0,0.0,0.0,0.0,0.0,0.0,0.0,0.0,0.0,0.0,51.03708543300069,0.6912472067675037,0.5844131479240114,49.704682088354446,0.6732011118061549,0.6230795239182576,0.6822241592868293,100.74176752135511,0.0,73.86666666666666,4.315708753636233,51.03708543300069,0.6912472067675037,1.0543418216165712,1.8821820382683323,45.77007848138245,0.3377097938209772,0.3313759863376617,0.6688426416367292,0.0748494550157367,0.0578659156069246,-0.1499600665320885,-0.653123482439788,0.9918735891647856,49.704682088354446,0.6732011118061549,0.9996265738450888,1.8299084180046312,43.673407846787946,0.2685368172824383,0.2881815219298005,0.7127749994397163,0.0551597674253127,-0.1951782931119795,0.0212894868361122,-0.648410563061303,0.9914221218961624,0.9481589638833816,0.3131602313794004,0.0598738342950316,0.1958032184650582,0.103433750641271,0.0033189593106561,0.0187607090307162,0.1031085515290749,0.0041448832574997,0.0246902256924737,5.592684472108054,0.248770344203845,0.1118725351638432,rl2,w06Lr-M7fxyxM1_2,8,2216.0,folding clothes,"{""short sleeve shirts"",""long sleeve shirts"",shorts}",False,False,False,False,False,False,,True
2025-10-13-03-58-47-763000,2387.0,79.56666666666666,0.0,0.0,0.0,0.0,0.0,0.0,0.0,0.0,0.0,0.0,0.0,0.0,0.0,0.0,38.098376780716336,0.4790240165219991,0.6266901954333944,57.185579132106,0.7190139874112237,0.5856904868515069,0.5990190019666115,95.28395591282234,0.0,79.56666666666666,4.389084999041327,38.098376780716336,0.4790240165219991,0.8217691746033055,1.2195212781288736,32.42912701852923,0.521225530654192,0.2432719767093658,0.7386301215738058,0.0936579782249339,-0.1438865034896014,-0.685784168388487,-0.6721666331282397,0.9928751047778708,57.185579132106,0.7190139874112237,0.8478262975909027,1.777796650177689,37.17988409503992,0.4812961658462882,0.4301084540784359,0.7410735040903091,0.1534092924845516,-0.2354789845646208,-0.3685729012711057,-0.6640454043743872,0.9979044425817268,0.7905380811706322,0.348028202667163,0.0759682482243648,0.12821539989663,0.1038737374906836,0.0029051504656599,0.0250778081014855,0.101629389624191,0.0064189062725191,0.0324587125744581,7.341612048798866,0.4729015183322139,0.1563278098941533,rl2,w06Lr-M7fxyxM1_2,7,2387.0,folding clothes,"{""short sleeve shirts"",""long sleeve shirts"",shorts}",False,False,False,False,False,False,,True
2025-10-13-03-59-26-539000,2360.0,78.66666666666667,0.0,0.0,0.0,0.0,0.0,0.0,0.0,0.0,0.0,0.0,0.0,0.0,0.0,0.0,36.32340469282986,0.4619339299639237,0.3460780381014166,60.210689581071755,0.7657145771225743,0.5153259250401374,0.6138242535432489,96.53409427390162,0.0,78.66666666666667,4.377851263263401,36.32340469282986,0.4619339299639237,0.7114547691679255,1.2573441752131114,30.08387035391482,0.5004548169672489,0.3158338703215122,0.6369498539716005,0.1006766644731251,0.0082460484013624,-0.3822738959627636,-0.5987399317600401,0.9940652818991098,60.210689581071755,0.7657145771225743,0.8452869036551269,1.976108652813873,39.57702503583938,0.5693045137450099,0.613419096916914,0.7267877850681543,0.253810473344968,-0.1879736110860071,-0.0249181905911628,-0.5955352832204109,0.9978804578211108,0.6590358892849675,0.44333461353524,0.1154570100843154,0.1205790805607443,0.1040980310543477,0.0029050747339396,0.0174452754911353,0.101497137673644,0.0069902624211479,0.0320787852156274,8.76863087093183,0.4569515478037442,0.1738364567521951,rl2,w06Lr-M7fxyxM1_2,6,2360.0,folding clothes,"{""short sleeve shirts"",""long sleeve shirts"",shorts}",False,False,False,False,False,False,,True
2025-10-13-15-48-09-742000,2792.0,93.06666666666666,0.0,0.0,0.0,0.0,0.0,0.0,0.0,0.0,0.0,0.0,0.0,0.0,0.0,0.0,26.828358564658014,0.2883736140952133,0.5444588061723313,37.595348108744545,0.404106213995821,0.142194750071678,0.3462399140455171,64.42370667340256,0.0,93.06666666666666,4.544003750750604,26.828358564658014,0.2883736140952133,0.4728511781398315,0.6684247515820074,19.48747091058569,0.6686163917183876,0.3129957839846611,0.710040396079421,0.1485930731683707,0.0572066074370654,-0.3524860741135618,-0.5808863922337172,0.9853099247581512,37.595348108744545,0.404106213995821,0.6493522949278456,1.0254405471758263,28.155978029735746,0.5424980036914349,0.3845358956605196,0.7293384540826082,0.1521472626282273,-0.1401845861842295,-0.0737973807843909,-0.5869771066071054,0.9838767466857756,0.4649815732427871,0.3601942326181512,0.0643341319380727,0.0976331254516488,0.0950818279725095,0.0085533228446661,0.0306188877792736,0.0966326701942955,0.0083557917685909,0.0306633729496606,8.053392362674924,0.4646095491181512,0.0925668075242597,rl2,__zQ0kS-xjtwKdGt,10,2792.0,folding clothes,"{""short sleeve shirts"",""long sleeve shirts"",shorts}",False,False,False,False,False,False,,True
2025-10-13-15-48-25-302000,2547.0,84.9,0.0,0.0,0.0,0.0,0.0,0.0,0.0,0.0,0.0,0.0,0.0,0.0,0.0,0.0,40.24242386542885,0.4741840989642048,0.4060523215535759,30.255806003005382,0.3565098900589793,0.3435467777600056,0.4153469945115921,70.49822986843424,0.0,84.9,4.45318382899021,40.24242386542885,0.4741840989642048,0.9003262781598244,1.17587873232839,38.77301239907988,0.4166645873337984,0.3974807411432266,0.6868487615138292,0.1137532468146845,0.272033837884606,-0.1978003872598879,-0.5738484268634342,0.9823252160251374,30.255806003005382,0.3565098900589793,0.5890493389614613,0.9003235292909724,25.49747909512989,0.3370038643479347,0.5561009906232357,0.5516637302935123,0.1033862972152491,-0.0361111295810989,-0.1691283134253228,-0.6009038147616372,0.979183032207384,0.4861685361199764,0.3303628323624286,0.0763013448237646,0.0234540707441371,0.1034198447437302,0.0060815213084629,0.0316600412383325,0.1057512930900289,0.0044851284037635,0.0289946490021473,7.415870271888584,0.364548153863164,0.120180590719581,rl2,__zQ0kS-xjtwKdGt,10,2547.0,folding clothes,"{""short sleeve shirts"",""long sleeve shirts"",shorts}",False,False,False,False,False,False,,True
2025-10-13-15-48-40-837000,2883.0,96.1,0.0,0.0,0.0,0.0,0.0,0.0,0.0,0.0,0.0,0.0,0.0,0.0,0.0,0.0,41.2813600007694,0.4297157529573497,0.1319358005636029,38.37865961928766,0.3995002736220089,0.3818760488420823,0.4146080132896793,79.66001962005706,0.0,96.1,4.575741375297279,41.2813600007694,0.4297157529573497,1.1814542338094454,0.8397094491154318,49.72799479934215,0.544614989310503,0.4743084227666259,0.719911489635706,0.1859642795514116,-0.094190981038796,-0.255873303162782,-0.6051095054387022,0.9944482997918112,38.37865961928766,0.3995002736220089,0.8745009350688634,0.8811294085601896,36.903379458727535,0.5036581959575415,0.367060374468565,0.6571338623762131,0.1214862862046334,-0.1622332903168313,0.052865929309509,-0.6079767052842704,0.9941013185287996,0.6470032851553088,0.3390540966777025,0.0827016370094429,0.0129524646980433,0.0981015890757526,0.0089209956138974,0.0320080815451325,0.100393835982638,0.0089890697449646,0.0316202853545339,12.144064216430827,0.5269663072969984,0.1512318410698477,rl2,__zQ0kS-xjtwKdGt,10,2883.0,folding clothes,"{""short sleeve shirts"",""long sleeve shirts"",shorts}",False,False,False,False,False,False,,True
2025-10-13-16-22-05-280000,2575.0,85.83333333333333,0.0,0.0,0.0,0.0,0.0,0.0,0.0,0.0,0.0,0.0,0.0,0.0,0.0,0.0,45.07579720770221,0.525358941814711,0.4654851148836141,57.02756751670235,0.6646569640641299,0.4892739044340247,0.5950079529394204,102.10336472440456,0.0,85.83333333333333,4.4639905725253115,45.07579720770221,0.525358941814711,0.8950512048040903,1.1374784193391143,39.30127968355905,0.6805772483348846,0.6204808717593551,0.655128600075841,0.2766510885510615,-0.2033711513251211,-0.2391166860049644,-0.3734785569994484,0.9933954933954934,57.02756751670235,0.6646569640641299,0.8400583742883568,1.675951222847876,39.064626758987295,0.5214596278965473,0.4714239854365587,0.7058247855165973,0.1735119019482879,-0.2352565687549418,0.0854952722199959,-0.4119693796031484,0.9953379953379954,0.7454061376370595,0.3460189913765205,0.0672201647523845,0.0921191301216798,0.1016070965870124,0.0037939535618111,0.0280552920241401,0.1015770896425562,0.0055856579873789,0.0324005344975265,5.789046916518593,0.3996829328227556,0.1581795734384148,rl2,4OOitkcdBEpTp3V5,5,2575.0,folding clothes,"{""short sleeve shirts"",""long sleeve shirts"",shorts}",False,False,False,False,False,False,,True
2025-10-13-16-22-15-663000,2143.0,71.43333333333334,0.0,0.0,0.0,0.0,0.0,0.0,0.0,0.0,0.0,0.0,0.0,0.0,0.0,0.0,56.56638567219703,0.7922462979299305,0.5991324677945292,59.35633184452816,0.8313211742931114,0.5526986843323592,0.811783736111521,115.9227175167252,0.0,71.43333333333334,4.2826665985942745,56.56638567219703,0.7922462979299305,1.2992898141208835,2.176259657430256,57.02566397329822,0.4677940905094147,0.3327343799173832,0.8074410986155272,0.1256791570626944,-0.1000474998701365,-0.2322348232741319,-0.7008020467256559,0.9827264239028944,59.35633184452816,0.8313211742931114,1.263399406033098,2.2709540542627376,55.104275764616,0.4199647177010774,0.4214229099452495,0.8252897895872593,0.1460620593205988,-0.1354991181380807,0.0505329415153005,-0.7086613477049964,0.9836601307189542,0.8774340221602606,0.2989004877026991,0.0545732420245592,0.1437164224144456,0.1006231161512435,0.0044079640974088,0.0306139888501215,0.10307647710932,0.0051318043146074,0.0303635377725208,5.229582241345293,0.3788108189392447,0.1147924197930877,rl2,4OOitkcdBEpTp3V5,6,2143.0,folding clothes,"{""short sleeve shirts"",""long sleeve shirts"",shorts}",False,False,False,False,False,False,,True
2025-10-13-16-22-29-635000,2103.0,70.1,0.0,0.0,0.0,0.0,0.0,0.0,0.0,0.0,0.0,0.0,0.0,0.0,0.0,0.0,31.78127999138447,0.4535862986401209,0.2086546837338646,45.355884230481834,0.6473247035749071,0.4766493104441146,0.550455501107514,77.1371642218663,0.0,70.1,4.264087336809195,31.78127999138447,0.4535862986401209,0.7039152217680182,1.0901887030923023,31.27189232005891,0.4634146457538008,0.288471246138215,0.3997214064002037,0.0534354772417356,-0.3056885578004883,-0.2060046942808935,-0.3701176129164607,0.9895337773549,45.355884230481834,0.6473247035749071,0.7950076174034643,1.496704715486681,37.82698003534152,0.4010260701179504,0.5372617077082396,0.5021438077092171,0.1081898717628702,-0.1137681811588718,0.2766875111275902,-0.3938444891862157,0.9866793529971456,0.7415211103317382,0.5265189310748627,0.1097437080764667,0.2067304135485021,0.0992143814064357,0.0044457299180703,0.0256475542352938,0.1037224157837593,0.0043277282499359,0.0260243904253373,4.263397459934098,0.1982364386766235,0.1080484103056123,rl2,4OOitkcdBEpTp3V5,5,2103.0,folding clothes,"{""short sleeve shirts"",""long sleeve shirts"",shorts}",False,False,False,False,False,False,,True
2025-10-13-16-22-42-479000,1856.0,61.86666666666667,0.0,0.0,0.0,0.0,0.0,0.0,0.0,0.0,0.0,0.0,0.0,0.0,0.0,0.0,33.24848418717886,0.5377113345635395,0.2962327024714973,41.76718103862804,0.675480016797219,0.2812190579056445,0.6065956756803792,75.0156652258069,0.0,61.86666666666667,4.141016081531247,33.24848418717886,0.5377113345635395,0.9110648931180052,1.1727513271244745,40.44419368596666,0.3619756083935499,0.3992434600368142,0.3799459990113973,0.0549084258225454,-0.1745444108553407,-0.1875127173331967,-0.3485940678410457,0.9929919137466308,41.76718103862804,0.675480016797219,0.8887165562744375,1.732985919223244,41.307693402613246,0.3423606632277369,0.4479227168485522,0.3614776618778705,0.0554330037310251,-0.1539842761874375,0.1132536295993869,-0.3819427949131531,0.9897574123989218,0.8567506071357177,0.3103070693902251,0.0457261884037625,0.138936550750081,0.1015056450551834,0.0034075106101615,0.0205257589958678,0.1036762270041912,0.0046770511117061,0.0236094791276708,3.7012324288499654,0.1647597930521743,0.1371087348081008,rl2,4OOitkcdBEpTp3V5,5,1856.0,folding clothes,"{""short sleeve shirts"",""long sleeve shirts"",shorts}",False,False,False,False,False,False,,True
2025-10-13-16-22-55-437000,3000.0,100.0,0.0,0.0,0.0,0.0,0.0,0.0,0.0,0.0,0.0,0.0,0.0,0.0,0.0,0.0,40.23395428033722,0.4024737007036068,0.1691028737892465,66.44939010248433,0.6647154728491264,0.4674335658132803,0.5335945867763665,106.68334438282156,0.0,100.0,4.61512051684126,40.23395428033722,0.4024737007036068,0.7052907946782154,1.0234506132111472,30.861589377417157,0.4834447801113128,0.2694542557001114,0.57132413610816,0.0744242546860864,-0.2548448281669989,-0.1957300706735501,-0.3792758268620819,0.9849949983327776,66.44939010248433,0.6647154728491264,0.7918652439249997,1.6470668985268158,38.01316777575233,0.541376231238246,0.4162113945931196,0.560404634103179,0.1262742704446584,-0.236011262102363,0.1099575139103156,-0.4114072127342224,0.9886628876292096,0.7467375738388289,0.3277694438606031,0.0714473976098674,0.1277504834042892,0.1005911384605821,0.0034477896254383,0.0234827304548445,0.1012749862868697,0.0052486232398383,0.027900205508822,6.540585991635027,0.3077876862582389,0.1371800961167404,rl2,4OOitkcdBEpTp3V5,5,3000.0,folding clothes,"{""short sleeve shirts"",""long sleeve shirts"",shorts}",False,False,False,False,False,False,,True
2025-10-13-16-23-05-802000,3184.0,106.13333333333334,0.0,0.0,0.0,0.0,0.0,0.0,0.0,0.0,0.0,0.0,0.0,0.0,0.0,0.0,53.14007948978933,0.5008490055588062,0.3053508932192194,72.87379105783799,0.6868406320248633,0.1296193768870032,0.5938448187918347,126.01387054762732,0.0,106.13333333333334,4.674074164635303,53.14007948978933,0.5008490055588062,0.9970427545622966,1.0717449903384246,41.561787511357934,0.453448187559843,0.2526509128510952,0.9369859215803444,0.1073449474295994,0.0397388965848496,-0.2860631581387674,-0.7382704169308385,0.9915174363807728,72.87379105783799,0.6868406320248633,1.0174170998280416,1.6537678618187228,44.69478315279964,0.3965404368937015,0.4890437684953213,0.8691046824678779,0.1685416727526449,-0.1816210995370349,-0.0682258194082346,-0.7449307336902536,0.994344957587182,0.8522107261119546,0.3275289384449307,0.0744929738796993,0.1198514494048187,0.1008698762738174,0.0037496895214357,0.0301573995956141,0.1013070322810898,0.0047282036054325,0.032227248676163,9.780760399383936,0.4463900571038742,0.1551634111156245,rl2,4OOitkcdBEpTp3V5,6,3184.0,folding clothes,"{""short sleeve shirts"",""long sleeve shirts"",shorts}",False,False,False,False,False,False,,True
2025-10-13-16-23-16-056000,2226.0,74.2,0.0,0.0,0.0,0.0,0.0,0.0,0.0,0.0,0.0,0.0,0.0,0.0,0.0,0.0,51.300025305314,0.691685734453672,0.4549000010025675,57.942916523693455,0.7812528070610354,0.4781875657497304,0.7364692707573537,109.24294182900746,0.0,74.2,4.320151230955794,51.300025305314,0.691685734453672,1.0798300454413128,1.5775041784290018,44.735681073839395,0.4928892347961664,0.3592669200152159,0.8999419314786792,0.1593606348605716,-0.1397551448667641,-0.3055164461214051,-0.7191631735535966,0.9950561797752808,57.942916523693455,0.7812528070610354,1.0181154586043208,2.033608967517047,44.87864068128175,0.4190848050639033,0.5029308088123798,0.8649679478257895,0.1823098652176669,-0.1460805796191384,0.1399321574980426,-0.6887403326477229,0.9964044943820224,0.8787037933484795,0.4550835487482291,0.1100622919577689,0.1385265084873548,0.1004884753758757,0.0035814201500986,0.0284155162547454,0.1016493540218713,0.0053036184463707,0.030399489395695,9.86958604700976,0.478888743871993,0.2078147268827152,rl2,4OOitkcdBEpTp3V5,6,2226.0,folding clothes,"{""short sleeve shirts"",""long sleeve shirts"",shorts}",False,False,False,False,False,False,,True
2025-10-13-16-23-27-391000,2161.0,72.03333333333333,0.0,0.0,0.0,0.0,0.0,0.0,0.0,0.0,0.0,0.0,0.0,0.0,0.0,0.0,60.50801491604213,0.8403890960561406,0.3160889423569162,62.193112120815385,0.8637932239002137,0.2412805168122526,0.8520911599781772,122.70112703685751,0.0,72.03333333333333,4.290915957933311,60.50801491604213,0.8403890960561406,1.312175220336436,2.385237935441525,59.45100511633654,0.3826919998973608,0.3119991086423397,0.8596954215317965,0.1026472575172188,0.1971006351352869,-0.1714406281232966,-0.7049119736963072,0.9921296296296296,62.193112120815385,0.8637932239002137,1.3061764123188466,2.3806264041780354,59.820421240202656,0.4990494288504123,0.3443003869615495,0.8524833153933287,0.1464761652271871,-0.0793181180399969,-0.127255043043705,-0.6863216484695577,0.9921296296296296,0.880666235381902,0.2922091264318383,0.0575611798630164,0.127964209576191,0.1014666176096888,0.0033875884717914,0.0204335407485239,0.1039912731808286,0.0039288561912527,0.0207959554837011,6.94559346391035,0.3820033800852584,0.1696511382257308,rl2,4OOitkcdBEpTp3V5,6,2161.0,folding clothes,"{""short sleeve shirts"",""long sleeve shirts"",shorts}",False,False,False,False,False,False,,True
2025-10-13-16-37-33-020000,2271.0,75.7,0.0,0.0,0.0,0.0,0.0,0.0,0.0,0.0,0.0,0.0,0.0,0.0,0.0,0.0,38.79473209270019,0.5127057104762139,0.4140436710668917,45.59727832664181,0.6026072025547377,0.4393483596074687,0.5576564565154757,84.392010419342,0.0,75.7,4.33990170837321,38.79473209270019,0.5127057104762139,0.7241182705470616,1.4506669446940728,32.238917430671236,0.5534743275493383,0.4375805202871561,0.522001663222909,0.1264233657752981,0.1549572935750283,-0.2926690445672384,-0.4328191689006863,0.990748898678414,45.59727832664181,0.6026072025547377,0.7698231696233463,1.5222398066905742,35.30680951238738,0.4269693437963724,0.5150920432060957,0.5289853475987911,0.1163389601992199,-0.1617185862707027,-0.0783345052287938,-0.4401470801540011,0.988546255506608,0.783364628190066,0.3996369601032798,0.0986358779454573,0.2345992762424745,0.1031727171418949,0.0061722033335178,0.0304956027189809,0.1032663693549356,0.007542506516731,0.0295471189932175,5.688321068873421,0.3124302205512638,0.1190241666239428,rl2,__zQ0kS-xjtwKdGt,11,2271.0,folding clothes,"{""short sleeve shirts"",""long sleeve shirts"",shorts}",False,False,False,False,False,False,,True
2025-10-13-16-38-08-386000,3440.0,114.66666666666669,0.0,0.0,0.0,0.0,0.0,0.0,0.0,0.0,0.0,0.0,0.0,0.0,0.0,0.0,40.464823719061656,0.3529935189217358,0.2111584340694003,53.87398010625597,0.4699678404151436,0.1691204138777482,0.4114806796684397,94.33880382531764,0.0,114.66666666666669,4.750712491278749,40.464823719061656,0.3529935189217358,1.0056447342153478,0.7566415198835224,42.87872846505149,0.7217507511377335,0.4349821362411603,0.7387383412569761,0.2319259297355507,0.0733883090647544,-0.2970447693919278,-0.576936996100622,0.997092177958709,53.87398010625597,0.4699678404151436,0.9347313090544708,1.1905605426739572,40.92094948864838,0.4076064769178629,0.6001026704907417,0.6743103601038456,0.1649401814588229,-0.1698288254037792,-0.0811586448603626,-0.587003361042264,0.9941843559174178,0.8757448624582408,0.3438546126547062,0.0737443752347516,0.0152645914426178,0.0936494670156732,0.0099621619517802,0.0329728566005758,0.0963876549834282,0.0091356105000605,0.0320352722151684,13.6335350607469,0.6893435996061488,0.1370938927861539,rl2,__zQ0kS-xjtwKdGt,10,3440.0,folding clothes,"{""short sleeve shirts"",""long sleeve shirts"",shorts}",False,False,False,False,False,False,,True
2025-10-13-16-38-26-806000,3116.0,103.86666666666666,0.0,0.0,0.0,0.0,0.0,0.0,0.0,0.0,0.0,0.0,0.0,0.0,0.0,0.0,34.1667680004072,0.3290539454292829,0.3740159668907062,46.689902857606114,0.4496619857875388,0.3867656185649938,0.3893579656084108,80.85667085801332,0.0,103.86666666666666,4.652689701956068,34.1667680004072,0.3290539454292829,0.6411320770660128,0.7617326482316006,27.460168115164795,0.4322030395269394,0.2593387812376022,0.478304211050272,0.0536116886565409,0.2687369625876742,-0.413539320379926,-0.4842807735855642,0.973354735152488,46.689902857606114,0.4496619857875388,0.725829977844174,1.1850416913908637,32.1558263451083,0.3552881795912981,0.3937333463691175,0.5021953228861094,0.070251503030596,0.0794820861934399,-0.1950457132163198,-0.478044631176022,0.9781701444622792,0.8464045530946467,0.3034547246297753,0.0592279915586422,0.0806845800194658,0.0976422110633173,0.0086632652394328,0.0316092886948776,0.0987305772776429,0.008606064721083,0.0324658468901864,4.799022823043617,0.1891005518802427,0.0866559336274948,rl2,__zQ0kS-xjtwKdGt,11,3116.0,folding clothes,"{""short sleeve shirts"",""long sleeve shirts"",shorts}",False,False,False,False,False,False,,True
2025-10-13-16-38-43-697000,3337.0,111.23333333333332,0.0,0.0,0.0,0.0,0.0,0.0,0.0,0.0,0.0,0.0,0.0,0.0,0.0,0.0,30.827652014849992,0.2772270864644783,0.4032749548330152,54.31181162799327,0.4884155721941841,0.3748374249140763,0.3828213293293312,85.13946364284327,0.0,111.23333333333332,4.7205800374989195,30.827652014849992,0.2772270864644783,0.4795653387612232,0.6658330564175489,20.2940380499301,0.4675078969448805,0.329569699242711,0.5678367707878351,0.087490266434736,-0.1436336470063433,-0.2629178054002804,-0.4671551096167974,0.9826139088729016,54.31181162799327,0.4884155721941841,0.6170016105881461,1.351527658141971,28.648511433128903,0.5261989310383797,0.4241348169744015,0.5227722954005003,0.1166719483118973,-0.1925301935345235,0.0614594938242303,-0.4702660211289102,0.9907074340527576,0.7085848519107657,0.342456341193592,0.0679855212910245,0.1703927682855828,0.0984323252301003,0.007221330250317,0.0297109172269191,0.0995686369463133,0.0068834257853346,0.0312561460392097,6.724771803968139,0.314373923590889,0.1064178345994514,rl2,__zQ0kS-xjtwKdGt,11,3337.0,folding clothes,"{""short sleeve shirts"",""long sleeve shirts"",shorts}",False,False,False,False,False,False,,True
2025-10-13-16-39-00-562000,2697.0,89.9,0.0,0.0,0.0,0.0,0.0,0.0,0.0,0.0,0.0,0.0,0.0,0.0,0.0,0.0,42.76240740804386,0.4758428124040489,0.1291315192798648,48.67154228597012,0.5415972806302314,0.1404342088311688,0.5087200465171401,91.433949694014,0.0,89.9,4.509760001183433,42.76240740804386,0.4758428124040489,0.7062369812784391,1.3926374318709296,31.524003925324767,0.4117584191262722,0.2798278667032718,0.441327229142189,0.0508503765154255,0.0798908240518549,-0.2888620334297894,-0.443604899154583,0.9688427299703264,48.67154228597012,0.5415972806302314,0.8035010472152708,1.3981215992643174,36.771586463925395,0.2933884225785732,0.3647203231230378,0.4444014821201563,0.0475530562878026,-0.1515115381276851,-0.1050670133225029,-0.4466392107758206,0.9710682492581604,0.7753767999825452,0.3082637318681175,0.054483152349481,0.1932012237015451,0.10529866025588,0.0052100153040883,0.0255433470733189,0.1047100906394816,0.0059924301518352,0.0265179315529769,4.027737628748263,0.1228951491613961,0.0946927468864799,rl2,__zQ0kS-xjtwKdGt,11,2697.0,folding clothes,"{""short sleeve shirts"",""long sleeve shirts"",shorts}",False,False,False,False,False,False,,True
2025-10-13-17-49-55-711000,2996.0,99.86666666666666,0.0,0.0,0.0,0.0,0.0,0.0,0.0,0.0,0.0,0.0,0.0,0.0,0.0,0.0,56.23320896599543,0.5632708744507054,0.3918381023103999,46.74057731359617,0.4681860832747529,0.0627726814149286,0.5157284788627292,102.9737862795916,0.0,99.86666666666666,4.613799512686146,56.23320896599543,0.5632708744507054,1.1899819257407265,1.3563998366959158,51.330894675597115,0.4854709096252918,0.4373851404525339,0.7343622110784054,0.1559328283919423,0.0625911881682153,-0.2469883318353992,-0.5594420550833736,0.9886477462437396,46.74057731359617,0.4681860832747529,0.8480808646986928,1.0937687490295411,36.71955811156472,0.2946220580488443,0.3755625672638416,0.6359380260109901,0.0703659171288579,-0.1690210098927922,-0.0470253795118064,-0.5807315984576722,0.9839732888146911,0.696486914455564,0.3244696867144421,0.0839134606182622,0.009079281574784,0.1060311728623651,0.0040961749451092,0.022793611429214,0.1065861304047062,0.0044878527044195,0.0199073308197361,9.738738639193016,0.3284474484180117,0.1762089773258012,rl2,__zQ0kS-xjtwKdGt,8,2996.0,folding clothes,"{""short sleeve shirts"",""long sleeve shirts"",shorts}",False,False,False,False,False,False,,True
2025-10-13-17-50-15-502000,2164.0,72.13333333333334,0.0,0.0,0.0,0.0,0.0,0.0,0.0,0.0,0.0,0.0,0.0,0.0,0.0,0.0,27.84256082023193,0.3861658920975302,0.3658593869258967,38.262988257528505,0.5306933184123231,0.335624321424129,0.4584296052549268,66.10554907776043,0.0,72.13333333333334,4.29228425917302,27.84256082023193,0.3861658920975302,0.6775222514976401,0.8609043592416823,28.137237009197804,0.6262645125389099,0.3571142498403787,0.5094299875199795,0.1139329884738198,-0.1329466043459337,-0.285218564608408,-0.4697387360024322,0.986130374479889,38.262988257528505,0.5306933184123231,0.929648389641674,1.2243262412601024,39.37185858049002,0.612852843478322,0.6772890165448189,0.5338800475001335,0.2216021291073592,-0.2302264719689351,0.1735326035129577,-0.4817957342499023,0.9884419787332408,0.7803195788831887,0.4823130432468145,0.1436719259137254,0.0226590287383464,0.1008962256888524,0.0079207534480858,0.034590409545348,0.1021967801684086,0.0076466545769937,0.0305172006172157,6.4876041636199195,0.3833330036431105,0.1430395065427635,rl2,__zQ0kS-xjtwKdGt,13,2164.0,folding clothes,"{""short sleeve shirts"",""long sleeve shirts"",shorts}",False,False,False,False,False,False,,True
2025-10-13-17-50-36-573000,2919.0,97.3,0.0,0.0,0.0,0.0,0.0,0.0,0.0,0.0,0.0,0.0,0.0,0.0,0.0,0.0,30.71274523878667,0.3157581758614119,0.3257300581166968,60.58658299661555,0.6228915318363489,0.346618872493851,0.4693248538488804,91.2993282354022,0.0,97.3,4.5880240271531205,30.71274523878667,0.3157581758614119,0.515682493356848,0.7206900367037192,22.308164852926694,0.7337513491511345,0.3786980770528316,0.5506653841584921,0.1530135141729545,0.0072686490132184,-0.2636287646307844,-0.441124572002901,0.9910897875257024,60.58658299661555,0.6228915318363489,0.811830536760522,1.7348655226565295,37.61398460437027,0.6546883545815945,0.768045149743557,0.5717593617737293,0.2874978829976183,-0.2678804494499262,0.0457525873713937,-0.4681457135470283,0.9921178889650446,0.6450300395642126,0.4512991163310675,0.1298235083613985,0.1966450936421439,0.0993220981083296,0.0068252124830604,0.0307500459267263,0.0994004927684089,0.0072734576300026,0.0340139262266353,9.211972076813495,0.4108249428685895,0.1468813053194198,rl2,__zQ0kS-xjtwKdGt,13,2919.0,folding clothes,"{""short sleeve shirts"",""long sleeve shirts"",shorts}",False,False,False,False,False,False,,True
2025-10-13-17-50-56-268000,3018.0,100.6,0.0,0.0,0.0,0.0,0.0,0.0,0.0,0.0,0.0,0.0,0.0,0.0,0.0,0.0,48.84465319500645,0.485694264451506,0.312585482653413,62.30162502060641,0.619505717805168,0.3615163213313381,0.552599991128337,111.14627821561284,0.0,100.6,4.6210435351443815,48.84465319500645,0.485694264451506,0.9316746748341764,1.2447037203994558,39.92701743455305,0.658063966780901,0.6234389860183001,0.5364466533064842,0.2200840696570526,-0.1622552484103569,-0.2476584135305031,-0.4152395469312432,0.9771295989393436,62.30162502060641,0.619505717805168,1.0239904805570146,1.5578109100740969,44.9909083661875,0.7388772200793028,0.6753408312797546,0.5430123247206211,0.2709598680810622,-0.2878140667732489,0.0743389250493774,-0.4267490639655577,0.979449784554193,0.8063077100113173,0.3646620637075652,0.0900873541098706,0.0075747264665643,0.1046555315061889,0.0067008594214869,0.0306292421027524,0.105410060119969,0.0065870333481081,0.0279496520188273,7.417194719280861,0.5044467974190603,0.1435385429190749,rl2,__zQ0kS-xjtwKdGt,13,3018.0,folding clothes,"{""short sleeve shirts"",""long sleeve shirts"",shorts}",False,False,False,False,False,False,,True
2025-10-13-17-51-16-579000,3471.0,115.7,0.0,0.0,0.0,0.0,0.0,0.0,0.0,0.0,0.0,0.0,0.0,0.0,0.0,0.0,43.91350267103083,0.3796556426890273,0.4974051601030597,58.51244371420973,0.5058712713044069,0.5773616544255327,0.442763456996717,102.42594638524056,0.0,115.7,4.75960653929251,43.91350267103083,0.3796556426890273,0.9932251696619324,0.7665664897657304,42.45504622515162,0.5824769958853722,0.4889179496094584,0.5041029322892427,0.1435601765088926,0.0586966921982401,-0.2783768831029332,-0.4558546154992454,0.9778097982708934,58.51244371420973,0.5058712713044069,0.9493514602351728,1.243808469117625,41.69651961402769,0.5895737335085869,0.6841541603207588,0.7474325438961387,0.3014838845919587,-0.2137705255471528,-0.1430020080532784,-0.4563474105328946,0.9838616714697408,0.8323774832068063,0.3294679652705515,0.0604074679799523,0.0149698475098159,0.101687575508631,0.0076235200643944,0.0363072832384489,0.1018421689923882,0.0081057243653034,0.0308065778528349,7.746309671121804,0.4057213982921895,0.1417550649368599,rl2,__zQ0kS-xjtwKdGt,13,3471.0,folding clothes,"{""short sleeve shirts"",""long sleeve shirts"",shorts}",False,False,False,False,False,False,,True
2025-10-13-17-52-54-347000,2914.0,97.13333333333334,0.0,0.0,0.0,0.0,0.0,0.0,0.0,0.0,0.0,0.0,0.0,0.0,0.0,0.0,42.308493971413256,0.4357208441958112,0.4337791463889977,49.80443839055432,0.5129190359480362,0.4225538160892294,0.4743199400719237,92.11293236196758,0.0,97.13333333333334,4.5863270981866116,42.308493971413256,0.4357208441958112,1.1793406955504613,0.8919050492486276,48.900460915023245,0.4729211218655109,0.6167436353862286,0.7030361406505108,0.2050553188240372,-0.072977311507458,-0.1768038495360345,-0.5548624377186342,0.9769996567112942,49.80443839055432,0.5129190359480362,1.1656728810905346,1.2391820074615956,50.71306831590174,0.4792852476239204,0.5564959868788719,1.1142482459545135,0.2971926452361256,-0.1958337082743629,0.136411594310932,-0.5346109863043383,0.9749399244764848,0.6744256747910151,0.3630239673175666,0.1381431980596287,0.0164728233456247,0.1035308543075997,0.0060876376124173,0.0270882902332292,0.1037857877272641,0.0059556520860279,0.0265161141176952,6.088420323098343,0.3257520750740569,0.1395051279369193,rl2,__zQ0kS-xjtwKdGt,12,2914.0,folding clothes,"{""short sleeve shirts"",""long sleeve shirts"",shorts}",False,False,False,False,False,False,,True
2025-10-13-17-53-08-337000,2783.0,92.76666666666668,0.0,0.0,0.0,0.0,0.0,0.0,0.0,0.0,0.0,0.0,0.0,0.0,0.0,0.0,25.17071042445847,0.2714310973162308,0.5362748979002974,43.98620342146992,0.4743300153285758,0.7174821997796399,0.3728805563224032,69.15691384592839,0.0,92.76666666666668,4.5408094268277015,25.17071042445847,0.2714310973162308,0.4751845979077761,0.5984210943759835,18.748021916237175,0.6731980815529823,0.3358205740805715,0.5495548322796822,0.1242399306762535,-0.0788974992072854,-0.1995254575634295,-0.5197060247766074,0.9766355140186916,43.98620342146992,0.4743300153285758,0.6043180773813136,1.27630130744154,26.39647524284489,0.6054934710264206,0.518335372209549,0.7318442054092884,0.2296883405228313,-0.1708694512482653,0.1208027541880081,-0.5367348044869756,0.9777138749101366,0.7006517310150749,0.3544873857710504,0.0706999501858939,0.1835151926434328,0.1012963159142323,0.0065217817476362,0.0316218947224322,0.101190600786048,0.0068458363535652,0.0307271070710759,4.634675461202395,0.3658107242526778,0.1072859036821716,rl2,__zQ0kS-xjtwKdGt,12,2783.0,folding clothes,"{""short sleeve shirts"",""long sleeve shirts"",shorts}",False,False,False,False,False,False,,True
2025-10-13-17-53-22-578000,2848.0,94.93333333333334,0.0,0.0,0.0,0.0,0.0,0.0,0.0,0.0,0.0,0.0,0.0,0.0,0.0,0.0,44.298297297008936,0.4667892233615273,0.5650590965766334,52.84631394281438,0.5568631606197512,0.4706690338147137,0.5118261919906393,97.14461123982332,0.0,94.93333333333334,4.563653505785158,44.298297297008936,0.4667892233615273,0.7628523162394772,1.240637676238282,33.53641049272801,0.5333126746118069,0.4910768903791904,0.6411551181226969,0.1679169416858492,0.1834181199737123,-0.1303566752309113,-0.4665142982449968,0.9683877766069549,52.84631394281438,0.5568631606197512,0.8329552162396321,1.4405853536814437,38.02398896231508,0.5385740473866463,0.4676328636705875,0.5836422983556986,0.1469931867411283,-0.1213148442915185,-0.1196814938947288,-0.5029420682825567,0.9715489989462592,0.7658918388645022,0.3330462448357179,0.09443079712617,0.1725492915132728,0.1055039236524695,0.0059080131668208,0.026405831018534,0.1060621629892559,0.0051834790572419,0.0233008202695356,4.384167444609358,0.1858105170916511,0.1156376125077989,rl2,__zQ0kS-xjtwKdGt,12,2848.0,folding clothes,"{""short sleeve shirts"",""long sleeve shirts"",shorts}",False,False,False,False,False,False,,True
2025-10-13-17-53-37-475000,2591.0,86.36666666666666,0.0,0.0,0.0,0.0,0.0,0.0,0.0,0.0,0.0,0.0,0.0,0.0,0.0,0.0,34.79402753242578,0.4030196239277118,0.400967353524044,45.94836571956294,0.53222045235015,0.4414842047294499,0.4676200381389307,80.74239325198872,0.0,86.36666666666666,4.470113821661251,34.79402753242578,0.4030196239277118,0.6894275184988194,0.9583868627713924,30.033405321852555,0.6379624288529158,0.4574816431850195,0.7134865317493677,0.2082353967315161,0.1841384342658455,-0.1728109718804614,-0.5198272210195379,0.986100386100386,45.94836571956294,0.53222045235015,0.7323924834148872,1.3523078683959913,33.03484162038261,0.8640661388635635,0.4768655300140381,0.5646326150745153,0.2326531183430321,-0.2520625210934707,0.0090977314930214,-0.5218427677716828,0.9837837837837838,0.6308570248489063,0.4868345774958795,0.1496248126776592,0.1741578124698663,0.1020773905978248,0.0064638301865552,0.0261288059607171,0.1024849338715662,0.0063133573851243,0.0279008621897854,6.32232551314047,0.4664165852640945,0.11445133604027,rl2,__zQ0kS-xjtwKdGt,12,2591.0,folding clothes,"{""short sleeve shirts"",""long sleeve shirts"",shorts}",False,False,False,False,False,False,,True
2025-10-14-02-53-00-652000,2045.0,68.16666666666667,0.0,0.0,0.0,0.0,0.0,0.0,0.0,0.0,0.0,0.0,0.0,0.0,0.0,0.0,38.89153324184184,0.5708150671503205,0.3292881940040876,52.38009384164302,0.7687880700828232,0.4578568761271001,0.6698015686165718,91.27162708348486,0.0,68.16666666666667,4.236519051002643,38.89153324184184,0.5708150671503205,0.9047265736317942,1.3864074442989924,40.56870268100116,0.4847943224012851,0.4972422905266285,0.5846533421427011,0.1409366745674576,-0.2046041839152647,-0.3108180925457267,-0.3490419637368568,0.9926614481409002,52.38009384164302,0.7687880700828232,0.9787016702028828,1.827148124746815,45.935800143615936,0.5006742365658283,0.4652003869414329,0.6746228039264679,0.1571289936037137,-0.2468435582511291,0.1848640318145755,-0.3498307320141304,0.9936399217221136,0.7544598125491542,0.506549832571378,0.127533483707013,0.0261668447657251,0.0999000071841393,0.0039262381842829,0.025990173791988,0.102051677288543,0.0053268705168519,0.027059766277526,5.3718215624611485,0.2806230694332982,0.1714868645226182,rl2,4OOitkcdBEpTp3V5,8,2045.0,folding clothes,"{""short sleeve shirts"",""long sleeve shirts"",shorts}",False,False,False,False,False,False,,True
2025-10-14-02-53-17-389000,2179.0,72.63333333333334,0.0,0.0,0.0,0.0,0.0,0.0,0.0,0.0,0.0,0.0,0.0,0.0,0.0,0.0,42.723830262551246,0.5884825105034607,0.4226239611876887,49.915073657768446,0.6875354498315213,0.3266843567363808,0.638008980167491,92.63890392031968,0.0,72.63333333333334,4.299097821757962,42.723830262551246,0.5884825105034607,0.9033835762855056,1.416147311591784,41.48558745974727,0.4122151266783476,0.3519302597269416,0.5328773017972708,0.0773050305771904,0.1638331150908763,-0.2232022901745654,-0.3583980197828056,0.9738292011019284,49.915073657768446,0.6875354498315213,0.9403492858173508,1.886498411766146,44.119780627859555,0.3619820605963468,0.3306192932650447,0.3880302179604769,0.0464387786157282,-0.138528238547288,-0.1285992986102953,-0.375956782797619,0.9701561065197428,0.8340892579689286,0.3253086947083125,0.0620582220702265,0.1582727060727225,0.101393417228757,0.0043846103476079,0.0308770824337096,0.1023869839343705,0.0043113371845155,0.0224516779431752,4.627695688560608,0.1553876918508352,0.1361005369554629,rl2,4OOitkcdBEpTp3V5,8,2179.0,folding clothes,"{""short sleeve shirts"",""long sleeve shirts"",shorts}",False,False,False,False,False,False,,True
2025-10-14-03-22-18-000000,2708.0,90.26666666666668,0.0,0.0,0.0,0.0,0.0,0.0,0.0,0.0,0.0,0.0,0.0,0.0,0.0,0.0,42.41930323923772,0.4701067961496607,0.3140193546743884,57.35722583364328,0.6356545160728845,0.3471582838659979,0.5528806561112726,99.776529072881,0.0,90.26666666666668,4.513785624186239,42.41930323923772,0.4701067961496607,0.8723211039124358,1.1478172083923592,34.04399092852047,0.2513003200292587,0.4704989669844508,0.680143604055047,0.0804178271108461,0.305646642390501,-0.2493729863348148,-0.6249306813237344,0.9656446250461764,57.35722583364328,0.6356545160728845,0.96467514340478,1.5899908320462428,41.71558523580534,0.5054758246988058,0.5017727967351675,0.6920840609818697,0.1755360613474743,-0.2109344057127299,-0.1799176366080803,-0.6245173850761206,0.9704469892870335,0.8692259520399576,0.5244996851899109,0.1256768464740825,0.2053391967716544,0.1024842119440251,0.0053366214827591,0.0220803859987611,0.1024007051968496,0.0049241796923192,0.0270149471871397,7.884740627601386,0.2944266860266857,0.2513032819551683,rl2,omDamnph0YxUBJSO,13,2708.0,folding clothes,"{""short sleeve shirts"",""long sleeve shirts"",shorts}",False,False,False,False,False,False,,True
2025-10-14-03-27-35-000000,2329.0,77.63333333333334,0.0,0.0,0.0,0.0,0.0,0.0,0.0,0.0,0.0,0.0,0.0,0.0,0.0,0.0,42.126362577972486,0.5428654971388208,0.2188100584150918,50.66927857922812,0.6529546208663417,0.2327811953087964,0.5979100590025813,92.7956411572006,0.0,77.63333333333334,4.36479569774552,42.126362577972486,0.5428654971388208,0.8921112970308867,1.35636308601471,34.85514283124586,0.3408089186996221,0.3209832012653351,0.6612678840756416,0.0723386977426654,0.1827745875723567,-0.3100030417780013,-0.5953559468033656,0.9768041237113402,50.66927857922812,0.6529546208663417,0.9146363832857504,1.567193584733629,38.93857905424031,0.3319415142759681,0.3459600349888205,0.6675218120217323,0.0766572022034933,-0.1639977559577649,-0.1889412482985894,-0.6140207071281161,0.984106529209622,0.8790529459487555,0.3762475988066988,0.0691931605738132,0.2250966839779723,0.107345256148989,0.0039934779674074,0.0222628646464888,0.104682872943565,0.0044863360632936,0.0300211005194965,7.945659756519657,0.2911227758280253,0.3138619472562485,rl2,omDamnph0YxUBJSO,13,2329.0,folding clothes,"{""short sleeve shirts"",""long sleeve shirts"",shorts}",False,False,False,False,False,False,,True
2025-10-14-03-33-04-000000,3390.0,113.0,0.0,0.0,0.0,0.0,0.0,0.0,0.0,0.0,0.0,0.0,0.0,0.0,0.0,0.0,41.508561879102814,0.367440795624988,0.4138705385856108,76.88195531866863,0.680572044721174,0.5969973580605051,0.5240064201730811,118.39051719777144,0.0,113.0,4.736198448394496,41.508561879102814,0.367440795624988,0.5999295234978073,0.9922099868534104,23.012402531071313,0.3862679563462734,0.389458542689681,0.6173505615442991,0.0928713511115267,0.361999913143505,-0.2840912663897054,-0.5645789474551085,0.9822956624372972,76.88195531866863,0.680572044721174,0.8901439415418407,1.8914604724931323,40.78394053075469,0.6572499051690102,0.6414692420512438,0.6494397781789303,0.2738074463733921,-0.0517993588339823,-0.2635931366062132,-0.6266658580672424,0.9858365299498376,0.6405092813676955,0.4405110719468731,0.1190577686793776,0.1554800724435007,0.1054360945971581,0.0044279721652967,0.0269731432846788,0.1029528695722652,0.0045368324112908,0.0246101493083156,8.402787146549231,0.3583281865445573,0.1832343350472276,rl2,omDamnph0YxUBJSO,13,3390.0,folding clothes,"{""short sleeve shirts"",""long sleeve shirts"",shorts}",False,False,False,False,False,False,,True
2025-10-14-03-41-18-000000,2935.0,97.83333333333331,0.0,0.0,0.0,0.0,0.0,0.0,0.0,0.0,0.0,0.0,0.0,0.0,0.0,0.0,55.31945451975261,0.5656385942714991,0.1739397014081494,70.1613033913187,0.7173957401975327,0.1352486383535041,0.6415171672345159,125.48075791107132,0.0,97.83333333333331,4.59343492976967,55.31945451975261,0.5656385942714991,1.1240747033102223,1.2593344889625198,43.809302713810034,0.2105046324431896,0.3746341001242399,0.685640836134553,0.0540711540360186,0.2193513500458185,-0.2474602029885735,-0.6340648426063473,0.9788684389911384,70.1613033913187,0.7173957401975327,1.2627204891633488,1.5378470449029824,52.55091098113794,0.4250221624970436,0.5087308175861835,0.6753177866339684,0.1460184761690368,-0.1125667293040396,-0.1819342909811748,-0.627458246704667,0.983299250170416,0.9196431673939196,0.3436854345169202,0.052400689517254,0.1585860662851773,0.1026065010957382,0.0051125431697038,0.020446966424254,0.1015890635453947,0.0049294516142154,0.0235515723540191,9.966430298501232,0.3019189028590496,0.2947117138241594,rl2,omDamnph0YxUBJSO,16,2935.0,folding clothes,"{""short sleeve shirts"",""long sleeve shirts"",shorts}",False,False,False,False,False,False,,True
2025-10-14-03-46-49-000000,3204.0,106.8,0.0,0.0,0.0,0.0,0.0,0.0,0.0,0.0,0.0,0.0,0.0,0.0,0.0,0.0,46.125176075217496,0.4320185083535825,0.0830826016983986,88.76465446432123,0.8313892082203052,0.135724814704803,0.6317038582869439,134.8898305395387,0.0,106.8,4.680277658474897,46.125176075217496,0.4320185083535825,0.9434055614546948,1.0442400071503737,36.56462725167599,0.307035319507122,0.4562710560858249,0.6850741468369961,0.0959729480276788,-0.0556426115352419,0.4507496635860922,-0.638903646140979,0.99344364658133,88.76465446432123,0.8313892082203052,1.2199632334260642,2.236054436397744,54.44417437747097,0.5510145211592317,0.6652193162590265,0.6937992237508297,0.2543089854607058,0.2779534928838998,0.2142572535011914,-0.6435428902730067,0.9912581954417732,0.7740182651768468,0.4237910222416703,0.127364612890921,0.1375800946905745,0.1036383898420307,0.0053769568428818,0.0212998972824349,0.1030587659798304,0.0052630637660956,0.0226375853094401,9.83961706714368,0.4056862554426105,0.2154319612110992,rl2,omDamnph0YxUBJSO,16,3204.0,folding clothes,"{""short sleeve shirts"",""long sleeve shirts"",shorts}",False,False,False,False,False,False,,True
2025-10-14-03-52-11-000000,2455.0,81.83333333333333,0.0,0.0,0.0,0.0,0.0,0.0,0.0,0.0,0.0,0.0,0.0,0.0,0.0,0.0,52.16064925248725,0.6376607488079127,0.362127400778078,61.86463618576967,0.7562913959140547,0.3748301226814587,0.6969760723609837,114.02528543825692,0.0,81.83333333333333,4.4168305568685735,52.16064925248725,0.6376607488079127,1.2305315652307385,1.4270661844072363,47.35055930281283,0.5537367910146713,0.5879679322242737,0.6773002687841654,0.220515066611775,0.4962106041686112,-0.287468692502519,-0.6079285038305093,0.9902200488997556,61.86463618576967,0.7562913959140547,1.2176957251085492,1.589474764640889,49.62236378767528,0.3212019093334675,0.4539582589641213,0.6849670205265284,0.0998765889712809,0.199765987938949,-0.3113535170968766,-0.5982941073443278,0.988997555012225,0.8690386343808992,0.3055063121946478,0.0480004241714501,0.1892416701295554,0.1059843090955346,0.0045558667005028,0.025925261992134,0.1053235077922511,0.0040392055526902,0.0223296003565594,11.817011392180568,0.3834851117455158,0.4261434820577218,rl2,omDamnph0YxUBJSO,16,2455.0,folding clothes,"{""short sleeve shirts"",""long sleeve shirts"",shorts}",False,False,False,False,False,False,,True
2025-10-14-04-00-10-000000,1212.0,40.4,0.0,0.0,0.0,0.0,0.0,0.0,0.0,0.0,0.0,0.0,0.0,0.0,0.0,0.0,29.916841659837285,0.7411273739018319,0.5275248304360161,35.73269563167769,0.885203029686483,0.4887230876497748,0.8131652017941575,65.64953729151497,0.0,40.4,3.7232808808312687,29.916841659837285,0.7411273739018319,1.2598189572859122,1.7554182858986074,50.46453340929365,0.3095562253147363,0.4480426600202918,0.6915814988315105,0.0959184773079621,0.2721324746616849,-0.1351653621565161,-0.6079727156939163,0.9876135425268372,35.73269563167769,0.885203029686483,1.2984915831408828,1.9893321880690933,55.53647730180669,0.350528571754694,0.3769109025597572,0.680976209230721,0.0899692422906075,-0.0609829136264193,-0.2646407038818664,-0.5992958004895302,0.9867877786952932,0.9279460696602992,0.3675578752254421,0.0646630117656607,0.1591786196337069,0.1057695916280151,0.0049675359163791,0.0260498704879885,0.1039616545589163,0.0052932520065743,0.0283436963367067,5.154727904664393,0.2398366804341024,0.3965591651457384,rl2,omDamnph0YxUBJSO,3,1212.0,folding clothes,"{""short sleeve shirts"",""long sleeve shirts"",shorts}",False,False,False,False,False,False,,True
2025-10-14-04-15-30-000000,2888.0,96.26666666666668,0.0,0.0,0.0,0.0,0.0,0.0,0.0,0.0,0.0,0.0,0.0,0.0,0.0,0.0,64.70231507468358,0.6723482688744399,0.1102365196541025,74.7064260621243,0.7763050855087387,0.0964970392884606,0.7243266771915892,139.40874113680786,0.0,96.26666666666668,4.577456347420576,64.70231507468358,0.6723482688744399,1.6639270923017777,1.398901639797312,66.80650684259787,0.3452724665403366,0.5000532642006874,0.9347101002931596,0.1613820208516677,0.203975196259607,-0.2818208635027502,-0.8312369380313954,0.9875303082784898,74.7064260621243,0.7763050855087387,1.6036780602099838,1.5933832721077166,66.64767522746622,0.4038746543228626,0.4518094640225172,0.9416974587365984,0.1718356703851598,-0.1323471720995693,-0.1642383691008909,-0.7940019762802643,0.9882230689296848,0.9430054141837206,0.3625343548056187,0.0643047259820377,0.1866703871531509,0.1036838954982115,0.0037242276638287,0.032016688097497,0.1010825781572812,0.0059531408134032,0.0292061679148581,13.509433582513491,0.5041835431983512,0.3874229129886859,rl2,omDamnph0YxUBJSO,10,2888.0,folding clothes,"{""short sleeve shirts"",""long sleeve shirts"",shorts}",False,False,False,False,False,False,,True
2025-10-14-04-21-05-000000,3913.0,130.43333333333334,0.0,0.0,0.0,0.0,0.0,0.0,0.0,0.0,0.0,0.0,0.0,0.0,0.0,0.0,52.160709940853735,0.4000054443317004,0.485548837325376,79.04248889616366,0.6061540559521753,0.5238959807202264,0.503079750141938,131.2031988370174,0.0,130.43333333333334,4.878499752215472,52.160709940853735,0.4000054443317004,1.289922677635865,0.7319909113710323,51.07605574484963,0.4382301196455955,0.4901491622440517,0.872135947458446,0.1873331671438667,-0.3534513292803222,-0.2556420045868757,-0.815517992864406,0.9775051124744376,79.04248889616366,0.6061540559521753,1.2660977467502526,1.465907704845704,53.08016017424213,0.5761888027191162,0.5931898765265942,0.9870143295265734,0.3373510006791108,-0.2255399750722698,0.0548263974353195,-0.7939981415941826,0.9831288343558282,0.9118587233941148,0.3448006030481633,0.0818951120115304,0.1346915456654247,0.1030771858337481,0.0033587040382129,0.0237543134085311,0.1019719150543874,0.0053802274246596,0.0301181843982667,13.132393846693247,0.5819251475653902,0.2462721085824324,rl2,omDamnph0YxUBJSO,10,3913.0,folding clothes,"{""short sleeve shirts"",""long sleeve shirts"",shorts}",False,False,False,False,False,False,,True
2025-10-14-04-29-19-106000,3032.0,101.06666666666666,0.0,0.0,0.0,0.0,0.0,0.0,0.0,0.0,0.0,0.0,0.0,0.0,0.0,0.0,41.82331814240206,0.4139556398126234,0.1620645522011307,70.51049091436325,0.6978933445829418,0.3570780423295215,0.5559244921977827,112.3338090567653,0.0,101.06666666666666,4.6256261945554735,41.82331814240206,0.4139556398126234,0.7098564967129237,1.087785933903242,30.39413080931929,0.4685719236731529,0.2890652660280466,0.6799276545643806,0.0920947510485028,-0.1890332018127198,-0.2261213584302981,-0.3632702741982037,0.9864731111844276,70.51049091436325,0.6978933445829418,0.8341095173629238,1.8151195711439905,39.817520227463355,0.4997451044619083,0.3986741881817579,0.691294401884079,0.1377303677079067,-0.2342964670200657,0.0651335475737072,-0.3904544854435902,0.9914219729462224,0.723410551776166,0.3174426991567901,0.0759664300008192,0.0605308336933144,0.1018214876878928,0.0037760484667899,0.0349317516852317,0.1014408447017591,0.0055912046519124,0.0320503275527436,6.1034151169262,0.3004917531808871,0.1233222723641014,rl2,4OOitkcdBEpTp3V5,8,3032.0,folding clothes,"{""short sleeve shirts"",""long sleeve shirts"",shorts}",False,False,False,False,False,False,,True
2025-10-14-04-29-38-501000,2357.0,78.56666666666666,0.0,0.0,0.0,0.0,0.0,0.0,0.0,0.0,0.0,0.0,0.0,0.0,0.0,0.0,37.96811860001128,0.4834650076402115,0.34066507434059,51.538214691544006,0.6562591004865536,0.4569321748781136,0.5698620540633825,89.50633329155528,0.0,78.56666666666666,4.3765952446766745,37.96811860001128,0.4834650076402115,0.7611374334878535,1.1581529752467308,33.95174277200442,0.4705088716000318,0.2959963046014309,0.4981653243303299,0.0693789303988723,-0.1384511561258223,-0.2556390522611333,-0.2908419508180365,0.9889643463497452,51.538214691544006,0.6562591004865536,0.8428258593569037,1.5751922598693897,39.2148283261291,0.4267190685495734,0.4588167145848274,0.530012484639883,0.103768940089505,-0.2130806315255635,0.0781828137076118,-0.3068903211147023,0.9944821731748726,0.7754707322295418,0.3490782824981542,0.0687774210574568,0.1409851485843148,0.100723818956017,0.0042277462479519,0.0253351970380719,0.1023162298668586,0.0044256886352807,0.0286486470003668,5.340919636883076,0.268793138187631,0.1391211029265573,rl2,4OOitkcdBEpTp3V5,7,2357.0,folding clothes,"{""short sleeve shirts"",""long sleeve shirts"",shorts}",False,False,False,False,False,False,,True
2025-10-14-04-29-58-059000,2252.0,75.06666666666666,0.0,0.0,0.0,0.0,0.0,0.0,0.0,0.0,0.0,0.0,0.0,0.0,0.0,0.0,41.678618444722325,0.5554680379127809,0.5005763592243653,58.587090641199495,0.780814180024871,0.5835826160612221,0.668141108968826,100.26570908592184,0.0,75.06666666666666,4.331610148759865,41.678618444722325,0.5554680379127809,0.8369263638710115,1.4232947391882491,37.68192161131461,0.4793159812688827,0.380670228973031,0.6293553188443184,0.1148330049567942,-0.1871797914139522,-0.2364809003308726,-0.2786830251318523,0.986228342958685,58.587090641199495,0.780814180024871,0.9716685165274342,2.0441037228510077,46.16966508421429,0.4798884820193052,0.4549807980656624,0.6925383638590574,0.1512088572048714,-0.229258955955062,0.1193613693331773,-0.2986138118406158,0.9924478009773434,0.7742819067458272,0.3692738596038073,0.1020941430995143,0.0537746312808551,0.1003309392992733,0.0054750401426708,0.0307534494101476,0.1019610824433102,0.0058983405233234,0.0292669910699397,6.189936626275321,0.4059933516044908,0.1603036534812104,rl2,4OOitkcdBEpTp3V5,7,2252.0,folding clothes,"{""short sleeve shirts"",""long sleeve shirts"",shorts}",False,False,False,False,False,False,,True
2025-10-14-04-30-14-819000,2423.0,80.76666666666667,0.0,0.0,0.0,0.0,0.0,0.0,0.0,0.0,0.0,0.0,0.0,0.0,0.0,0.0,35.27026951187142,0.4368736933757813,0.2634930783539051,63.76428876851969,0.7898136511377336,0.1376723615756993,0.6133436722567573,99.03455828039112,0.0,80.76666666666667,4.403869662596334,35.27026951187142,0.4368736933757813,0.681453955468846,1.1174501069575726,27.83427422136886,0.3129389062523842,0.5579642746597528,0.6456785053014755,0.1127411036956338,0.1930427510488134,-0.2668046329861943,-0.294818034723441,0.990503715937242,63.76428876851969,0.7898136511377336,0.864465931030266,1.976449698705932,39.393171667043205,0.5208718031644821,0.6150097204372287,0.6407496156170964,0.2052585148934537,-0.2216578395587511,-0.2340132463716694,-0.3152606361236206,0.9954582989265072,0.6520751551593552,0.4457608687604486,0.121134451253968,0.0853740358684039,0.1003121669464324,0.0035685271478097,0.0272830516960722,0.1011175813473328,0.0055483297312514,0.0334651560379015,5.9499969540529465,0.3008475309109422,0.1488368724360875,rl2,4OOitkcdBEpTp3V5,7,2423.0,folding clothes,"{""short sleeve shirts"",""long sleeve shirts"",shorts}",False,False,False,False,False,False,,True
2025-10-14-04-30-33-706000,2372.0,79.06666666666666,0.0,0.0,0.0,0.0,0.0,0.0,0.0,0.0,0.0,0.0,0.0,0.0,0.0,0.0,39.69883962473999,0.5023050142312104,0.5961716542191933,52.37194887255815,0.6626564597961808,0.5815875423214946,0.5824807370136955,92.07078849729814,0.0,79.06666666666666,4.382859620977773,39.69883962473999,0.5023050142312104,0.8105727820628102,1.1774004794592217,35.86848558005742,0.4770190063863992,0.3867600057274103,0.6765950657427311,0.1248262913758677,-0.1518480702940198,-0.2853524317701063,-0.3148445641939194,0.9856600590468156,52.37194887255815,0.6626564597961808,0.8723731095526772,1.6130265739005132,40.35179244683812,0.4735182365402579,0.400123368948698,0.6514799669384956,0.1234331158308694,-0.2428291238966896,0.0639305036230413,-0.3374827445538095,0.9924082665541966,0.7797925234324844,0.3698052618013042,0.0706303482214789,0.0815987704381337,0.101222653656285,0.0044307201413886,0.0298973813296175,0.1012048839326448,0.0054581792681974,0.0303945328823217,4.81669830576508,0.2617265244698781,0.1387458717236099,rl2,4OOitkcdBEpTp3V5,7,2372.0,folding clothes,"{""short sleeve shirts"",""long sleeve shirts"",shorts}",False,False,False,False,False,False,,True
2025-10-14-04-31-24-089000,2238.0,74.6,0.0,0.0,0.0,0.0,0.0,0.0,0.0,0.0,0.0,0.0,0.0,0.0,0.0,0.0,47.537003760747325,0.637510108548243,0.0560153933685196,64.59178388914823,0.8662286619018538,0.2557892805493666,0.7518693852250484,112.12878764989556,0.0,74.6,4.3254562831854875,47.537003760747325,0.637510108548243,0.920068207202271,1.6257755508041285,41.40945611354262,0.4487178474664688,0.3567635314539075,0.5843447335064411,0.0935455067755133,-0.0205317349493556,-0.2636633508395939,-0.3057011292246108,0.9950827000447028,64.59178388914823,0.8662286619018538,1.0380474735133034,2.287612334616961,49.31644052732837,0.447924630716443,0.4512187875807285,0.5636336337774992,0.1139171259496864,-0.2340896344607174,0.0638737669952995,-0.3156035377085229,0.994188645507376,0.7552124669554213,0.4073323807658863,0.1026883744714634,0.0896945860687409,0.0995563435487288,0.0046878814262082,0.0273371408925311,0.1022807810666248,0.0057797918121451,0.0292538044738191,6.68831220199088,0.324532272234338,0.1753733667760487,rl2,4OOitkcdBEpTp3V5,8,2238.0,folding clothes,"{""short sleeve shirts"",""long sleeve shirts"",shorts}",False,False,False,False,False,False,,True
2025-10-15-20-26-47-000000,2037.0,67.9,0.0,0.0,0.0,0.0,0.0,0.0,0.0,0.0,0.0,0.0,0.0,0.0,0.0,0.0,34.60588446253996,0.5099098889372293,0.8322107630478902,35.46413727265106,0.5225560501864105,0.9270184701895118,0.51623296956182,70.07002173519102,0.0,67.9,4.232656178019613,34.60588446253996,0.5099098889372293,1.1353989827672044,1.1253793061208963,41.138607906038054,0.7303800508379936,0.3607053346931934,0.9106257930397988,0.2399061688444201,-0.050977084304265,-0.2910701173440419,-0.8125455501842759,0.9941060903732808,35.46413727265106,0.5225560501864105,1.022766487172342,1.0327631163201416,37.59150011297524,0.6264264136552811,0.6180043816566467,0.9058747785165906,0.3506951696651563,-0.2541686162255634,-0.0163078440937236,-0.7794217671677799,0.993614931237721,0.918042563197252,0.3510234296559015,0.0673131108259201,0.2298115992274876,0.1093090353131676,0.0044543173613419,0.0187693831386498,0.1069340566298393,0.0056188775287539,0.0220818754842989,14.019852583595386,0.6289390324328015,0.2924703610804566,rl2,lbjSOvcmdHRbM9gk,1,2037.0,folding clothes,"{""short sleeve shirts"",""long sleeve shirts"",shorts}",False,False,False,False,False,False,,True
2025-10-15-20-30-56-000000,2311.0,77.03333333333333,0.0,0.0,0.0,0.0,0.0,0.0,0.0,0.0,0.0,0.0,0.0,0.0,0.0,0.0,33.31571659485769,0.4326716440890609,0.8576134337776657,36.12167573949669,0.4691126719415154,0.8010068867915389,0.4508921580152881,69.43739233435437,0.0,77.03333333333333,4.357136085828755,33.31571659485769,0.4326716440890609,1.4801407327477538,0.7106599980786065,58.39870843674583,0.7433321848511696,0.4261743705719709,0.9657105735968798,0.3059266085833836,-0.1464641447646897,-0.2503480015412031,-0.8411998134893246,0.993939393939394,36.12167573949669,0.4691126719415154,1.3789109852079438,0.814692832271899,53.9557171777663,0.6842877566814423,0.5462493598461151,0.9105801107361912,0.340367332231089,-0.1470918573526974,0.1445448064527985,-0.8100022427130802,0.993939393939394,0.9515842397208548,0.4056482836048032,0.0676546249195187,0.2464976784918323,0.105495510278289,0.0050028566672879,0.0226146045973885,0.1037793537037394,0.0058883749761726,0.0276930496978001,13.419271239614613,0.7171378739060037,0.289122820080923,rl2,lbjSOvcmdHRbM9gk,1,2311.0,folding clothes,"{""short sleeve shirts"",""long sleeve shirts"",shorts}",False,False,False,False,False,False,,True
2025-10-15-20-36-36-000000,2992.0,99.73333333333332,0.0,0.0,0.0,0.0,0.0,0.0,0.0,0.0,0.0,0.0,0.0,0.0,0.0,0.0,35.22250241609305,0.3532848787973225,0.4233975363511178,46.71538945965395,0.468559573316489,0.4558084250425344,0.4109222260569057,81.937891875747,0.0,99.73333333333332,4.612476761170529,35.22250241609305,0.3532848787973225,0.5814803493477522,0.8013453360693991,19.202272745516375,0.4188233166933059,0.7160984463989735,0.6715734377503395,0.201417450133978,0.1901030426317039,-0.1915789640236307,-0.8016539416425329,0.9923102641257104,46.71538945965395,0.468559573316489,0.6480941707070053,1.0750723605044992,23.68479245992937,0.4200386218726635,0.8490600734949112,0.7478607408702374,0.2667155762213676,-0.1908000989018361,-0.1740667632327136,-0.7962433015678656,0.995987963891675,0.7934669333460098,0.4112389192428492,0.0684445255082863,0.2734059435134388,0.1055873119574264,0.0046903075263835,0.022886183279597,0.1001522824308365,0.0063359138494432,0.032730176547998,16.80574067779326,0.6806512424799931,0.2057093282967335,rl2,lbjSOvcmdHRbM9gk,2,2992.0,folding clothes,"{""short sleeve shirts"",""long sleeve shirts"",shorts}",False,False,False,False,False,False,,True
2025-10-15-20-40-40-000000,2106.0,70.2,0.0,0.0,0.0,0.0,0.0,0.0,0.0,0.0,0.0,0.0,0.0,0.0,0.0,0.0,36.9996713118847,0.5273112300981192,0.1692607859798087,40.40113007526098,0.5757880770821042,0.5181721551356369,0.5515496535901118,77.40080138714568,0.0,70.2,4.26549281841793,36.9996713118847,0.5273112300981192,1.3359110329793822,1.1105304286562083,51.24101409252239,0.534840646199882,0.7452061846852303,1.0153388064354658,0.4046800926443332,0.1508135020026206,-0.270233312671145,-0.7713062654374077,0.9980997624703088,40.40113007526098,0.5757880770821042,1.3241294183179984,1.1801970656932368,50.98212355146099,0.3958615837618708,0.8479868769645691,1.0815254412591455,0.3630523307765902,-0.2141904346936745,-0.1279063314844928,-0.7591417080722528,0.9985748218527316,0.956191208401198,0.4051684595965624,0.0732931879646661,0.2766896489700805,0.1078550665005397,0.0065202413355289,0.0261070400407138,0.1048049294374306,0.0074329313571917,0.0321335124154359,16.21098944959241,0.7257742571836541,0.3317696026221204,rl2,lbjSOvcmdHRbM9gk,2,2106.0,folding clothes,"{""short sleeve shirts"",""long sleeve shirts"",shorts}",False,False,False,False,False,False,,True
2025-10-21-00-09-38-000000,5268.0,175.6,0.0,0.0,0.0,0.0,0.0,0.0,0.0,0.0,0.0,0.0,0.0,0.0,0.0,0.0,69.83423925469998,0.3977647954511107,0.8046841634706318,85.55200323525307,0.4872906962326927,0.7775242462336711,0.4425277458419016,155.38624248995305,0.0,175.6,5.173887288169859,69.83423925469998,0.3977647954511107,0.9048032295025938,0.8791245182602105,34.08034700085873,0.7561359209939837,1.1835413798689842,0.9304548450745642,0.8326809298238618,0.4347240366633902,-0.3546427199480017,-0.6966797699706736,0.9933548509588,85.55200323525307,0.4872906962326927,0.8382420996873242,1.1673321579599163,32.61550458538483,0.9513294324278831,0.8036364782601595,0.9201337499544024,0.7034634468832902,-0.0409135902014079,-0.5600947466933139,-0.7151666583244787,0.9962027719764572,0.8384449945518286,0.5292661975344883,0.1214016884051549,0.0462670841972625,0.1025033282636239,0.0063035637196034,0.0313790477279757,0.1006779769826136,0.0082624141120169,0.0343703013818191,29.777868796228205,0.7335033254905949,0.1923815736894904,rl2,cbb43DO-bmnqDXr5,2,5268.0,folding clothes,"{""short sleeve shirts"",""long sleeve shirts"",shorts}",False,False,False,False,False,False,,True
2025-10-21-00-28-58-000000,7090.0,236.33333333333337,0.0,0.0,0.0,0.0,0.0,0.0,0.0,0.0,0.0,0.0,0.0,0.0,0.0,0.0,111.261453756995,0.4708483019762802,0.9806159032246284,129.13334813694988,0.5464805253362247,0.9253435720581836,0.5086644136562525,240.39480189394487,0.0,236.33333333333337,5.469465622743866,111.261453756995,0.4708483019762802,0.7216666043763678,1.199273217685061,23.007417039922412,0.7633325383067131,0.5311395302414894,1.35483618080616,0.5492994780656059,-0.0849053066435344,-0.3678466992867829,-0.6476723982137463,0.9946395824516856,129.13334813694988,0.5464805253362247,0.8254653924943872,1.244639261786751,26.989631275854965,0.5653333961963654,0.7437542378902435,1.2595601752400398,0.5296061449197899,-0.3620781376266954,-0.152077068106709,-0.7035775571633314,0.9954859641698406,0.8184981968874103,0.3733770785504121,0.0660148297058227,0.1207582675903844,0.1045281893880468,0.0047359705228817,0.0315902571552967,0.1003592851483174,0.0081349983166535,0.0337984204042344,39.32015887056646,0.6816970913198747,0.2628287765621117,rl2,cbb43DO-bmnqDXr5,2,7090.0,folding clothes,"{""short sleeve shirts"",""long sleeve shirts"",shorts}",False,False,False,False,False,False,,True
2025-10-29-21-54-36-189000,2834.0,94.46666666666668,0.0,0.0,0.0,0.0,0.0,0.0,0.0,0.0,0.0,0.0,0.0,0.0,0.0,0.0,51.017254641654105,0.5402462545886422,0.0278628755347136,62.24360997916064,0.659127532430222,0.0619346564286694,0.599686893509432,113.26086462081474,0.0,94.46666666666668,4.558777146418381,51.017254641654105,0.5402462545886422,0.9551387455702396,1.2607265004895127,40.27571898298951,0.3705178964883089,0.4061818718910217,0.9321622187271714,0.1402882259144162,0.1422303882246769,-0.6069874017011051,-0.7734412117851353,0.9908224496999648,62.24360997916064,0.659127532430222,0.9305505753970932,1.581056306710326,41.46014267380642,0.5096831787377596,0.3999805260682478,0.9394568097777664,0.1915208086258888,-0.2835005255529083,-0.1631551479806999,-0.7677895513935975,0.9872926226614896,0.88059149992111,0.6184257698472224,0.1203693316388355,0.2282820345889497,0.1020943683935869,0.0036248404573872,0.0220331413941993,0.1027321520257876,0.0038915063793068,0.0291346364432551,8.795667234134598,0.3413523571212322,0.1810182768518102,rl2,CizpI2XpvnTL3SW5,1,2834.0,folding clothes,"{""short sleeve shirts"",""long sleeve shirts"",shorts}",False,False,False,False,False,False,,True
2025-10-29-21-54-36-190000,2605.0,86.83333333333333,0.0,0.0,0.0,0.0,0.0,0.0,0.0,0.0,0.0,0.0,0.0,0.0,0.0,0.0,60.25008600679526,0.6941254148248301,0.6069295924896054,69.74388889367245,0.8035010241206502,0.6007914042805717,0.7488132194727403,129.99397490046772,0.0,86.83333333333333,4.475441079313307,60.25008600679526,0.6941254148248301,1.0906394177403027,1.994480215897725,46.977149973456854,0.4240900427103042,0.2055831849575042,0.7740504611283541,0.0674861945203213,-0.1007229744222537,-0.4511626535694109,-0.6961317443065417,0.9773425499231952,69.74388889367245,0.8035010241206502,1.142475618167591,2.0457799142283397,50.76068694614274,0.3731494173407554,0.3935750368982553,0.8823900762945414,0.129589832306147,-0.2679041484681864,-0.0640104181608564,-0.7255380609964741,0.9804147465437788,0.912661510370543,0.429916308431804,0.0642634090267192,0.2735064251046054,0.1032366071676221,0.0038893831552171,0.0261902526634887,0.104313670248834,0.0042936449441346,0.0300311884833413,4.958097772107333,0.2652915852704796,0.1219188957933841,rl2,CizpI2XpvnTL3SW5,1,2605.0,folding clothes,"{""short sleeve shirts"",""long sleeve shirts"",shorts}",False,False,False,False,False,False,,True
2025-10-29-21-54-36-194000,2619.0,87.3,0.0,0.0,0.0,0.0,0.0,0.0,0.0,0.0,0.0,0.0,0.0,0.0,0.0,0.0,52.02124181402936,0.5961181262111844,0.2683725458213015,57.51135748664663,0.6590300705116116,0.33838387346381,0.627574098361398,109.532599300676,0.0,87.3,4.480740107609915,52.02124181402936,0.5961181262111844,1.0152794997594623,1.6662180354249612,43.257405685056,0.3434454221278429,0.3756875395774841,0.771176889538765,0.0995035394244592,0.1722844957931265,-0.421295773506779,-0.732726968565985,0.96829640947288,57.51135748664663,0.6590300705116116,1.0532753182769368,1.6369158924177185,45.5624130891083,0.2349749887362122,0.3848270205780864,0.7731917146593332,0.0699156480356014,-0.1273374505786978,-0.2045960359175061,-0.7632195313346265,0.9717341482047364,0.9466813993146072,0.3746127848197663,0.0615993071189494,0.2313222926775165,0.1009523978549422,0.0032392651114414,0.0225953165307814,0.1028960333785929,0.0044491819683217,0.0283450266663796,4.436982101006726,0.300171754663499,0.1118519964700557,rl2,CizpI2XpvnTL3SW5,1,2619.0,folding clothes,"{""short sleeve shirts"",""long sleeve shirts"",shorts}",False,False,False,False,False,False,,True
2025-10-29-21-54-36-195000,3259.0,108.63333333333334,0.0,0.0,0.0,0.0,0.0,0.0,0.0,0.0,0.0,0.0,0.0,0.0,0.0,0.0,49.62467059618339,0.456949084679405,1.3513547261021468,59.41890921046257,0.5471354439269114,1.6853286305676265,0.5020422643031582,109.04357980664597,0.0,108.63333333333334,4.697141464526902,49.62467059618339,0.456949084679405,0.9221093810069676,1.0095955761134738,38.518035625226446,0.7200717069208622,1.2751069366931915,0.7428799085319042,0.6820888781150675,0.4056193381164997,-0.4027459325749529,-0.7632031298890348,0.983732351135666,59.41890921046257,0.5471354439269114,1.412566239611288,1.2614311332990338,60.093724963636944,1.008495219051838,2.178356796503067,0.7209832295775414,1.5839009586608277,-0.0686088718244438,-0.4730756714741175,-0.6806561614964849,0.9877225291589932,0.701345617926639,0.5614877065049734,0.2809336111105113,0.2104099113371371,0.1025495923739679,0.0026743943434729,0.01691789153128,0.1024839649008831,0.0040300544474016,0.0261367761120676,7.061278774780618,1.526206209227879,0.0859025010227869,rl2,CizpI2XpvnTL3SW5,1,3259.0,folding clothes,"{""short sleeve shirts"",""long sleeve shirts"",shorts}",False,False,False,False,False,False,,True
2025-10-29-21-54-36-196000,3540.0,118.0,0.0,0.0,0.0,0.0,0.0,0.0,0.0,0.0,0.0,0.0,0.0,0.0,0.0,0.0,47.37026402249016,0.4015563494418493,0.4994730768391877,79.06317443542251,0.6702162286133584,0.4846054591568522,0.5358862890276038,126.43343845791269,0.0,118.0,4.77912349311153,47.37026402249016,0.4015563494418493,0.7528765110556119,0.919895094339571,31.099780427937414,0.321632694453001,0.4514146819710731,0.8880469398573041,0.1289352869692259,0.3221713062786197,-0.4451844781384629,-0.7280054643041175,0.9915230291042668,79.06317443542251,0.6702162286133584,1.0333221980293097,1.7003011571853714,46.042347106108785,0.8927443288266659,1.028807447408326,0.9371868688613176,0.8607705391890744,-0.1642965677316632,-0.3616741993002486,-0.7172031953062673,0.993500988979938,0.6415604357847569,0.5478130769139151,0.2117636956841275,0.1828098459231858,0.1008605522619129,0.0030701545013352,0.0209471888251447,0.1038509706324818,0.0040674685456045,0.0225188225166864,9.728447306330851,0.3833108909246972,0.1463102408303151,rl2,CizpI2XpvnTL3SW5,1,3540.0,folding clothes,"{""short sleeve shirts"",""long sleeve shirts"",shorts}",False,False,False,False,False,False,,True
2025-10-29-21-54-36-197000,2813.0,93.76666666666668,0.0,0.0,0.0,0.0,0.0,0.0,0.0,0.0,0.0,0.0,0.0,0.0,0.0,0.0,53.120353125916346,0.5667178498497476,0.5800688391401062,66.98605632514932,0.7146449821317495,0.5653560495692659,0.6406814159907486,120.10640945106567,0.0,93.76666666666668,4.551417729988844,53.120353125916346,0.5667178498497476,0.9031936929045844,1.264079855603163,38.40264229514243,0.2838738858699798,0.4472211748361587,0.7681535258889198,0.0975204797765207,0.3159872244472738,-0.4994186518552928,-0.7663738528187752,0.9893314366998578,66.98605632514932,0.7146449821317495,0.9701378005211309,1.858446304239572,43.30690878062012,0.6146489232778549,0.4290733579546213,0.7431478146463633,0.1959899848426464,-0.1933197747933199,-0.2895066496901879,-0.7656072112799507,0.9918207681365576,0.8473396611195132,0.5604535627599564,0.1460194919370232,0.1266180134951511,0.1018657946411125,0.00418975523142,0.0243095153606107,0.1032647040601796,0.0040685576933433,0.0253424181608996,7.146661092552099,0.2920055770671057,0.1085665085277477,rl2,CizpI2XpvnTL3SW5,1,2813.0,folding clothes,"{""short sleeve shirts"",""long sleeve shirts"",shorts}",False,False,False,False,False,False,,True
2025-10-29-21-54-36-198000,2522.0,84.06666666666666,0.0,0.0,0.0,0.0,0.0,0.0,0.0,0.0,0.0,0.0,0.0,0.0,0.0,0.0,55.25964274312547,0.6575919406163284,0.5534522877094165,66.96439600772153,0.7968789687551154,0.5894855624996218,0.7272354546857219,122.224038750847,0.0,84.06666666666666,4.443435262802525,55.25964274312547,0.6575919406163284,1.030880083806905,1.6799682498571802,43.71745511979108,0.474806297570467,0.2457266002893448,0.7377901636064053,0.0860798503814376,-0.0985922427356101,-0.5027746410595813,-0.692633443216599,0.9928599761999206,66.96439600772153,0.7968789687551154,1.2506136400930774,2.143392917371768,54.97346211021867,0.993380282074213,0.5875381845980883,0.7566131073981524,0.4415963681706907,-0.316983682448362,-0.1315187409582384,-0.6888398336967443,0.9940499801666004,0.7463055919764472,0.4737230969448201,0.1516072827200782,0.2479831328817214,0.1026009124972602,0.0040403365319944,0.0230547039045126,0.1039943011749636,0.0047172295654865,0.0279881183686756,6.813774095879962,0.2645238883596815,0.1119380463730674,rl2,CizpI2XpvnTL3SW5,1,2522.0,folding clothes,"{""short sleeve shirts"",""long sleeve shirts"",shorts}",False,False,False,False,False,False,,True
2025-10-29-21-54-36-199000,2817.0,93.9,0.0,0.0,0.0,0.0,0.0,0.0,0.0,0.0,0.0,0.0,0.0,0.0,0.0,0.0,56.16656867319372,0.5983654333081717,0.3724219471608296,65.28696128719258,0.6955287068948075,0.6663619882071314,0.6469470701014896,121.4535299603863,0.0,93.9,4.552823705615882,56.16656867319372,0.5983654333081717,1.0491925403877278,1.467164607268857,44.085534190997954,0.5522101186215878,0.5463164038956165,0.8804820727091283,0.2656251050481669,0.4776775333283216,0.0077945242565568,-0.650369924585725,0.9790482954545454,65.28696128719258,0.6955287068948075,1.175690206731996,1.793424684716016,50.08271090192487,0.6757532861083746,0.8637490440160036,0.8814936433918774,0.5145113159320622,0.2544124366287082,-0.2818148243943554,-0.6613690777875835,0.9779829545454546,0.755941402330275,0.3948149045195825,0.1487810238783241,0.0495379089769554,0.1023211271986847,0.0035032364529372,0.0272108668662213,0.1038840257000679,0.003979603032995,0.0254797244352345,6.981107147040972,0.3127325523716565,0.1550016881520989,rl2,CizpI2XpvnTL3SW5,1,2817.0,folding clothes,"{""short sleeve shirts"",""long sleeve shirts"",shorts}",False,False,False,False,False,False,,True
2025-10-29-21-54-36-200000,3682.0,122.73333333333332,0.0,0.0,0.0,0.0,0.0,0.0,0.0,0.0,0.0,0.0,0.0,0.0,0.0,0.0,39.93430880537386,0.3254629894488496,0.512023020704769,65.18703493246142,0.5312716783411688,0.4864022982832497,0.4283673338950093,105.12134373783528,0.0,122.73333333333332,4.818128712243936,39.93430880537386,0.3254629894488496,0.8104480150235198,0.673095612393635,32.983702992172255,0.4313583821058273,0.2057136744260788,0.9119019444333388,0.080918820723137,-0.0278430042187908,-0.4325182767345133,-0.7360427842744158,0.9728334691659876,65.18703493246142,0.5312716783411688,0.8458511671407476,1.3112443847871091,36.77948089062706,0.4281554715707898,0.4983459562063217,0.8941773679107428,0.1907902207200374,-0.2310492001111694,-0.1074088635712706,-0.7469569867140917,0.97826677533279,0.8525712301827544,0.4032936749363994,0.0805751253199135,0.1721454102690046,0.1011007087763759,0.0037103849775726,0.0252761066213259,0.1018012832751287,0.0039492167092201,0.0286970776281419,8.46094129890043,0.3347826442984154,0.1191045449797082,rl2,CizpI2XpvnTL3SW5,1,3682.0,folding clothes,"{""short sleeve shirts"",""long sleeve shirts"",shorts}",False,False,False,False,False,False,,True
2025-10-29-21-54-36-201000,3400.0,113.33333333333331,0.0,0.0,0.0,0.0,0.0,0.0,0.0,0.0,0.0,0.0,0.0,0.0,0.0,0.0,40.47791856246538,0.3572631823695091,0.0984855147152159,68.44096340379042,0.6040685207748491,0.1975990475879055,0.4806658515721791,108.9188819662558,0.0,113.33333333333331,4.73911815849783,40.47791856246538,0.3572631823695091,0.7729462440545236,0.8021159204907359,31.114135380005,0.3795391879975796,0.3537928201258182,0.8883645422756672,0.1192880269219568,0.338361433772918,-0.3393916995889123,-0.8214521813107764,0.9855839952927332,68.44096340379042,0.6040685207748491,0.8337919534096122,1.5201430110080096,36.86124666189525,0.3922528810799122,0.4467288069427013,0.8736029528081417,0.1530820233828888,0.0059931919933639,-0.214350431166103,-0.8290445146446719,0.9888202412474256,0.8104537946648007,0.3732314759500067,0.0777250162308581,0.1820315538498003,0.1021447880036421,0.0040490630607331,0.0232318570834461,0.1021616154526487,0.004558187364521,0.0280886438655143,7.274859848470809,0.3998470901284696,0.1151364444860196,rl2,CizpI2XpvnTL3SW5,1,3400.0,folding clothes,"{""short sleeve shirts"",""long sleeve shirts"",shorts}",False,False,False,False,False,False,,True
2025-10-29-21-54-36-202000,2663.0,88.76666666666667,0.0,0.0,0.0,0.0,0.0,0.0,0.0,0.0,0.0,0.0,0.0,0.0,0.0,0.0,57.65459174441126,0.6497512217627114,0.5418076454111512,65.55375037666312,0.7387725436889157,0.5552268433655082,0.6942618827258136,123.20834212107438,0.0,88.76666666666667,4.497213711149444,57.65459174441126,0.6497512217627114,1.1002206574909088,1.5828274906848467,47.20016672788016,0.3225224055349827,0.4298804081045091,0.8286982160061598,0.1148957453247764,0.3808625094449883,-0.2037139097698373,-0.7395883180561972,0.9891059353869271,65.55375037666312,0.7387725436889157,1.045311332976672,1.8553443945956072,46.428927288816105,0.3537861052900553,0.4201028794050216,0.7722749058157206,0.1147805638040827,0.0646942562120783,-0.2798255126195191,-0.7450325503173154,0.987603305785124,0.8938702272234443,0.3387298708529394,0.0579405495853809,0.1600879309343954,0.1029638036508791,0.0038352383254389,0.0231205132678753,0.1038837445972698,0.0038537644900561,0.0253950599498896,7.187393187251153,0.3584233881131629,0.1368954501977239,rl2,CizpI2XpvnTL3SW5,1,2663.0,folding clothes,"{""short sleeve shirts"",""long sleeve shirts"",shorts}",False,False,False,False,False,False,,True
2025-10-29-21-54-36-203000,3593.0,119.76666666666668,0.0,0.0,0.0,0.0,0.0,0.0,0.0,0.0,0.0,0.0,0.0,0.0,0.0,0.0,41.12413236542217,0.3434643571722341,0.5627940354663854,66.47395938575333,0.5551834024422605,0.4991350669724606,0.4493238798072473,107.5980917511755,0.0,119.76666666666668,4.7938603092329215,41.12413236542217,0.3434643571722341,0.7424069200381773,0.7610409199869862,29.89038703220309,0.4118620892986655,0.2949210703372955,0.8236249536275864,0.1000430942770425,0.1595154473370922,-0.2587914681619392,-0.7848642315039546,0.9821826280623608,66.47395938575333,0.5551834024422605,0.7700124941033567,1.3932081398962135,34.10790984466846,0.4801013153046369,0.4446556642651558,0.8621010072529316,0.1840411241169614,-0.1599030737531071,-0.1577116225841187,-0.7801943280268331,0.9883073496659244,0.8000553106055,0.3510288208790936,0.0724631129130974,0.1509954058287046,0.1019048237382623,0.0031735685036285,0.0207348252007084,0.1009517440560131,0.0048847527108979,0.0311046889446444,7.747468692814342,0.2925772522126004,0.1150743538366341,rl2,CizpI2XpvnTL3SW5,1,3593.0,folding clothes,"{""short sleeve shirts"",""long sleeve shirts"",shorts}",False,False,False,False,False,False,,True
2025-10-29-21-54-36-204000,3201.0,106.7,0.0,0.0,0.0,0.0,0.0,0.0,0.0,0.0,0.0,0.0,0.0,0.0,0.0,0.0,44.78563726501821,0.4198653493595456,0.4657238888865481,56.75287612611666,0.5320582136823436,0.4903577649267432,0.4759617815209446,101.53851339113488,0.0,106.7,4.679349584162343,44.78563726501821,0.4198653493595456,0.9271810456236106,0.829480163016917,39.372798125824474,0.2876664381474256,0.3216755986213684,0.8704875484108925,0.0805508035397256,0.2505024429905306,-0.5394995878335648,-0.8000459294691705,0.983125,56.75287612611666,0.5320582136823436,0.9208570632792022,1.3268011639986017,40.89369027361063,0.3891896605491638,0.4109586849808693,0.793899854645133,0.1269770343240088,-0.0962653189524542,-0.3334014620986889,-0.7889160575029189,0.9834375,0.8898402818049065,0.4084437470098972,0.0655394177820857,0.1731103352851614,0.1013863563126175,0.0035456777178933,0.0220697654483601,0.1026616063041945,0.004278903440573,0.0270805564054045,7.173817732223833,0.3440382265609525,0.1032547615084441,rl2,CizpI2XpvnTL3SW5,1,3201.0,folding clothes,"{""short sleeve shirts"",""long sleeve shirts"",shorts}",False,False,False,False,False,False,,True
2025-10-29-21-54-36-213000,2984.0,99.46666666666668,0.0,0.0,0.0,0.0,0.0,0.0,0.0,0.0,0.0,0.0,0.0,0.0,0.0,0.0,56.06196637989732,0.5638146132741936,0.6521817227941773,69.6504621667345,0.7004739741877424,0.5227229573891561,0.6321442937309679,125.71242854663184,0.0,99.46666666666668,4.609825997524285,56.06196637989732,0.5638146132741936,0.9079881388477417,1.2291854595994307,38.555028161866055,0.5319034773856401,0.4052844559773803,0.8382396027445793,0.1807011649009539,0.377049903088841,0.1655691477510127,-0.8001867734412625,0.9969829031176668,69.6504621667345,0.7004739741877424,0.9307936412503236,1.7880915290085335,41.42621608082102,0.5484153237193823,0.64616334810853,0.7978600673377514,0.2827343862581341,0.1463300400911693,-0.3046350713018266,-0.7818611325738557,0.9959772041568892,0.8220161798813693,0.5369730462562039,0.138248922183135,0.1402411024286813,0.1021845626938466,0.0041990457122824,0.0271842187552505,0.1033901083421348,0.0044815941986587,0.0270187299722908,9.366611442202938,0.4132215645420197,0.1504187208495816,rl2,CizpI2XpvnTL3SW5,1,2984.0,folding clothes,"{""short sleeve shirts"",""long sleeve shirts"",shorts}",False,False,False,False,False,False,,True
2025-10-29-21-54-36-214000,2633.0,87.76666666666667,0.0,0.0,0.0,0.0,0.0,0.0,0.0,0.0,0.0,0.0,0.0,0.0,0.0,0.0,67.49214337529743,0.7692873485026303,0.7139372372264446,76.24199986967155,0.8690197553533991,0.8179021901522957,0.8191535519280148,143.73414324496898,0.0,87.76666666666667,4.486011204151777,67.49214337529743,0.7692873485026303,1.1694966460925842,1.9257371778662495,51.96275783428148,0.2974960654973984,0.5121390260756016,0.8852331480011344,0.1348735428187655,0.2176256519040192,-0.1882324431801313,-0.7177871386161547,0.9962006079027356,76.24199986967155,0.8690197553533991,1.164250694366577,2.2170029769294453,53.07305552527361,0.5096745677292347,0.7039476558566093,0.8838128875941038,0.3170981150291309,-0.1247397793125838,-0.2551873962562375,-0.7233582935792964,0.9946808510638298,0.8841056315836456,0.3741618909643603,0.0603647089980088,0.1841461656023608,0.103239264438444,0.0044176051459057,0.0267229959886875,0.1050319276518882,0.0047936804973385,0.0267881860589098,9.3752374262059,0.5491278854773004,0.1668048841250331,rl2,CizpI2XpvnTL3SW5,1,2633.0,folding clothes,"{""short sleeve shirts"",""long sleeve shirts"",shorts}",False,False,False,False,False,False,,True
2025-10-29-21-54-36-215000,3252.0,108.4,0.0,0.0,0.0,0.0,0.0,0.0,0.0,0.0,0.0,0.0,0.0,0.0,0.0,0.0,46.5968124299608,0.4299921171635878,0.2197378531185246,76.35090200531664,0.7045607690432172,0.061344079676534,0.5672764431034025,122.94771443527743,0.0,108.4,4.695010889987881,46.5968124299608,0.4299921171635878,0.7708661694350991,1.061167259935869,31.949765578784884,0.2922760099172592,0.638859792612493,0.771411644294858,0.1440405981423738,0.2888339877977445,-0.1877985310844833,-0.815509774709558,0.9904644724700092,76.35090200531664,0.7045607690432172,0.8639346628811704,1.7625935159321446,39.80906995259756,0.5687153711915016,0.6089126510778442,0.7572890073060989,0.2622476568239431,-0.1329680014190322,-0.3110155286444242,-0.8076664606054276,0.9944632420793602,0.7345084551381664,0.467805445913045,0.1204726913964351,0.1718081173581202,0.1015695417623418,0.0035149465894751,0.0252166681599455,0.1030244051382128,0.0044367430935209,0.0295770230129993,9.603270215053731,0.3524712037095759,0.1380023963831396,rl2,CizpI2XpvnTL3SW5,1,3252.0,folding clothes,"{""short sleeve shirts"",""long sleeve shirts"",shorts}",False,False,False,False,False,False,,True
2025-10-29-21-54-36-216000,2613.0,87.1,0.0,0.0,0.0,0.0,0.0,0.0,0.0,0.0,0.0,0.0,0.0,0.0,0.0,0.0,62.15928530460974,0.713927472870709,0.0970293062493523,68.74610511918146,0.7895800741100474,0.0822408826369095,0.7517537734903783,130.9053904237912,0.0,87.1,4.478472532942134,62.15928530460974,0.713927472870709,1.2167955689949008,1.769376007191646,51.78648559021425,0.2466651611030101,0.4282494466751814,0.8991465494036674,0.0949806432937769,0.2644324036072006,-0.2263820216061823,-0.7532860314451412,0.9881316998468608,68.74610511918146,0.7895800741100474,1.1889127015304422,2.1332720535449683,52.0082085165375,0.5462966226041317,0.4099134756252169,0.8967158701270819,0.2008054830850588,-0.1113030022443969,-0.1082654362624388,-0.7418318496039725,0.9869831546707504,0.8937455056288053,0.4094182629299522,0.0782532287863147,0.1714197644603788,0.1041283858442531,0.0048329663510344,0.024244280946959,0.1054142815361155,0.0039044230298361,0.0235123314354976,7.680767325533257,0.3294921113669037,0.1855989126088834,rl2,CizpI2XpvnTL3SW5,1,2613.0,folding clothes,"{""short sleeve shirts"",""long sleeve shirts"",shorts}",False,False,False,False,False,False,,True
2025-10-29-21-54-36-217000,2536.0,84.53333333333333,0.0,0.0,0.0,0.0,0.0,0.0,0.0,0.0,0.0,0.0,0.0,0.0,0.0,0.0,64.30517175571654,0.7610079497717932,0.6407992403131781,67.12800373127754,0.7944142453405626,0.6571378391768606,0.7777110975561778,131.4331754869941,0.0,84.53333333333333,4.448906163513426,64.30517175571654,0.7610079497717932,1.2189662067092175,1.931278260383124,52.18886693355341,0.5286200605332851,0.3257796326652169,0.8778764922171831,0.1511823142189425,0.1159651600553768,-0.2510494350008402,-0.7484080106216815,0.988560157790927,67.12800373127754,0.7944142453405626,1.1900625218089538,1.7453272149099772,51.76680364119434,0.2693296242505312,0.5862795859575272,0.8713262435048819,0.1375845578275417,-0.1040215483750583,0.0127625354210351,-0.743608251048769,0.9909270216962524,0.9440313581769664,0.3517529411257047,0.0627382268780143,0.2347562770776292,0.1024472947566188,0.0042979346319022,0.0283905430017419,0.1032435251151866,0.0035455455555121,0.0254553647650675,7.187779438538522,0.4275526959875816,0.1872174245513427,rl2,CizpI2XpvnTL3SW5,1,2536.0,folding clothes,"{""short sleeve shirts"",""long sleeve shirts"",shorts}",False,False,False,False,False,False,,True
2025-10-29-21-54-36-218000,3710.0,123.66666666666669,0.0,0.0,0.0,0.0,0.0,0.0,0.0,0.0,0.0,0.0,0.0,0.0,0.0,0.0,51.0468775241786,0.4128892762807651,0.1231544071355982,82.8731638967462,0.6703140784314873,0.1395883659007737,0.5416016773561262,133.9200414209248,0.0,123.66666666666669,4.825643508746422,51.0468775241786,0.4128892762807651,0.8587601248022985,0.9395361313503572,34.58262372545021,0.4235405512154102,0.2187288627028465,0.7679439671337605,0.0711427461671199,0.1659637709050326,-0.3565144002186561,-0.7986522937238698,0.9859800485306012,82.8731638967462,0.6703140784314873,0.8926308266785463,1.6272187452527218,40.25932306213329,0.38088159263134,0.4765021856874227,0.8017634861171246,0.1455127858041495,-0.1106297445127042,-0.1295423074005152,-0.7937059384958964,0.9924507953626316,0.792316212093181,0.3741775462134237,0.0824767535796576,0.1224100575111722,0.1000654097214191,0.0056274781875389,0.0286246058676464,0.1007542728118857,0.0044646385913876,0.0286437155850252,7.748527410329482,0.3281084395570987,0.1125193176880629,rl2,CizpI2XpvnTL3SW5,1,3710.0,folding clothes,"{""short sleeve shirts"",""long sleeve shirts"",shorts}",False,False,False,False,False,False,,True
2025-10-29-21-54-36-220000,2811.0,93.7,0.0,0.0,0.0,0.0,0.0,0.0,0.0,0.0,0.0,0.0,0.0,0.0,0.0,0.0,63.22498528576581,0.6749998429085317,0.4539390830692229,66.25261666155684,0.7073233095539876,0.4596341160647839,0.6911615762312596,129.47760194732265,0.0,93.7,4.550714000192032,63.22498528576581,0.6749998429085317,1.0874378897587087,1.614391655827524,46.101722282312416,0.3443255573511123,0.2869817120954394,0.8194497413933277,0.0809740392526719,0.2595233040905187,-0.1560067751183179,-0.7535121179149694,0.9850533807829182,66.25261666155684,0.7073233095539876,1.0674917014481238,1.6100088856778527,45.94084140951709,0.2712243683636188,0.2866810765117407,0.7513288371264935,0.0584194940138035,-0.0776556400560327,-0.0554108153800254,-0.7564628629159011,0.9846975088967972,0.9364151780987402,0.3584349111165696,0.0665475676046777,0.2114136738784507,0.1026548605105022,0.0044538728527137,0.0244080999451385,0.1043043023219805,0.0037074134578301,0.0249943417309831,5.441567149391267,0.2785376073339262,0.1084070214133035,rl2,CizpI2XpvnTL3SW5,1,2811.0,folding clothes,"{""short sleeve shirts"",""long sleeve shirts"",shorts}",False,False,False,False,False,False,,True
2025-10-29-21-54-36-221000,3717.0,123.9,0.0,0.0,0.0,0.0,0.0,0.0,0.0,0.0,0.0,0.0,0.0,0.0,0.0,0.0,45.47299972892385,0.3671124843562205,0.5135714483100731,80.96893100441575,0.6536781297450142,0.4766302124700898,0.5103953070506173,126.4419307333396,0.0,123.9,4.827513417131532,45.47299972892385,0.3671124843562205,0.7850618140599794,0.8400724040316045,31.736141266915087,0.4903465658426285,0.4071759842336178,0.9745591767132282,0.194577898316184,0.3237951564045564,-0.3388591679672512,-0.7673036503861865,0.98735199138859,80.96893100441575,0.6536781297450142,0.8653892149975121,1.592982756619945,38.57657529653304,0.6587292440235615,0.5690142214298248,1.0330147705972197,0.3872011124909426,-0.0934987198045281,-0.1468258243488234,-0.7720512589507713,0.9903121636167922,0.7556310035126848,0.4883208178064423,0.1313143595944945,0.1257504259397678,0.0995006841347316,0.0039871348138622,0.0269792507133814,0.1033022382594409,0.0043836810276929,0.0256792665074576,8.832796453192694,0.4212367098201444,0.1139364982988088,rl2,CizpI2XpvnTL3SW5,1,3717.0,folding clothes,"{""short sleeve shirts"",""long sleeve shirts"",shorts}",False,False,False,False,False,False,,True
2025-10-29-21-54-36-222000,2727.0,90.9,0.0,0.0,0.0,0.0,0.0,0.0,0.0,0.0,0.0,0.0,0.0,0.0,0.0,0.0,51.09677866202741,0.5623269845417543,0.7015457493952172,65.12333551800972,0.7166911465665047,0.6810853499318821,0.6395090655541295,116.22011418003714,0.0,90.9,4.520701029361642,51.09677866202741,0.5623269845417543,0.9640727898025944,1.281490168911847,40.89141800962293,0.4995792135596275,0.4563047997653484,0.8379108719527721,0.1910104916779203,0.3192378390391897,-0.4025376085881834,-0.7865984950858046,0.9944974321349964,65.12333551800972,0.7166911465665047,0.9376545875545644,1.7197971882606882,42.37035226363713,0.4957013130187988,0.5049995072185993,0.7538150865584612,0.1887017155948955,-0.1193148049441049,0.0085894251323177,-0.7777566818570288,0.9930300807043286,0.834003117715385,0.6070890818220416,0.1224119251869052,0.1959371866228123,0.1015842671091162,0.0048308991812085,0.0263079452438875,0.1032638981172961,0.0038472446835879,0.0194948209329872,7.344042556992439,0.3612818714128922,0.118923651124437,rl2,CizpI2XpvnTL3SW5,1,2727.0,folding clothes,"{""short sleeve shirts"",""long sleeve shirts"",shorts}",False,False,False,False,False,False,,True
2025-10-29-21-54-36-223000,3364.0,112.13333333333334,0.0,0.0,0.0,0.0,0.0,0.0,0.0,0.0,0.0,0.0,0.0,0.0,0.0,0.0,44.48927845296329,0.3968713510523041,0.2233577068018468,75.51945195373673,0.6736793216212019,0.2650606136858874,0.5352753363367531,120.00873040670002,0.0,112.13333333333334,4.728567064132016,44.48927845296329,0.3968713510523041,0.8180653022092,0.966492726450526,33.192066533478794,0.4681640341877937,0.7259340668097138,1.2539143189787865,0.4261505822469673,0.2908496916965182,-0.2926919261440643,-0.6688317129577817,0.9878085043116264,75.51945195373673,0.6736793216212019,0.8800847328983872,1.6410139364128358,39.28148560170513,0.5922363363206387,0.7442970834672451,1.3057524133473637,0.5755753737264119,-0.1653453061486152,-0.1886120073754558,-0.6823166383588305,0.9937555753791256,0.7602607337804151,0.4982962299597567,0.1196496302944996,0.1919992035804742,0.1003891182282919,0.0042155153152121,0.028103401123814,0.1044951488171213,0.0042912878396468,0.0274906361423558,10.091197350535296,0.9845756079556068,0.1440173702002218,rl2,CizpI2XpvnTL3SW5,1,3364.0,folding clothes,"{""short sleeve shirts"",""long sleeve shirts"",shorts}",False,False,False,False,False,False,,True
2025-10-29-21-54-36-224000,2675.0,89.16666666666667,0.0,0.0,0.0,0.0,0.0,0.0,0.0,0.0,0.0,0.0,0.0,0.0,0.0,0.0,52.99751435970255,0.5945869225097519,0.56852658050058,65.19926359837879,0.7314801450827839,0.540308668141632,0.6630335337962678,118.19677795808134,0.0,89.16666666666667,4.501659809618427,52.99751435970255,0.5945869225097519,0.9845156209640884,1.431005264811076,42.74130300883649,0.4281604737043381,0.5594618823379278,0.8711133766919374,0.2086660318249969,0.3730671263005689,-0.4360590594463816,-0.792820989625337,0.9913986537023186,65.19926359837879,0.7314801450827839,0.9739524847400922,1.838894587883608,45.40798091246019,0.5713265314698219,0.5106788985431194,0.8280984312295914,0.2416096450749777,-0.1085266341791253,-0.1580780568154676,-0.7847466521960831,0.9932685115931188,0.8537092516500637,0.5625529936039911,0.1229494514317996,0.2036075464139649,0.1018664734643649,0.004207300122484,0.0217018843490058,0.1034895078242887,0.0043569836968459,0.0248829126056451,8.9127567033451,0.4250340263762703,0.1642706036403857,rl2,CizpI2XpvnTL3SW5,1,2675.0,folding clothes,"{""short sleeve shirts"",""long sleeve shirts"",shorts}",False,False,False,False,False,False,,True
2025-10-29-21-54-36-225000,2803.0,93.43333333333334,0.0,0.0,0.0,0.0,0.0,0.0,0.0,0.0,0.0,0.0,0.0,0.0,0.0,0.0,60.34427521935619,0.6460843171237279,0.6650145551790672,66.68252090153672,0.7139456199308,0.7794465366636263,0.680014968527264,127.02679612089293,0.0,93.43333333333334,4.547894118168362,60.34427521935619,0.6460843171237279,1.1018694863816652,1.5237115454707912,47.992299490690264,0.3476515859365463,0.3954998813569546,0.8166606891900301,0.11228770959627,0.3760718327258852,-0.468419735512955,-0.6928274321974206,0.987152034261242,66.68252090153672,0.7139456199308,1.02015449295225,1.6744625943354536,46.09806236576629,0.3655327595770359,0.8594834804534912,0.8167883828282356,0.2566098903667894,0.1042574760435123,-0.225009432318014,-0.7077022532457662,0.9875089221984296,0.9170170876293854,0.3703805873897206,0.0958499179603509,0.1847345110767849,0.1014377111162869,0.003972357073536,0.0269621595487754,0.104204963344143,0.0040287770611716,0.0259673915135715,7.656290205269982,0.636056232062936,0.1591731602839208,rl2,CizpI2XpvnTL3SW5,1,2803.0,folding clothes,"{""short sleeve shirts"",""long sleeve shirts"",shorts}",False,False,False,False,False,False,,True
2025-10-29-21-59-28-866000,3292.0,109.73333333333332,0.0,0.0,0.0,0.0,0.0,0.0,0.0,0.0,0.0,0.0,0.0,0.0,0.0,0.0,35.95094523194656,0.3277205581763587,0.6502214530122146,55.51644301173866,0.5060751414014463,0.563179479330717,0.4168978497889025,91.46738824368522,0.0,109.73333333333332,4.7071249085110844,35.95094523194656,0.3277205581763587,0.690354718596026,0.7077482926771322,29.601963542300297,0.4187082685530185,0.5106221698224545,0.6672730185091496,0.1426641221437408,0.5307407890370666,-0.073359424366309,-0.5621306162445217,0.9878456396232148,55.51644301173866,0.5060751414014463,0.7181311371780725,1.4091396185617084,32.9493799855438,0.4801700375974178,0.4513294631615281,0.6176480278372765,0.133853521505496,0.2361358244131621,-0.2360370679610176,-0.5811905500361354,0.9905803707079917,0.7724403242014595,0.3571471513518848,0.0706213808522898,0.0093860265028934,0.0981841519523785,0.0079152839739992,0.0304581633363591,0.1008723895667744,0.0062922330415659,0.0276019403230904,7.717789139711517,0.3209322097473564,0.1275120394300161,rl2,__zQ0kS-xjtwKdGt,7,3292.0,folding clothes,"{""short sleeve shirts"",""long sleeve shirts"",shorts}",False,False,False,False,False,False,,True
2025-10-29-21-59-41-062000,2662.0,88.73333333333333,0.0,0.0,0.0,0.0,0.0,0.0,0.0,0.0,0.0,0.0,0.0,0.0,0.0,0.0,42.62173329686926,0.480515595229642,0.3196562136691868,47.02130495709114,0.5301161776447705,0.2120826837293722,0.5053158864372063,89.6430382539604,0.0,88.73333333333333,4.496842309102463,42.62173329686926,0.480515595229642,0.687223562746448,1.3604806636203337,30.71767619259337,0.4554041400551796,0.4802345130592584,0.5091353449970484,0.1113482998484463,-0.0068163656025066,-0.3123775786660697,-0.4498634759293327,0.9680571213829388,47.02130495709114,0.5301161776447705,0.7037256802198923,1.4377349789746647,32.172313282216784,0.31569954007864,0.5324085354804993,0.4734222423285246,0.0795733453559908,-0.1763667624158985,-0.0718602460785895,-0.45571054095804,0.972566704246524,0.8019823799859,0.3048487852003713,0.0526252591068768,0.1865688162760911,0.1059123747249435,0.0043558615984399,0.0215484615450424,0.1055746997889519,0.0050086939988925,0.0278598610245045,4.250212630288548,0.4489183015451121,0.1076568816684308,rl2,__zQ0kS-xjtwKdGt,6,2662.0,folding clothes,"{""short sleeve shirts"",""long sleeve shirts"",shorts}",False,False,False,False,False,False,,True
2025-10-29-21-59-44-346000,2609.0,86.96666666666667,0.0,0.0,0.0,0.0,0.0,0.0,0.0,0.0,0.0,0.0,0.0,0.0,0.0,0.0,37.47920140001568,0.4311257829756405,0.4381399430869891,46.17023675884372,0.5310993492198282,0.5972581942913152,0.4811125660977344,83.6494381588594,0.0,86.96666666666667,4.476957954841168,37.47920140001568,0.4311257829756405,0.8011175921298733,0.9818789848354982,34.2236758725063,0.6046529393643141,0.7058692686259747,0.7012209016829729,0.2992852377330416,-0.1131236744564827,-0.2107880972482866,-0.5781442269550093,0.9965490797546012,46.17023675884372,0.5310993492198282,0.7846175712785292,1.3106224030532234,34.90452011594247,0.6516966633498669,0.6690331399440765,0.6725327558815479,0.2932287639763683,-0.0540048080156056,0.2637727052748538,-0.5833181087848623,0.9930981595092024,0.8045091784389024,0.4987764450038748,0.1519400366898469,0.0241678155796832,0.1020844299666927,0.0063557334569173,0.0263977531015121,0.1021024347134413,0.0073391505952159,0.0321733327460741,10.285968285621175,0.4685937447568107,0.125390727810082,rl2,__zQ0kS-xjtwKdGt,5,2609.0,folding clothes,"{""short sleeve shirts"",""long sleeve shirts"",shorts}",False,False,False,False,False,False,,True
2025-10-29-21-59-49-791000,2779.0,92.63333333333334,0.0,0.0,0.0,0.0,0.0,0.0,0.0,0.0,0.0,0.0,0.0,0.0,0.0,0.0,46.74444462812928,0.5047996180143551,0.4601812863542767,57.9348009536971,0.6256457986360379,0.3170080619755546,0.5652227083251965,104.67924558182638,0.0,92.63333333333334,4.539386445442088,46.74444462812928,0.5047996180143551,1.019992582308085,1.1869736854815514,44.47181628832726,0.3990167826414108,0.683205384761095,0.5870938897132874,0.1600479086314145,-0.1185369464046328,-0.2176255944153792,-0.5312618421790797,0.9841612670986322,57.9348009536971,0.6256457986360379,1.3702766664487618,1.4289681598410795,60.1125739797244,0.4817911386489868,0.463959664106369,0.8801232371479273,0.1967354036777839,-0.1103734566437411,0.1029871001569712,-0.5756519054802963,0.9838012958963284,0.6652499391759563,0.3442226806893327,0.1021943999790617,0.2019263390586979,0.1042912337645986,0.0079100508869248,0.0339971205003283,0.1060928744071836,0.0051153520360114,0.030233034520533,6.358594996624092,0.2437134495945453,0.1208683638843575,rl2,__zQ0kS-xjtwKdGt,4,2779.0,folding clothes,"{""short sleeve shirts"",""long sleeve shirts"",shorts}",False,False,False,False,False,False,,True
2025-10-29-21-59-56-325000,2509.0,83.63333333333334,0.0,0.0,0.0,0.0,0.0,0.0,0.0,0.0,0.0,0.0,0.0,0.0,0.0,0.0,36.090561511134595,0.4317052812336676,0.1424025180404665,48.16928570878778,0.5761876280955476,0.1374954431619635,0.5039464546646076,84.25984721992238,0.0,83.63333333333334,4.438328200042523,36.090561511134595,0.4317052812336676,0.7914550290507569,0.9693685456125092,31.039128338671723,0.6243663169443607,0.6070595104247332,0.5972297778353095,0.2263665160028217,0.0534192710745917,-0.3986686376491751,-0.4733155614734676,0.9924242424242424,48.16928570878778,0.5761876280955476,0.8947818979167044,1.3715614958187887,36.6167205195535,0.6358924731612206,0.6269364543259144,0.5044265743345022,0.2010968028219965,-0.2290666640354576,-0.0064648002988214,-0.4800807695268646,0.9932216905901116,0.8311449600094538,0.4955517669470065,0.1570321840568453,0.067136730433904,0.0983368040700873,0.0074963175941997,0.0316884269330865,0.1004332494236076,0.0071863129232019,0.0281439067958104,10.206652347142988,0.5262711478364888,0.1636171856373197,rl2,__zQ0kS-xjtwKdGt,3,2509.0,folding clothes,"{""short sleeve shirts"",""long sleeve shirts"",shorts}",False,False,False,False,False,False,,True
2025-10-29-21-59-59-879000,2418.0,80.6,0.0,0.0,0.0,0.0,0.0,0.0,0.0,0.0,0.0,0.0,0.0,0.0,0.0,0.0,31.66844805164275,0.3930713452831123,0.446106274822912,54.862165160085,0.6809536428641083,0.405725332683272,0.5370124940736104,86.53061321172774,0.0,80.6,4.401829261970061,31.66844805164275,0.3930713452831123,0.8467845786155886,0.8257505183533606,36.418873100752336,0.3885393980890512,0.5922022257000208,0.6764092855155468,0.1556376480116259,0.1186026703093333,-0.1546875101512138,-0.589655014248742,0.9991725279271824,54.862165160085,0.6809536428641083,1.3379094933238356,1.6629239177930446,59.18668401950349,0.7645182404667139,0.7427388019859791,0.7577873766422272,0.4302999849250906,-0.2848580460633383,-0.1658849100673849,-0.6258034243258417,0.997931319817956,0.8128277789897936,0.4441508055281916,0.1390755730510054,0.0313205150613196,0.0988043959653107,0.007704245503187,0.0332433133591273,0.1005660592814087,0.0069019890402094,0.0297100106516896,11.533117246595404,0.5416391696292994,0.1843021167324834,rl2,__zQ0kS-xjtwKdGt,2,2418.0,folding clothes,"{""short sleeve shirts"",""long sleeve shirts"",shorts}",False,False,False,False,False,False,,True
2025-10-29-22-00-54-819000,2720.0,90.66666666666669,0.0,0.0,0.0,0.0,0.0,0.0,0.0,0.0,0.0,0.0,0.0,0.0,0.0,0.0,35.72969718157445,0.3942224771780925,0.6183156328326662,37.607524820180814,0.4149414286890122,0.3194979405071356,0.4045819529335524,73.33722200175526,0.0,90.66666666666669,4.518158808998462,35.72969718157445,0.3942224771780925,0.5899757916635991,0.8966963852114006,25.511188838003573,0.4068724140524864,0.6803567167371511,0.8423459433251992,0.2331768392250416,0.3086569488973028,-0.2395514807634433,-0.5445111305702406,0.9878631849944832,37.607524820180814,0.4149414286890122,0.5985191974191478,1.052750056101518,25.57872535841276,0.5858115740120411,0.7473176419734955,0.745621444657445,0.3264236170716166,-0.1425440189760753,-0.0637430073534821,-0.5537157849487437,0.9830820154468556,0.4845167123166146,0.5016474959461001,0.0973028084082476,0.2046069289052386,0.099156547467802,0.0054807542649787,0.0271055413991237,0.1013921255429937,0.0052714248365626,0.0319821667750124,9.730078285011956,0.515185278269687,0.1167920315663658,rl2,__zQ0kS-xjtwKdGt,9,2720.0,folding clothes,"{""short sleeve shirts"",""long sleeve shirts"",shorts}",False,False,False,False,False,False,,True
2025-10-29-22-00-54-820000,3240.0,108.0,0.0,0.0,0.0,0.0,0.0,0.0,0.0,0.0,0.0,0.0,0.0,0.0,0.0,0.0,32.642994064246885,0.3023432608605762,0.5099697381086745,41.53518628280491,0.3847037939129815,0.1950697408432732,0.3435235273867789,74.17818034705179,0.0,108.0,4.6913478822291435,32.642994064246885,0.3023432608605762,0.6260256283492641,0.6582224330475928,25.63809962726776,0.544855922460556,0.5725503982976079,0.6612005047500134,0.2062664402079806,-0.1481748649542921,-0.343476635731978,-0.5640402552372787,0.9891941957394258,41.53518628280491,0.3847037939129815,0.5097890388604309,0.9849517618717332,22.225852266515428,0.6030816435813904,0.4122704658657312,0.4795795269310474,0.1192391766985984,-0.1911892757938246,-0.0079279277718555,-0.5836722835449984,0.988885458474838,0.4372572367140117,0.3593706636886761,0.0629704034231446,0.0347580403925721,0.0951955693431647,0.0075822682450579,0.0350836841501449,0.0994421112939723,0.005727859541642,0.0309554967788918,8.88583760301197,0.5432139214363888,0.1180267188886651,rl2,__zQ0kS-xjtwKdGt,9,3240.0,folding clothes,"{""short sleeve shirts"",""long sleeve shirts"",shorts}",False,False,False,False,False,False,,True
2025-10-29-22-00-54-821000,2744.0,91.46666666666668,0.0,0.0,0.0,0.0,0.0,0.0,0.0,0.0,0.0,0.0,0.0,0.0,0.0,0.0,44.65635130661285,0.4884034047387479,0.4584578992300722,38.518928451123934,0.4212788383280051,0.1094346228900647,0.4548411215333766,83.17527975773677,0.0,91.46666666666668,4.526848219212622,44.65635130661285,0.4884034047387479,1.1044917300545,1.1227464221390997,47.02085018951525,0.4983812682330608,0.5918017495423555,0.6534685008227825,0.192735898925449,-0.1587137072414985,-0.2934431534510142,-0.5410835263319314,0.990156762668611,38.518928451123934,0.4212788383280051,0.6517719865603485,1.15285415222959,28.42845659012612,0.4762161858379841,0.4765822738409042,0.2437399849295616,0.0553182989850804,-0.1593613233192418,0.0834040955705435,-0.5634786293084351,0.98177178271965,0.6280913363735436,0.3965908224509819,0.0843944574915289,0.0208136248904377,0.102313574622613,0.0041690677343499,0.0225675175880299,0.1037906955401778,0.0036598697352492,0.0203710593355016,9.207241923867434,0.4487383793737714,0.1322766901699623,rl2,__zQ0kS-xjtwKdGt,9,2744.0,folding clothes,"{""short sleeve shirts"",""long sleeve shirts"",shorts}",False,False,False,False,False,False,,True
2025-10-29-22-00-54-822000,3603.0,120.1,0.0,0.0,0.0,0.0,0.0,0.0,0.0,0.0,0.0,0.0,0.0,0.0,0.0,0.0,40.83448924887594,0.3400984668146247,0.3221855304339964,35.48241074154039,0.2955225769700755,0.1509786259493389,0.3178105218923501,76.31689999041633,0.0,120.1,4.796616650559047,40.83448924887594,0.3400984668146247,0.6170950887913063,0.7410099153594834,26.186444466365906,0.4697918072342872,0.3768207840621471,0.6196933481842279,0.1097026508835135,0.0835792521413393,-0.352226665673626,-0.5659300650984603,0.983342587451416,35.48241074154039,0.2955225769700755,0.3833085500194037,0.7752238087556386,16.80151337404568,0.348126832395792,0.4990047179162502,0.2145080342888832,0.0372636775628436,-0.1139134108603296,-0.106952727687383,-0.5708188368790751,0.984730705163798,0.434578916233963,0.3343114268863824,0.0566060290370828,0.0221389846001787,0.0960556290576062,0.008573709937567,0.029986018528536,0.0993195244974648,0.0080001002474248,0.0298933877740143,9.293617249498128,0.4277924133553643,0.1078120346029864,rl2,__zQ0kS-xjtwKdGt,9,3603.0,folding clothes,"{""short sleeve shirts"",""long sleeve shirts"",shorts}",False,False,False,False,False,False,,True
2025-10-29-22-01-11-717000,2621.0,87.36666666666666,0.0,0.0,0.0,0.0,0.0,0.0,0.0,0.0,0.0,0.0,0.0,0.0,0.0,0.0,36.14450505768829,0.4138683785231484,0.2912024428046634,50.3765563678072,0.5768307981046626,0.3311387070740492,0.4953495883139056,86.5210614254955,0.0,87.36666666666666,4.48149482462687,36.14450505768829,0.4138683785231484,0.7838354840319733,1.0184799763418848,33.600379765459515,0.5456030238419771,0.5770890479907393,0.6419200338423252,0.2021159237427917,0.3305353490519915,-0.1311361565264755,-0.5801584000419576,0.9866412213740458,50.3765563678072,0.5768307981046626,1.4800210484290406,1.2786429521702851,63.72261807987067,0.5974271893501282,0.644940372556448,0.936375506222248,0.3607900839667324,-0.1176360600755167,-0.1075996444601783,-0.5953026765510468,0.9885496183206108,0.6222259695767236,0.4765979962485733,0.1620993965334096,0.0136272463997181,0.1019810708387888,0.0067937082950484,0.0349889027233107,0.1029028390813982,0.0067713721461151,0.0296051962967701,10.233944869405548,0.5022195341041934,0.1505108296434563,rl2,__zQ0kS-xjtwKdGt,1,2621.0,folding clothes,"{""short sleeve shirts"",""long sleeve shirts"",shorts}",False,False,False,False,False,False,,True
2025-10-29-22-01-11-719000,2971.0,99.03333333333332,0.0,0.0,0.0,0.0,0.0,0.0,0.0,0.0,0.0,0.0,0.0,0.0,0.0,0.0,33.646873619569426,0.339867410298681,0.2737537508732571,51.96866589261616,0.5249360191173349,0.5765632328714922,0.432401714708008,85.61553951218559,0.0,99.03333333333332,4.605503463778212,33.646873619569426,0.339867410298681,1.065815065110231,0.6696912591434888,44.873576204634894,0.5563419088721275,0.7129192128777504,0.6280615627765656,0.249106070309076,-0.0740020101058015,-0.3195017128703205,-0.5849688492912218,0.9838383838383838,51.96866589261616,0.5249360191173349,1.0854862103934944,1.3740406660325142,47.041610006776985,0.5887736901640892,0.6473064124584198,0.6975868232548237,0.2658621869453078,-0.1849956552420301,-0.0106850470196054,-0.6126784061920869,0.9875420875420876,0.883355456372862,0.3542383811184271,0.0946197280149359,0.0147525823043717,0.0998599927468733,0.0077295101731149,0.0318064902945184,0.1011711501657812,0.0072315369121638,0.0299628808619,8.906820312139399,0.4835869098826532,0.1524042817661714,rl2,__zQ0kS-xjtwKdGt,1,2971.0,folding clothes,"{""short sleeve shirts"",""long sleeve shirts"",shorts}",False,False,False,False,False,False,,True
2025-10-29-22-01-11-720000,2156.0,71.86666666666666,0.0,0.0,0.0,0.0,0.0,0.0,0.0,0.0,0.0,0.0,0.0,0.0,0.0,0.0,36.412201887390935,0.5068984021446533,0.3202151093055549,44.146107568828555,0.6145629823966853,0.6727005750951126,0.5607306922706694,80.55830945621949,0.0,71.86666666666666,4.288631287074328,36.412201887390935,0.5068984021446533,1.0085157221327024,1.2783041438228742,44.09796532491321,0.5161489639431238,0.5156338978558779,0.6033138055354357,0.1605682904275341,0.183554992478873,-0.2331469484736861,-0.5327138397583465,0.988399071925754,44.146107568828555,0.6145629823966853,1.5720531257419228,1.3154868254471894,68.61524038963444,0.4768833108246326,0.6684858500957489,0.7412181459367275,0.2362927440535487,-0.1032460877086089,-0.004805651325767,-0.5542169976616641,0.9819025522041764,0.7333877639690795,0.3902315776096233,0.1030461555497591,0.0448505827828178,0.1059249165226258,0.0053035144458819,0.0266015685409303,0.1061668310200738,0.0054418542243313,0.0253011205290765,6.334390604053587,0.4065607919521584,0.1475546909878346,rl2,__zQ0kS-xjtwKdGt,1,2156.0,folding clothes,"{""short sleeve shirts"",""long sleeve shirts"",shorts}",False,False,False,False,False,False,,True
2025-10-29-22-01-11-721000,3350.0,111.66666666666669,0.0,0.0,0.0,0.0,0.0,0.0,0.0,0.0,0.0,0.0,0.0,0.0,0.0,0.0,43.28796686649217,0.3877691866213094,0.4121912920525029,58.41479778531789,0.5232737932396347,0.2923207123209368,0.4555214899304721,101.70276465181006,0.0,111.66666666666669,4.724433606814909,43.28796686649217,0.3877691866213094,0.9276745296979988,0.8577506229150103,39.627930817431384,0.6159902028739452,0.6113425502553582,0.6516054458916187,0.2453822444661482,-0.0640874161560144,-0.3672633271129913,-0.5479313422750626,0.9913406987160346,58.41479778531789,0.5232737932396347,1.1710375890876497,1.2438034537946434,50.742963669309106,0.715089950710535,0.8278147056698799,0.7409182637929916,0.4385954402858242,-0.1426683863745516,0.0513812857210886,-0.5736388607512214,0.98745894296805,0.7788196980917965,0.4610590786292141,0.13476583273673,0.0095974135042163,0.0991686318415125,0.0067574865811632,0.0317377239060663,0.1012165536011641,0.0067085668045385,0.0329322208005279,12.032829165181605,0.6724716221026974,0.1672483624887531,rl2,__zQ0kS-xjtwKdGt,1,3350.0,folding clothes,"{""short sleeve shirts"",""long sleeve shirts"",shorts}",False,False,False,False,False,False,,True
2025-10-29-22-01-11-722000,3237.0,107.9,0.0,0.0,0.0,0.0,0.0,0.0,0.0,0.0,0.0,0.0,0.0,0.0,0.0,0.0,35.86384995119428,0.3324831577675613,0.2019325475361192,50.17303105823828,0.4651393485003549,0.6386169126978192,0.3988112531339581,86.03688100943256,0.0,107.9,4.690430029938915,35.86384995119428,0.3324831577675613,0.932657778982248,0.6598925850358646,39.26340405804703,0.4726434648036957,0.526884388178587,0.6575424242764711,0.1637467791300086,-0.072636253210829,-0.2939566152376302,-0.5746629322940299,0.9780593325092708,50.17303105823828,0.4651393485003549,1.3630492604124238,0.9986855652647836,56.17210431258362,0.5477613359689713,0.5615918636322021,0.728892233222723,0.224220596586172,-0.1069322612664841,0.021716122268326,-0.5914229368650006,0.976514215080346,0.7198235031248009,0.3422054321336548,0.0869711253585656,0.0085326602742264,0.100292973576869,0.0084302744485333,0.0317772919289442,0.1022970234104497,0.0081314859923754,0.0314374914042387,7.784446603030173,0.4193002885923046,0.1241384012368315,rl2,__zQ0kS-xjtwKdGt,1,3237.0,folding clothes,"{""short sleeve shirts"",""long sleeve shirts"",shorts}",False,False,False,False,False,False,,True
2025-10-29-22-01-11-723000,3275.0,109.16666666666669,0.0,0.0,0.0,0.0,0.0,0.0,0.0,0.0,0.0,0.0,0.0,0.0,0.0,0.0,44.26155780805813,0.4055732236535564,0.343461007890363,45.59245118419323,0.41776833705736,0.5800386419856853,0.4116707803554583,89.85400899225135,0.0,109.16666666666669,4.701994370623631,44.26155780805813,0.4055732236535564,0.9014947678599028,0.9641015700825504,36.28250705245835,0.6405707001686096,0.5652983081527054,0.6536212433129549,0.2366850976974958,0.0887610024230853,-0.3433663912258246,-0.5930246018771906,0.987477092241906,45.59245118419323,0.41776833705736,0.912698501831732,1.0341491705522587,37.41094634115791,0.5628697965294123,0.7509571388363838,0.6425333227962255,0.2715931118200236,-0.1912800915032369,-0.0232107395665073,-0.6002352444594371,0.9890042761148442,0.8685543459337545,0.4472342812587634,0.1174510432979939,0.0218193268890455,0.0982285411051537,0.0072229705817679,0.0313478669596937,0.0987195475631534,0.0073282873997426,0.0329981532523847,9.567923123414412,0.5663711686961238,0.134101160742988,rl2,__zQ0kS-xjtwKdGt,1,3275.0,folding clothes,"{""short sleeve shirts"",""long sleeve shirts"",shorts}",False,False,False,False,False,False,,True
2025-10-29-22-01-54-603000,3667.0,122.23333333333332,0.0,0.0,0.0,0.0,0.0,0.0,0.0,0.0,0.0,0.0,0.0,0.0,0.0,0.0,55.75134212467151,0.4562302956192431,0.2752460691028593,64.57941351404105,0.5284731056795502,0.3338466736937788,0.4923517006493967,120.33075563871256,0.0,122.23333333333332,4.814079577274477,55.75134212467151,0.4562302956192431,0.8125857616115246,1.1141713540755696,30.82553754159433,0.3267868552356958,0.5334031693637371,0.6904166601016186,0.1203459372252715,-0.1905248661510055,0.0971485359711625,-0.5016157347992598,0.9819967266775778,64.57941351404105,0.5284731056795502,0.7008109678437167,1.256216685042501,28.393829112633178,0.3368456177413463,0.2813197616487741,0.6709421500563622,0.0635793697512976,0.0587245346333847,0.13485650063845,-0.4922885547709791,0.9822695035460992,0.8002833048144783,0.2562813784449473,0.0552412021834726,0.044572315709903,0.1082631437824962,0.0033101594190346,0.03114671533438,0.1064586195241138,0.0043671221404805,0.01905684633265,12.038058715970507,0.4145480458970244,0.2888370184882282,rl2,I5En4JFXy6-2ISEj,1,3667.0,folding clothes,"{""short sleeve shirts"",""long sleeve shirts"",shorts}",False,False,False,False,False,False,,True
2025-10-29-22-01-54-605000,3508.0,116.93333333333334,0.0,0.0,0.0,0.0,0.0,0.0,0.0,0.0,0.0,0.0,0.0,0.0,0.0,0.0,72.6479828124342,0.6214540873604294,0.5378098765930134,81.03219794955983,0.6931753460184757,0.3738907843027809,0.6573147166894526,153.68018076199402,0.0,116.93333333333334,4.770119493057575,72.6479828124342,0.6214540873604294,1.3271808417945397,1.2810219701766214,54.19040098426984,0.4384910985827446,0.4108356945216656,0.6074515767395496,0.1094310621357963,0.0875907739929158,-0.3156445906285149,-0.5454593727130447,0.9942971200456232,81.03219794955983,0.6931753460184757,1.2166776671546022,1.4728752181327596,51.30908146480264,0.3795033982023597,0.5944252572953701,0.451896246522665,0.1019416497406782,-0.1493008147881067,-0.0838137613861478,-0.5332910107839491,0.9934416880524664,0.8687030388295238,0.3441081510380768,0.0913862787596249,0.0875524192546541,0.1075400475859344,0.0065344355882163,0.0323753162148927,0.1065650149092195,0.0060559723411441,0.033101667821494,20.377927394393424,0.5654194281084751,0.3611700286376512,rl2,I5En4JFXy6-2ISEj,1,3508.0,folding clothes,"{""short sleeve shirts"",""long sleeve shirts"",shorts}",False,False,False,False,False,False,,True
2025-10-29-22-01-54-606000,3643.0,121.43333333333334,0.0,0.0,0.0,0.0,0.0,0.0,0.0,0.0,0.0,0.0,0.0,0.0,0.0,0.0,51.63935395187864,0.4253653538046017,0.0497673400301,63.2843473068492,0.521287869084425,0.1246427263995526,0.4733266114445134,114.92370125872785,0.0,121.43333333333334,4.807566664157512,51.63935395187864,0.4253653538046017,0.5620215533646056,1.0607373781276606,18.48261288539808,0.2093970216810703,0.1723122484982013,0.2590453028678894,0.0093467875565884,0.0929673875137783,-0.3439897645051143,-0.577158164917081,0.9840746842394288,63.2843473068492,0.521287869084425,0.6693772365628786,1.249504516880808,25.935002264859552,0.2310813143849373,0.2621873375028372,0.1993948146700859,0.0120806527948282,-0.0747724206041367,-0.1449258749157491,-0.5731101634981474,0.984349258649094,0.8159703712752386,0.2624307016380569,0.0558672182492695,0.1425387719524637,0.1087946348176763,0.0032700483426743,0.0218046836680576,0.1064495046602116,0.0047422374775181,0.024971705977861,12.094764474968954,0.2069125634262982,0.2964556569178534,rl2,I5En4JFXy6-2ISEj,1,3643.0,folding clothes,"{""short sleeve shirts"",""long sleeve shirts"",shorts}",False,False,False,False,False,False,,True
2025-10-29-22-01-54-607000,3164.0,105.46666666666668,0.0,0.0,0.0,0.0,0.0,0.0,0.0,0.0,0.0,0.0,0.0,0.0,0.0,0.0,38.35795094179997,0.3638123706146061,0.2308446266109308,55.92054878200384,0.5303877532279846,0.4344140233440058,0.4471000619212953,94.2784997238038,0.0,105.46666666666668,4.667831947112802,38.35795094179997,0.3638123706146061,0.5959242652141706,0.7807759996969671,23.02211779611264,0.2394106648862362,0.3826110986992717,0.6562015283852816,0.0601088326986825,0.2714868550343078,-0.1088232297817726,-0.6584790013442063,0.9962061334176416,55.92054878200384,0.5303877532279846,0.8421887260543189,1.122555676730191,35.158977872032736,0.3934776559472084,0.3649443155154586,0.6540496069937944,0.0939198451554722,-0.0460933612123268,-0.2025229092006684,-0.639877657864629,0.9962061334176416,0.7302780143661157,0.3362906574349241,0.079964781052024,0.1086266983472068,0.1058304938580605,0.003570374865418,0.0269700098805636,0.1059259717571239,0.0041080959743366,0.0238685873539543,16.193642626767613,0.4428892397804921,0.211342848122293,rl2,I5En4JFXy6-2ISEj,1,3164.0,folding clothes,"{""short sleeve shirts"",""long sleeve shirts"",shorts}",False,False,False,False,False,False,,True
2025-10-29-22-01-54-608000,3117.0,103.9,0.0,0.0,0.0,0.0,0.0,0.0,0.0,0.0,0.0,0.0,0.0,0.0,0.0,0.0,34.78873692845694,0.3349364916090206,0.2038451248360565,61.29060490052603,0.5900892641257319,0.064408070306135,0.4625128778673762,96.07934182898296,0.0,103.9,4.653007515402251,34.78873692845694,0.3349364916090206,0.8761121512348158,0.6631271918242144,35.23737573042931,0.4083374738693237,0.3491488844156265,0.4278518706560135,0.0609990865581723,0.1602638333947432,-0.2729949106291692,-0.5748145945614008,0.9929396662387676,61.29060490052603,0.5900892641257319,0.951418813515164,1.300712983017121,41.412791857402546,0.5143228843808174,0.4502985309809446,0.426431518048048,0.0987610446151355,-0.0955848736909,-0.1478730662094339,-0.5713618792567186,0.9971116816431322,0.8427386744244845,0.2968046925803604,0.0752371112909565,0.1195921874263415,0.1038367146352312,0.0039524586044075,0.0300695667774993,0.1055748041592462,0.0038171969006481,0.0263808932053304,13.819162287569226,0.5207459055762803,0.2511477225750088,rl2,I5En4JFXy6-2ISEj,1,3117.0,folding clothes,"{""short sleeve shirts"",""long sleeve shirts"",shorts}",False,False,False,False,False,False,,True
2025-10-29-22-01-54-609000,3197.0,106.56666666666666,0.0,0.0,0.0,0.0,0.0,0.0,0.0,0.0,0.0,0.0,0.0,0.0,0.0,0.0,36.36963722128175,0.3413920890608425,0.2399100800303607,66.28678610317345,0.6222163902050074,0.3719787838411605,0.4818042396329249,102.6564233244552,0.0,106.56666666666666,4.678110810389806,36.36963722128175,0.3413920890608425,0.8184571190185995,0.6833796644447164,32.82847331218504,0.3374387435615062,0.3463183660060167,0.5346466451883316,0.0624794668696426,0.3118376603112915,-0.1681444891169143,-0.6690036526155502,0.993116395494368,66.28678610317345,0.6222163902050074,0.9636309520683884,1.401742258340135,41.91058060046363,0.4206806961447,0.3533179531805217,0.622921459376812,0.0925873346699174,0.026490442435297,-0.2035243460245216,-0.6484738143908444,0.9959324155193992,0.7873437801340989,0.3018192677602939,0.0667817700571359,0.1128690470498873,0.1050536071430716,0.004880485297171,0.0312747390979019,0.105010966842667,0.0048120401275757,0.0333818499206579,12.757426112857107,0.4919726426105665,0.220186693943985,rl2,I5En4JFXy6-2ISEj,1,3197.0,folding clothes,"{""short sleeve shirts"",""long sleeve shirts"",shorts}",False,False,False,False,False,False,,True
2025-10-29-22-01-58-834000,2998.0,99.93333333333334,0.0,0.0,0.0,0.0,0.0,0.0,0.0,0.0,0.0,0.0,0.0,0.0,0.0,0.0,37.16510033227155,0.3720230263490645,0.3207548754377478,63.86011685727205,0.6392404089817022,0.0876420470821534,0.5056317176653833,101.0252171895436,0.0,99.93333333333334,4.614460232895184,37.16510033227155,0.3720230263490645,0.939865889423803,0.7477045416603701,36.7974504828122,0.5088751427829266,0.3996361792087555,0.5057602301239967,0.102853887603462,-0.1602304556504578,-0.2128443598363292,-0.6529471443181956,0.9936603269936604,63.86011685727205,0.6392404089817022,1.008550973859914,1.4269446640126902,43.81655773912891,0.4053085558116436,0.6021779850125313,0.5530155375599861,0.134973335083661,-0.2711592429088276,0.0369426479539702,-0.6304276395027462,0.994994994994995,0.8113551631304119,0.2872047633126531,0.0652083874618749,0.1383844378901894,0.1045087619017897,0.0041932489661252,0.0219440922555182,0.1054983141057303,0.0046083686781092,0.0261567065729716,18.146915784587215,0.7041582690748235,0.2639223029595319,rl2,I5En4JFXy6-2ISEj,2,2998.0,folding clothes,"{""short sleeve shirts"",""long sleeve shirts"",shorts}",False,False,False,False,False,False,,True
2025-10-29-22-02-01-699000,3564.0,118.8,0.0,0.0,0.0,0.0,0.0,0.0,0.0,0.0,0.0,0.0,0.0,0.0,0.0,0.0,37.11564422977419,0.3125089326110654,0.2064175395198244,66.90154822381359,0.5633023987410631,0.2509071276279517,0.4379056656760642,104.01719245358778,0.0,118.8,4.785823685681349,37.11564422977419,0.3125089326110654,0.7803611095688795,0.6936391937643273,31.132991675841165,0.3831948488950729,0.4204078866168856,0.4077363144606352,0.0656855604782369,0.3011102918692259,-0.2677326727450606,-0.4643298421566208,0.9778276733090092,66.90154822381359,0.5633023987410631,0.9149333726576572,1.3301462785523654,39.467617351662014,0.4205057583749294,0.7442317456007004,0.4042153991758823,0.1265007187510902,0.004293825754485,-0.2109686939737484,-0.4515747988442906,0.9854055571147908,0.8280001085416533,0.3143787340981145,0.0905136941845311,0.1254034626187113,0.1043737208502191,0.0050282999989041,0.0261731034231176,0.1035030785040894,0.0053303550034472,0.0274174066348272,8.631722872256718,0.2888803184420313,0.2324994428921419,rl2,I5En4JFXy6-2ISEj,3,3564.0,folding clothes,"{""short sleeve shirts"",""long sleeve shirts"",shorts}",False,False,False,False,False,False,,True
2025-10-29-22-02-04-385000,2774.0,92.46666666666668,0.0,0.0,0.0,0.0,0.0,0.0,0.0,0.0,0.0,0.0,0.0,0.0,0.0,0.0,32.76386519024459,0.3544594142471466,0.1006480193098782,46.74738503912488,0.5057416340330856,0.1380322786706846,0.4301005241401162,79.51125022936947,0.0,92.46666666666668,4.537604866492325,32.76386519024459,0.3544594142471466,0.4213579220356195,0.8918042485391724,14.230354338007212,0.2745179757475853,0.2307581957429647,0.2919100672006607,0.018491706654925,-0.1155727927431346,-0.1549222667160341,-0.6179589774370967,0.997475658131987,46.74738503912488,0.5057416340330856,0.6893835801610761,1.1672756506873303,27.39351461152473,0.3825261108577251,0.3498264318332076,0.3078266233205795,0.0411926644126934,-0.2582874648298507,0.090841543136516,-0.5924333408609215,0.994951316263974,0.6707661897719027,0.2895942588374204,0.073610582527928,0.0934807886931264,0.1058126763478553,0.0048345937677866,0.0169772605183403,0.1052795355419182,0.0050842503345666,0.0276226450555775,12.101149962007089,0.3492492829976878,0.2003077586015861,rl2,I5En4JFXy6-2ISEj,4,2774.0,folding clothes,"{""short sleeve shirts"",""long sleeve shirts"",shorts}",False,False,False,False,False,False,,True
2025-10-29-22-02-07-340000,2809.0,93.63333333333334,0.0,0.0,0.0,0.0,0.0,0.0,0.0,0.0,0.0,0.0,0.0,0.0,0.0,0.0,52.91311102866479,0.5653110152635127,0.7385983843820864,64.35436322650139,0.68754661566775,0.6518646081723025,0.6264288154656312,117.26747425516618,0.0,93.63333333333334,4.550009774810816,52.91311102866479,0.5653110152635127,1.3717413448970617,1.1079247537626586,56.845514355917416,1.061352051794529,0.6529135145246983,0.980639424175024,0.6795547787922986,-0.4504746804706787,0.2354779552604344,-0.5737496884165072,0.9935897435897436,64.35436322650139,0.68754661566775,1.519773269290883,1.373330710072693,64.44040363531107,1.2004632577300072,0.8523413762450218,0.7982279984280467,0.8167504841884525,-0.1716270100802114,0.245750125065612,-0.5466499497133266,0.9943019943019944,0.864675602325046,0.2961216864649283,0.0874065946122929,0.0591800858395625,0.1098949086218095,0.0052965294731004,0.0322557612053328,0.1084997503390488,0.0060766723964842,0.0309656926898996,15.016888522230104,0.9261263055599356,0.3643001868955566,rl2,I5En4JFXy6-2ISEj,5,2809.0,folding clothes,"{""short sleeve shirts"",""long sleeve shirts"",shorts}",False,False,False,False,False,False,,True
2025-10-29-22-02-10-145000,3287.0,109.56666666666666,0.0,0.0,0.0,0.0,0.0,0.0,0.0,0.0,0.0,0.0,0.0,0.0,0.0,0.0,42.99428647210117,0.3925223962760302,0.0835424408738849,52.263407789348776,0.4771461453683698,0.1043878829906032,0.4348342708222,95.25769426144996,0.0,109.56666666666666,4.705618657284897,42.99428647210117,0.3925223962760302,0.6669969900774851,0.9837198752014134,24.16348694332683,0.1708175614476204,0.2134942426346242,0.3730964921414852,0.013606294014434,0.3061613478979188,0.038791188537821,-0.4152433317407381,0.9698721850273888,52.263407789348776,0.4771461453683698,0.7427813048974253,1.1369280270504891,29.238964601064374,0.3253810275346041,0.2458021636120975,0.346611151471734,0.0277217382598697,0.10987489767529,-0.1309335486993708,-0.3925748284240878,0.9674376141205112,0.8440308525900551,0.2633363289069321,0.0542023092175553,0.1343680905304229,0.1089020200801736,0.0044071663963646,0.0304159604789452,0.107120402128553,0.0043796424928555,0.0262600375433842,9.026057055611048,0.234705394296024,0.2754905863224954,rl2,I5En4JFXy6-2ISEj,6,3287.0,folding clothes,"{""short sleeve shirts"",""long sleeve shirts"",shorts}",False,False,False,False,False,False,,True
2025-10-29-22-02-15-410000,3271.0,109.03333333333332,0.0,0.0,0.0,0.0,0.0,0.0,0.0,0.0,0.0,0.0,0.0,0.0,0.0,0.0,70.86167288550209,0.6501070906926796,1.329898614737685,76.61225786389778,0.7028647510449337,0.9817666422442656,0.6764859208688067,147.47393074939987,0.0,109.03333333333332,4.700783350191037,70.86167288550209,0.6501070906926796,1.5782695244981682,1.3840781581861434,64.73765598954168,1.2651649191975594,0.8675628751516342,0.6595053505152464,0.7238797435166471,-0.5998001782077236,-0.6451861669051195,-0.5328640612220954,0.9966360856269112,76.61225786389778,0.7028647510449337,1.359065937716902,1.5564852404129377,57.197260634300655,0.9029697943478824,0.7290737442672253,0.5209901034832001,0.3429842322207104,-0.6778305685628822,-0.3441869936216063,-0.5062783772495408,0.9957186544342508,0.8973079616399909,0.3328723069008175,0.0927608190687254,0.0831196535640389,0.1086470031313631,0.005713379584373,0.0295740034926802,0.106267605446906,0.0067932953895819,0.0356404269100064,22.06823713370057,1.180718954494728,0.4067010653591701,rl2,I5En4JFXy6-2ISEj,7,3271.0,folding clothes,"{""short sleeve shirts"",""long sleeve shirts"",shorts}",False,False,False,False,False,False,,True
2025-10-29-22-02-20-323000,2900.0,96.66666666666669,0.0,0.0,0.0,0.0,0.0,0.0,0.0,0.0,0.0,0.0,0.0,0.0,0.0,0.0,58.93757633300791,0.6099093790928725,0.4629167426949128,73.07026447776936,0.7561600325398692,0.6752574091544234,0.6830347058163708,132.00784081077728,0.0,96.66666666666669,4.581560320348958,58.93757633300791,0.6099093790928725,1.212909424152865,1.2567031991568862,50.83346559818318,0.4557464830577373,0.6095474297180772,0.6906538065522909,0.1918630040421874,0.1322426473786091,-0.2823142050110117,-0.5874549621272961,0.9972404277337013,73.07026447776936,0.7561600325398692,1.3815064474868668,1.4975526638205008,59.39660175275054,0.6683609560132027,0.6843886263668537,0.6142622623592615,0.280975006565117,-0.2150072576805692,-0.1502086961137006,-0.5744043315246958,0.9986202138668506,0.8859711727306213,0.4018324321751046,0.1208226497190592,0.0850265941245483,0.1030064035893403,0.0073052236731674,0.0310342599404725,0.1032091194924305,0.0074112679444626,0.0324756020061255,23.7714602187543,0.69502675249479,0.3278264550851376,rl2,I5En4JFXy6-2ISEj,8,2900.0,folding clothes,"{""short sleeve shirts"",""long sleeve shirts"",shorts}",False,False,False,False,False,False,,True
2025-10-29-22-02-23-166000,3571.0,119.03333333333332,0.0,0.0,0.0,0.0,0.0,0.0,0.0,0.0,0.0,0.0,0.0,0.0,0.0,0.0,49.79494717434213,0.418444934238169,0.4000420485916383,62.64308404005322,0.526412470924817,0.5659635883748986,0.472428702581493,112.43803121439537,0.0,119.03333333333332,4.78776948198672,49.79494717434213,0.418444934238169,0.5880420413287407,1.106553619455802,19.829528116937276,0.2283059163019061,0.4434574310434982,0.540159460157156,0.0546878801500455,0.0108685462144356,-0.3339324225942497,-0.5838867957526164,0.9812324929971988,62.64308404005322,0.526412470924817,0.7015719050668965,1.324606917820005,27.13228166569419,0.257175175473094,0.7894044816493988,0.1733125522732734,0.0351850887166738,-0.1467757075980673,-0.1299494321464268,-0.5653309484250537,0.9789915966386554,0.8105077500206287,0.2612259969055386,0.058614958072533,0.143784600179212,0.1087839791093125,0.0044218050074934,0.0276090520206561,0.1079483275484268,0.0042446699744873,0.0214512600796901,9.85986975511334,0.4591633863695091,0.2564514909230101,rl2,I5En4JFXy6-2ISEj,9,3571.0,folding clothes,"{""short sleeve shirts"",""long sleeve shirts"",shorts}",False,False,False,False,False,False,,True
2025-10-29-22-02-23-167000,3705.0,123.5,0.0,0.0,0.0,0.0,0.0,0.0,0.0,0.0,0.0,0.0,0.0,0.0,0.0,0.0,45.59426320838885,0.3692839892688081,0.1154682218547158,64.70335957832756,0.5240552881614003,0.4750124393158735,0.4466696387151043,110.29762278671642,0.0,123.5,4.824305715904762,45.59426320838885,0.3692839892688081,0.540976014959297,0.8762836466524516,18.476855332848377,0.3005155548453331,0.3411686178296804,0.4378004521131515,0.0448861377577828,0.2289132543109287,-0.2304761790211706,-0.6075759065657975,0.99622030237581,64.70335957832756,0.5240552881614003,0.7503757876150531,1.2237114295076008,29.875758056336014,0.6008080467581749,0.4311999250203371,0.3976323045790195,0.1030139588572885,-0.0673038725621807,-0.2130635695038024,-0.5857262366796956,0.9964902807775378,0.7637918798249915,0.3022888294708892,0.0742768059519067,0.1167069536205247,0.1041583725618096,0.0040505055991,0.0195008505072245,0.1064795131545821,0.0036157587059573,0.029103121515538,19.88280302527228,0.4996377136503142,0.2549754844636333,rl2,I5En4JFXy6-2ISEj,9,3705.0,folding clothes,"{""short sleeve shirts"",""long sleeve shirts"",shorts}",False,False,False,False,False,False,,True
2025-10-29-22-02-23-168000,3395.0,113.16666666666669,0.0,0.0,0.0,0.0,0.0,0.0,0.0,0.0,0.0,0.0,0.0,0.0,0.0,0.0,45.71467617990127,0.4040778684139771,0.1075663491241439,73.9756006849019,0.6538797939148665,0.4882826060300953,0.5289788311644219,119.69027686480317,0.0,113.16666666666669,4.73765936903417,45.71467617990127,0.4040778684139771,0.8260973771228081,0.7832908554656742,33.51429561913184,0.3123590461909771,0.5686998330056667,0.6104710679501295,0.1084431876397171,0.4065586503721302,-0.0600197610889036,-0.5461978358805004,0.9961697112551562,73.9756006849019,0.6538797939148665,1.0609079433080029,1.3505249679307412,45.72490443840362,0.5839059762656689,0.5094226021319628,0.616564841940999,0.1834002345311803,0.1516131387861646,-0.2214791420431065,-0.5533213722062831,0.9982321744254566,0.862480470609646,0.327680683794852,0.1007320329413343,0.1031309443339277,0.1028160673161582,0.0064272332603458,0.0330227834041248,0.1024082849434642,0.0062717296776764,0.0338717520695612,18.863949294401326,0.5727198681593706,0.2472974479724568,rl2,I5En4JFXy6-2ISEj,9,3395.0,folding clothes,"{""short sleeve shirts"",""long sleeve shirts"",shorts}",False,False,False,False,False,False,,True
2025-10-29-22-02-26-818000,3380.0,112.66666666666669,0.0,0.0,0.0,0.0,0.0,0.0,0.0,0.0,0.0,0.0,0.0,0.0,0.0,0.0,51.12952411814663,0.4539466479859126,0.4393372536343187,62.19533256372548,0.5521929496631443,0.3900181530298277,0.5030697988245285,113.3248566818721,0.0,112.66666666666669,4.733270188615407,51.12952411814663,0.4539466479859126,0.7369295886957332,1.2195869678529294,26.640538254536956,0.5142617672681808,0.2715028598904609,0.7253591027110815,0.1012772060875252,-0.202876705049741,0.0159228960055404,-0.5943345147521185,0.9739567919502812,62.19533256372548,0.5521929496631443,0.8180301132241284,1.396994099012983,32.12740127868287,0.4546115156263113,0.3330439403653145,0.7059871647506952,0.106890417683985,-0.0738078415987616,0.2355467429307438,-0.581063603172244,0.9769162474104764,0.8029210833087844,0.2599961913763599,0.0601756350526503,0.1272725464826361,0.1094304611698109,0.0039548342105573,0.0290370076956115,0.107545203759838,0.0044135050865344,0.025877114905624,9.93543819245482,0.3718898968580782,0.2712731728257295,rl2,I5En4JFXy6-2ISEj,10,3380.0,folding clothes,"{""short sleeve shirts"",""long sleeve shirts"",shorts}",False,False,False,False,False,False,,True
2025-10-29-22-02-26-819000,3773.0,125.76666666666668,0.0,0.0,0.0,0.0,0.0,0.0,0.0,0.0,0.0,0.0,0.0,0.0,0.0,0.0,47.69447121973996,0.3793303649502118,0.3945502239926927,64.50660596427872,0.513042995474115,0.2988654959834096,0.4461866802121634,112.20107718401869,0.0,125.76666666666668,4.842348126266105,47.69447121973996,0.3793303649502118,0.6048873015532127,0.8855841110285917,21.19539341453489,0.4487143084406852,0.3303179037757218,0.6298215966671705,0.0933511302965774,-0.0545201822915409,-0.2484658666308292,-0.5987843488768363,0.9933722163308588,64.50660596427872,0.513042995474115,0.7467351971260792,1.2441262132023532,29.370490828815296,0.3831655569374561,0.3493008390069008,0.6139779668301344,0.0821748420967472,-0.1845231120132271,0.0164492123693651,-0.5754253430538355,0.9939024390243902,0.7799712501766645,0.3006646003602869,0.0617529124707875,0.1382137731128131,0.1059777371937022,0.0053194641351852,0.0329293074500616,0.1052832905210812,0.004871945619906,0.0283842752973287,20.253705976798337,0.4743244544037605,0.236659081357445,rl2,I5En4JFXy6-2ISEj,10,3773.0,folding clothes,"{""short sleeve shirts"",""long sleeve shirts"",shorts}",False,False,False,False,False,False,,True
2025-10-29-22-02-26-820000,3935.0,131.16666666666666,0.0,0.0,0.0,0.0,0.0,0.0,0.0,0.0,0.0,0.0,0.0,0.0,0.0,0.0,40.53705276547466,0.309128516259339,0.4270574789423242,71.56114701358656,0.545712864872292,0.3252050860531104,0.4274206905658155,112.09819977906122,0.0,131.16666666666666,4.884063752406793,40.53705276547466,0.309128516259339,0.7479483347581248,0.5936000293767784,29.3178702731638,0.3018281385302543,0.4922259449958801,0.577195830643177,0.0857526227888462,0.3907331875358558,-0.0142139082670973,-0.693332169221991,0.996187086934418,71.56114701358656,0.545712864872292,0.8980224934476835,1.2372526488561664,38.16571069358836,0.3934258297085762,0.4591552158817649,0.6536427829414606,0.1180763342922486,0.1802342983313009,-0.2070395289520286,-0.6900418065185392,0.9966954753431622,0.8409805012398178,0.2992852201430341,0.0723551258397043,0.0821952009751457,0.1047532246002224,0.0050116663102473,0.0299499883151637,0.1038694733994567,0.0052697276593524,0.0325718815289924,19.296377624841284,0.6010334717869882,0.2077138422459377,rl2,I5En4JFXy6-2ISEj,10,3935.0,folding clothes,"{""short sleeve shirts"",""long sleeve shirts"",shorts}",False,False,False,False,False,False,,True
2025-10-29-22-02-26-821000,3783.0,126.1,0.0,0.0,0.0,0.0,0.0,0.0,0.0,0.0,0.0,0.0,0.0,0.0,0.0,0.0,54.28044895667446,0.4305693994448,0.1300551208944728,64.69016605972047,0.5131425123721879,0.1162611026038583,0.4718559559084939,118.97061501639492,0.0,126.1,4.844974178195408,54.28044895667446,0.4305693994448,0.6995912220328896,1.061222671294249,24.74142725818239,0.2650629803538322,0.3023411557078361,0.3778621554374695,0.0302816644871489,0.3104315182721445,-0.0249219089393351,-0.6645592317465686,0.9920676890534108,64.69016605972047,0.5131425123721879,0.7284051215157024,1.270297794005288,28.140794127140197,0.3975228331983089,0.3434035731479525,0.305886335670948,0.0417567765623334,0.1181768051518741,-0.1972162191488465,-0.6431372728264745,0.9920676890534108,0.8463344325958864,0.2624876028964691,0.0599451909349898,0.1107670228194609,0.108871420074314,0.0042752982356601,0.0267352360859027,0.1064623494127791,0.0048892556323113,0.0260731331434469,17.818197393856373,0.4460196240914495,0.2597494329777068,rl2,I5En4JFXy6-2ISEj,10,3783.0,folding clothes,"{""short sleeve shirts"",""long sleeve shirts"",shorts}",False,False,False,False,False,False,,True
2025-10-29-22-02-29-525000,3517.0,117.23333333333332,0.0,0.0,0.0,0.0,0.0,0.0,0.0,0.0,0.0,0.0,0.0,0.0,0.0,0.0,70.41913216026249,0.6008458375449018,0.4897239334963549,78.02140513818924,0.6657116479367684,0.5409205209571237,0.6332787427408352,148.44053729845172,0.0,117.23333333333332,4.772660073111466,70.41913216026249,0.6008458375449018,1.3447928359095445,1.3281340811695268,55.663934282745814,0.4769063293933868,0.4040491990745067,0.4459015391767025,0.0859223819370213,0.0606474523144708,-0.4178520465142048,-0.4685720325814905,0.9931740614334472,78.02140513818924,0.6657116479367684,1.207592543601396,1.4991986461187825,51.32513698464806,0.3741364255547523,0.5109989857301116,0.5102263540029526,0.0975467754443605,-0.1481483272423256,-0.1810174358856472,-0.4443077198448195,0.9928896473265074,0.9077736729808178,0.3318699089572206,0.0974521658954751,0.1091808821240958,0.1077166380139469,0.0065065786511279,0.0306598798729661,0.1055154443395257,0.0074646015633585,0.0324540074360688,17.467684691663138,0.4214153597723631,0.3851409777309127,rl2,I5En4JFXy6-2ISEj,11,3517.0,folding clothes,"{""short sleeve shirts"",""long sleeve shirts"",shorts}",False,False,False,False,False,False,,True
2025-10-29-22-02-29-527000,3585.0,119.5,0.0,0.0,0.0,0.0,0.0,0.0,0.0,0.0,0.0,0.0,0.0,0.0,0.0,0.0,48.18137773961812,0.4033039431329641,0.2602632956537508,64.26194405557017,0.5379068977865806,0.321406612185031,0.4706054204597723,112.4433217951883,0.0,119.5,4.791649752930709,48.18137773961812,0.4033039431329641,0.9021248032154332,0.8878785293407214,36.75612361410695,0.2443205043673515,0.3737941584549844,0.5227778200060129,0.0477429862238609,0.4027376355652696,-0.195421826950894,-0.5296101810470369,0.9871651785714286,64.26194405557017,0.5379068977865806,1.0154520716259228,1.104878770083654,43.07809946177289,0.4063105192035436,0.4058739636093378,0.4450366906821728,0.0733913837859466,0.0919895621717386,-0.2186717422034804,-0.5112349291808768,0.9871651785714286,0.8954144646240395,0.3197281745795584,0.075836647611076,0.1159757157728938,0.1037039259220854,0.005532928164957,0.0268690937467683,0.1037889779690459,0.0054810608453928,0.034469697934726,13.874687361274027,0.3326583872363627,0.2936858454003493,rl2,I5En4JFXy6-2ISEj,11,3585.0,folding clothes,"{""short sleeve shirts"",""long sleeve shirts"",shorts}",False,False,False,False,False,False,,True
2025-10-29-22-02-29-528000,3744.0,124.8,0.0,0.0,0.0,0.0,0.0,0.0,0.0,0.0,0.0,0.0,0.0,0.0,0.0,0.0,38.850902275996006,0.3113884766978039,0.2560036993425369,69.79245956021167,0.5593838596864413,0.3243857432620976,0.4353861681921226,108.64336183620767,0.0,124.8,4.8346933442663405,38.850902275996006,0.3113884766978039,0.7482362637587804,0.6431229323997747,29.896434796048617,0.3634088188409805,0.4024252705276012,0.4711197093129158,0.0688988511178738,0.128683539877574,-0.4510390814005707,-0.4793758475153038,0.9858402351055304,69.79245956021167,0.5593838596864413,0.8985903691275329,1.2300338464755685,39.03797022584473,0.4069444481283426,0.5684784147888422,0.5108407568186522,0.118177458692338,-0.0991555972294195,-0.2706340927953168,-0.4771882619894842,0.9874432273577344,0.8493549146059558,0.3068846937288569,0.0763930748912546,0.1269467343461899,0.1036922036297384,0.0051062957970802,0.0307558229938331,0.1033558342268829,0.0058219754308265,0.034589110166293,12.853115551621794,0.3698266123727904,0.2634966092187236,rl2,I5En4JFXy6-2ISEj,11,3744.0,folding clothes,"{""short sleeve shirts"",""long sleeve shirts"",shorts}",False,False,False,False,False,False,,True
2025-10-29-22-02-29-529000,3703.0,123.43333333333334,0.0,0.0,0.0,0.0,0.0,0.0,0.0,0.0,0.0,0.0,0.0,0.0,0.0,0.0,48.78636571865221,0.3953514239761119,0.2222045815487587,59.21212731827308,0.4798389571983232,0.3913411747138059,0.4375951905872176,107.9984930369253,0.0,123.43333333333334,4.823770097252429,48.78636571865221,0.3953514239761119,0.6954609950686036,1.023747172829427,26.92661447481421,0.2172646671533584,0.2841442816425115,0.3345930874347687,0.0206559412305313,0.3490172066005732,-0.1987830288063886,-0.5341468211117545,0.9743381955699622,59.21212731827308,0.4798389571983232,0.7064524282448884,1.1532413949705236,29.085021587425484,0.3445295430719852,0.3486341768875718,0.3060308396816253,0.0367588250420582,0.1008901578559566,-0.2670198074885793,-0.5200468533197803,0.9800108049702864,0.7846425982039015,0.261332094238126,0.056069601379711,0.1159960057832646,0.108139935111477,0.0046723508584695,0.0257762316828492,0.1063066248858239,0.0043156335442138,0.0229821216655728,10.341069586315363,0.2392776060393001,0.2652622207012051,rl2,I5En4JFXy6-2ISEj,11,3703.0,folding clothes,"{""short sleeve shirts"",""long sleeve shirts"",shorts}",False,False,False,False,False,False,,True
2025-10-29-22-02-32-487000,3449.0,114.96666666666668,0.0,0.0,0.0,0.0,0.0,0.0,0.0,0.0,0.0,0.0,0.0,0.0,0.0,0.0,47.00774247534152,0.4090000795418345,0.1917965502862152,61.027083258942824,0.5309781026010107,0.2513971274131938,0.4699890910714226,108.03482573428434,0.0,114.96666666666668,4.7533027934897865,47.00774247534152,0.4090000795418345,0.7298966371998378,0.9189492920201866,28.510732848050107,0.2437721267342567,0.2528161983937025,0.3986562862992286,0.0245690044816859,0.0054469669629811,-0.2533221438599474,-0.500984462048825,0.9773781902552204,61.027083258942824,0.5309781026010107,0.8035992477348782,1.2171488427173602,33.60619904936772,0.2479217424988746,0.3356113201007247,0.3498053140938282,0.0291056712409466,-0.1328772963682191,-0.0260573252669321,-0.4823219940103061,0.9791183294663574,0.8147259536396988,0.2712157290097818,0.0577270396050246,0.1270988864459165,0.1080270559625993,0.0047098942422028,0.0251290700297621,0.1066582339962506,0.0047592945201475,0.0288743098383145,10.975615557320785,0.2992260466445927,0.2701374428286668,rl2,I5En4JFXy6-2ISEj,12,3449.0,folding clothes,"{""short sleeve shirts"",""long sleeve shirts"",shorts}",False,False,False,False,False,False,,True
2025-10-29-22-02-32-488000,3366.0,112.2,0.0,0.0,0.0,0.0,0.0,0.0,0.0,0.0,0.0,0.0,0.0,0.0,0.0,0.0,39.09115147540886,0.348509522811966,0.5137619934956285,60.64638988765561,0.5406810391172863,0.5054379279999514,0.4445952809646261,99.73754136306448,0.0,112.2,4.729156165769083,39.09115147540886,0.348509522811966,0.660306152421382,0.7756719302450251,25.750071910182445,0.2816419787704944,0.2622858718968928,0.613641893491149,0.0453301635634873,-0.2553185619003252,-0.1312786666871465,-0.5720902901044336,0.987518573551263,60.64638988765561,0.5406810391172863,0.9458011423538716,1.1255697131592894,39.45988009557034,0.2960791066288948,0.4681652374565601,0.5721001196652651,0.0793010546710026,-0.1893162456254208,0.2018081088569341,-0.5517392459707872,0.986924219910847,0.7414358703336545,0.3443179806225179,0.0824909472456694,0.1093365383317147,0.1042115418007786,0.0044391498017873,0.0263465419837825,0.1045029987960379,0.0050942214488703,0.0279176684253216,11.535387940178666,0.3464330943932824,0.2234127827591097,rl2,I5En4JFXy6-2ISEj,12,3366.0,folding clothes,"{""short sleeve shirts"",""long sleeve shirts"",shorts}",False,False,False,False,False,False,,True
2025-10-29-22-02-32-490000,3041.0,101.36666666666666,0.0,0.0,0.0,0.0,0.0,0.0,0.0,0.0,0.0,0.0,0.0,0.0,0.0,0.0,29.17886374667148,0.2879493132895211,0.3251620305560913,55.35993040177072,0.5463151026490531,0.403966682927924,0.4171322079692872,84.53879414844221,0.0,101.36666666666666,4.628561138778667,29.17886374667148,0.2879493132895211,0.6312443500411926,0.5953825466231959,25.13244958992319,0.4064269922673702,0.2248964738100767,0.4323877803981304,0.0395219715648871,-0.0294244655011977,-0.2633768447663479,-0.5779586107210084,0.9842105263157894,55.35993040177072,0.5463151026490531,0.8688882615472385,1.1761285583944596,37.92218557532721,0.3493948765099048,0.4433505609631538,0.4033125303685665,0.0624748913765779,-0.2341395175921773,-0.0680002003688955,-0.5728984100805992,0.9858552631578948,0.6827839129308855,0.2915275103080747,0.0670576317864365,0.1086495131102098,0.1049442984358062,0.0039387432918073,0.0315026372182523,0.104416498757076,0.0056273313783407,0.0296563734190891,9.429931831697694,0.3627169597106496,0.2226887553070018,rl2,I5En4JFXy6-2ISEj,12,3041.0,folding clothes,"{""short sleeve shirts"",""long sleeve shirts"",shorts}",False,False,False,False,False,False,,True
2025-10-29-22-02-32-491000,3536.0,117.86666666666666,0.0,0.0,0.0,0.0,0.0,0.0,0.0,0.0,0.0,0.0,0.0,0.0,0.0,0.0,44.85878235006244,0.3806968799156642,0.4607867155629059,58.66437658535701,0.4978589243453212,0.1657273843511794,0.4392779021304927,103.52315893541945,0.0,117.86666666666666,4.7780024167609305,44.85878235006244,0.3806968799156642,0.739652398385537,0.929723771383254,28.722253267544055,0.2424856843426823,0.5653047179803252,0.412842109799385,0.0565916951583551,-0.2027984300021996,-0.1707488624350066,-0.558071167377873,0.9697312588401698,58.66437658535701,0.4978589243453212,0.794540362694236,1.2221796323559813,32.65246178616172,0.2588785849511623,0.3350193914957344,0.348240815103054,0.0302026981449572,-0.196733467194475,0.0844704097960412,-0.542108388558637,0.971994342291372,0.7851589474994866,0.2590784156278106,0.0577646364418862,0.1246773934062802,0.1091599814025452,0.0044506110520247,0.0327843836029311,0.107575536558297,0.0043745701163352,0.0247559749345458,8.88064321026059,0.401796668910951,0.2393165934512315,rl2,I5En4JFXy6-2ISEj,12,3536.0,folding clothes,"{""short sleeve shirts"",""long sleeve shirts"",shorts}",False,False,False,False,False,False,,True
2025-10-29-22-02-35-975000,3404.0,113.46666666666668,0.0,0.0,0.0,0.0,0.0,0.0,0.0,0.0,0.0,0.0,0.0,0.0,0.0,0.0,40.732508531384056,0.3590876450019165,0.324601357360438,49.928759251642035,0.4401594997206174,0.3655293271252958,0.3996235723612669,90.66126778302608,0.0,113.46666666666668,4.740283659795265,40.732508531384056,0.3590876450019165,0.5774898553191032,0.9288623276522352,20.67039713471106,0.386008657515049,0.6458171224221587,0.6465769540518522,0.1611858157282468,0.0603625266213565,-0.4446570651817967,-0.564001262795342,0.9570966794005288,49.928759251642035,0.4401594997206174,0.6287402680060328,1.1037497277631416,24.137266959671763,0.3291555009782314,0.656389631330967,0.600996470078826,0.1298478463660344,-0.0542133435078641,-0.2363244685732973,-0.5434596949036985,0.9641492800470174,0.8226790102141815,0.2412237163348032,0.0580598690880968,0.0825574654948078,0.1083867691072364,0.0053178464685507,0.0306422356445159,0.1067575127904055,0.0044035080663485,0.0259034498876907,8.970650940037807,0.5583710623809576,0.2433291036436821,rl2,I5En4JFXy6-2ISEj,14,3404.0,folding clothes,"{""short sleeve shirts"",""long sleeve shirts"",shorts}",False,False,False,False,False,False,,True
2025-10-29-22-02-35-976000,2536.0,84.53333333333333,0.0,0.0,0.0,0.0,0.0,0.0,0.0,0.0,0.0,0.0,0.0,0.0,0.0,0.0,25.559335649170663,0.3024773449605996,0.7412132947777228,40.77529223501095,0.4825478371007213,0.8834889055101999,0.3925125910306605,66.33462788418161,0.0,84.53333333333333,4.448906163513426,25.559335649170663,0.3024773449605996,0.4477661915138654,0.7804525183987966,17.45245216310339,0.58092350512743,0.8447657190263271,0.3332447335124016,0.1635379409823077,0.1177527369359913,-0.4890042075228401,-0.5784216893319781,0.9696252465483236,40.77529223501095,0.4825478371007213,0.6842995560143806,1.1433123488775454,28.70617418296993,0.7456693667918444,0.9776446521282196,0.3658440411090851,0.2667001847643492,-0.072065601428884,-0.2346940924445084,-0.5687375654545774,0.9723865877712032,0.6972365469331325,0.3238893406780929,0.0779883470656404,0.1368183391255428,0.1028325584284682,0.005250007724843,0.0215683445201088,0.1040097365272238,0.0048011738699763,0.0295584699411024,6.867701482728035,1.1030815258998177,0.1755808471754603,rl2,I5En4JFXy6-2ISEj,14,2536.0,folding clothes,"{""short sleeve shirts"",""long sleeve shirts"",shorts}",False,False,False,False,False,False,,True
2025-10-29-22-02-35-977000,3147.0,104.9,0.0,0.0,0.0,0.0,0.0,0.0,0.0,0.0,0.0,0.0,0.0,0.0,0.0,0.0,29.342889463509486,0.2798114062000268,0.3335482830300526,57.02366027390029,0.5437729841757816,0.3906906879940291,0.4117921951879041,86.36654973740977,0.0,104.9,4.662495252607361,29.342889463509486,0.2798114062000268,0.6289470866099265,0.6355943177714947,24.628644584656975,0.3522173091769218,0.2543495893478393,0.4536105208098888,0.0406373008790042,-0.0077156042872505,-0.5473778834551677,-0.5646673584523222,0.9872854418308964,57.02366027390029,0.5437729841757816,0.8508981309804324,1.289662935766187,36.73102847272828,0.3797946125268936,0.5881355092860758,0.4832986071705818,0.1079547471597214,-0.1184198053145007,-0.2749199534021052,-0.566691883087092,0.9888747616020344,0.8105331277812663,0.3058050123044686,0.069803491026862,0.1434515217244259,0.102107002865862,0.005200308648935,0.02650103199699,0.1032612795245623,0.006305624842057,0.0299748853316566,9.948972926617635,0.4070489864833904,0.1952161218434056,rl2,I5En4JFXy6-2ISEj,14,3147.0,folding clothes,"{""short sleeve shirts"",""long sleeve shirts"",shorts}",False,False,False,False,False,False,,True
2025-10-29-22-02-35-978000,2382.0,79.4,0.0,0.0,0.0,0.0,0.0,0.0,0.0,0.0,0.0,0.0,0.0,0.0,0.0,0.0,29.99232719908518,0.3778957647931774,0.2927333034086886,37.351718847312135,0.4706222450312322,0.261629146928627,0.4242590049122048,67.34404604639732,0.0,79.4,4.387014176184921,29.99232719908518,0.3778957647931774,0.5366581737463536,0.9502870327612278,18.457769062584298,0.2015263885259628,0.2936478182673454,0.2653243318200111,0.0157013060816865,0.0192695431705285,-0.4180490275224049,-0.5662329288513894,0.982780344393112,37.351718847312135,0.4706222450312322,0.6723760073366681,1.097686374245283,26.211344987443027,0.241542081348598,0.2637731730937958,0.2125353366136551,0.0135411196396928,-0.0737373323725594,-0.182760868159355,-0.5439568054115542,0.982780344393112,0.8345643193876534,0.2567908896169883,0.0501951722229789,0.1174855314658572,0.1080495331237992,0.0057770934749682,0.0281789707882779,0.1064933518098328,0.0045159251713902,0.0250640252373023,8.291564780057175,0.2318433496733185,0.2607665736172707,rl2,I5En4JFXy6-2ISEj,14,2382.0,folding clothes,"{""short sleeve shirts"",""long sleeve shirts"",shorts}",False,False,False,False,False,False,,True
2025-10-29-22-02-43-002000,2861.0,95.36666666666666,0.0,0.0,0.0,0.0,0.0,0.0,0.0,0.0,0.0,0.0,0.0,0.0,0.0,0.0,42.47102877775238,0.4455003018645355,0.4032332252030055,53.3596092333548,0.5597161807694561,0.4457467460237643,0.5026082413169958,95.83063801110718,0.0,95.36666666666666,4.568160360354191,42.47102877775238,0.4455003018645355,0.9455540727937602,1.1710346893699686,37.22728036536109,0.4786585904657841,0.5387428980320692,0.6056965179741383,0.1561933331159581,-0.2109010136806383,-0.1359039347105142,-0.5631279967177095,0.9555944055944056,53.3596092333548,0.5597161807694561,1.1438724594861218,1.4327215850865354,47.05383212877608,0.5613738168030977,0.6920613422989845,0.5699668060988188,0.2214350207968376,-0.3016018617324653,0.126025748756783,-0.5548239472214418,0.956993006993007,0.9036476389682976,0.2818958954956078,0.0823666286443145,0.1125049386617761,0.1088769049337477,0.0050072610742768,0.0330489471469526,0.1077219220242662,0.0059238640746023,0.0336344703528666,9.11109725645806,0.5385679707369138,0.2756112474031034,rl2,I5En4JFXy6-2ISEj,15,2861.0,folding clothes,"{""short sleeve shirts"",""long sleeve shirts"",shorts}",False,False,False,False,False,False,,True
2025-10-29-22-02-43-003000,2848.0,94.93333333333334,0.0,0.0,0.0,0.0,0.0,0.0,0.0,0.0,0.0,0.0,0.0,0.0,0.0,0.0,43.808269436989384,0.4616255999682759,0.2607427758015759,60.402365171805016,0.6364843537598,0.3225071545421475,0.5490549768640379,104.2106346087944,0.0,94.93333333333334,4.563653505785158,43.808269436989384,0.4616255999682759,0.8292271779399885,1.0717928700531865,33.475803926545815,0.5312094278633595,0.3347360268235206,0.5792002752423286,0.1029904583061833,-0.1410677843976352,-0.2091002082344265,-0.5672058996756226,0.9782226905514576,60.402365171805016,0.6364843537598,1.2960725238008546,1.389750687632603,54.62988835589721,0.680599158629775,0.4330123979598284,0.6182729341089725,0.1822099017946543,-0.3841530307888686,0.098103582701339,-0.5582077225887353,0.9841938883034772,0.8567313730715644,0.4006238237159622,0.1282940836705434,0.1120950185477596,0.1023960544275735,0.0073858657626115,0.0297370922414992,0.1031989363868578,0.0071149532652039,0.0322954423330738,12.052220112127074,0.5301477930409338,0.282122862371949,rl2,I5En4JFXy6-2ISEj,15,2848.0,folding clothes,"{""short sleeve shirts"",""long sleeve shirts"",shorts}",False,False,False,False,False,False,,True
2025-10-29-22-02-43-004000,2610.0,87.0,0.0,0.0,0.0,0.0,0.0,0.0,0.0,0.0,0.0,0.0,0.0,0.0,0.0,0.0,34.70453131375873,0.3990555536269688,0.6007944453711332,40.28542423097709,0.4632283353504456,0.453059677842185,0.4311419444887073,74.98995554473582,0.0,87.0,4.477336814478207,34.70453131375873,0.3990555536269688,0.6888348903614144,1.0833850880020774,24.794488409133123,0.2874594964087009,0.714691175147891,0.463475301861763,0.0952185746113693,-0.2149309804523899,0.0140484696008814,-0.6384743164382675,0.9635875814488308,40.28542423097709,0.4632283353504456,0.6929214360023331,1.200438010902063,26.48203309963769,0.2477020602673292,0.7164786905050278,0.4498319253325462,0.0798331327419782,-0.1774185536115277,0.2549395456574714,-0.5910689353871506,0.9551552318896128,0.8519083903362568,0.2532565368845859,0.0544289353082331,0.1295353994058208,0.1092445174115288,0.004669969896213,0.0244486466526603,0.1078634907952696,0.0043782563480019,0.0238279194596226,6.4512817128909195,0.5661535201940279,0.2308089360753271,rl2,I5En4JFXy6-2ISEj,15,2610.0,folding clothes,"{""short sleeve shirts"",""long sleeve shirts"",shorts}",False,False,False,False,False,False,,True
2025-10-29-22-03-34-282000,2960.0,98.66666666666669,0.0,0.0,0.0,0.0,0.0,0.0,0.0,0.0,0.0,0.0,0.0,0.0,0.0,0.0,55.78355207731243,0.5655649078470337,0.7204097026698906,60.040094079268655,0.6087201157073537,0.928213485080946,0.5871425117771938,115.82364615658108,0.0,98.66666666666669,4.601831284722577,55.78355207731243,0.5655649078470337,1.0205977219402438,1.2599617888447183,43.750692642867605,0.2913591861724853,0.3902265466749668,0.8847506903111935,0.1005926932833915,0.3319501767425823,-0.0341716132025278,-0.7742200591154649,0.9861439675566068,60.040094079268655,0.6087201157073537,0.9619119477274112,1.486797902289533,42.2987025353109,0.4607982560992241,0.6078463792800903,0.8523248713463545,0.2387315526133843,0.0126502999315365,-0.1919051531922525,-0.7775716096804653,0.986819871578236,0.8874740455197458,0.3620662498993099,0.0734193491749838,0.2190907220295137,0.1029411665965718,0.0034808385081802,0.0295880623029531,0.104179492981338,0.0039096993575589,0.0293308673537613,7.2061463072085346,0.5399005959223006,0.1332003254314612,rl2,CizpI2XpvnTL3SW5,2,2960.0,folding clothes,"{""short sleeve shirts"",""long sleeve shirts"",shorts}",False,False,False,False,False,False,,True
2025-10-29-22-03-40-792000,2899.0,96.63333333333334,0.0,0.0,0.0,0.0,0.0,0.0,0.0,0.0,0.0,0.0,0.0,0.0,0.0,0.0,61.63277790052055,0.6380204751606682,0.537619184692379,73.43755721958735,0.7602231596230575,0.5417304957255953,0.6991218173918629,135.0703351201079,0.0,96.63333333333334,4.581218965165578,61.63277790052055,0.6380204751606682,0.9767709380867262,1.6548458424918064,43.69576354366848,0.4488885477185249,0.3983788192272186,0.7401976864784956,0.1323678421237134,0.1327094287174956,-0.2604908852806818,-0.6323604487780919,0.9917184265010353,73.43755721958735,0.7602231596230575,1.013456699937166,2.091126576481426,47.43743703209894,0.3781655617058277,0.4333095289766788,0.7203068304806948,0.1180314519046436,-0.1474005481155628,0.0725095056684218,-0.6683734773911045,0.9910282953761216,0.8418680088813,0.4491986121472355,0.0877788624823602,0.1960446207185812,0.1023569017728261,0.0035476796656802,0.0253126461683454,0.1060115731061573,0.0034103604536463,0.0215396469243056,7.432669668474918,0.2452735203639755,0.099745163388744,rl2,CizpI2XpvnTL3SW5,4,2899.0,folding clothes,"{""short sleeve shirts"",""long sleeve shirts"",shorts}",False,False,False,False,False,False,,True
2025-10-29-22-03-46-365000,3062.0,102.06666666666666,0.0,0.0,0.0,0.0,0.0,0.0,0.0,0.0,0.0,0.0,0.0,0.0,0.0,0.0,54.63887129233339,0.5355002086801705,0.5888426407159467,68.40664756423647,0.6704343113123468,0.554059776196776,0.6029672599962588,123.04551885656986,0.0,102.06666666666666,4.635376028045157,54.63887129233339,0.5355002086801705,0.9751317655030666,1.1751853615991437,41.935787435984246,0.3173650950193405,0.4622965599410236,0.9301448725163936,0.1364678714865082,0.3751853288076501,-0.1909429188405799,-0.789154311929021,0.9918327344005228,68.40664756423647,0.6704343113123468,0.9505395776838024,1.5878117404440084,43.29317083726578,0.5051467791199684,0.432321272790432,0.932931468822062,0.2037388904667954,-0.1933250065018793,0.0034795274603502,-0.7798628408065191,0.995753021888272,0.8470474671557869,0.6058436271858273,0.1230926653821553,0.2366516097954739,0.1018597704671368,0.0047413025350785,0.0279384429850272,0.104001998874951,0.0041024804528454,0.0203915801967695,9.505714130905208,0.4358150098756889,0.156276856544343,rl2,CizpI2XpvnTL3SW5,5,3062.0,folding clothes,"{""short sleeve shirts"",""long sleeve shirts"",shorts}",False,False,False,False,False,False,,True
2025-10-29-22-03-49-312000,2854.0,95.13333333333334,0.0,0.0,0.0,0.0,0.0,0.0,0.0,0.0,0.0,0.0,0.0,0.0,0.0,0.0,54.02327607765766,0.5680680975568629,0.414446628576637,65.12181301248125,0.6847719559672056,0.3978711315310055,0.6264200267620342,119.14508909013892,0.0,95.13333333333334,4.565736116742684,54.02327607765766,0.5680680975568629,0.929727260696066,1.5932708292617863,41.57483009375175,0.3292755950242281,0.4307464333251118,0.693417577072978,0.0983503884263077,0.240226508160634,-0.1665815405509521,-0.6113695923634495,0.9835261128636524,65.12181301248125,0.6847719559672056,0.9156338304570484,1.8177963650333755,43.21179507335,0.4372804835438728,0.3347367197275162,0.6969234049320221,0.1020113512458335,-0.1432626448906488,-0.0413230935042665,-0.6198182027358183,0.9877322117069752,0.8312368024515235,0.4101738266782604,0.0666570259609673,0.1740499971414878,0.1020621990664904,0.0046353804847689,0.0288362361175461,0.1045777166727943,0.0038528876245094,0.0258441785406911,7.300382341204106,0.2849194001156577,0.1649876967854332,rl2,CizpI2XpvnTL3SW5,6,2854.0,folding clothes,"{""short sleeve shirts"",""long sleeve shirts"",shorts}",False,False,False,False,False,False,,True
2025-10-29-22-03-53-625000,2721.0,90.7,0.0,0.0,0.0,0.0,0.0,0.0,0.0,0.0,0.0,0.0,0.0,0.0,0.0,0.0,57.752129660079085,0.6369720183096957,0.4842200813803821,60.43935428386256,0.6666105251896606,0.5079908024561077,0.6517912717496781,118.19148394394163,0.0,90.7,4.51852237926242,57.752129660079085,0.6369720183096957,0.9830038920032588,1.4881841763315973,43.49553140828208,0.2064632400870323,0.4059257619082927,0.7032111063599586,0.0589352424307145,0.276342884188012,0.0831433282182134,-0.6708237264806439,0.9889705882352942,60.43935428386256,0.6666105251896606,0.9231242194766692,1.5432306974634091,41.72391899114883,0.2603204380720854,0.2846500012092292,0.6862062253057957,0.0508480274653241,0.0214539294082155,-0.1494170819763956,-0.6784854053606261,0.9886029411764706,0.8736022243071638,0.3503567522540056,0.0593225402394171,0.2273298765900857,0.100542198523284,0.0041570950304384,0.0228840759905103,0.1038869631438859,0.0033906434773473,0.0214220041992673,5.59146671754215,0.2220952478605491,0.1024374071353559,rl2,CizpI2XpvnTL3SW5,7,2721.0,folding clothes,"{""short sleeve shirts"",""long sleeve shirts"",shorts}",False,False,False,False,False,False,,True
2025-10-29-22-03-56-738000,3141.0,104.7,0.0,0.0,0.0,0.0,0.0,0.0,0.0,0.0,0.0,0.0,0.0,0.0,0.0,0.0,48.259035810667655,0.4610735905477801,0.6760545248560239,59.71733557927281,0.5705477921586576,0.7491571101829408,0.5158106913532188,107.97637138994048,0.0,104.7,4.660604892876192,48.259035810667655,0.4610735905477801,0.9426198274240896,0.9834864825549292,39.06018900084729,0.4792105574160814,0.1861211098730564,0.8377294354140759,0.074718094297767,0.1468773740054657,-0.2931362581716548,-0.7301139417764146,0.9914012738853504,59.71733557927281,0.5705477921586576,0.8848829884815773,1.4191610402991603,38.13180774040062,0.4146077092736959,0.4179049227386713,0.9595787795260547,0.1662629551619334,-0.0403447619672545,0.0619968347193904,-0.7092986938945975,0.9875796178343949,0.8833821176168098,0.4050593426025783,0.0566494868386784,0.1838932040945025,0.1032030122419798,0.0036319466679726,0.0228153052882588,0.1038017931054747,0.0038978960836503,0.0247373618789936,7.373674488019802,0.2922451549759657,0.1356436963550213,rl2,CizpI2XpvnTL3SW5,8,3141.0,folding clothes,"{""short sleeve shirts"",""long sleeve shirts"",shorts}",False,False,False,False,False,False,,True
2025-10-29-22-04-01-785000,3925.0,130.83333333333334,0.0,0.0,0.0,0.0,0.0,0.0,0.0,0.0,0.0,0.0,0.0,0.0,0.0,0.0,44.95199761582517,0.3436697065430059,0.4521623245205871,89.20392821541756,0.6819872187723055,0.4475476323728919,0.5128284626576556,134.1559258312427,0.0,130.83333333333334,4.881538498539599,44.95199761582517,0.3436697065430059,0.6414556506828399,0.9455446424931988,26.938659012503653,0.4460641015321016,0.2230612747371196,0.6529177092015743,0.0649650685939914,-0.0396367826841914,-0.3607526276293833,-0.6942703719541525,0.9849643221202854,89.20392821541756,0.6819872187723055,0.8205229983776025,1.7415842857930903,39.19306519644339,0.5769891943782568,0.6627037823200226,0.7233355939388275,0.2765839442592571,-0.1113682348732124,0.0724130763143381,-0.7094458689431477,0.9882772680937818,0.6831167579587462,0.4663799341011376,0.1387135423333669,0.1229167057242789,0.1005657242591278,0.0032220017170142,0.0197437873621049,0.1039700514522273,0.0042764059101404,0.0292168551978782,6.400534825631279,0.2196027723981257,0.0911261335941878,rl2,CizpI2XpvnTL3SW5,12,3925.0,folding clothes,"{""short sleeve shirts"",""long sleeve shirts"",shorts}",False,False,False,False,False,False,,True
2025-10-29-22-04-01-787000,3063.0,102.1,0.0,0.0,0.0,0.0,0.0,0.0,0.0,0.0,0.0,0.0,0.0,0.0,0.0,0.0,49.137000715966195,0.4814206471191985,0.5178583365395771,62.321401235572544,0.6105950480297767,0.4596370392115878,0.5460078475744875,111.45840195153876,0.0,102.1,4.635699391022914,49.137000715966195,0.4814206471191985,0.8343351193812814,1.2198455031727522,35.412431406171706,0.3218994103372097,0.4872700585983693,0.6777818109840155,0.1063113950251895,0.3377958750872198,-0.2144221274026067,-0.6898121708098567,0.9905290659699544,62.321401235572544,0.6105950480297767,0.8655193159194275,1.5549952980876272,38.94550848542035,0.6618491895496845,0.4572544805705547,0.5929943881928921,0.1794599715575972,-0.2235492099884689,-0.0427547771276388,-0.6616028444029676,0.98791639451339,0.7736835152986662,0.592298086472451,0.1387756281531011,0.159440897682908,0.1032091819118179,0.003518880458228,0.0253556830847179,0.1045687606858027,0.0040378295785189,0.0173396494217462,6.714368716744359,0.2609419926204476,0.0943747083621073,rl2,CizpI2XpvnTL3SW5,12,3063.0,folding clothes,"{""short sleeve shirts"",""long sleeve shirts"",shorts}",False,False,False,False,False,False,,True
2025-10-29-22-04-01-788000,3090.0,103.0,0.0,0.0,0.0,0.0,0.0,0.0,0.0,0.0,0.0,0.0,0.0,0.0,0.0,0.0,44.31803354594366,0.43041146208427,0.6077517829796132,54.51207245919259,0.529414753569368,0.5846540906061802,0.479913107826819,98.83010600513626,0.0,103.0,4.6443908991413725,44.31803354594366,0.43041146208427,0.7948072479124012,1.0215460681018949,32.91327270000064,0.2932322844862938,0.3819344006478786,0.6353687103837729,0.0711584343870498,0.2571236029026192,-0.1368888412857116,-0.6585001955062006,0.9766914859177728,54.51207245919259,0.529414753569368,0.7492023287335379,1.4058003831562005,33.02500260842688,0.3256024848669767,0.4942954443395138,0.5835086293518543,0.0939121106906837,-0.1247426053620633,-0.0315900322313109,-0.6412345670718206,0.9741016510197474,0.8045079089056162,0.4006893179870439,0.063798624983559,0.1782461388236401,0.1038962860201166,0.003194720711888,0.0219904469532642,0.1045546124705667,0.0037970224144028,0.0234996790564338,4.728920379022142,0.1433612271038671,0.0726887623238414,rl2,CizpI2XpvnTL3SW5,12,3090.0,folding clothes,"{""short sleeve shirts"",""long sleeve shirts"",shorts}",False,False,False,False,False,False,,True
2025-10-29-22-04-05-565000,3123.0,104.1,0.0,0.0,0.0,0.0,0.0,0.0,0.0,0.0,0.0,0.0,0.0,0.0,0.0,0.0,61.32681998341713,0.5893032029156035,0.6413377629405916,77.77989362578609,0.7474044871151769,0.6710500895729947,0.6683538450153902,139.1067136092032,0.0,104.1,4.6549122778829055,61.32681998341713,0.5893032029156035,0.9308861709968874,1.485434233174134,43.72486437937327,0.3994838446378708,0.6778528243303299,0.7536568837240338,0.2040836913949633,0.3408324285575853,-0.3197542093570824,-0.6304808455497608,0.9887892376681614,77.77989362578609,0.7474044871151769,0.9858926793243818,2.0845165526853733,49.58132368566194,0.5836438611149788,0.8016776517033577,0.7257613725960255,0.3395795658592407,-0.1170846802651288,0.0281734826379871,-0.6289103362897756,0.9910313901345292,0.7597930341955526,0.5808051118267601,0.136319778565618,0.1789249089711672,0.1017111695149092,0.0039060536281222,0.0230852769413788,0.1044291692206453,0.0038095521962846,0.024135841019993,9.895052547691629,0.5752034458594009,0.1107903420674979,rl2,CizpI2XpvnTL3SW5,14,3123.0,folding clothes,"{""short sleeve shirts"",""long sleeve shirts"",shorts}",False,False,False,False,False,False,,True
2025-10-29-22-04-05-567000,2691.0,89.7,0.0,0.0,0.0,0.0,0.0,0.0,0.0,0.0,0.0,0.0,0.0,0.0,0.0,0.0,54.67368137918865,0.6097436585039626,0.5866539853699528,57.70610067974734,0.6435624611124238,0.3453650635860795,0.6266530598081932,112.379782058936,0.0,89.7,4.507557357121091,54.67368137918865,0.6097436585039626,1.0787560194950148,1.5031238295933809,45.12869377540638,0.5440554656088352,0.369927542284131,1.2402835991233587,0.2496208430329502,0.1109534348103358,-0.2415988872636961,-0.6040927203921016,0.9769516728624535,57.70610067974734,0.6435624611124238,0.968536991635622,1.529189611030633,41.83089741108788,0.6336052156984806,0.3421154376119375,1.1926251389086246,0.2585207307043455,-0.0742161170162803,0.0490979247867682,-0.5984981147089952,0.978810408921933,0.8817435409676896,0.3513927368575996,0.0774460422433708,0.1854167625228609,0.1029768810006056,0.0036795508106931,0.0269050906522203,0.1063335162564345,0.0037983506725267,0.0247797322925415,5.607862634243267,0.7022573741391118,0.0987196458933628,rl2,CizpI2XpvnTL3SW5,14,2691.0,folding clothes,"{""short sleeve shirts"",""long sleeve shirts"",shorts}",False,False,False,False,False,False,,True
2025-10-29-22-04-05-568000,3069.0,102.3,0.0,0.0,0.0,0.0,0.0,0.0,0.0,0.0,0.0,0.0,0.0,0.0,0.0,0.0,39.46673375552882,0.3859198215990432,0.6183980895858937,69.08149436024402,0.6755035302501045,0.6253638239478834,0.5307116759245739,108.54822811577284,0.0,102.3,4.637637376125593,39.46673375552882,0.3859198215990432,0.7139958053281653,0.894114340270648,29.529985309955503,0.576823253184557,0.2673968560993671,0.6835004203021526,0.1054235999732621,0.1116917338222265,-0.3365836840131435,-0.6433050955735868,0.984354628422425,69.08149436024402,0.6755035302501045,0.8527374250469835,1.7659652294756385,38.85587714164122,0.5440888740122318,0.6160206981003284,0.678602185100317,0.2274470998072869,-0.1223178100944605,0.0423914353245738,-0.6398203248894294,0.9885919165580184,0.6846394229856776,0.4708761052815374,0.1263938748700961,0.159259911674098,0.1019639499596219,0.0036559386061946,0.0256996617866253,0.1052629548869153,0.0044109379018072,0.0277432778966891,6.060234379779086,0.3432841301172871,0.0916493573489639,rl2,CizpI2XpvnTL3SW5,14,3069.0,folding clothes,"{""short sleeve shirts"",""long sleeve shirts"",shorts}",False,False,False,False,False,False,,True
2025-10-29-22-04-05-569000,2726.0,90.86666666666666,0.0,0.0,0.0,0.0,0.0,0.0,0.0,0.0,0.0,0.0,0.0,0.0,0.0,0.0,46.67776699158894,0.5138836733018967,0.6427693318658159,61.007333577671105,0.6716403696624341,0.623106073463973,0.5927620214821654,107.68510056926004,0.0,90.86666666666666,4.520338250471394,46.67776699158894,0.5138836733018967,0.9507417778187116,1.1762456338567948,40.10626219191853,0.5323120504617691,0.3016354590654373,0.6627566255629063,0.1064149805565198,0.1126612462660247,-0.9745112595504378,-0.6490968910093069,0.9930275229357798,61.007333577671105,0.6716403696624341,0.9206470828457212,1.6886845728130824,41.60349145901706,0.3947324473410845,0.4710701256990433,0.6062534991651773,0.1127308154573788,-0.0617699261703995,-0.4476707000627031,-0.6336358649429324,0.989724770642202,0.7814449632445242,0.5583463579654611,0.1128029823918959,0.1889138939081861,0.1041198774929285,0.0034664410914466,0.0226616816933473,0.1051549872249389,0.0039065357106755,0.0339864369662269,6.802163762351439,0.3005084079359416,0.0938179923481099,rl2,CizpI2XpvnTL3SW5,14,2726.0,folding clothes,"{""short sleeve shirts"",""long sleeve shirts"",shorts}",False,False,False,False,False,False,,True
2025-10-29-22-04-09-105000,3044.0,101.46666666666668,0.0,0.0,0.0,0.0,0.0,0.0,0.0,0.0,0.0,0.0,0.0,0.0,0.0,0.0,49.446357353105256,0.4874764116310081,0.5214336509270994,59.70775031221039,0.5886403251285941,0.7515693353652436,0.5380583683798011,109.15410766531564,0.0,101.46666666666668,4.629537542436386,49.446357353105256,0.4874764116310081,0.9796968370420732,1.0977781469374317,39.42285730245331,0.2144720591604709,0.276792305521667,0.8938026552787051,0.0530598936435483,0.2800709242221462,-0.1386270888900127,-0.6883215817206209,0.983897469602366,59.70775031221039,0.5886403251285941,0.9492117894752028,1.4290212382140284,39.9016471624937,0.422584000043571,0.6663589682430029,0.7740389052778482,0.2179636574569688,-0.081971722334359,0.0109290312532968,-0.6551388223091343,0.9776536312849162,0.8596527139605021,0.3968985920984471,0.0659357603251579,0.1797359018182197,0.104741690358354,0.0030816123042753,0.0281412097399131,0.1040966837392058,0.0047452307146079,0.029150618829533,8.100167833430184,0.4146692158688456,0.1599216869659332,rl2,CizpI2XpvnTL3SW5,15,3044.0,folding clothes,"{""short sleeve shirts"",""long sleeve shirts"",shorts}",False,False,False,False,False,False,,True
2025-10-29-22-04-09-107000,2790.0,93.0,0.0,0.0,0.0,0.0,0.0,0.0,0.0,0.0,0.0,0.0,0.0,0.0,0.0,0.0,61.14297809643995,0.6576871075271419,0.7056868697833166,69.53110661131005,0.7479143773177847,0.3234368509687143,0.7028007424224634,130.67408470775,0.0,93.0,4.543294782270004,61.14297809643995,0.6576871075271419,1.0641620297746743,1.7071131934252992,46.57370121614501,0.3909466303884983,0.5287286713719368,0.8657682612538338,0.1789583621863937,0.2336489438162749,-0.1328544071393369,-0.623724780455699,0.9885263535317318,69.53110661131005,0.7479143773177847,0.9977798473021284,1.9589568428469275,46.066550747671265,0.4441463574767113,0.6022726148366928,0.7774842130020261,0.2079748407606137,-0.1297821000615622,-0.0085177770251968,-0.6161610849535487,0.9888849049838652,0.8294944432750593,0.3928835419621562,0.079342345534662,0.1491650210552119,0.104979444508816,0.0037457419783895,0.0297997132894068,0.1065975601402937,0.0040524747739667,0.0251271913420807,7.074077811247515,0.4407719276252329,0.1394120619973466,rl2,CizpI2XpvnTL3SW5,15,2790.0,folding clothes,"{""short sleeve shirts"",""long sleeve shirts"",shorts}",False,False,False,False,False,False,,True
2025-10-29-22-04-09-108000,3804.0,126.8,0.0,0.0,0.0,0.0,0.0,0.0,0.0,0.0,0.0,0.0,0.0,0.0,0.0,0.0,45.03977980564238,0.3552967115880283,0.5920181734111654,69.11020974462656,0.5451765165234806,0.7384334289594718,0.4502366140557544,114.14998955026894,0.0,126.8,4.850466541943434,45.03977980564238,0.3552967115880283,0.7487095362175284,0.811556195344303,29.992821758363295,0.20633390173316,0.4749842137098312,0.8366025062277913,0.0819915181512438,0.3246794141159166,-0.0008069429241233,-0.7074015537004127,0.9815934788325008,69.11020974462656,0.5451765165234806,0.7526214872908644,1.3374586130701485,33.13893482138849,0.4217256642878055,0.7364929839968681,0.975532477721572,0.3029984296079972,-0.0100426009029138,-0.0742436980144626,-0.6869964944683485,0.982645280042072,0.7884212250649771,0.3575830139869856,0.0772269875863732,0.1704722934456291,0.1023003614603223,0.0050003433606891,0.0261582249304673,0.1031697670396895,0.0047194734693324,0.0294486741656059,6.875285325454836,0.6068162373502655,0.0942235771434997,rl2,CizpI2XpvnTL3SW5,15,3804.0,folding clothes,"{""short sleeve shirts"",""long sleeve shirts"",shorts}",False,False,False,False,False,False,,True
2025-10-29-22-04-09-109000,2769.0,92.3,0.0,0.0,0.0,0.0,0.0,0.0,0.0,0.0,0.0,0.0,0.0,0.0,0.0,0.0,51.65034791499508,0.5597942331827501,0.6000165564251365,61.78673160482212,0.6696538830002398,0.5467500318260945,0.614724058091495,113.4370795198172,0.0,92.3,4.535820107853298,51.65034791499508,0.5597942331827501,0.906815920833251,1.2570789931697768,38.68097032828712,0.3332250788807869,0.5586495026946068,0.7170787639915943,0.1334885320312789,0.4102638891365671,-0.0933251083236047,-0.6849406477966627,0.993135838150289,61.78673160482212,0.6696538830002398,0.9081971172818528,1.6428931085376803,41.08279117061209,0.651246540248394,0.4979694867506623,0.7330774385482073,0.2377376770462983,-0.1700756680173278,-0.1851229439388641,-0.6383020963281684,0.9953034682080923,0.7962962730333594,0.5970663470440093,0.1335311797298469,0.1732308066204389,0.1040587131269069,0.0040813130075966,0.0294901952373627,0.1044083347760572,0.0047292333128497,0.0280317554138391,8.974771804422097,0.3720640006349399,0.1397369431727217,rl2,CizpI2XpvnTL3SW5,15,2769.0,folding clothes,"{""short sleeve shirts"",""long sleeve shirts"",shorts}",False,False,False,False,False,False,,True
2025-10-29-22-04-18-886000,3679.0,122.63333333333334,0.0,0.0,0.0,0.0,0.0,0.0,0.0,0.0,0.0,0.0,0.0,0.0,0.0,0.0,37.04617444950702,0.3021710803385564,0.385542702059487,73.54044872716088,0.599840527954004,0.3345444383839225,0.4510058041462802,110.5866231766679,0.0,122.63333333333334,4.817320195827436,37.04617444950702,0.3021710803385564,0.6916612802325199,0.7347102323642211,28.923658991903732,0.1962428912520408,0.3017800647066906,0.6110661420971155,0.0361886766487867,0.2976817836948033,-0.1421533474631832,-0.5897394024680153,0.9660141381185426,73.54044872716088,0.599840527954004,0.8176913716073407,1.535280388937962,38.539768060299906,0.4290685132145881,0.4354337435215711,0.5674871560186148,0.1060241411686126,-0.0403246231780638,-0.1153878609609302,-0.5947937442044965,0.977705274605764,0.7521790941925165,0.3511665356559215,0.0867933932002489,0.1513877715895974,0.1023169110075798,0.0036228324735585,0.0265219480922102,0.1019592107591089,0.0043632355630223,0.0278081886835798,5.4508685687915275,0.2589292896625162,0.0843887639107073,rl2,CizpI2XpvnTL3SW5,3,3679.0,folding clothes,"{""short sleeve shirts"",""long sleeve shirts"",shorts}",False,False,False,False,False,False,,True
2025-10-29-22-05-17-803000,2682.0,89.4,0.0,0.0,0.0,0.0,0.0,0.0,0.0,0.0,0.0,0.0,0.0,0.0,0.0,0.0,41.914183382666295,0.4690136148750424,0.3559215000684237,74.97849053252203,0.8389984020796944,0.2063870948583003,0.6540060084773685,116.89267391518833,0.0,89.4,4.504244267398131,41.914183382666295,0.4690136148750424,0.7421659336668631,1.0382663511286132,31.97551149922125,0.4181827455759048,0.5303525160998106,0.5534289181232452,0.1227418293254703,0.2056064160428191,-0.3324377681215493,-0.7230003680631041,0.9910481163744872,74.97849053252203,0.8389984020796944,1.2719839405891484,1.9513484064403015,57.7808860290183,0.5572969522327185,0.4542604684829712,0.7885342724621296,0.1996237393234291,-0.2550891427771868,-0.0745753912761131,-0.7150247985126255,0.9970160387914956,0.6529610671786048,0.5399348774831347,0.0987003382215925,0.0711269830844998,0.1029830763509176,0.0035267726431354,0.0293832361483371,0.1033973974951218,0.0050960235021863,0.0256678650152563,12.88078535913966,0.4588988444736748,0.1302640725374571,rl2,liMUt-8vcABzgMW2,15,2682.0,folding clothes,"{""short sleeve shirts"",""long sleeve shirts"",shorts}",False,False,False,False,False,False,,True
2025-10-29-22-05-17-804000,3077.0,102.56666666666666,0.0,0.0,0.0,0.0,0.0,0.0,0.0,0.0,0.0,0.0,0.0,0.0,0.0,0.0,35.08776468715851,0.3422083682102586,0.2861545182909759,69.97501835677784,0.6824611673287824,0.6200080308972505,0.5123347677695206,105.06278304393636,0.0,102.56666666666666,4.640215527730892,35.08776468715851,0.3422083682102586,0.670013671598388,0.7345536856036317,26.479585601742773,0.4844736643135547,0.3180828914046287,0.5431151390075684,0.0836955549287663,-0.1704742303193777,-0.294484895525387,-0.7660986267352282,0.9879713914174252,69.97501835677784,0.6824611673287824,0.8635756546967223,1.713786414088084,37.09722063029252,0.577287819236517,0.3886495009064674,0.7654650025069714,0.1717417356437109,-0.2183313567319922,0.0773606649573343,-0.7544961873808773,0.9931729518855656,0.6585220422071746,0.3950515179976538,0.0752054771499685,0.1462254991196138,0.1013674096176192,0.003290780731773,0.0262299516802197,0.102940502963035,0.0046124620353277,0.0245489061722617,9.9647852617804,0.4127018186434174,0.104626554784188,rl2,liMUt-8vcABzgMW2,15,3077.0,folding clothes,"{""short sleeve shirts"",""long sleeve shirts"",shorts}",False,False,False,False,False,False,,True
2025-10-29-22-05-17-806000,2803.0,93.43333333333334,0.0,0.0,0.0,0.0,0.0,0.0,0.0,0.0,0.0,0.0,0.0,0.0,0.0,0.0,65.00257615207389,0.6959590594440458,0.0427452246268969,91.36355789261322,0.9781965513127752,0.4696144387241496,0.8370778053784107,156.3661340446871,0.0,93.43333333333334,4.547894118168362,65.00257615207389,0.6959590594440458,0.9561923230354398,1.7573416985674963,41.37587785801194,0.5957387462258339,0.4924746798351407,0.7889768835157156,0.2314749678603236,0.2007301477050854,-0.3064478456550731,-0.6869932607133932,0.9957173447537472,91.36355789261322,0.9781965513127752,1.28264294521163,2.5044092263813837,58.528070502838986,0.5074003245681524,0.5663215145468712,0.8935456555336714,0.2567618812761588,-0.1760471684983132,-0.0781863677280049,-0.7037702382496009,0.9960742326909352,0.556847379380945,0.4770038200189509,0.0846162393316914,0.2182441182634893,0.1023350440931017,0.0032355296039265,0.018906352893982,0.1030898062225144,0.0057862213050186,0.0281236426879479,13.67870479213193,0.4845787582870891,0.2036136956712782,rl2,liMUt-8vcABzgMW2,15,2803.0,folding clothes,"{""short sleeve shirts"",""long sleeve shirts"",shorts}",False,False,False,False,False,False,,True
2025-10-29-22-05-17-807000,2940.0,98.0,0.0,0.0,0.0,0.0,0.0,0.0,0.0,0.0,0.0,0.0,0.0,0.0,0.0,0.0,46.865211420719895,0.4783791570675729,0.2680708966424293,68.94193658267744,0.7037285122423694,0.1307643258893297,0.5910538346549711,115.80714800339734,0.0,98.0,4.59511985013459,46.865211420719895,0.4783791570675729,0.7652045292065871,0.9151276412534964,32.72792375987198,0.3281434439122677,0.3164848629385233,0.5638174712657928,0.0585538160859862,0.3321284162007323,0.1058964368072338,-0.7912054375802375,0.991493705341953,68.94193658267744,0.7037285122423694,1.0865547891016996,1.5761106831482812,47.76207477719914,0.3998165912926197,0.3425655364990234,0.7504854910075665,0.1027890333148559,0.2381282858617071,-0.2687774163005607,-0.7658808839640447,0.9965974821367812,0.7771774326541018,0.3962626562386318,0.0655117936267363,0.2456997400165245,0.1019135926676528,0.0025902403609346,0.0195179186695884,0.1016016152385064,0.0057416080430174,0.0263525738503126,12.475866897618086,0.2987963735084247,0.1317163469079157,rl2,liMUt-8vcABzgMW2,15,2940.0,folding clothes,"{""short sleeve shirts"",""long sleeve shirts"",shorts}",False,False,False,False,False,False,,True
2025-10-29-22-05-17-809000,2836.0,94.53333333333332,0.0,0.0,0.0,0.0,0.0,0.0,0.0,0.0,0.0,0.0,0.0,0.0,0.0,0.0,63.8061931798917,0.6751978114274254,0.5034755036634804,75.4347576180251,0.7982514033653451,0.1288943486637843,0.7367246073963853,139.2409507979168,0.0,94.53333333333332,4.5594752267259615,63.8061931798917,0.6751978114274254,1.302984274555248,1.3777231622254342,55.960653895067765,0.3465554043650627,0.3883312725229189,0.8031565845012665,0.108087448721125,-0.2841406285779863,-0.1934655908192163,-0.6626998009679022,0.9932980599647266,75.4347576180251,0.7982514033653451,1.0168738398427453,1.833636273246379,46.43584342561938,0.4531255736947059,0.3520663790404796,0.8590152226388454,0.1370389389758039,-0.0888845065099775,0.0976895324885373,-0.6440814297793405,0.9929453262786596,0.6033932422968727,0.3619961302755703,0.0723569894350181,0.2130985780123092,0.1036422564769422,0.0025622158054229,0.0181387883889761,0.1033155178852399,0.0057178673179367,0.0309558363077007,9.026680911908116,0.3393209932704366,0.2120936257493933,rl2,liMUt-8vcABzgMW2,14,2836.0,folding clothes,"{""short sleeve shirts"",""long sleeve shirts"",shorts}",False,False,False,False,False,False,,True
2025-10-29-22-05-17-810000,2994.0,99.8,0.0,0.0,0.0,0.0,0.0,0.0,0.0,0.0,0.0,0.0,0.0,0.0,0.0,0.0,55.69995290430886,0.5583022342563534,0.4039307735910876,67.82120512467705,0.679798247156803,0.1326861420939334,0.6190502407065782,123.52115802898592,0.0,99.8,4.613138355637268,55.69995290430886,0.5583022342563534,1.179437903043422,1.0821493537093851,47.575563843194,0.5400184765458107,0.31219232827425,0.8813959956169128,0.1485942208217366,0.0541197859328153,-0.3744500271936178,-0.7740947488215102,0.9939859672569328,67.82120512467705,0.679798247156803,0.9226674387646296,1.5588378779501777,39.670092547651464,0.3407606077380478,0.3474029693752527,0.8323814924806356,0.0985383590381978,-0.1612262359579854,-0.0455701770125277,-0.7309189343591064,0.99164717674574,0.6291012341867567,0.4031176924646245,0.063695465191629,0.2061425990760168,0.102385942717925,0.0027209185580408,0.025282702399613,0.101143906378111,0.00600594750932,0.0327628791618856,11.65275393806338,0.3875385616983773,0.2265796441802812,rl2,liMUt-8vcABzgMW2,14,2994.0,folding clothes,"{""short sleeve shirts"",""long sleeve shirts"",shorts}",False,False,False,False,False,False,,True
2025-10-29-22-05-17-811000,3405.0,113.5,0.0,0.0,0.0,0.0,0.0,0.0,0.0,0.0,0.0,0.0,0.0,0.0,0.0,0.0,44.49619323367758,0.3921521142803546,0.0923360381933505,78.72462065304019,0.6938127554615764,0.3217860950116826,0.5429824348709655,123.22081388671776,0.0,113.5,4.740574822994295,44.49619323367758,0.3921521142803546,0.8597731930341239,0.8929196958631703,34.26311107620461,0.3931898213922977,0.3055142275989055,0.6900938376784325,0.0828975806209281,0.1305516229228563,-0.3072351258324675,-0.6672062166554856,0.9844300822561692,78.72462065304019,0.6938127554615764,1.0110180451657476,1.674103791881706,44.42786013947914,0.4092068932950496,0.507052943110466,0.6862191036343575,0.1423832995928295,-0.1475198236871893,-0.0586835340969315,-0.6561784437705767,0.9920681551116334,0.5898587464436464,0.3921801344015407,0.0822117088901575,0.1475082268411477,0.1006572628793131,0.0032162321015288,0.0214881022222478,0.1020195992718922,0.0046712563374914,0.0263058536135187,10.48912716092654,0.3114042884643686,0.1486454820339324,rl2,liMUt-8vcABzgMW2,14,3405.0,folding clothes,"{""short sleeve shirts"",""long sleeve shirts"",shorts}",False,False,False,False,False,False,,True
2025-10-29-22-05-17-814000,2263.0,75.43333333333334,0.0,0.0,0.0,0.0,0.0,0.0,0.0,0.0,0.0,0.0,0.0,0.0,0.0,0.0,38.30834424788428,0.508068226099261,0.1586699514660304,59.14167864806535,0.7843723958629356,0.1951041399555626,0.6462203109810984,97.45002289594964,0.0,75.43333333333334,4.336418901195749,38.30834424788428,0.508068226099261,0.6337902472205363,1.213052499311695,25.033834319527905,0.4176784120500088,0.4737671986222267,0.4041677787899971,0.0799776622636636,0.2437040842155927,-0.5667588781767907,-0.6196449986875874,0.9960212201591512,59.14167864806535,0.7843723958629356,0.8859754755271868,1.826169275775381,40.58700951523153,0.5825705602765083,0.5064562512561679,0.4595819823443889,0.1355980562958459,-0.1749935642874462,-0.1410247835303747,-0.6205377950194368,0.9969053934571176,0.616932516253898,0.6023728326963297,0.1272364971366535,0.1961886577799968,0.1008685102302065,0.0030971584435776,0.022960481929071,0.1019777801970564,0.0054839067585556,0.029447954690825,10.910549807145994,0.3830260424656792,0.2429517753717158,rl2,liMUt-8vcABzgMW2,13,2263.0,folding clothes,"{""short sleeve shirts"",""long sleeve shirts"",shorts}",False,False,False,False,False,False,,True
2025-10-29-22-05-17-815000,2619.0,87.3,0.0,0.0,0.0,0.0,0.0,0.0,0.0,0.0,0.0,0.0,0.0,0.0,0.0,0.0,40.29453090619039,0.4617402319273154,0.1519003402753486,76.2127040986867,0.8733312157985488,0.2405991213014848,0.6675357238629321,116.50723500487707,0.0,87.3,4.480740107609915,40.29453090619039,0.4617402319273154,0.5381959290713114,1.1100398574202484,19.17785785928673,0.4765496309846639,0.4858330450952053,0.3938657492399215,0.0911891997802626,0.179548958148601,-0.4459235602908004,-0.6171437588645876,0.9988540870893812,76.2127040986867,0.8733312157985488,1.0119402059765732,2.093578917955606,45.20210065446727,0.6430446729063988,0.7738606538623571,0.5117493383586407,0.2546602731781372,-0.2185175264938391,-0.2475926211093929,-0.6160279816473859,0.998472116119175,0.5721425606478865,0.4698942082490412,0.1232411406931353,0.1278681713239546,0.1002864219909949,0.0029031724356604,0.0252270149113992,0.1022362257426407,0.0045906154521853,0.0310895438945762,14.732128301173551,0.4484200652087154,0.2456314830667676,rl2,liMUt-8vcABzgMW2,13,2619.0,folding clothes,"{""short sleeve shirts"",""long sleeve shirts"",shorts}",False,False,False,False,False,False,,True
2025-10-29-22-05-17-816000,2224.0,74.13333333333334,0.0,0.0,0.0,0.0,0.0,0.0,0.0,0.0,0.0,0.0,0.0,0.0,0.0,0.0,38.0023194478004,0.512851814410262,0.4578866412662561,57.72000971452606,0.7789474995212694,0.3463284577421687,0.6458996569657656,95.72232916232646,0.0,74.13333333333334,4.319264312937566,38.0023194478004,0.512851814410262,0.7165616385990972,1.2165546432501222,26.076873096526796,0.463301207870245,0.6083706161007285,0.6286401674151421,0.1771877891648142,-0.1030257488257526,-0.4689176337694642,-0.6329687806708979,0.9986504723346828,57.72000971452606,0.7789474995212694,1.0112542327192775,1.7029126825842609,43.66244642689576,0.6642410606145859,0.5926097817718983,0.7043274603784084,0.2772484680938616,-0.2775050122690766,0.08125148930231,-0.6221772447754395,0.9955015744489428,0.6588529671277866,0.5815740404753759,0.1036342760690814,0.059669597617962,0.1012486881248369,0.0036112569274042,0.0302083787358268,0.1024884287518883,0.0053605610481876,0.0296594856358029,11.571211909622784,0.5356444611156814,0.3129134143877356,rl2,liMUt-8vcABzgMW2,13,2224.0,folding clothes,"{""short sleeve shirts"",""long sleeve shirts"",shorts}",False,False,False,False,False,False,,True
2025-10-29-22-05-17-817000,3578.0,119.26666666666668,0.0,0.0,0.0,0.0,0.0,0.0,0.0,0.0,0.0,0.0,0.0,0.0,0.0,0.0,44.24025933072045,0.3710393569811611,0.1728217000050471,79.56574662370113,0.6673112660640296,0.1398183807804923,0.5191753115225954,123.80600595442158,0.0,119.26666666666668,4.789711499520359,44.24025933072045,0.3710393569811611,0.6030995461804461,0.9505442397121752,18.86029256507563,0.4623521864414215,0.3491551727056503,0.5637171380221844,0.0910023556736066,0.0919592134183915,-0.3881960132546085,-0.6948765735571414,0.9865809337433604,79.56574662370113,0.6673112660640296,0.7360247069761107,1.6385211704855829,31.46641504025699,0.4675209363922477,0.5959850177168846,0.5077170431613922,0.1414679787551219,-0.1663602162035397,-0.1013142725844942,-0.6941070581940948,0.9932904668716802,0.6185293892142348,0.4012488588732422,0.0814360871685976,0.1785629658729368,0.10078114188901,0.0030979126170698,0.0200553174493564,0.1015756977219281,0.0045021965101394,0.030580262201642,12.21423396727152,0.3195555257755471,0.215378796527717,rl2,liMUt-8vcABzgMW2,12,3578.0,folding clothes,"{""short sleeve shirts"",""long sleeve shirts"",shorts}",False,False,False,False,False,False,,True
2025-10-29-22-05-17-818000,3009.0,100.3,0.0,0.0,0.0,0.0,0.0,0.0,0.0,0.0,0.0,0.0,0.0,0.0,0.0,0.0,48.53230328635553,0.4840322801165776,0.0732395163665347,64.1022987008009,0.6393181386383068,0.043541737799554,0.5616752093774422,112.63460198715644,0.0,100.3,4.618086411254637,48.53230328635553,0.4840322801165776,0.7284211865371047,1.109046420728589,24.675127208500896,0.4037351571023464,0.2735197246074676,0.6307314708828926,0.0696513792456055,-0.0721246842725153,-0.3225201568673044,-0.6912800719835862,0.9876994680851064,64.1022987008009,0.6393181386383068,0.757233742506512,1.480630421123267,29.69434280240878,0.3900601360946893,0.4269873648881912,0.5738502815365791,0.0955751945819458,-0.1669803432996523,0.0613097556108187,-0.6843636417151706,0.992686170212766,0.7944313049239011,0.4009563700492065,0.0709253074564048,0.1955243022665888,0.1004527765505393,0.0030170579270029,0.0206264325360801,0.1019526640414233,0.0045457120494135,0.0263055069774536,11.30755293826217,0.2655346659366395,0.29273587653745,rl2,liMUt-8vcABzgMW2,12,3009.0,folding clothes,"{""short sleeve shirts"",""long sleeve shirts"",shorts}",False,False,False,False,False,False,,True
2025-10-29-22-05-17-819000,2421.0,80.7,0.0,0.0,0.0,0.0,0.0,0.0,0.0,0.0,0.0,0.0,0.0,0.0,0.0,0.0,53.31019186905407,0.660870147137034,0.238179553699609,56.83368251596061,0.7045497832557099,0.5418451788758568,0.682709965196372,110.14387438501468,0.0,80.7,4.403054001865957,53.31019186905407,0.660870147137034,1.054093108162716,1.4918839770748822,39.70443046725525,0.3951142635196447,0.2497467882931232,0.8155265226960182,0.0804749489126161,0.1047729151881231,-0.284711707915029,-0.641081740723085,0.9929752066115702,56.83368251596061,0.7045497832557099,1.0696544236386978,1.5003017082464265,42.5824947821553,0.3988015912473202,0.4367888905107975,0.8397285272367299,0.1462740794309115,-0.161488694197297,-0.0174917950877854,-0.6562258645933304,0.9917355371900828,0.9093722165890218,0.3841884665812411,0.0767390721797611,0.2197769873666476,0.102745763847208,0.0032731556405419,0.0233478239962687,0.1048382187769792,0.0036280263146883,0.0252331985734724,11.41931619702826,0.35304157105238,0.4125828334398925,rl2,liMUt-8vcABzgMW2,12,2421.0,folding clothes,"{""short sleeve shirts"",""long sleeve shirts"",shorts}",False,False,False,False,False,False,,True
2025-10-29-22-05-17-820000,3688.0,122.93333333333334,0.0,0.0,0.0,0.0,0.0,0.0,0.0,0.0,0.0,0.0,0.0,0.0,0.0,0.0,51.05436865071154,0.4154139027722664,0.1054037420824617,77.8989582142978,0.6338401807509991,0.0616013687676303,0.5246270417616328,128.95332686500933,0.0,122.93333333333334,4.819743786619234,51.05436865071154,0.4154139027722664,0.8411035377536711,0.9850923340524034,29.362301528069818,0.4233228415250778,0.2626602202653885,0.8562403861433268,0.0952054291556805,0.0010175731610365,-0.3531239982795398,-0.6444512903443808,0.9850827230810958,77.8989582142978,0.6338401807509991,0.9363531764931776,1.5455989058165012,38.10688577177429,0.4084302689880132,0.5222946517169476,0.9086638540029526,0.193837032106625,-0.1962053082618708,-0.0067372524022303,-0.6416802656694887,0.9886086248982912,0.826495552036958,0.4144931513785544,0.0764652508089399,0.1962072964894342,0.1013067700991591,0.0032656795605025,0.026119447820376,0.102386507364298,0.0044855420435832,0.0303498501786177,11.83088310342615,0.4018226010859442,0.2208809844312314,rl2,liMUt-8vcABzgMW2,12,3688.0,folding clothes,"{""short sleeve shirts"",""long sleeve shirts"",shorts}",False,False,False,False,False,False,,True
2025-10-29-22-05-17-821000,2567.0,85.56666666666666,0.0,0.0,0.0,0.0,0.0,0.0,0.0,0.0,0.0,0.0,0.0,0.0,0.0,0.0,67.53091323590249,0.789527434558486,1.2285660344205735,77.3769762919805,0.9046411881369504,1.0726042269022262,0.8470843113477183,144.907889527883,0.0,85.56666666666666,4.460914830000593,67.53091323590249,0.789527434558486,1.675445807584616,1.669142454199498,66.97269455979522,0.6500945016741753,1.4339260011911392,0.8612546408548951,0.8028507323044956,-0.0567342985887987,-0.0510451636248069,-0.6969533745234997,0.9945440374123148,77.3769762919805,0.9046411881369504,1.6891457468624829,1.825675369970401,68.99620065173426,0.4964495562016964,1.2316117137670517,0.8232990144751966,0.5033922593544966,-0.1408254731718881,0.3879720131562965,-0.6965531119099014,0.9964925954793452,0.9046424469756982,0.4613352038578172,0.0852630565517168,0.1860214594642665,0.1029949434741439,0.0043022682579021,0.022300986561933,0.1031652065619238,0.0059277471181367,0.0343177494947837,14.581806080663297,1.152147016025194,0.3566687367592975,rl2,liMUt-8vcABzgMW2,9,2567.0,folding clothes,"{""short sleeve shirts"",""long sleeve shirts"",shorts}",False,False,False,False,False,False,,True
2025-10-29-22-05-17-822000,2911.0,97.03333333333332,0.0,0.0,0.0,0.0,0.0,0.0,0.0,0.0,0.0,0.0,0.0,0.0,0.0,0.0,55.283254837073656,0.5699304622378728,0.0449328511472869,72.45927170972692,0.7470028011312055,0.1341140605360074,0.6584666316845391,127.74252654680058,0.0,97.03333333333332,4.58530755689184,55.283254837073656,0.5699304622378728,1.217807350811394,1.161676057551276,46.925959408020134,0.5354551114141941,0.4321268629282713,0.925326150842011,0.2141061634809945,-0.3164389364581974,-0.2752829385337162,-0.722610241514018,0.9945017182130584,72.45927170972692,0.7470028011312055,1.3721729797287798,1.6061358028651915,54.88400748971455,0.5500513985753059,0.6310998108237982,0.8892641650745645,0.3086967911160008,-0.0880589002147649,0.2334828584946489,-0.7207977975022745,0.9969072164948454,0.8654325675058665,0.5677980238206055,0.1178999725307389,0.2342211684257086,0.1001334372552371,0.0039167760538595,0.0230452458675372,0.1018915503407867,0.0053211237171267,0.0297849471050547,15.019060065450496,0.5589053475614356,0.2484861965764512,rl2,liMUt-8vcABzgMW2,9,2911.0,folding clothes,"{""short sleeve shirts"",""long sleeve shirts"",shorts}",False,False,False,False,False,False,,True
2025-10-29-22-05-17-823000,3490.0,116.33333333333331,0.0,0.0,0.0,0.0,0.0,0.0,0.0,0.0,0.0,0.0,0.0,0.0,0.0,0.0,45.81169595609055,0.3939096814797124,0.0789906785188554,74.64480903186586,0.6418298283049515,0.1774282444979966,0.517869754892332,120.4565049879564,0.0,116.33333333333331,4.765018886929988,45.81169595609055,0.3939096814797124,0.7840267164733622,0.8605284421429961,28.67822893411821,0.5626144148409367,0.4440518207848072,0.7972524054348469,0.1991775328204955,-0.1279868742301633,-0.3747137412813126,-0.7411254272526691,0.9931212381771282,74.64480903186586,0.6418298283049515,1.0032714838611083,1.5758725518457644,39.52428466868712,0.6846723891794682,0.6295297741889954,0.784943712875247,0.3383277378549275,-0.1835930650092442,0.0673153121356437,-0.7409086060232581,0.99426769848094,0.831321071839725,0.4685357603588621,0.1130218420410149,0.1688150261162267,0.0987850839152888,0.0035075941527319,0.0235860950101059,0.1021355378127575,0.0050605325432978,0.0311435622967371,13.360701483105792,0.4297370618079406,0.1676464296304743,rl2,liMUt-8vcABzgMW2,9,3490.0,folding clothes,"{""short sleeve shirts"",""long sleeve shirts"",shorts}",False,False,False,False,False,False,,True
2025-10-29-22-05-17-824000,3152.0,105.06666666666666,0.0,0.0,0.0,0.0,0.0,0.0,0.0,0.0,0.0,0.0,0.0,0.0,0.0,0.0,67.75932030441939,0.6451220593883153,0.3788480609590048,79.85952708069684,0.7603255513871484,0.5357835578692357,0.7027238053877319,147.61884738511625,0.0,105.06666666666666,4.664067827235577,67.75932030441939,0.6451220593883153,1.3126822727521894,1.3604691832516052,49.931192713830534,0.5260417424142361,0.3494327552616596,0.7798472084105015,0.1433485624671397,0.0631468266595585,-0.2848360621232095,-0.707967638075328,0.9904792129482703,79.85952708069684,0.7603255513871484,1.4700344722871834,1.600522909735218,58.02969049885317,0.4239899553358555,0.525185864418745,0.7651919778436422,0.1703879997507692,-0.1549508570422191,-0.0067541196483316,-0.7128348336537336,0.9911139320850524,0.9401187726049396,0.3647334022079563,0.0825036056407581,0.2069198673518621,0.1018361551576752,0.0039704532197012,0.0245832078979535,0.1035784413156181,0.0049737406361062,0.0345327369702583,14.30718710510842,0.4321067228359707,0.2996985407648752,rl2,liMUt-8vcABzgMW2,9,3152.0,folding clothes,"{""short sleeve shirts"",""long sleeve shirts"",shorts}",False,False,False,False,False,False,,True
2025-10-29-22-05-17-826000,2780.0,92.66666666666669,0.0,0.0,0.0,0.0,0.0,0.0,0.0,0.0,0.0,0.0,0.0,0.0,0.0,0.0,62.980513427910786,0.6798903932484072,0.124022780948919,76.27604399095016,0.8234189707551295,0.1496635466242655,0.7516546820017683,139.25655741886095,0.0,92.66666666666669,4.539742380665636,62.980513427910786,0.6798903932484072,1.6710927062508494,1.2928147142005135,67.66568856035619,0.2776710763573646,0.5158161856234074,0.9903592634946108,0.1418464194270921,0.290823184157447,-0.3124276684372679,-0.7056789234871457,0.997840949982008,76.27604399095016,0.8234189707551295,1.7628203636208806,1.6248579990947918,74.12635725483777,0.5700018275529146,0.5539982290938497,1.0340553037822249,0.3265339869766073,-0.2266515802900246,-0.2038509615733189,-0.6895367829307701,0.9982007916516732,0.9279026309745356,0.5340619639338212,0.1012158621163649,0.1951794267990482,0.1005477174462271,0.0032853691840137,0.0230588114727724,0.1037554798712906,0.004914903621964,0.0273553322981542,19.596224137763244,0.5743768662103049,0.4321571709702191,rl2,liMUt-8vcABzgMW2,7,2780.0,folding clothes,"{""short sleeve shirts"",""long sleeve shirts"",shorts}",False,False,False,False,False,False,,True
2025-10-29-22-05-17-828000,3215.0,107.16666666666669,0.0,0.0,0.0,0.0,0.0,0.0,0.0,0.0,0.0,0.0,0.0,0.0,0.0,0.0,44.16818947509937,0.4122730815970693,0.5789899087027222,73.33624085322361,0.6845324286237426,0.6147586234048509,0.5484027551104059,117.50443032832298,0.0,107.16666666666669,4.683673247476035,44.16818947509937,0.4122730815970693,0.9734749663980268,0.8561036496827776,36.445673566063114,0.5255001001060009,0.4215131066739559,0.8081572116352618,0.1790110084320774,0.0105014466456084,-0.3540901955112838,-0.6396826137433012,0.9915992532669572,73.33624085322361,0.6845324286237426,1.049179049392927,1.593567465225938,43.61022110547871,0.4295554626733064,0.4919002503156662,0.8817148618400097,0.1863049744907926,-0.2198764946439171,-0.0893495685935113,-0.6581953628989542,0.9943995021779714,0.8432436956254876,0.3640405597750732,0.0759149960680718,0.1036788498238107,0.1008849914397644,0.0033540205950574,0.024597194829112,0.1012457501079398,0.005167941123092,0.0286920915614296,13.01569761519588,0.4597909293525484,0.2750631559218102,rl2,liMUt-8vcABzgMW2,6,3215.0,folding clothes,"{""short sleeve shirts"",""long sleeve shirts"",shorts}",False,False,False,False,False,False,,True
2025-10-29-22-05-17-829000,2662.0,88.73333333333333,0.0,0.0,0.0,0.0,0.0,0.0,0.0,0.0,0.0,0.0,0.0,0.0,0.0,0.0,72.3696913732874,0.8158928001498015,0.2497832378202356,82.88157848093083,0.9344033650612268,0.2125905653608705,0.8751480826055141,155.2512698542182,0.0,88.73333333333333,4.496842309102463,72.3696913732874,0.8158928001498015,1.5338784667010978,1.6868674659799476,62.555424389627525,0.4141626507043838,0.5491981096565723,0.939068921841681,0.2135981236000249,-0.3050248489654283,-0.1349773138748094,-0.6709741159626664,0.9988726042841036,82.88157848093083,0.9344033650612268,1.645468460715554,1.907359564602403,69.04231692457513,0.4974515400826931,0.5416784593835473,1.0234562549740076,0.2757792777889369,-0.0667180086553914,0.2012697522352873,-0.6981684171901811,1.0,0.9375745372954616,0.4246487681297412,0.0678611593871775,0.2019183026364466,0.1021332018820057,0.0041546681389769,0.0255756790251329,0.1048154466434228,0.0045692936151329,0.0296448420191076,21.28627613251109,0.6320470591510902,0.5040878201504299,rl2,liMUt-8vcABzgMW2,5,2662.0,folding clothes,"{""short sleeve shirts"",""long sleeve shirts"",shorts}",False,False,False,False,False,False,,True
2025-10-29-22-05-17-830000,2969.0,98.96666666666668,0.0,0.0,0.0,0.0,0.0,0.0,0.0,0.0,0.0,0.0,0.0,0.0,0.0,0.0,67.28325978530663,0.6800868576681938,0.4415520721519529,81.81047525781257,0.8269252889940624,0.1995126596869222,0.753506073331128,149.09373504311918,0.0,98.96666666666668,4.604836797086854,67.28325978530663,0.6800868576681938,1.322791751379053,1.5178058717192051,56.38196867445348,0.5531533025205135,0.3762319460511207,0.8587774075567722,0.1787235528512124,-0.0435199807490557,-0.2548109506391448,-0.7089345299144131,0.9905660377358492,81.81047525781257,0.8269252889940624,1.1283221774380934,2.0922354112378914,49.55226297419407,0.3686277526430785,0.5260169245302677,0.8963206615298986,0.1738005530140073,-0.1820602305682044,0.0483516188645003,-0.6948319702671446,0.9925876010781672,0.6726426139285885,0.3553233882840467,0.0828506572616603,0.0981673279871621,0.1014238198274752,0.0036196180413338,0.0309118327204106,0.1039782781658907,0.0043441855402685,0.0252617923482148,11.000767364872946,0.5383074111781502,0.2059127475574415,rl2,liMUt-8vcABzgMW2,4,2969.0,folding clothes,"{""short sleeve shirts"",""long sleeve shirts"",shorts}",False,False,False,False,False,False,,True
2025-10-29-22-05-17-832000,2601.0,86.7,0.0,0.0,0.0,0.0,0.0,0.0,0.0,0.0,0.0,0.0,0.0,0.0,0.0,0.0,38.95561009006516,0.449487808731521,0.1544728797388961,54.35816801736172,0.6272096309695583,0.1236762731449354,0.5383487198505397,93.31377810742688,0.0,86.7,4.473921899378137,38.95561009006516,0.449487808731521,0.7488223028361632,1.0638190311883529,25.795997871181296,0.3050244338810444,0.4087895276024937,0.5627741236239672,0.0701727524487063,0.2489284353265564,-0.2091268951502338,-0.593364629186962,0.9869230769230768,54.35816801736172,0.6272096309695583,0.8280561637956907,1.3939354697526367,32.878833413444234,0.373399468138814,0.4454670595005154,0.580748064443469,0.096599985510031,-0.1408300489149286,-0.1656600956011537,-0.5770496859958897,0.9888461538461538,0.8385701327563363,0.3974853342483451,0.0673564445254669,0.1697490901122433,0.1001873956901041,0.0034700236575719,0.0281401726727198,0.0999416914626967,0.005762897878693,0.0320220213028863,10.067746780740167,0.3216814007531598,0.3065306940026108,rl2,liMUt-8vcABzgMW2,3,2601.0,folding clothes,"{""short sleeve shirts"",""long sleeve shirts"",shorts}",False,False,False,False,False,False,,True
2025-10-29-22-05-17-833000,2524.0,84.13333333333334,0.0,0.0,0.0,0.0,0.0,0.0,0.0,0.0,0.0,0.0,0.0,0.0,0.0,0.0,45.624785484984,0.5425063672411891,0.1922032365019964,71.34469687373354,0.8483317107459397,0.2207664755478271,0.6954190389935644,116.96948235871754,0.0,84.13333333333334,4.444218654930329,45.624785484984,0.5425063672411891,0.952226142555926,1.2327864057543467,35.1769398304524,0.5753176957368851,0.3807451352477073,0.8113271556794643,0.177720737911435,0.0028691407851727,-0.4195406166438113,-0.7258208009920625,0.998414585810543,71.34469687373354,0.8483317107459397,1.0808716091499715,2.1320876400165876,46.81983757160162,0.5993620567023754,0.6276284568011761,0.8292059153318405,0.3119279305157696,-0.2366033296431776,-0.0518491205362034,-0.7461496775367676,0.9992072929052715,0.7448913118843951,0.4665438374175033,0.1105095155029298,0.14739758720544,0.100426185439127,0.0031046497814533,0.0255471819992993,0.1014556025085308,0.0053019541063789,0.0341724528516458,16.120352708997025,0.734372462412999,0.2761946147739847,rl2,liMUt-8vcABzgMW2,2,2524.0,folding clothes,"{""short sleeve shirts"",""long sleeve shirts"",shorts}",False,False,False,False,False,False,,True
2025-10-29-22-05-17-835000,2754.0,91.8,0.0,0.0,0.0,0.0,0.0,0.0,0.0,0.0,0.0,0.0,0.0,0.0,0.0,0.0,51.44184335074315,0.5605722123219379,0.1801560998708585,64.16193187692734,0.6991855998212206,0.174006120552716,0.6298789060715791,115.6037752276705,0.0,91.8,4.530446639792155,51.44184335074315,0.5605722123219379,1.049969073560546,1.2337550744428718,40.08781429896449,0.5432349666953087,0.3769795503467321,0.7258108593523502,0.1486376979201018,-0.5184138373579334,-0.3424352772213307,-0.7303942761545597,0.9949146385760989,64.16193187692734,0.6991855998212206,1.1303996273784045,1.5037674270132393,45.860477489863385,0.4984700176864862,0.5016307756304741,0.7167230546474457,0.1792150958433718,-0.1706245675672538,0.0986541488544398,-0.7283540040392567,0.9963675989829276,0.8639057978197204,0.5716986256580012,0.0905089584882858,0.286017949959058,0.101768354451117,0.0047417476150033,0.0259371239030117,0.1031206669096862,0.0060052573641729,0.0270253143381456,14.614529410456376,0.4506944809142642,0.3045975664908195,rl2,liMUt-8vcABzgMW2,1,2754.0,folding clothes,"{""short sleeve shirts"",""long sleeve shirts"",shorts}",False,False,False,False,False,False,,True
2025-10-29-22-05-17-836000,2679.0,89.3,0.0,0.0,0.0,0.0,0.0,0.0,0.0,0.0,0.0,0.0,0.0,0.0,0.0,0.0,69.21030893576713,0.7753208618644564,0.5495577560537359,73.02523461388849,0.818057146533478,0.5113401830734027,0.7966890041989673,142.23554354965563,0.0,89.3,4.5031374604229395,69.21030893576713,0.7753208618644564,1.5923840370997475,1.5273923542732857,62.28223355237026,0.5592830292880535,0.5770965777337551,0.7754995450377464,0.2503004830120248,0.6744628394576719,0.0729531391629851,-0.5617567392788513,0.9958924570575056,73.02523461388849,0.818057146533478,1.5750735380138654,1.6750325471569154,62.374556198814986,0.548593208193779,0.4471473656594753,0.792260738555342,0.194343149918275,0.3135715521727426,-0.0906357212445725,-0.5630367932993795,0.9958924570575056,0.9420665541707782,0.4064302901179033,0.1111953702685664,0.033700389177896,0.1031055484490387,0.0048719250683324,0.0295523860915814,0.1051428555826833,0.0045038474761018,0.0327039879756352,16.559442509396476,0.4529843300566343,0.5166230627256468,rl2,liMUt-8vcABzgMW2,1,2679.0,folding clothes,"{""short sleeve shirts"",""long sleeve shirts"",shorts}",False,False,False,False,False,False,,True
2025-10-29-22-05-17-838000,3637.0,121.23333333333332,0.0,0.0,0.0,0.0,0.0,0.0,0.0,0.0,0.0,0.0,0.0,0.0,0.0,0.0,55.08220261820541,0.4544736189620907,0.3861935254882536,90.29002992958308,0.7449672436434247,0.6371068474996582,0.5997204313027578,145.37223254778849,0.0,121.23333333333332,4.805931786409171,55.08220261820541,0.4544736189620907,0.8493950972185307,1.0111923297871446,30.357815159844076,0.6055452190339565,0.4776532556861639,0.789190012961626,0.2282658286423471,0.2153953942415197,-0.3646853132962623,-0.7158075443312529,0.9944994499449944,90.29002992958308,0.7449672436434247,1.0651405311731257,1.8009715535023867,43.89209414819997,0.8643778748810291,0.5896908342838287,0.8595731239765882,0.4381379253351362,-0.1676881351608835,-0.1188501842216625,-0.7237674577224663,0.9944994499449944,0.8068316784877985,0.4776862363380861,0.1135379005626951,0.1662503422916083,0.1014535994164986,0.0031845655136114,0.0223790247225446,0.1029198113095504,0.0051261777425939,0.0284312622718125,18.039334725194855,0.5134140093686472,0.2403141876518528,rl2,liMUt-8vcABzgMW2,1,3637.0,folding clothes,"{""short sleeve shirts"",""long sleeve shirts"",shorts}",False,False,False,False,False,False,,True
2025-10-29-22-05-17-839000,2846.0,94.86666666666666,0.0,0.0,0.0,0.0,0.0,0.0,0.0,0.0,0.0,0.0,0.0,0.0,0.0,0.0,53.8328415793999,0.5676573804506141,0.1577210038050701,67.04992098513142,0.7070290437799447,0.188558698203703,0.6373432121152793,120.88276256453132,0.0,94.86666666666666,4.562958337178782,53.8328415793999,0.5676573804506141,1.1212121077136257,1.2059332553725697,42.57918626307854,0.4819931872189045,0.3649668246507644,0.78966860845685,0.1389118076125632,0.0099102415855206,-0.8741935868541372,-0.747935899167478,0.99402460456942,67.04992098513142,0.7070290437799447,1.2214301804807748,1.5820649725390847,48.16982365505934,0.4410804379731416,0.4982134811580181,0.7625303883105516,0.167567746009613,-0.152169660256772,-0.378252068186311,-0.7369251442341447,0.9957820738137084,0.8871342684133309,0.5313255910276207,0.0842663542160972,0.2647186076550354,0.1009189423120825,0.0046270495167791,0.0275993031717189,0.1028939006125229,0.0051091005132242,0.0306064857776252,15.14094136961936,0.4728368875010574,0.3215197989198518,rl2,liMUt-8vcABzgMW2,1,2846.0,folding clothes,"{""short sleeve shirts"",""long sleeve shirts"",shorts}",False,False,False,False,False,False,,True
2025-10-29-22-05-17-840000,2464.0,82.13333333333334,0.0,0.0,0.0,0.0,0.0,0.0,0.0,0.0,0.0,0.0,0.0,0.0,0.0,0.0,62.842856123539704,0.7654428273269148,0.1530388172658374,67.9087758144723,0.8271470866561792,0.1919145809043505,0.7962949569915471,130.751631938012,0.0,82.13333333333334,4.420445744577827,62.842856123539704,0.7654428273269148,1.4969807452352148,1.5187656798520026,58.266048185304975,0.4416116503998637,0.3622643265407532,0.7691218927502632,0.1230442335589819,0.1699550362419512,-0.2605909527450091,-0.7267096236948372,0.9955339017458384,67.9087758144723,0.8271470866561792,1.591329635550941,1.6735635557009425,62.41336093203648,0.5496155619621277,0.5038881450891495,0.7354133389890194,0.2036688751010865,-0.1523238801300622,-0.0870666729979229,-0.717608860344626,0.9959399106780348,0.9383299187309913,0.3730526181258207,0.0895938946978612,0.0716719128282369,0.1030172263447561,0.0038744417544492,0.0218975202915904,0.1043314378033066,0.0046355043777157,0.0341257871714394,14.948813633080402,0.3763133775941937,0.4906293401107267,rl2,liMUt-8vcABzgMW2,1,2464.0,folding clothes,"{""short sleeve shirts"",""long sleeve shirts"",shorts}",False,False,False,False,False,False,,True
2025-10-29-22-05-17-842000,3593.0,119.76666666666668,0.0,0.0,0.0,0.0,0.0,0.0,0.0,0.0,0.0,0.0,0.0,0.0,0.0,0.0,54.02262551691945,0.4511911930700399,0.0982679064262657,78.5999216910397,0.6564581432993294,0.091197229243601,0.5538246681846847,132.62254720795914,0.0,119.76666666666668,4.7938603092329215,54.02262551691945,0.4511911930700399,1.030995244514353,1.0305305265466125,39.90211207514701,0.5092408023774624,0.3222139701247215,0.7982189580798149,0.1309753591726626,0.0142001624211602,-0.381910416199376,-0.7895335025676871,0.9916481069042316,78.5999216910397,0.6564581432993294,1.0994035767167056,1.5131455632023572,45.70854611944574,0.3803674019873142,0.4828323274850845,0.7873950935900211,0.1446080049777408,-0.2150335484608124,-0.0759690570555576,-0.7608631824540073,0.994153674832962,0.887602223423996,0.3996902877865073,0.075283204218266,0.2015152060736217,0.0998185061293543,0.0025037142773775,0.0187075512413196,0.1011823001037335,0.004680256590502,0.0328551475615929,15.183603284474724,0.4612989111070158,0.2441417371593235,rl2,liMUt-8vcABzgMW2,1,3593.0,folding clothes,"{""short sleeve shirts"",""long sleeve shirts"",shorts}",False,False,False,False,False,False,,True
2025-10-29-22-05-17-843000,3199.0,106.63333333333334,0.0,0.0,0.0,0.0,0.0,0.0,0.0,0.0,0.0,0.0,0.0,0.0,0.0,0.0,60.69104637880717,0.5693343937974407,1.9241689088355196,70.8598985720736,0.6647270034903715,1.5497869297707905,0.6170306986439061,131.55094495088076,0.0,106.63333333333334,4.67873038909612,60.69104637880717,0.5693343937974407,1.4973439946851224,1.146763187736466,58.823979219313266,1.9479503780603409,0.8278888799250126,0.8945097681134939,1.4425637883705005,0.7956524781391336,-0.4291189259361265,-0.7651209943223582,0.9953095684803002,70.8598985720736,0.6647270034903715,1.3669695123331815,1.4933363550902914,55.65515201830047,1.730168730020523,0.9475200176239014,0.7169478796422482,1.1753424909623842,0.40628947365229,-0.3715717738518149,-0.7445534044826038,0.9968730456535334,0.9316843978412734,0.4009373376274597,0.0702628568629726,0.1709158808028821,0.1012615072141796,0.0031981222170483,0.0207489491312985,0.102545275609376,0.0048655656789966,0.0311327638572885,17.014062340015922,1.8365781888935195,0.3181263435548027,rl2,liMUt-8vcABzgMW2,1,3199.0,folding clothes,"{""short sleeve shirts"",""long sleeve shirts"",shorts}",False,False,False,False,False,False,,True
2025-10-29-22-05-17-845000,2813.0,93.76666666666668,0.0,0.0,0.0,0.0,0.0,0.0,0.0,0.0,0.0,0.0,0.0,0.0,0.0,0.0,69.06931158899681,0.7368703227844611,0.5217310915244736,80.63544403056456,0.8602643388751552,0.5142622055238433,0.7985673308298081,149.70475561956135,0.0,93.76666666666668,4.551417729988844,69.06931158899681,0.7368703227844611,1.1519878269585289,1.6604215070053765,43.46249671796931,0.5468362830579281,0.3357466459274292,0.7774405870586634,0.1427368851247495,-0.0529092975958011,-0.8998837797583696,-0.7644172975521335,0.996443812233286,80.63544403056456,0.8602643388751552,1.1821264950516637,1.9584846445426725,48.05693370978713,0.4525331975892186,0.4276842921972275,0.7443386819213629,0.1440603061411778,-0.1930895422332158,-0.5089555452996584,-0.7481920219119539,0.996443812233286,0.8842511580846133,0.4258408797185974,0.0793062032965651,0.1864888533445004,0.1053048967938626,0.0051194672822331,0.0300370864814304,0.1040373608655931,0.005063162267313,0.0333957914450878,15.857528529615356,0.5184988487952245,0.3802579051545044,rl2,liMUt-8vcABzgMW2,1,2813.0,folding clothes,"{""short sleeve shirts"",""long sleeve shirts"",shorts}",False,False,False,False,False,False,,True
2025-10-29-22-06-00-404000,2455.0,81.83333333333333,0.0,0.0,0.0,0.0,0.0,0.0,0.0,0.0,0.0,0.0,0.0,0.0,0.0,0.0,52.16062933305708,0.6376605052940962,0.3621411021960137,61.86461920717586,0.7562911883517832,0.3748442081194977,0.6969758468229397,114.02524854023297,0.0,81.83333333333333,4.4168305568685735,52.16062933305708,0.6376605052940962,1.2305323487768032,1.427054839892366,47.350590968616835,0.5537368208169937,0.5879635149613023,0.6772982589900494,0.220512767459905,0.4962107348041476,-0.2874688053958861,-0.6079285586431107,0.9902200488997556,61.86461920717586,0.7562911883517832,1.2176965054203868,1.5894701715330293,49.62239640627688,0.3212112803012132,0.4539543492719531,0.6849659755825996,0.0998784902644522,0.1997661046958822,-0.3113535726882988,-0.5982941621941061,0.988997555012225,0.869038817460427,0.3055063129590059,0.0480004246374865,0.1892416512619528,0.1059843091740771,0.0045558667344902,0.025925261544285,0.105323507595617,0.0040392053215439,0.0223295876720414,11.81700424034283,0.3834912404718995,0.426143463177733,rl2,omDamnph0YxUBJSO,16,2455.0,folding clothes,"{""short sleeve shirts"",""long sleeve shirts"",shorts}",False,False,False,False,False,False,,True
2025-10-29-22-06-00-405000,3204.0,106.8,0.0,0.0,0.0,0.0,0.0,0.0,0.0,0.0,0.0,0.0,0.0,0.0,0.0,0.0,46.12516752757764,0.4320184282945143,0.0830717574605853,88.7646842915179,0.8313894875883662,0.1357134378336076,0.6317039579414402,134.88985181909553,0.0,106.8,4.680277658474897,46.12516752757764,0.4320184282945143,0.9434057442285424,1.04424605475392,36.56463575902741,0.3070368357002735,0.4562690407037735,0.6851074304431677,0.0959776607841478,-0.0556433751645248,0.4507492657915948,-0.6389068345302081,0.99344364658133,88.7646842915179,0.8313894875883662,1.2199632350767111,2.2360724088488273,54.44418723963433,0.5510055487975478,0.6652179230004549,0.6937991976737976,0.2543043022755811,0.2779527326986791,0.2142568408254804,-0.6435460537659253,0.9912581954417732,0.7740187336523376,0.4237910228185081,0.1273646123323086,0.1375800831877036,0.103638389759639,0.0053769568358151,0.0212999116883069,0.1030587652921487,0.005263064037595,0.022637565202589,9.839640180879924,0.4056817123723962,0.2154319760725344,rl2,omDamnph0YxUBJSO,16,3204.0,folding clothes,"{""short sleeve shirts"",""long sleeve shirts"",shorts}",False,False,False,False,False,False,,True
2025-10-29-22-06-00-406000,2935.0,97.83333333333331,0.0,0.0,0.0,0.0,0.0,0.0,0.0,0.0,0.0,0.0,0.0,0.0,0.0,0.0,55.31950598808793,0.5656391205325965,0.1739461503636239,70.16144188166173,0.7173971562542099,0.1352562574769638,0.6415181383934032,125.48094786974966,0.0,97.83333333333331,4.59343492976967,55.31950598808793,0.5656391205325965,1.124076419269049,1.2593235935261702,43.80939157935767,0.2105175331234932,0.3746412489563226,0.6856360752135515,0.0540751241333249,0.2193564677347621,-0.2474654346146007,-0.6340616445264936,0.9788684389911384,70.16144188166173,0.7173971562542099,1.2627244620856692,1.537835186303491,52.55104832294498,0.425020407885313,0.5087246652692556,0.6753162909299135,0.1460157841031355,-0.1125621628644519,-0.1819418595485021,-0.6274584650066785,0.983299250170416,0.9196438976305354,0.3436854343155368,0.0524006932306857,0.1585860737921118,0.1026065024584602,0.0051125406996175,0.0204469984865988,0.1015890614654976,0.004929450714462,0.0235515771096179,9.966445832466729,0.3019239227871797,0.294712000892465,rl2,omDamnph0YxUBJSO,16,2935.0,folding clothes,"{""short sleeve shirts"",""long sleeve shirts"",shorts}",False,False,False,False,False,False,,True
2025-10-29-22-06-00-408000,3390.0,113.0,0.0,0.0,0.0,0.0,0.0,0.0,0.0,0.0,0.0,0.0,0.0,0.0,0.0,0.0,41.508493049750555,0.3674401863359446,0.4138724100701229,76.88194256172594,0.6805719317945643,0.596998523325801,0.5240060590652544,118.39043561147648,0.0,113.0,4.736198448394496,41.508493049750555,0.3674401863359446,0.5999297223061182,0.9922116580015776,23.01239003926939,0.38626903668046,0.3894597617909312,0.6173504944890738,0.0928718914824228,0.3619999439425349,-0.2840912936516326,-0.5645789654002384,0.9822956624372972,76.88194256172594,0.6805719317945643,0.8901440371399874,1.8914602333036532,40.78392597423962,0.6572519466280937,0.6414692448452115,0.6494407188147306,0.273808694607496,-0.0517993260429111,-0.2635931510895155,-0.6266658804277755,0.9858365299498376,0.6405095884753532,0.4405110717190406,0.1190577682329089,0.1554800901501647,0.1054360945585444,0.0044279720211414,0.0269731289141389,0.1029528699748769,0.0045368322815985,0.02461014129704,8.402785655666548,0.3583288833175655,0.1832343271505691,rl2,omDamnph0YxUBJSO,13,3390.0,folding clothes,"{""short sleeve shirts"",""long sleeve shirts"",shorts}",False,False,False,False,False,False,,True
2025-10-29-22-06-00-409000,2329.0,77.63333333333334,0.0,0.0,0.0,0.0,0.0,0.0,0.0,0.0,0.0,0.0,0.0,0.0,0.0,0.0,42.12637226344792,0.5428656219516484,0.2188113821769636,50.66928482298566,0.6529547013271347,0.2327824863353272,0.5979101616393917,92.79565708643358,0.0,77.63333333333334,4.36479569774552,42.12637226344792,0.5428656219516484,0.8921107382984771,1.3563704358463455,34.85510789434395,0.3408126328140497,0.3209831491112709,0.6612668707966805,0.0723393634836542,0.1827746359427479,-0.310002738898624,-0.5953560147423277,0.9768041237113402,50.66928482298566,0.6529547013271347,0.9146358150343012,1.5671851933097334,38.93852966741319,0.3319459119811654,0.3459586463868618,0.6675228197127581,0.0766580258261586,-0.1639977356366183,-0.1889410943409009,-0.6140207881375846,0.984106529209622,0.8790526995427446,0.3762475989630054,0.0691931591445858,0.2250967051635414,0.1073452560598577,0.00399347764873,0.0222628509551219,0.1046828725753593,0.004486336267404,0.030021098978145,7.945646215188887,0.2911275813775406,0.3138619493422784,rl2,omDamnph0YxUBJSO,13,2329.0,folding clothes,"{""short sleeve shirts"",""long sleeve shirts"",shorts}",False,False,False,False,False,False,,True
2025-10-29-22-06-00-410000,2674.0,89.13333333333334,0.0,0.0,0.0,0.0,0.0,0.0,0.0,0.0,0.0,0.0,0.0,0.0,0.0,0.0,40.600206013960246,0.4556701011667817,0.4046683579160806,55.52986236058208,0.6232307784577114,0.4421255216085514,0.5394504398122466,96.13006837454232,0.0,89.13333333333334,4.501290055500699,40.600206013960246,0.4556701011667817,0.8185130638327933,1.1239261174177968,31.7837451392983,0.2513509541749954,0.4732038099318743,0.6874711718410254,0.0817679787097793,0.3057946007386708,-0.2499072958075106,-0.6275764298036683,0.9652076318742986,55.52986236058208,0.6232307784577114,0.8960738047742242,1.573939920386647,39.09104997705789,0.5078454744070768,0.5097192511893809,0.7070784978568554,0.1830333606053275,-0.21190737606052,-0.1810291511760131,-0.6276567483755496,0.9708193041526376,0.8470594688738509,0.525497051952863,0.125257556396258,0.2050064578329892,0.1024486703190487,0.0053202250987427,0.0219158503364356,0.1023616116610609,0.0049350300377142,0.0271402023252128,7.464134671331913,0.294426663048101,0.2411200546031071,rl2,omDamnph0YxUBJSO,13,2674.0,folding clothes,"{""short sleeve shirts"",""long sleeve shirts"",shorts}",False,False,False,False,False,False,,True
2025-10-29-22-06-00-411000,3473.0,115.76666666666668,0.0,0.0,0.0,0.0,0.0,0.0,0.0,0.0,0.0,0.0,0.0,0.0,0.0,0.0,67.48342879151849,0.583094142783858,0.650662921363767,76.85820988992869,0.6640974356848677,0.5285934951830149,0.6235957892343628,144.3416386814472,0.0,115.76666666666668,4.760177641535331,67.48342879151849,0.583094142783858,1.1372166233241685,1.2920163378974352,40.6052811679251,0.3454349413514137,0.4636247875168919,0.8391571510583162,0.1343928649660044,0.2204879609888847,-0.2055484393614298,-0.8328556375282533,0.98963133640553,76.85820988992869,0.6640974356848677,1.187820542800896,1.4202493275005434,45.21942987118262,0.3829813208431005,0.4879810493439436,0.8593981172889471,0.1606108746372702,-0.0654574417314185,-0.1636681355594275,-0.8112804103613741,0.9927995391705068,0.9002266799532501,0.3021368492938579,0.0558700476662852,0.1606340676994605,0.1049298983207091,0.0037387903591236,0.0276666141657668,0.1038970934958268,0.0043933040772371,0.0258828905991017,14.674462974433007,0.3980912523381195,0.3624299255700826,rl2,omDamnph0YxUBJSO,10,3473.0,folding clothes,"{""short sleeve shirts"",""long sleeve shirts"",shorts}",False,False,False,False,False,False,,True
2025-10-29-22-06-00-412000,3913.0,130.43333333333334,0.0,0.0,0.0,0.0,0.0,0.0,0.0,0.0,0.0,0.0,0.0,0.0,0.0,0.0,52.16071513591007,0.4000054841710894,0.4855497335494438,79.04248546699064,0.6061540296548363,0.5238970431218671,0.5030797569129629,131.20320060290072,0.0,130.43333333333334,4.878499752215472,52.16071513591007,0.4000054841710894,1.2899225217927852,0.7319916804877518,51.07605014000205,0.4382301419973373,0.4901501424610615,0.8721360070630908,0.1873335641369831,-0.3534512983255684,-0.2556419963915702,-0.8155179207258206,0.9775051124744376,79.04248546699064,0.6061540296548363,1.2660976164404747,1.465908505748058,53.080154176953585,0.5761888287961483,0.5931898690760136,0.9870143285952508,0.3373510113913609,-0.2255399500598444,0.0548264087222431,-0.7939980782375907,0.9831288343558282,0.9118587185225236,0.3448006024681654,0.0818951124887922,0.1346914860943838,0.103077185638339,0.0033587042064115,0.023754325747981,0.1019719150244521,0.0053802275028338,0.0301181878602493,13.132388197920594,0.5819251488285048,0.2462721258425038,rl2,omDamnph0YxUBJSO,10,3913.0,folding clothes,"{""short sleeve shirts"",""long sleeve shirts"",shorts}",False,False,False,False,False,False,,True
2025-10-29-22-06-00-414000,2888.0,96.26666666666668,0.0,0.0,0.0,0.0,0.0,0.0,0.0,0.0,0.0,0.0,0.0,0.0,0.0,0.0,64.7023165790614,0.6723482845070462,0.1102492404980603,74.70646786992697,0.7763055199507477,0.0965174438513423,0.7243269022288971,139.40878444898837,0.0,96.26666666666668,4.577456347420576,64.7023165790614,0.6723482845070462,1.663927482810745,1.3988836403762237,66.80652304691452,0.3452694043517113,0.5000523254275322,0.934709707275033,0.1613802187469697,0.2039741613796378,-0.2818203072851766,-0.8312373350282817,0.9875303082784898,74.70646786992697,0.7763055199507477,1.6036784666627188,1.5933777059557803,66.64769742702839,0.4038797114044428,0.4518093802034855,0.941696952097118,0.1718376976816832,-0.1323483829556479,-0.1642383304760366,-0.7940022294155459,0.9882230689296848,0.9430054233994613,0.3625343549049267,0.0643047261468446,0.1866703632000591,0.1036838953284746,0.0037242286028737,0.032016640077873,0.1010825780100651,0.0059531409763545,0.0292061648116239,13.509443561553208,0.5041845201494339,0.3874228654273773,rl2,omDamnph0YxUBJSO,10,2888.0,folding clothes,"{""short sleeve shirts"",""long sleeve shirts"",shorts}",False,False,False,False,False,False,,True
2025-10-29-22-06-00-415000,1212.0,40.4,0.0,0.0,0.0,0.0,0.0,0.0,0.0,0.0,0.0,0.0,0.0,0.0,0.0,0.0,29.91684747237076,0.7411275178952293,0.5275257659704025,35.732688739723315,0.8852028589526832,0.4887240286358216,0.8131651884239562,65.64953621209408,0.0,40.4,3.7232808808312687,29.91684747237076,0.7411275178952293,1.2598202431423928,1.7554136931261417,50.46460168537092,0.3095561601221561,0.4480446744710207,0.6915794871747494,0.0959186093610926,0.2721323621775893,-0.1351654357120772,-0.6079727836866116,0.9876135425268372,35.732688739723315,0.8852028589526832,1.2984926715094298,1.989331331329644,55.53653387452426,0.3505285568535328,0.3769134040921926,0.6809762520715594,0.0899698412458653,-0.0609830586630051,-0.2646406885964962,-0.5992958179326181,0.9876135425268372,0.9279460945091014,0.3675578742525483,0.0646630114450209,0.1591786162094635,0.1057695919297916,0.0049675362675468,0.0260498829273696,0.1039616539148901,0.0052932515610789,0.0283436876202295,5.154728383257896,0.239836015857784,0.3965591155463692,rl2,omDamnph0YxUBJSO,3,1212.0,folding clothes,"{""short sleeve shirts"",""long sleeve shirts"",shorts}",False,False,False,False,False,False,,True
2025-10-29-22-06-00-416000,1574.0,52.46666666666667,0.0,0.0,0.0,0.0,0.0,0.0,0.0,0.0,0.0,0.0,0.0,0.0,0.0,0.0,40.64301978566546,0.7751370588493094,0.467712557902578,43.81874810248145,0.8357040324694494,0.5415236462923604,0.8054205456593793,84.46176788814691,0.0,52.46666666666667,3.9790584067643047,40.64301978566546,0.7751370588493094,1.703770200896812,1.6159230286718207,68.45367448419097,0.3419556654989719,0.3060841914266348,0.8497913517057896,0.0889453012336906,0.2462453355177233,-0.274998147820455,-0.6697135296682182,0.9904640813731724,43.81874810248145,0.8357040324694494,1.8273241502164803,1.5493057213179824,74.21941974852292,0.3368945494294166,0.4245369341224432,0.8601187383756042,0.1230177765168036,-0.0432275289674366,-0.1981916075581321,-0.6469740673551736,0.9949141767323586,0.9739277861731412,0.3078561401479674,0.065879265151304,0.1973302215532408,0.1048173605144071,0.0036146080111162,0.0233654452148731,0.1034109641170302,0.0040752889568584,0.0237349734855831,10.91261674715272,0.4537604924680807,0.5390277788846383,rl2,omDamnph0YxUBJSO,8,1574.0,folding clothes,"{""short sleeve shirts"",""long sleeve shirts"",shorts}",False,False,False,False,False,False,,True
2025-10-29-22-06-00-417000,1943.0,64.76666666666667,0.0,0.0,0.0,0.0,0.0,0.0,0.0,0.0,0.0,0.0,0.0,0.0,0.0,0.0,40.773481804689894,0.6298684109890302,0.3782390531141344,47.962205795848575,0.7409197599770635,0.3999984168240461,0.6853940854830468,88.73568760053847,0.0,64.76666666666667,4.18611312436046,40.773481804689894,0.6298684109890302,1.2171026315232767,1.4209147622212706,48.79460689781735,0.304999515414238,0.4676452707499265,0.8567541688680649,0.1222002016035677,0.3217365481419564,-0.3243538247947679,-0.7006493871767943,0.9927909371781668,47.962205795848575,0.7409197599770635,1.1781223603364166,1.6718368553870844,49.057453193646886,0.3944640159606933,0.4792426340281963,0.814108345657587,0.1539022769608914,-0.1079563709003232,-0.1433440017883248,-0.6601979916132086,0.9927909371781668,0.9333704368234108,0.471634511456949,0.103454511847743,0.1918757093849852,0.101680587044026,0.0053122998359854,0.0327727798680999,0.1019797587270119,0.0047162559530736,0.0262211173161561,10.208390665671498,0.4971685390244962,0.3419281417859452,rl2,omDamnph0YxUBJSO,8,1943.0,folding clothes,"{""short sleeve shirts"",""long sleeve shirts"",shorts}",False,False,False,False,False,False,,True
2025-10-29-22-06-00-418000,2340.0,78.0,0.0,0.0,0.0,0.0,0.0,0.0,0.0,0.0,0.0,0.0,0.0,0.0,0.0,0.0,37.46906592664877,0.4805780153054566,0.0913436659629651,52.70722008998899,0.676022489397037,0.2570780238511408,0.5783002523512468,90.17628601663776,0.0,78.0,4.3694478524670215,37.46906592664877,0.4805780153054566,1.3735053788105045,0.957489171997258,53.26692877817653,0.6734843254089355,0.5111134704202414,0.8629527175799012,0.2970515481678136,0.2952024199355107,-0.3012514940813247,-0.7443824903916122,0.9897392047883712,52.70722008998899,0.676022489397037,1.4136180798559137,1.5241009338932472,57.91660240823294,0.7108002230525017,0.5604163222014904,0.8869695039466023,0.3533190216107512,-0.0143362901718793,-0.1945043375062145,-0.7251628916264854,0.987174005985464,0.9285968487181596,0.3383108113504627,0.0757897940340068,0.1553301208170996,0.1037573108251923,0.0032906384332762,0.0183219260918222,0.1010287601244932,0.004489956314446,0.0263294467701276,11.03227523467064,0.7362698731091942,0.2761157314287166,rl2,omDamnph0YxUBJSO,8,2340.0,folding clothes,"{""short sleeve shirts"",""long sleeve shirts"",shorts}",False,False,False,False,False,False,,True
2025-10-29-22-06-00-419000,2215.0,73.83333333333333,0.0,0.0,0.0,0.0,0.0,0.0,0.0,0.0,0.0,0.0,0.0,0.0,0.0,0.0,37.81755776649021,0.5124330320662631,0.5125280328068554,53.29122814712299,0.7221033624271409,0.4949420230058517,0.617268197246702,91.1087859136132,0.0,73.83333333333333,4.315263418514199,37.81755776649021,0.5124330320662631,1.2734225728899102,1.0807902894059365,49.7039667706837,0.2531448900699615,0.3539601661614142,0.8814993090927601,0.0789851653733507,0.3795798951024126,-0.1513193438798515,-0.7413489175443254,0.99096657633243,53.29122814712299,0.7221033624271409,1.319997447915243,1.609382096282292,54.37465487395995,0.3624106962233782,0.4705844353884458,0.8705573882907629,0.1484690642819672,0.0790743194776955,-0.3071701953536568,-0.7756391576152825,0.991869918699187,0.9259939819977868,0.355404480894708,0.0693999109410216,0.1822741566634488,0.104429282914269,0.0034896332087202,0.0209319927565594,0.1014896243852021,0.0041720193102912,0.0236222578927912,9.197258319987988,0.4172604566200895,0.2887382299440044,rl2,omDamnph0YxUBJSO,7,2215.0,folding clothes,"{""short sleeve shirts"",""long sleeve shirts"",shorts}",False,False,False,False,False,False,,True
2025-10-29-22-06-00-420000,1743.0,58.1,0.0,0.0,0.0,0.0,0.0,0.0,0.0,0.0,0.0,0.0,0.0,0.0,0.0,0.0,36.26837301826694,0.6245988464684318,0.2369540656485518,44.193971969739025,0.761090217618927,0.2552609440625784,0.6928445320436794,80.46234498800597,0.0,58.1,4.079230924412053,36.26837301826694,0.6245988464684318,1.1481976579163478,1.486287166474879,45.26847894989889,0.4176200032234192,0.3124856557697058,0.8890269622206688,0.1160182502233899,-0.5032551141089225,-0.0855260587110901,-0.7817301901481614,0.9908151549942594,44.193971969739025,0.761090217618927,1.1463396134497823,1.73859866298791,47.736824259511216,0.4167818631976843,0.5011758888140321,0.833074601367116,0.1740134730775242,-0.1961687904244531,0.3269474013816464,-0.7354120720526267,0.9942594718714122,0.9080960083184396,0.5208305753211999,0.1136216872188177,0.1969586326221569,0.1034180549281307,0.0046837590091001,0.0302729514570965,0.1020382557229313,0.0046798167537861,0.0223256102995326,8.905629968699184,0.4269840039930662,0.3266299988248911,rl2,omDamnph0YxUBJSO,7,1743.0,folding clothes,"{""short sleeve shirts"",""long sleeve shirts"",shorts}",False,False,False,False,False,False,,True
2025-10-29-22-06-00-421000,1949.0,64.96666666666667,0.0,0.0,0.0,0.0,0.0,0.0,0.0,0.0,0.0,0.0,0.0,0.0,0.0,0.0,30.161127432318313,0.4644937489576742,0.1250315957169045,50.16310561860544,0.7725324273912543,0.2175233385755257,0.6185130881744643,80.32423305092375,0.0,64.96666666666667,4.18914956394041,30.161127432318313,0.4644937489576742,1.0596669746343594,1.1013016651393566,40.85076353313052,0.2649895399808883,0.4434469118714332,0.7567862179130316,0.088929035164303,0.2620843843948297,-0.3749531630203013,-0.6232614680482461,0.9933264887063656,50.16310561860544,0.7725324273912543,1.2415494132593392,1.9182563631477196,52.91798864729129,0.469033733010292,0.7771398834884167,0.7472204826772213,0.2723654680046565,-0.0811518295283399,-0.2292846052925266,-0.6300435401437151,0.98870636550308,0.851026147208323,0.3910704337851765,0.1116360964348452,0.1184425502254194,0.1041325225945953,0.0033382420550476,0.0225699969917245,0.1012150811110459,0.0048314116386859,0.0259948227256819,8.289412238834739,0.4811643859463497,0.289885288982993,rl2,omDamnph0YxUBJSO,6,1949.0,folding clothes,"{""short sleeve shirts"",""long sleeve shirts"",shorts}",False,False,False,False,False,False,,True
2025-10-29-22-06-00-422000,2097.0,69.9,0.0,0.0,0.0,0.0,0.0,0.0,0.0,0.0,0.0,0.0,0.0,0.0,0.0,0.0,44.634516459083045,0.6388528119143565,0.7559319482296207,53.16161098855184,0.7609009206376696,0.5713738195195395,0.6998768662760131,97.79612744763487,0.0,69.9,4.2612704335380815,44.634516459083045,0.6388528119143565,1.377038818509602,1.4849451480272562,52.5688483029728,0.2810293845832348,0.304886432364583,0.763235978782177,0.0653956205902921,0.3489479823788547,0.0901119482735039,-0.6407669828400819,0.9904580152671756,53.16161098855184,0.7609009206376696,1.4494363357594875,1.5502895223694162,58.453470167636965,0.4607299752533436,0.3809258043766022,0.7270670235157013,0.1276031246709352,0.1309863058223958,-0.1320412179424377,-0.6103382898222799,0.991412213740458,0.937765658347706,0.3176059388977267,0.0583804237557899,0.0143293668461941,0.102159957868367,0.003211808473438,0.0162463902698973,0.1007505056497743,0.0043556794531568,0.0254103298544266,11.12897182973678,0.3911772886673962,0.4249470510362045,rl2,omDamnph0YxUBJSO,6,2097.0,folding clothes,"{""short sleeve shirts"",""long sleeve shirts"",shorts}",False,False,False,False,False,False,,True
2025-10-29-22-06-00-423000,1600.0,53.333333333333336,0.0,0.0,0.0,0.0,0.0,0.0,0.0,0.0,0.0,0.0,0.0,0.0,0.0,0.0,40.3291192228681,0.7566438878586885,0.2578535761815314,45.80832868384121,0.8594433148938314,0.2465182631226383,0.8080436013762601,86.13744790670931,0.0,53.333333333333336,3.9951379121386528,40.3291192228681,0.7566438878586885,1.6978349508583803,1.629095289256918,65.97383512465707,0.172976728528738,0.4227485554292798,0.7859821980819106,0.0574754686401605,0.2741315817972645,-0.1887810008716769,-0.6095110763196135,0.9881175734834272,45.80832868384121,0.8594433148938314,1.811499899518329,1.654816704381022,72.71055339534716,0.5414052736014128,0.4176175650209188,0.7483221534639597,0.1691959023456936,-0.0179131603706628,-0.1711551107291234,-0.6006166924140416,0.9899937460913072,0.9618689933294686,0.3013626423189699,0.0561439405849616,0.1920717932881132,0.1054228386774169,0.0042776662472463,0.029804569465051,0.1037905461227071,0.003182277591338,0.0187361834630597,9.8991186520127,0.3980782536006315,0.5656421437619784,rl2,omDamnph0YxUBJSO,6,1600.0,folding clothes,"{""short sleeve shirts"",""long sleeve shirts"",shorts}",False,False,False,False,False,False,,True
2025-10-29-22-06-00-424000,1657.0,55.233333333333334,0.0,0.0,0.0,0.0,0.0,0.0,0.0,0.0,0.0,0.0,0.0,0.0,0.0,0.0,41.04578178536981,0.7435830033581489,0.5204012870082191,42.8887504356714,0.7769701165882498,0.55012931100446,0.7602765599731993,83.93453222104121,0.0,55.233333333333334,4.029509700883813,41.04578178536981,0.7435830033581489,1.3249634710765716,1.7055619639437452,53.22085129976776,0.3783708065748214,0.453760378062725,0.920016771182418,0.1579573852590926,0.4291291666016495,-0.3009904939636327,-0.6941141961378483,0.9903381642512076,42.8887504356714,0.7769701165882498,1.336444246534687,1.6564983181136776,54.37818522543012,0.2700867019593715,0.3856940232217312,0.8686473518610001,0.0904877127518665,0.1439971570268399,-0.2265298006968717,-0.6708750559307082,0.9891304347826086,0.9627442262543596,0.3033800177785516,0.061304859825714,0.1774254758084434,0.1057554285100214,0.0033029266851521,0.0167016593587875,0.1050052568767216,0.0037752384253268,0.0266509632191825,9.975167168143006,0.3936466003999108,0.4485631342172828,rl2,omDamnph0YxUBJSO,5,1657.0,folding clothes,"{""short sleeve shirts"",""long sleeve shirts"",shorts}",False,False,False,False,False,False,,True
2025-10-29-22-06-00-425000,2250.0,75.0,0.0,0.0,0.0,0.0,0.0,0.0,0.0,0.0,0.0,0.0,0.0,0.0,0.0,0.0,31.432809278216883,0.4192904750317948,0.3410854256276018,49.133189835861096,0.6554004869167775,0.3724274571291499,0.5373454809742862,80.56599911407798,0.0,75.0,4.330733340286331,31.432809278216883,0.4192904750317948,0.9194555360567062,0.9591710854584402,33.64244582656772,0.309325311332941,0.3867715261876583,0.8794367872178555,0.105214254246101,0.2483071209929055,-0.2865440996264418,-0.7402630481744806,0.9799911071587372,49.133189835861096,0.6554004869167775,0.9904170381327811,1.573117772765748,40.17087555155997,0.4495904557406902,0.5126838004216552,0.8539760857820511,0.1968395607607302,-0.0729786556640433,-0.2937461494712366,-0.7315751381872428,0.9888839484215208,0.8560270396874277,0.3310010451284506,0.0718906631300728,0.1384763093195177,0.1036051375009927,0.0039708952638605,0.0264095187664863,0.1005417553404324,0.0058109278437796,0.0275798834608445,7.466754269561825,0.4524524120704105,0.2252726968037398,rl2,omDamnph0YxUBJSO,4,2250.0,folding clothes,"{""short sleeve shirts"",""long sleeve shirts"",shorts}",False,False,False,False,False,False,,True
2025-10-29-22-06-00-426000,2074.0,69.13333333333334,0.0,0.0,0.0,0.0,0.0,0.0,0.0,0.0,0.0,0.0,0.0,0.0,0.0,0.0,37.28202775454918,0.5395373046968044,0.5085978609397455,47.03196059362929,0.680636188040945,0.5179543561713613,0.6100867463688746,84.31398834817847,0.0,69.13333333333334,4.250398192195445,37.28202775454918,0.5395373046968044,1.08777206199816,1.316797895154194,41.995713072226344,0.2363493964076042,0.24399139219895,0.8369191829115152,0.0482628011993866,0.3322166105249147,0.0791144064258696,-0.7190851522888,0.9874577906415822,47.03196059362929,0.680636188040945,1.1779702004187107,1.4578251160703215,48.43308361752071,0.3696782998740673,0.4404179155826568,0.8376409113407135,0.136378784688886,0.1610306969416312,-0.2096698820252391,-0.6962179888745729,0.9889049686444766,0.9203080983740785,0.3410155184849989,0.0667656718972751,0.0042566483668231,0.1030649708996523,0.0050346102488634,0.0225604363572082,0.0997164449731621,0.0071700512486182,0.0299903588824235,8.088598364617088,0.3527815694513592,0.3219089323131041,rl2,omDamnph0YxUBJSO,4,2074.0,folding clothes,"{""short sleeve shirts"",""long sleeve shirts"",shorts}",False,False,False,False,False,False,,True
2025-10-29-22-06-00-427000,1621.0,54.03333333333333,0.0,0.0,0.0,0.0,0.0,0.0,0.0,0.0,0.0,0.0,0.0,0.0,0.0,0.0,38.469916970790365,0.7124058698294512,0.969702304456586,39.1900028356266,0.7257407932523444,0.3551828359949316,0.7190733315408978,77.65991980641697,0.0,54.03333333333333,4.0079390622579725,38.469916970790365,0.7124058698294512,1.8242587469716032,1.552644417758778,74.34940261677794,0.316147880628705,0.2703791968524456,1.5144513696432114,0.1294550154085665,-0.1751454351938121,-0.2424997258896926,-0.7098273069142174,0.9851851851851852,39.1900028356266,0.7257407932523444,1.2940929339921432,1.4829173365632824,52.04842323258874,0.3595734387636184,0.2436293009668588,0.8373609632253647,0.073355018896739,-0.2280546533383939,0.0360164548396748,-0.6802183786426648,0.9833333333333332,0.8511936078491708,0.29289787172951,0.0556584391755905,0.1654422120714354,0.1064194808746223,0.003796609583768,0.0311642726679537,0.1036716475231042,0.0049868953823325,0.0240817018669211,7.045720064761344,0.3324721080950125,0.3606112069856768,rl2,omDamnph0YxUBJSO,4,1621.0,folding clothes,"{""short sleeve shirts"",""long sleeve shirts"",shorts}",False,False,False,False,False,False,,True
2025-10-29-22-06-00-428000,2086.0,69.53333333333333,0.0,0.0,0.0,0.0,0.0,0.0,0.0,0.0,0.0,0.0,0.0,0.0,0.0,0.0,30.80878674259748,0.4432918955769421,0.163863167447139,58.378681399596715,0.8399810273323268,0.1851812904373304,0.6416364614546345,89.18746814219419,0.0,69.53333333333333,4.256085411316034,30.80878674259748,0.4432918955769421,0.6937369051109132,1.1647603657911962,25.99299644434022,0.2321465611457824,0.4188833958469331,0.707128195092082,0.0687628002766351,0.3996783604940055,-0.166746388203614,-0.591295345687269,0.9908872901678656,58.378681399596715,0.8399810273323268,1.1608855075919184,2.1018653507450686,51.1195201874334,0.5337555333971977,0.7692132694646716,0.716911468654871,0.2943436600423177,0.0216045705463169,-0.2696502964864623,-0.623940782004044,0.993285371702638,0.5783289874219035,0.4183334095875055,0.1232205544377832,0.1198846971741928,0.1043237308611957,0.0039082737337824,0.0186309617236442,0.1013481549589713,0.0048514774912425,0.022985977335016,7.344438047914272,0.3667287117133412,0.2510157068184114,rl2,omDamnph0YxUBJSO,3,2086.0,folding clothes,"{""short sleeve shirts"",""long sleeve shirts"",shorts}",False,False,False,False,False,False,,True
2025-10-29-22-06-00-429000,2136.0,71.2,0.0,0.0,0.0,0.0,0.0,0.0,0.0,0.0,0.0,0.0,0.0,0.0,0.0,0.0,36.07933129476041,0.506969526390076,0.2761705513809775,53.242904024797234,0.7481438504655348,0.2414357801386177,0.6275566884278054,89.32223531955765,0.0,71.2,4.279440045898781,36.07933129476041,0.506969526390076,1.219055567065105,1.18125468681409,47.20822411948773,0.408050388097763,0.5182476807385683,0.9349011927843094,0.1977046465072539,0.437872029309011,-0.3378674466597188,-0.6911825031318531,0.9873536299765808,53.242904024797234,0.7481438504655348,1.2736510663102114,1.7679811671934762,52.67355668954348,0.6152285635471344,0.5939957872033119,0.871030867099762,0.3183122855211558,0.1131122563723631,-0.5004665545512283,-0.7566560791523722,0.9929742388758782,0.8413003451129141,0.400550776200482,0.1032717158237536,0.132286253465893,0.1046335231703376,0.005042126963414,0.0264346453125383,0.1010381301748991,0.0059528376402444,0.02941563596299,10.16052759997261,0.7071288719129921,0.2794852574078744,rl2,omDamnph0YxUBJSO,2,2136.0,folding clothes,"{""short sleeve shirts"",""long sleeve shirts"",shorts}",False,False,False,False,False,False,,True
2025-10-29-22-06-00-430000,2287.0,76.23333333333333,0.0,0.0,0.0,0.0,0.0,0.0,0.0,0.0,0.0,0.0,0.0,0.0,0.0,0.0,43.42479165128995,0.5698791555287395,0.8626939001805904,48.12565198336779,0.631570236002202,0.7960303126559187,0.6007246957654708,91.55044363465774,0.0,76.23333333333333,4.34683114277022,43.42479165128995,0.5698791555287395,1.356206008950688,1.2790988541848434,52.31125938683071,0.286902928724885,0.4005644209682941,0.9317790046334268,0.1070829368696816,0.1288015470706874,-0.3461096770784507,-0.7409229369196352,0.9938757655293088,48.12565198336779,0.631570236002202,1.2515083882721636,1.3148328676419678,49.84426903888506,0.3140735570341348,0.5133487954735756,0.8816650807857513,0.1421502281102265,-0.1811365825386744,-0.278536639853829,-0.6980051297428119,0.9860017497812772,0.9463809505516226,0.3251611499639847,0.0533218779935498,0.1994579899706269,0.1016672187587462,0.0042937519226442,0.0192519133624079,0.1010465659271388,0.0056026926015726,0.0269880020524541,11.062624116341304,0.5109084683360033,0.3567850686619718,rl2,omDamnph0YxUBJSO,2,2287.0,folding clothes,"{""short sleeve shirts"",""long sleeve shirts"",shorts}",False,False,False,False,False,False,,True
2025-10-29-22-06-00-431000,1678.0,55.93333333333333,0.0,0.0,0.0,0.0,0.0,0.0,0.0,0.0,0.0,0.0,0.0,0.0,0.0,0.0,40.06350750224877,0.7166995975357562,0.7354684218071487,42.66463648875292,0.7632314219812687,0.6344962140569402,0.7399655097585125,82.72814399100169,0.0,55.93333333333333,4.04188099268636,40.06350750224877,0.7166995975357562,1.497502421641258,1.6402087569761137,59.67837588282944,0.3499554842710495,0.2820808440446853,0.8934829346835613,0.0882008276283287,0.4744586150724711,0.3435824054256703,-0.7139948339560053,0.986881335718545,42.66463648875292,0.7632314219812687,1.482352572969733,1.5815011267753858,60.26956933017294,0.3982947170734405,0.437289111316204,0.8733367156237364,0.1521090058673187,0.436114754978483,-0.0054481678039581,-0.692068244131888,0.9916517590936196,0.9496384219544948,0.3634310088465692,0.073309408502175,0.2017740940394244,0.105472352558553,0.0037655471516367,0.0199213562618975,0.102383066164404,0.0070037241177571,0.0313338243106103,9.218789474518234,0.3871795816019366,0.4459263958321262,rl2,omDamnph0YxUBJSO,2,1678.0,folding clothes,"{""short sleeve shirts"",""long sleeve shirts"",shorts}",False,False,False,False,False,False,,True
2025-10-29-22-06-00-432000,1890.0,63.0,0.0,0.0,0.0,0.0,0.0,0.0,0.0,0.0,0.0,0.0,0.0,0.0,0.0,0.0,40.39447990090824,0.6415216500938312,0.4027468615384831,42.594860254392515,0.6764668118749472,0.3809507822315784,0.6589942309843894,82.98934015530077,0.0,63.0,4.1588830833596715,40.39447990090824,0.6415216500938312,1.0484439956585234,1.6794866251331573,39.80627976734845,0.3047692626714706,0.2906336635351181,0.8530514240264893,0.0755600598089023,0.0450117127728407,-0.3322412532000314,-0.6593562789980776,0.9793541556379036,42.594860254392515,0.6764668118749472,1.0242638174266394,1.5822480525227829,40.53661357960455,0.235585318878293,0.3676928896456957,0.8197938166558743,0.071013038028861,-0.1775079209160394,-0.1257675842782075,-0.6395490599446314,0.9820010587612492,0.8979080205468418,0.3149652742043153,0.0595279168156532,0.2206271457749874,0.106567681707377,0.0039895178948718,0.0306834693057118,0.1040216564965005,0.0046757450226734,0.0253989442296815,9.886841850447276,0.3585896149974802,0.4449312844508009,rl2,omDamnph0YxUBJSO,1,1890.0,folding clothes,"{""short sleeve shirts"",""long sleeve shirts"",shorts}",False,False,False,False,False,False,,True
2025-10-29-22-06-00-433000,1913.0,63.766666666666666,0.0,0.0,0.0,0.0,0.0,0.0,0.0,0.0,0.0,0.0,0.0,0.0,0.0,0.0,35.034767861112684,0.549708700749676,0.3791250717222519,41.442514655187935,0.6502486609077607,0.367187776550214,0.5999786808287183,76.47728251630062,0.0,63.766666666666666,4.170791067715284,35.034767861112684,0.549708700749676,1.179077047887227,1.286897208915544,44.96030637898942,0.2294260412454605,0.3138746789190918,0.8629339700564742,0.0621407597183523,0.907662670905529,-0.128679542682238,-0.6880718207315888,0.981694560669456,41.442514655187935,0.6502486609077607,1.1358300292088386,1.4727103248025248,45.05971651642718,0.3060259371995926,0.3845517840236425,0.8508652397431433,0.1001322209445112,0.5813901406453345,0.0116423184275873,-0.6551362968544572,0.9832635983263598,0.9375229678439314,0.3600179700667515,0.0627940840512118,0.1861595081588379,0.1029170914820718,0.004860519827912,0.0307930208540399,0.1021594311560733,0.0052703761011154,0.0265228233638193,7.82910810674492,0.3736344143243513,0.3294701312667207,rl2,omDamnph0YxUBJSO,1,1913.0,folding clothes,"{""short sleeve shirts"",""long sleeve shirts"",shorts}",False,False,False,False,False,False,,True
2025-10-29-22-06-00-434000,3470.0,115.66666666666669,0.0,0.0,0.0,0.0,0.0,0.0,0.0,0.0,0.0,0.0,0.0,0.0,0.0,0.0,67.39103142008724,0.5827993492656723,0.6477499514917385,76.95334621459332,0.6654944901809742,0.5275010603468238,0.6241469197233233,144.34437763468057,0.0,115.66666666666669,4.75932086581535,67.39103142008724,0.5827993492656723,1.155217853395079,1.2741567380764838,41.57068718644102,0.3155249841511249,0.452650886029005,0.842763988301158,0.1203657976292893,0.2206181855582409,-0.205216721819562,-0.8326548825122781,0.989045834534448,76.95334621459332,0.6654944901809742,1.2188726434897528,1.4319299893264938,46.74949428475542,0.4732255116105079,0.4913870748132467,0.8645589109510183,0.2010418489138355,-0.0654449280405078,-0.1639898262450992,-0.8112373543962278,0.9927933121937158,0.9048946725282307,0.3019644252454481,0.0559153153399319,0.1628679972516007,0.1049106566729826,0.0037678381949913,0.0287637217013574,0.1039925253724455,0.004238493859363,0.0251271363197057,14.862011138942348,0.3993767401183984,0.3723903901190128,rl2,omDamnph0YxUBJSO,16,3470.0,folding clothes,"{""short sleeve shirts"",""long sleeve shirts"",shorts}",False,False,False,False,False,False,,True
2025-10-29-22-06-00-435000,3896.0,129.86666666666667,0.0,0.0,0.0,0.0,0.0,0.0,0.0,0.0,0.0,0.0,0.0,0.0,0.0,0.0,51.164397163634945,0.3940775134554681,0.4852798114887005,79.25431238709736,0.6104311608762313,0.5255725181799289,0.5022543371658497,130.4187095507323,0.0,129.86666666666667,4.874178993174251,51.164397163634945,0.3940775134554681,1.2628798977331568,0.7265293158399226,49.55578273118532,0.4628850147128105,0.4629679012577981,0.8709611743688583,0.1866477668291307,-0.3534688224324677,-0.2551050358145326,-0.8155235382780869,0.9768934531450578,79.25431238709736,0.6104311608762313,1.3200991704101857,1.4541209809777906,55.07260546559806,0.5108094327151775,0.5933235473930836,0.8926592376083136,0.2705429346897064,-0.226386030879301,0.0544177551831628,-0.7958630143583023,0.983568677792041,0.9094481033268568,0.3434981972390833,0.0813359386965051,0.1339106835550163,0.1030396188562293,0.0033584874988653,0.0237823240654797,0.102011360844427,0.0053355429020736,0.0278429560327101,12.840655011567735,0.5819251488285048,0.2403712473498696,rl2,omDamnph0YxUBJSO,16,3896.0,folding clothes,"{""short sleeve shirts"",""long sleeve shirts"",shorts}",False,False,False,False,False,False,,True
2025-10-29-22-06-00-436000,2888.0,96.26666666666668,0.0,0.0,0.0,0.0,0.0,0.0,0.0,0.0,0.0,0.0,0.0,0.0,0.0,0.0,64.7023165790614,0.6723482845070462,0.1102492404980603,74.70646786992697,0.7763055199507477,0.0965174438513423,0.7243269022288971,139.40878444898837,0.0,96.26666666666668,4.577456347420576,64.7023165790614,0.6723482845070462,1.663927482810745,1.3988836403762237,66.80652304691452,0.3452694043517113,0.5000523254275322,0.934709707275033,0.1613802187469697,0.2039741613796378,-0.2818203072851766,-0.8312373350282817,0.9875303082784898,74.70646786992697,0.7763055199507477,1.6036784666627188,1.5933777059557803,66.64769742702839,0.4038797114044428,0.4518093802034855,0.941696952097118,0.1718376976816832,-0.1323483829556479,-0.1642383304760366,-0.7940022294155459,0.9882230689296848,0.9430054233994613,0.3625343549049267,0.0643047261468446,0.1866703632000591,0.1036838953284746,0.0037242286028737,0.032016640077873,0.1010825780100651,0.0059531409763545,0.0292061648116239,13.509443561553208,0.5041845201494339,0.3874228654273773,rl2,omDamnph0YxUBJSO,16,2888.0,folding clothes,"{""short sleeve shirts"",""long sleeve shirts"",shorts}",False,False,False,False,False,False,,True
2025-10-29-22-06-00-437000,2343.0,78.1,0.0,0.0,0.0,0.0,0.0,0.0,0.0,0.0,0.0,0.0,0.0,0.0,0.0,0.0,42.104572258319294,0.5393412330271471,0.219032982983652,51.02331672666057,0.6535864653287008,0.2328228479316439,0.5964638491779239,93.12788898497986,0.0,78.1,4.370712874773608,42.104572258319294,0.5393412330271471,0.8500291660724538,1.3554659543770675,33.22411470797019,0.3418389298021793,0.3440748229622841,0.6580449659377337,0.0773980441799473,0.1833094839790515,-0.3092948184024687,-0.5948970456875151,0.9760888129803588,51.02331672666057,0.6535864653287008,0.9202185240586792,1.5842312353190595,39.332353772472125,0.3315409086644649,0.368410917930305,0.7034457344561815,0.0859211766894075,-0.163119121317124,-0.1886146170865447,-0.6127078469120828,0.9846285226302306,0.8859291552239968,0.375736661986386,0.0693467656678252,0.2248430960655154,0.1073826336660429,0.0038966876251223,0.0231959371873127,0.1046440420727573,0.0046253525766833,0.0300878382678044,7.851591125009061,0.2747402623690943,0.3064225756882854,rl2,omDamnph0YxUBJSO,13,2343.0,folding clothes,"{""short sleeve shirts"",""long sleeve shirts"",shorts}",False,False,False,False,False,False,,True
2025-10-29-22-06-00-461000,2674.0,89.13333333333334,0.0,0.0,0.0,0.0,0.0,0.0,0.0,0.0,0.0,0.0,0.0,0.0,0.0,0.0,40.600206013960246,0.4556701011667817,0.4046683579160806,55.52986236058208,0.6232307784577114,0.4421255216085514,0.5394504398122466,96.13006837454232,0.0,89.13333333333334,4.501290055500699,40.600206013960246,0.4556701011667817,0.8185130638327933,1.1239261174177968,31.7837451392983,0.2513509541749954,0.4732038099318743,0.6874711718410254,0.0817679787097793,0.3057946007386708,-0.2499072958075106,-0.6275764298036683,0.9652076318742986,55.52986236058208,0.6232307784577114,0.8960738047742242,1.573939920386647,39.09104997705789,0.5078454744070768,0.5097192511893809,0.7070784978568554,0.1830333606053275,-0.21190737606052,-0.1810291511760131,-0.6276567483755496,0.9708193041526376,0.8470594688738509,0.525497051952863,0.125257556396258,0.2050064578329892,0.1024486703190487,0.0053202250987427,0.0219158503364356,0.1023616116610609,0.0049350300377142,0.0271402023252128,7.464134671331913,0.294426663048101,0.2411200546031071,rl2,omDamnph0YxUBJSO,13,2674.0,folding clothes,"{""short sleeve shirts"",""long sleeve shirts"",shorts}",False,False,False,False,False,False,,True
2025-10-29-22-06-00-462000,2481.0,82.7,0.0,0.0,0.0,0.0,0.0,0.0,0.0,0.0,0.0,0.0,0.0,0.0,0.0,0.0,54.773128277279326,0.662578164644508,0.3637411240614623,63.58842240161853,0.7692147871163532,0.3871875309311219,0.7158964758804306,118.36155067889786,0.0,82.7,4.4272389774954295,54.773128277279326,0.662578164644508,1.3407620360667798,1.4366878840857062,52.77333286684125,0.6513574123382568,0.5976581461727619,0.7409001747146249,0.2884243352016289,0.4974698904347679,-0.2874207466132022,-0.6027655926112991,0.9903225806451612,63.58842240161853,0.7692147871163532,1.2910954466056042,1.595854269249115,52.89323413391286,0.3212181441485882,0.455357582308352,0.7119323145598173,0.1041337113797066,0.1994124752201338,-0.3099136798935749,-0.5938929729114847,0.9891129032258064,0.9004702044397132,0.3068495414432777,0.0527428920505796,0.1889935629680152,0.1059510633119357,0.0045471890548803,0.0242375931750235,0.1053707216220475,0.0039449189428653,0.0222043156451273,12.37303231804534,0.4008706935300795,0.4395086193473583,rl2,omDamnph0YxUBJSO,10,2481.0,folding clothes,"{""short sleeve shirts"",""long sleeve shirts"",shorts}",False,False,False,False,False,False,,True
2025-10-29-22-06-00-463000,2935.0,97.83333333333331,0.0,0.0,0.0,0.0,0.0,0.0,0.0,0.0,0.0,0.0,0.0,0.0,0.0,0.0,55.31950598808793,0.5656391205325965,0.1739461503636239,70.16144188166173,0.7173971562542099,0.1352562574769638,0.6415181383934032,125.48094786974966,0.0,97.83333333333331,4.59343492976967,55.31950598808793,0.5656391205325965,1.124076419269049,1.2593235935261702,43.80939157935767,0.2105175331234932,0.3746412489563226,0.6856360752135515,0.0540751241333249,0.2193564677347621,-0.2474654346146007,-0.6340616445264936,0.9788684389911384,70.16144188166173,0.7173971562542099,1.2627244620856692,1.537835186303491,52.55104832294498,0.425020407885313,0.5087246652692556,0.6753162909299135,0.1460157841031355,-0.1125621628644519,-0.1819418595485021,-0.6274584650066785,0.983299250170416,0.9196438976305354,0.3436854343155368,0.0524006932306857,0.1585860737921118,0.1026065024584602,0.0051125406996175,0.0204469984865988,0.1015890614654976,0.004929450714462,0.0235515771096179,9.966445832466729,0.3019239227871797,0.294712000892465,rl2,omDamnph0YxUBJSO,10,2935.0,folding clothes,"{""short sleeve shirts"",""long sleeve shirts"",shorts}",False,False,False,False,False,False,,True
2025-11-11-22-45-26-046000,2201.0,73.36666666666666,0.0,0.0,0.0,0.0,0.0,0.0,0.0,0.0,0.0,0.0,0.0,0.0,0.0,0.0,34.457946664728254,0.469881090882658,0.3753175777834791,52.84494925085884,0.7206129443298933,0.8710855794235333,0.5952470176062756,87.3028959155871,0.0,73.36666666666666,4.3090078127703775,34.457946664728254,0.469881090882658,0.7803167253903925,1.0308989077076418,32.971637818690226,0.4752139821648597,0.7726422920823097,0.8081202302128077,0.2967178446685931,0.2015741092865031,-0.3057090428779799,-0.7051157067042827,0.9940909090909092,52.84494925085884,0.7206129443298933,1.0061203285425886,1.6623829027343884,44.80629365468268,0.630077701061964,1.0572091490030289,0.8245311453938484,0.5492399106065012,-0.152430061200995,-0.1819913711076251,-0.7435718541012832,0.9959090909090909,0.7025958363704577,0.4089664354946455,0.1091700001991847,0.1632333502054139,0.1019869559681747,0.0045873148194034,0.0252974338243283,0.1020972271524579,0.0052050324907598,0.0272413530281889,9.901266898767528,0.8736540819135964,0.123484571634567,rl2,rl2,10,2201.0,folding clothes,"{""short sleeve shirts"",""long sleeve shirts"",shorts}",False,False,False,False,False,False,,True
2025-11-11-22-45-45-372000,1507.0,50.233333333333334,0.0,0.0,0.0,0.0,0.0,0.0,0.0,0.0,0.0,0.0,0.0,0.0,0.0,0.0,38.11114653783795,0.7591861860127083,0.7096935018501325,40.44941436324946,0.8057652263595511,0.7187718106339269,0.7824757061861296,78.56056090108741,0.0,50.233333333333334,3.9363903618764406,38.11114653783795,0.7591861860127083,1.155930221242859,1.9274903803923191,50.60036212165922,0.5604400858283043,0.4583817105740309,0.7844395097345114,0.2015189684760326,0.0258411485096161,-0.3258705118852751,-0.661177008520928,0.9933598937583,40.44941436324946,0.8057652263595511,1.120703915427939,2.005768842869667,49.97762391365463,0.5798330847173929,0.7545550614595413,0.7584237027913332,0.3318224963131468,-0.2238308802227271,0.0151583764944607,-0.6948405613451603,0.99601593625498,0.8401491501578849,0.437973949122758,0.1627778076660239,0.1765568320249934,0.1027702449877604,0.0053188310018917,0.0303858409769005,0.103587498150246,0.0049446456631678,0.0291831517002081,6.367270377719252,0.458655632903841,0.1287027498925514,rl2,rl2,10,1507.0,folding clothes,"{""short sleeve shirts"",""long sleeve shirts"",shorts}",False,False,False,False,False,False,,True
2025-11-11-22-46-01-494000,1930.0,64.33333333333333,0.0,0.0,0.0,0.0,0.0,0.0,0.0,0.0,0.0,0.0,0.0,0.0,0.0,0.0,35.18378426526148,0.5471817148563216,0.7558225354407818,42.08437650400873,0.6545004121929818,0.6878788089797344,0.6008410635246518,77.26816076927021,0.0,64.33333333333333,4.179502370562408,35.18378426526148,0.5471817148563216,0.8644872283549521,1.3257580954891488,36.20263129342524,0.3381849639117718,0.6504450514912605,0.7626989111304283,0.167771441029998,0.2236724623213546,-0.3707691866415311,-0.7178002036663998,0.99585277345775,42.08437650400873,0.6545004121929818,0.8372543533885167,1.494629589150436,36.93418814430314,0.5787004716694355,0.5898958910256624,0.7339963689446449,0.250566564748981,-0.1931049326314093,-0.1582636974879222,-0.7187746865211605,0.9942975635044063,0.8593347452385959,0.4735417858394418,0.1102746860455726,0.1323839141526113,0.1022522173718181,0.0045904213395868,0.0303956742248104,0.100738525800245,0.0071930607697595,0.0348098855723297,7.8035273213497645,0.5024242619935791,0.0977603376722268,rl2,rl2,10,1930.0,folding clothes,"{""short sleeve shirts"",""long sleeve shirts"",shorts}",False,False,False,False,False,False,,True
2025-11-11-22-46-20-861000,1885.0,62.833333333333336,0.0,0.0,0.0,0.0,0.0,0.0,0.0,0.0,0.0,0.0,0.0,0.0,0.0,0.0,39.34912329808045,0.6265783964662492,0.3489995438026804,44.75978832040653,0.712735482809021,0.7674183531309625,0.6696569396376352,84.10891161848699,0.0,62.833333333333336,4.156275519952591,39.34912329808045,0.6265783964662492,1.1445997374100465,1.3690310954797198,47.47488606610448,0.5281741246581078,0.2924816459417343,0.7507385760545731,0.1159750241356468,-0.0183585331767837,-0.3289669669808854,-0.7405770358548003,0.9978768577494692,44.75978832040653,0.712735482809021,1.0956744433009855,1.7014680731868164,46.78798766724413,0.4351157192140817,0.7308663241565228,0.7676712777465582,0.2441282379539945,-0.1958628709721984,-0.0378719947477095,-0.7454581309524946,0.9978768577494692,0.9183939301698472,0.350229045370669,0.0670021526316323,0.15510071313456,0.100929556484383,0.0050660901223346,0.0286193961063749,0.1026311914568826,0.0050691750501781,0.025204755936461,8.311773590046693,0.4759377087854765,0.147619825812289,rl2,rl2,10,1885.0,folding clothes,"{""short sleeve shirts"",""long sleeve shirts"",shorts}",False,False,False,False,False,False,,True
2025-11-11-22-46-39-752000,1559.0,51.96666666666667,0.0,0.0,0.0,0.0,0.0,0.0,0.0,0.0,0.0,0.0,0.0,0.0,0.0,0.0,27.43339094940249,0.5282424444685974,0.6537415128628702,33.465659809208844,0.6443965303442011,0.5927432108518533,0.5863194874063993,60.89905075861134,0.0,51.96666666666667,3.969662784874561,27.43339094940249,0.5282424444685974,0.8969122833827766,1.2137490557633623,36.60444025410782,0.675348587334156,0.3858861550688743,0.8653486398980021,0.2255164925197829,-0.057761366982694,-0.498304928630839,-0.714382818005764,0.9980744544287548,33.465659809208844,0.6443965303442011,1.0258596032521343,1.5622520238792703,42.029792061213335,0.6199322007596493,0.7384866550564766,0.882096199085936,0.403833922802263,-0.26209545793099,-0.0565614087615479,-0.6913045305851907,0.9980744544287548,0.918778867752086,0.5166644070203473,0.0869164620095529,0.1572488129431148,0.100268838142474,0.0033081533860728,0.0181105497421321,0.1003352205981145,0.0063125610816904,0.0297694423106156,9.701619395939108,0.7592495670465507,0.3037579782353253,rl2,w06Lr-M7fxyxM1_2,2,1559.0,folding clothes,"{""short sleeve shirts"",""long sleeve shirts"",shorts}",False,False,False,False,False,False,,True
2025-11-11-22-46-59-304000,2072.0,69.06666666666666,0.0,0.0,0.0,0.0,0.0,0.0,0.0,0.0,0.0,0.0,0.0,0.0,0.0,0.0,28.65972798869432,0.4151578173157072,0.6932892541363923,46.43561844141874,0.6726550232943324,0.6433534498230397,0.5439064203050198,75.09534643011307,0.0,69.06666666666666,4.249447169774741,28.65972798869432,0.4151578173157072,0.7052921112168129,0.9685711853414956,27.80817131135289,0.5955492854118347,0.3854636289179325,0.8982000746764243,0.20619313436205,-0.0065981058730172,-0.3754141200064145,-0.7372598955935877,0.994688556253018,46.43561844141874,0.6726550232943324,0.860085208312015,1.7092475268730891,37.265637283457096,0.6649942845106125,0.5785587206482887,1.0227223988622427,0.3934804182881838,-0.218332639361622,0.0147146629598836,-0.7141410820392899,0.9971028488652824,0.7715623486514577,0.4782512499772433,0.1096880804048058,0.1556955722033536,0.1005530324269,0.0030580961282225,0.0161141809152848,0.1008584944639426,0.0069746393463894,0.0314626785226692,9.553517138132026,0.6576224179707778,0.1920797068065058,rl2,w06Lr-M7fxyxM1_2,2,2072.0,folding clothes,"{""short sleeve shirts"",""long sleeve shirts"",shorts}",False,False,False,False,False,False,,True
2025-11-11-22-47-16-402000,1899.0,63.3,0.0,0.0,0.0,0.0,0.0,0.0,0.0,0.0,0.0,0.0,0.0,0.0,0.0,0.0,28.354397433598898,0.4481727729230595,0.660840708086714,43.681555765953675,0.6904355495145469,0.5952548444725235,0.5693041612188032,72.03595319955258,0.0,63.3,4.163559631243574,28.354397433598898,0.4481727729230595,0.8154037153777787,1.0781295639179198,32.08820679770829,0.731674313545227,0.4643700420856476,0.9314487800002098,0.3164761460994383,0.0095489793807746,-0.3694033624781879,-0.7014479546151391,0.994204425711275,43.681555765953675,0.6904355495145469,0.993734645968938,1.7612931782136172,42.84466981716339,0.6546184103935957,0.6134779676795006,0.912340451963246,0.3663904259328295,-0.2366456919709704,-0.0563936741683502,-0.6818274693761468,0.9952581664910432,0.7660962205597293,0.4413153053300023,0.1096932735791246,0.1457613138791705,0.1013695696135067,0.0033758476499631,0.0213720343576567,0.1003952289981358,0.0081250123025714,0.0322608701193301,8.90991105353827,0.655950049405131,0.2160341111803937,rl2,w06Lr-M7fxyxM1_2,2,1899.0,folding clothes,"{""short sleeve shirts"",""long sleeve shirts"",shorts}",False,False,False,False,False,False,,True
2025-11-11-22-47-33-445000,1957.0,65.23333333333333,0.0,0.0,0.0,0.0,0.0,0.0,0.0,0.0,0.0,0.0,0.0,0.0,0.0,0.0,29.55381124059884,0.4532793135061172,0.5928410081986897,35.7845014054038,0.5488420460951504,0.560469650917136,0.5010606798006337,65.33831264600263,0.0,65.23333333333333,4.193183860889661,29.55381124059884,0.4532793135061172,0.8689863940406862,1.1174833783636018,35.254934561444024,0.4433151073753834,0.3894354719668627,0.8731008591130376,0.1507344268881243,-0.1005911167147562,-0.3280105839807523,-0.743723177589004,0.9938650306748468,35.7845014054038,0.5488420460951504,1.0006810767724248,1.3864830962246295,42.07472435923669,0.3416109979152679,0.598209835588932,0.8701310600154102,0.1778156840186575,-0.2339345494168156,0.005571195478123,-0.7180660346075112,0.9938650306748468,0.8917356988299134,0.3751158634924269,0.0779775661313818,0.1725747804331665,0.1003912873594059,0.0029851460124595,0.0173016649822474,0.101360814479459,0.0059793156761955,0.0302787784286773,7.124934136342894,0.5547251842501548,0.1635398382749997,rl2,w06Lr-M7fxyxM1_2,2,1957.0,folding clothes,"{""short sleeve shirts"",""long sleeve shirts"",shorts}",False,False,False,False,False,False,,True
2025-11-11-22-48-06-312000,2125.0,70.83333333333333,0.0,0.0,0.0,0.0,0.0,0.0,0.0,0.0,0.0,0.0,0.0,0.0,0.0,0.0,24.32832173341601,0.3436203634663278,0.597100715564058,44.22795414957608,0.6246886179318655,0.5622272613512098,0.4841544906990967,68.55627588299208,0.0,70.83333333333333,4.274348620875693,24.32832173341601,0.3436203634663278,0.5612051928086965,0.8289289765124905,22.332915436669385,0.5515686236321926,0.3398327380418777,0.7629310749471188,0.1430046212867714,0.0095022278296596,-0.4698310232898768,-0.6856284366065964,0.9910546139359698,44.22795414957608,0.6246886179318655,0.8310918111081598,1.6773188989349348,36.22306671674617,0.6061936244368553,0.6041494328528643,0.805206660181284,0.294892070669343,-0.2016898097275372,-0.097751547138133,-0.6811179045009262,0.9929378531073446,0.6581404558244797,0.4583337802125749,0.1159603826131317,0.1523883008970759,0.101085993757187,0.0029146301305524,0.0143625309806121,0.1004934193747316,0.0066183079669641,0.0305418536120958,7.650282342212787,0.5186913217179819,0.1380416920739194,rl2,rl2,2,2125.0,folding clothes,"{""short sleeve shirts"",""long sleeve shirts"",shorts}",False,False,False,False,False,False,,True
2025-11-11-22-48-22-636000,2536.0,84.53333333333333,0.0,0.0,0.0,0.0,0.0,0.0,0.0,0.0,0.0,0.0,0.0,0.0,0.0,0.0,27.05538847968276,0.3201821121855948,0.6459956524128717,43.4013952389655,0.513625979159355,0.2204428062460333,0.4169040456724748,70.45678371864827,0.0,84.53333333333333,4.448906163513426,27.05538847968276,0.3201821121855948,0.5447543208351,0.7487733077657901,21.373802815892283,0.4944894462823868,0.2281020209193229,0.686467757448554,0.077429473079226,-0.0592794267865403,-0.3997728196486877,-0.6641740368720297,0.9897435897435898,43.4013952389655,0.513625979159355,0.7559646810936154,1.3210802828872823,32.49590530543219,0.4764615092426538,0.4973185248672962,0.7318390719592571,0.1734115623669122,-0.1879502454837226,-0.0944910047878564,-0.6644061938257247,0.98698224852071,0.6813914315793466,0.3576039166976073,0.0834247428376232,0.1877534861016563,0.100498842502071,0.0025051569780314,0.0157473819764113,0.0997477321886285,0.0060629184056384,0.0316527476881274,7.40911627476612,0.4026504929678191,0.0941780617682484,rl2,rl2,2,2536.0,folding clothes,"{""short sleeve shirts"",""long sleeve shirts"",shorts}",False,False,False,False,False,False,,True
2025-11-11-22-48-37-186000,2179.0,72.63333333333334,0.0,0.0,0.0,0.0,0.0,0.0,0.0,0.0,0.0,0.0,0.0,0.0,0.0,0.0,27.841298005278304,0.383488953240748,0.6356461646948702,34.14413578645478,0.4703049006398729,0.5965430920776759,0.4268969269403105,61.98543379173309,0.0,72.63333333333334,4.299097821757962,27.841298005278304,0.383488953240748,0.662724633042452,0.9422820131201368,26.211238725821005,0.4736282899975776,0.2402049452066421,0.6594411600381136,0.0750232078900216,-0.1067293868385197,-0.321604875140764,-0.6931962321840224,0.9908172635445364,34.14413578645478,0.4703049006398729,0.7418664617612645,1.2438467284704464,31.099125967614047,0.3426212593913078,0.4518574029207229,0.650469059124589,0.1007029869302199,-0.2196352774180735,0.0113574677526189,-0.6761771420451986,0.9908172635445364,0.8625316590587161,0.3659372518878601,0.0864710657264121,0.1603159891631315,0.1003412320852394,0.0026417141510908,0.0124030176764425,0.1003160652695543,0.0052286517757982,0.0283415335279517,6.369715427177813,0.3743764784933032,0.0988401416188712,rl2,rl2,2,2179.0,folding clothes,"{""short sleeve shirts"",""long sleeve shirts"",shorts}",False,False,False,False,False,False,,True
2025-11-11-22-48-53-224000,2555.0,85.16666666666667,0.0,0.0,0.0,0.0,0.0,0.0,0.0,0.0,0.0,0.0,0.0,0.0,0.0,0.0,25.399911062881387,0.2983544760714336,0.4038251618241474,41.81773063735412,0.491202787439555,0.3554494224178541,0.3947786317554943,67.2176417002355,0.0,85.16666666666667,4.456283405280375,25.399911062881387,0.2983544760714336,0.3721682909377141,0.6324354363726868,14.202736711883196,0.6431666426360607,0.403051596134901,0.3814996499568224,0.0988959031915523,-0.0571265455404635,-0.4204008244021764,-0.4137750581446343,0.9933437744714174,41.81773063735412,0.491202787439555,0.5463289774973347,1.1654742242365796,22.241588961738604,0.7932078223675489,0.77146190777421,0.4251783583313226,0.2601792312055589,-0.3618489846652792,-0.0986181178230107,-0.4087079428296733,0.9937353171495692,0.6885613418910074,0.4976981007613646,0.0915845528000741,0.2319112438792387,0.1020511796529903,0.0026970479682347,0.0200719464551096,0.0995166029915265,0.0061442180152902,0.0305227290898399,10.565943220629515,0.5304915464274882,0.1584802883231931,rl2,rl2,3,2555.0,folding clothes,"{""short sleeve shirts"",""long sleeve shirts"",shorts}",False,False,False,False,False,False,,True
2025-11-11-22-49-12-078000,2240.0,74.66666666666667,0.0,0.0,0.0,0.0,0.0,0.0,0.0,0.0,0.0,0.0,0.0,0.0,0.0,0.0,22.040366920639656,0.2953153227419338,0.3957587861542845,33.36199402617852,0.4470119789126197,0.3444947970287061,0.3711636508272767,55.40236094681818,0.0,74.66666666666667,4.326337728813293,22.040366920639656,0.2953153227419338,0.5355383658756251,0.6913562299107718,21.07437692514507,0.5837266929447651,0.2938025072216987,0.4002612456679344,0.0686449500954066,-0.1027884707715462,-0.3421251574564459,-0.4404832606586361,0.9790084859312193,33.36199402617852,0.4470119789126197,0.7166172620236008,1.1246632496287632,29.667411294188113,0.4221803750842809,0.5485954489558935,0.3650783319026232,0.0845544169863949,-0.284576321537939,-0.0603661679901181,-0.4380173672007263,0.9825815096025012,0.7855297631563177,0.3537612278916557,0.0756284794893301,0.1272390926380929,0.1009684742502102,0.0034645656397615,0.0208255368565565,0.1004389439350348,0.0054923013827012,0.0315070200863145,4.776128063118353,0.2984833326910405,0.1004969517309874,rl2,rl2,3,2240.0,folding clothes,"{""short sleeve shirts"",""long sleeve shirts"",shorts}",False,False,False,False,False,False,,True
2025-11-11-22-49-33-824000,1652.0,55.06666666666667,0.0,0.0,0.0,0.0,0.0,0.0,0.0,0.0,0.0,0.0,0.0,0.0,0.0,0.0,20.904834404534466,0.3798576814876038,0.4098161505144689,30.32896736078296,0.5511017691238574,0.313359531075336,0.4654797253057307,51.23380176531742,0.0,55.06666666666667,4.026541458870738,20.904834404534466,0.3798576814876038,0.622767842060394,0.8544433443999889,25.509241247207388,0.6393872834742069,0.4687776640057564,0.4028236158192158,0.1207385145735693,-0.0886427271997299,-0.4577829878479603,-0.4733126615726594,0.9872804360993336,30.32896736078296,0.5511017691238574,0.8303615942571557,1.32941254376203,34.13321031383851,0.6187464380636811,0.8463386557996273,0.3670195043087005,0.1921967473248778,-0.3835282555282945,-0.0408671113738387,-0.4655370495031806,0.992731677771048,0.8015949557105232,0.5427925813278849,0.0982674437447357,0.1825601920710567,0.1011901452931421,0.0039735948365211,0.020643464571988,0.0993956658871064,0.0077426816579372,0.0324144464050638,5.767491066846484,0.4336553462198638,0.1402125222926789,rl2,rl2,3,1652.0,folding clothes,"{""short sleeve shirts"",""long sleeve shirts"",shorts}",False,False,False,False,False,False,,True
2025-11-11-22-49-55-195000,2370.0,79.0,0.0,0.0,0.0,0.0,0.0,0.0,0.0,0.0,0.0,0.0,0.0,0.0,0.0,0.0,24.46029947849281,0.3097547422350292,0.1958640500852032,44.7922108755194,0.5672293483603131,0.2519540755078867,0.4384920452976713,69.25251035401222,0.0,79.0,4.382026634673881,24.46029947849281,0.3097547422350292,0.4057301520951384,0.6673502764347359,15.076972476082908,0.2832572497427463,0.5759660676121712,0.3726764433085918,0.0608008813053035,0.3371735066316927,-0.1636034029097549,-0.4411572257269032,0.9911355002110596,44.7922108755194,0.5672293483603131,0.6442570099051828,1.3954047248059196,25.895877644699944,0.6997076123952866,0.8823504447937012,0.4626485202461481,0.2856333314150994,-0.0809505268393029,-0.2904649741453008,-0.4414750239980812,0.9970451667370198,0.6487508028073162,0.4936133892323986,0.1063712375268909,0.2366287082453759,0.1014888278369446,0.0033606300635664,0.018550940357187,0.0989249925754415,0.0075970260692243,0.0338847545340244,9.634504831058551,0.4672299403044683,0.172012484443905,rl2,rl2,3,2370.0,folding clothes,"{""short sleeve shirts"",""long sleeve shirts"",shorts}",False,False,False,False,False,False,,True
2025-11-11-22-50-12-026000,2207.0,73.56666666666666,0.0,0.0,0.0,0.0,0.0,0.0,0.0,0.0,0.0,0.0,0.0,0.0,0.0,0.0,19.724726594044185,0.2682419754403107,0.1016002893499141,41.424292539673786,0.563340333721765,0.1761243981460266,0.4157911545810378,61.14901913371797,0.0,73.56666666666666,4.311693579827974,19.724726594044185,0.2682419754403107,0.3819663884683871,0.6761737959726295,15.253198414398629,0.2369235605001449,0.5000633876770735,0.3158835545182228,0.0374248721699568,0.3746488459820141,-0.1511785023583626,-0.368329089832052,0.9882139619220308,41.424292539673786,0.563340333721765,0.6219706366150201,1.5010355223651848,27.822193614244593,0.5850640460848808,0.7540083536878228,0.4391207806766033,0.1937151367971252,-0.0385097813732182,-0.2927990039354477,-0.3626603090019046,0.9913871260199456,0.5373220190600577,0.4750523483996329,0.1161865242417602,0.1696802164192673,0.1021186382567479,0.0026620748083841,0.0190602947983704,0.098734678887828,0.0076337135003359,0.033326239956098,5.285458669761489,0.2591462292309329,0.1224630684728325,rl2,rl2,4,2207.0,folding clothes,"{""short sleeve shirts"",""long sleeve shirts"",shorts}",False,False,False,False,False,False,,True
2025-11-11-22-50-29-413000,2249.0,74.96666666666667,0.0,0.0,0.0,0.0,0.0,0.0,0.0,0.0,0.0,0.0,0.0,0.0,0.0,0.0,16.549292672107114,0.2208535498946678,0.2777470627288642,31.873581276552123,0.4253591807369055,0.2181670443891739,0.3231063653157867,48.42287394865924,0.0,74.96666666666667,4.330294647583529,16.549292672107114,0.2208535498946678,0.3347647299270028,0.5479818539688684,13.412021370403142,0.4624619409441948,0.2466914989054203,0.2851887252181768,0.0325358781760504,-0.0342372563887485,-0.3645575835972878,-0.3638208263465474,0.978202846975089,31.873581276552123,0.4253591807369055,0.5483063290732177,1.1132832853028083,23.840326360667483,0.5724752265959978,0.4399120025336742,0.2667752988636493,0.0671843506825381,-0.2572716687039442,-0.1060524647135603,-0.3646656368946488,0.9902135231316724,0.6475513185636504,0.3673580218950498,0.0731399644021305,0.1713952246565623,0.1017725769857387,0.0028097431493615,0.0169909440365016,0.0976592701841169,0.0070197155903354,0.0324047778812854,4.693128575280269,0.2458207302693563,0.1194991818607009,rl2,rl2,4,2249.0,folding clothes,"{""short sleeve shirts"",""long sleeve shirts"",shorts}",False,False,False,False,False,False,,True
2025-11-11-22-50-42-693000,2056.0,68.53333333333333,0.0,0.0,0.0,0.0,0.0,0.0,0.0,0.0,0.0,0.0,0.0,0.0,0.0,0.0,16.48718601084505,0.2406888468736503,0.3082160449738564,24.41243431556444,0.3563859024169992,0.274923860661543,0.2985373746453247,40.89962032640949,0.0,68.53333333333333,4.241806253898562,16.48718601084505,0.2406888468736503,0.4182823175224551,0.5909574052147203,16.770213583546003,0.399451844394207,0.2164952978491783,0.3164757210761308,0.0273686450401425,-0.0612960937451063,-0.3537849133185578,-0.3814566859174592,0.9722627737226276,24.41243431556444,0.3563859024169992,0.569216757563311,0.8640373752383423,24.552948918851275,0.4122657505795359,0.47792305983603,0.307326877489686,0.0605530169573185,-0.2260440493447358,-0.0276048606217898,-0.3761061620545222,0.9771289537712896,0.715534218168,0.3742488588235068,0.0708849244519333,0.1282702670782558,0.1027554955016956,0.0030572604235075,0.0217850350758074,0.097050744870896,0.0076414343065288,0.0320751857296396,3.4194554157552552,0.1746127704643243,0.1162142032289821,rl2,rl2,4,2056.0,folding clothes,"{""short sleeve shirts"",""long sleeve shirts"",shorts}",False,False,False,False,False,False,,True
2025-11-11-22-51-05-701000,1571.0,52.36666666666667,0.0,0.0,0.0,0.0,0.0,0.0,0.0,0.0,0.0,0.0,0.0,0.0,0.0,0.0,18.957778023056235,0.3622505354724121,0.2784085984366362,26.737233304832912,0.5109025472261065,0.2703661598810992,0.4365765413492593,45.69501132788915,0.0,52.36666666666667,3.977186331334559,18.957778023056235,0.3622505354724121,0.7040089248664817,0.9111121945176596,29.414294622034337,0.530408039689064,0.3671870045363903,0.559480519965291,0.1089638326137152,0.0392035241899768,-0.4147978553763056,-0.400199096557405,0.9872611464968152,26.737233304832912,0.5109025472261065,0.6909901241053831,1.2809566020568166,30.224174897725007,0.5452807927504182,0.5169882662594318,0.3052370920777321,0.0860474875098706,-0.2963456845173006,-0.0173312787121696,-0.3882989897318587,0.9968152866242038,0.7240219170174319,0.5310096217502063,0.1168982461531049,0.1305332678518208,0.1005667012284171,0.0036156821329544,0.0219761396612706,0.0976502651133814,0.0075103655388015,0.0329901424757145,3.4605113189174226,0.1973101651744622,0.1414783740077013,rl2,rl2,5,1571.0,folding clothes,"{""short sleeve shirts"",""long sleeve shirts"",shorts}",False,False,False,False,False,False,,True
2025-11-11-22-51-29-487000,2256.0,75.2,0.0,0.0,0.0,0.0,0.0,0.0,0.0,0.0,0.0,0.0,0.0,0.0,0.0,0.0,20.589177132001588,0.2739136647272938,0.3815606295927717,41.90081855790818,0.557438827821395,0.389774879482187,0.4156762462743444,62.48999568990977,0.0,75.2,4.333361462692601,20.589177132001588,0.2739136647272938,0.4018689310417994,0.6274624171005179,16.33554937438842,0.6040881089866161,0.3365430049598217,0.32241877540946,0.0655482617640333,-0.0190572338253061,-0.3900295577940022,-0.4007979230261705,0.9813747228381374,41.90081855790818,0.557438827821395,0.6653212296452775,1.4912356012055985,29.22213075107843,0.7269545933231711,0.6841032579541206,0.435991458594799,0.2168237867318612,-0.2620045873684295,-0.0491018720603672,-0.4024469722524708,0.9840354767184036,0.6016494406410474,0.4568836590362517,0.1304741322540411,0.1195615209956103,0.1010227293222566,0.0031774185444233,0.0179886287472058,0.0979013742305734,0.0071492215021987,0.0323318337317234,5.220632019885574,0.3071533700490462,0.1372283919794578,rl2,rl2,5,2256.0,folding clothes,"{""short sleeve shirts"",""long sleeve shirts"",shorts}",False,False,False,False,False,False,,True
2025-11-11-22-51-51-342000,2246.0,74.86666666666666,0.0,0.0,0.0,0.0,0.0,0.0,0.0,0.0,0.0,0.0,0.0,0.0,0.0,0.0,20.543304552166298,0.2745207735256075,0.3115818102167781,35.483797803380796,0.4741710174171152,0.2879250904325144,0.3743458954713614,56.027102355547086,0.0,74.86666666666666,4.328977413584066,20.543304552166298,0.2745207735256075,0.4951303201722379,0.6564686583707469,19.38847919874341,0.5630189776420593,0.2502138540148735,0.3401037603616714,0.0479121676713093,-0.0847474488923997,-0.2888521096857392,-0.4074353876068379,0.9844097995545658,35.483797803380796,0.4741710174171152,0.6147926495326205,1.2741088414737571,26.36222943219672,0.5169679578393698,0.4779845476150512,0.3385728411376476,0.0836622616544356,-0.2987352943492395,-0.0078100806465189,-0.4066719375467815,0.9884187082405346,0.7377099492148688,0.3750110823296814,0.0728562434816594,0.1492478124991959,0.1022987519006972,0.0029845516653863,0.0214669752889156,0.09813578804408,0.0063430516935186,0.0318871563650235,4.516825611870569,0.2584911387274149,0.1149958959715434,rl2,rl2,5,2246.0,folding clothes,"{""short sleeve shirts"",""long sleeve shirts"",shorts}",False,False,False,False,False,False,,True
2025-11-11-22-52-13-639000,2330.0,77.66666666666667,0.0,0.0,0.0,0.0,0.0,0.0,0.0,0.0,0.0,0.0,0.0,0.0,0.0,0.0,20.30261307333292,0.261519275311287,0.3095267299989381,35.03210082891561,0.4512507620727645,0.2527414529545662,0.3563850186920257,55.33471390224853,0.0,77.66666666666667,4.3652195163575005,20.30261307333292,0.261519275311287,0.4116803937098278,0.6587100410407822,15.961268000350156,0.5383326634764671,0.3696370106190443,0.3093902692198753,0.0615648507870744,-0.051458324501171,-0.2836742821649164,-0.3870873926615126,0.978531558608845,35.03210082891561,0.4512507620727645,0.5387264197106503,1.1820435248837995,23.51038372300903,0.5095768300816417,0.5255046226084232,0.2974674217402935,0.0796573075165429,-0.2770364637338744,-0.0350524790246287,-0.3893566207424637,0.9879776728209532,0.6443909767079764,0.3624188365726823,0.077756771973874,0.1482994069946248,0.1019191586793653,0.0031565874644122,0.0203982420250079,0.0975126881777453,0.0066529107203801,0.0322938679456966,4.340588612728571,0.2263721028063545,0.1174365499750798,rl2,rl2,5,2330.0,folding clothes,"{""short sleeve shirts"",""long sleeve shirts"",shorts}",False,False,False,False,False,False,,True
2025-11-11-22-52-33-756000,2235.0,74.5,0.0,0.0,0.0,0.0,0.0,0.0,0.0,0.0,0.0,0.0,0.0,0.0,0.0,0.0,16.81510016755443,0.2258070747657264,0.2030447827222765,34.402500609720974,0.4619852364779003,0.1735578091601092,0.3438961556218133,51.21760077727541,0.0,74.5,4.324132656254979,16.81510016755443,0.2258070747657264,0.3884311202810874,0.572601754137698,15.556351013657164,0.4297170005738735,0.2680877223610878,0.4488796759396791,0.0517117699681335,-0.0575970165744023,-0.3161897777577641,-0.3651548502554229,0.973142345568487,34.402500609720974,0.4619852364779003,0.5869519116430196,1.247274807686918,25.854955297253813,0.5410312050953507,0.4815323315560817,0.5395256020128727,0.1405593774528829,-0.2497526860285458,-0.0284336864395104,-0.3645327577254916,0.9785138764547896,0.6714244418565569,0.3649558332744093,0.0708210256906441,0.1343379333997104,0.1021949122595099,0.0030841557622624,0.0171953490880829,0.0975392410247375,0.0069892431445537,0.0337929390608911,4.157828605249355,0.2629777709838741,0.1218228872048142,rl2,rl2,6,2235.0,folding clothes,"{""short sleeve shirts"",""long sleeve shirts"",shorts}",False,False,False,False,False,False,,True
2025-11-11-22-52-56-176000,1936.0,64.53333333333333,0.0,0.0,0.0,0.0,0.0,0.0,0.0,0.0,0.0,0.0,0.0,0.0,0.0,0.0,17.53798973357846,0.2719068175748599,0.2419157010440921,39.72758666171346,0.6159315761505962,0.2029340996491431,0.4439191968627281,57.26557639529192,0.0,64.53333333333333,4.182558919044957,17.53798973357846,0.2719068175748599,0.5767847326242282,0.6600342029929894,23.685411930378283,0.4922537431120872,0.3470681272447109,0.4039702415466308,0.0690165321390817,-0.0134273830234565,-0.3850431794874093,-0.3695129196790686,0.9875968992248062,39.72758666171346,0.6159315761505962,0.7502770725111795,1.6084619577263988,33.77917593593484,0.6027800273150206,0.6705343127250671,0.5065802242606878,0.2047519715817918,-0.2850767602284885,-0.0796419273404481,-0.366229293390739,0.9917312661498708,0.643184983775629,0.4382179604155058,0.1252701915260561,0.1102541894181919,0.1010722688385969,0.0032207562232615,0.02447155297492,0.0986864046117499,0.0071863378588444,0.0323504374833787,5.522145928299477,0.4066446805790659,0.1759122301916262,rl2,rl2,6,1936.0,folding clothes,"{""short sleeve shirts"",""long sleeve shirts"",shorts}",False,False,False,False,False,False,,True
2025-11-11-22-53-12-397000,2021.0,67.36666666666666,0.0,0.0,0.0,0.0,0.0,0.0,0.0,0.0,0.0,0.0,0.0,0.0,0.0,0.0,15.542644193405732,0.2308313494070158,0.1740745030525627,38.13690947752233,0.5663897447156783,0.1725456483946818,0.398610547061347,53.679553670928065,0.0,67.36666666666666,4.224885376410225,15.542644193405732,0.2308313494070158,0.402947840566091,0.5490919243237133,16.443440962456442,0.3644153233617544,0.3515149429440498,0.4145375937223434,0.0531012010572462,0.0672194707460373,-0.3681650536355112,-0.3589585482795851,0.9747524752475248,38.13690947752233,0.5663897447156783,0.6844254161905647,1.4989557078470963,30.651822390284217,0.5474532321095467,0.7251112796366215,0.5249352809041739,0.2083806784955826,-0.2252769677460614,-0.0742390189825861,-0.3586127432851229,0.9811881188118812,0.5873088984084218,0.4447303402482288,0.1141723918258146,0.1523494002247988,0.1016429132733913,0.0029491946202113,0.016459958674956,0.0988621569689907,0.0071130217846169,0.0332095231475583,4.877923051050448,0.2939185466177947,0.1721298945356688,rl2,rl2,6,2021.0,folding clothes,"{""short sleeve shirts"",""long sleeve shirts"",shorts}",False,False,False,False,False,False,,True
2025-11-11-22-53-29-485000,2327.0,77.56666666666666,0.0,0.0,0.0,0.0,0.0,0.0,0.0,0.0,0.0,0.0,0.0,0.0,0.0,0.0,16.783673626990982,0.2164704251116636,0.2976187351823238,33.97881387397726,0.4382478143677205,0.2370041482953761,0.327359119739692,50.76248750096824,0.0,77.56666666666666,4.363947521273976,16.783673626990982,0.2164704251116636,0.3791907206545914,0.5478470785858565,14.846068853725466,0.479531055316329,0.2312453240156173,0.5017629733774811,0.055640152039979,-0.0615191690809464,-0.3359157761305148,-0.3613792387572516,0.976354256233878,33.97881387397726,0.4382478143677205,0.5821303762911213,1.1966590105345185,25.858148192076605,0.4601791016757488,0.4962857253849506,0.4687534193508327,0.1070540555759399,-0.2334767280776433,-0.0578491565781269,-0.366242524807361,0.9742046431642304,0.6660603883565209,0.3507453383312386,0.0712920578081885,0.1639419154754358,0.1018952246550334,0.0029298726651093,0.018627725791365,0.0975199872034533,0.0070479473807899,0.0328514809585846,4.1727446997962625,0.2734781525238482,0.1208410572039606,rl2,rl2,6,2327.0,folding clothes,"{""short sleeve shirts"",""long sleeve shirts"",shorts}",False,False,False,False,False,False,,True
2025-11-11-22-53-46-156000,2020.0,67.33333333333333,0.0,0.0,0.0,0.0,0.0,0.0,0.0,0.0,0.0,0.0,0.0,0.0,0.0,0.0,22.35582762748948,0.3321816883728006,0.4427008527664531,41.23691535870851,0.6127327690744206,0.5492332636183737,0.4724572287236106,63.59274298619799,0.0,67.33333333333333,4.2243976904702984,22.35582762748948,0.3321816883728006,0.7021690220021265,0.7114688016064676,29.46252312377989,0.5538586378097534,0.3373050168156624,0.6310115810483694,0.1178851400586052,0.0359543619815739,-0.2760424719311961,-0.5486905855790593,0.991579990094106,41.23691535870851,0.6127327690744206,0.8772655563853397,1.6078712366347871,39.898683357852256,0.6676513627171516,0.6082182414829731,0.7201802134513855,0.292449151854638,-0.298163484867736,0.0036149176642457,-0.5441641953386513,0.993065874195146,0.77169472039203,0.4708586997944673,0.1208477709536844,0.115668208103525,0.1003145853869864,0.0028768981367946,0.022928220048897,0.101167062970281,0.0071178323063012,0.0319468794309105,7.889811735727502,0.5262235451865535,0.2067478516667268,rl2,rl2,7,2020.0,folding clothes,"{""short sleeve shirts"",""long sleeve shirts"",shorts}",False,False,False,False,False,False,,True
2025-11-11-22-54-07-644000,2237.0,74.56666666666666,0.0,0.0,0.0,0.0,0.0,0.0,0.0,0.0,0.0,0.0,0.0,0.0,0.0,0.0,22.509549410229425,0.3020064768814323,0.5226690520692123,42.38142022225786,0.5686237060231376,0.4583239176919771,0.4353150914522849,64.89096963248728,0.0,74.56666666666666,4.325015268845373,22.509549410229425,0.3020064768814323,0.5484586590358745,0.6577680345239187,21.587531908883296,0.4936968609690666,0.3713938407599926,0.617972893640399,0.1133090214275193,0.031884407396039,-0.3948593704920023,-0.5670923669487371,0.9932915921288016,42.38142022225786,0.5686237060231376,0.7584258296951892,1.3725560305473392,32.43310733768337,0.6857015676796436,0.6257705725729465,0.738386744633317,0.3168357435894092,-0.2652268892430538,-0.0617645939608428,-0.5641960444392625,0.992844364937388,0.7629210496052756,0.4824054955947897,0.1185709950436436,0.1406468097725882,0.1003477233384422,0.0027654622206902,0.0169774596647143,0.1006958783006859,0.0069364590033501,0.0284358604792347,6.716303389520015,0.5010284731712492,0.1331256204467212,rl2,rl2,7,2237.0,folding clothes,"{""short sleeve shirts"",""long sleeve shirts"",shorts}",False,False,False,False,False,False,,True
2025-11-11-22-54-29-457000,1740.0,58.0,0.0,0.0,0.0,0.0,0.0,0.0,0.0,0.0,0.0,0.0,0.0,0.0,0.0,0.0,21.42420581585832,0.3695952699688036,0.2576945621175745,26.823444448669044,0.462739122173704,0.3120949401439698,0.4161671960712538,48.247650264527365,0.0,58.0,4.07753744390572,21.42420581585832,0.3695952699688036,0.7082179486164286,0.8312733722968714,29.08117669385784,0.4811815675348043,0.2987088710069656,0.6409946195781231,0.0921322096416363,-0.1069239910740148,-0.3408949478775605,-0.5941972983947517,0.9948246118458884,26.823444448669044,0.462739122173704,0.8054816410346106,1.1821795809774454,34.316424341889935,0.3983233254402876,0.4110996909439564,0.6223650854080915,0.1019126536553768,-0.3076189735679534,-0.0371539415956217,-0.5672341285241318,0.9930994824611846,0.8765361018519178,0.3786944629148898,0.0625414979485188,0.1819658629582173,0.1003446634782416,0.0032027314853558,0.0189398699564841,0.0996852089654627,0.0068246431281869,0.032812360136839,4.470944882242188,0.3684687654806362,0.1133761204082876,rl2,rl2,7,1740.0,folding clothes,"{""short sleeve shirts"",""long sleeve shirts"",shorts}",False,False,False,False,False,False,,True
2025-11-11-22-54-43-853000,1459.0,48.63333333333333,0.0,0.0,0.0,0.0,0.0,0.0,0.0,0.0,0.0,0.0,0.0,0.0,0.0,0.0,16.700096755786216,0.3436233900367534,0.3406232739689957,20.134974932469007,0.4142998957298149,0.3525260190432864,0.3789616428832841,36.835071688255226,0.0,48.63333333333333,3.9046626510218534,16.700096755786216,0.3436233900367534,0.6836065128742305,0.7821820723488696,29.20583009640044,0.5151565745472908,0.2388062328100204,0.5764681044965982,0.0709186055366257,-0.1026989055900867,-0.3184855679347549,-0.5892265443859278,0.9821673525377228,20.134974932469007,0.4142998957298149,0.7334785646206851,1.08824090673098,32.36135030322569,0.3666830472648144,0.4239503182470798,0.5070997327566147,0.0788313890489821,-0.2736903270355453,-0.0234805028992922,-0.5705935449490733,0.9842249657064472,0.6064388956960715,0.3580727172136724,0.0701637832615695,0.1695812730828597,0.099825442421375,0.0032056813208902,0.0146973926993903,0.0991050651390738,0.0066032437140092,0.0280927246821184,3.125448121135416,0.281004200441324,0.1001787013918688,rl2,rl2,7,1459.0,folding clothes,"{""short sleeve shirts"",""long sleeve shirts"",shorts}",False,False,False,False,False,False,,True
2025-11-11-22-55-03-203000,2360.0,78.66666666666667,0.0,0.0,0.0,0.0,0.0,0.0,0.0,0.0,0.0,0.0,0.0,0.0,0.0,0.0,27.139384713132337,0.3451384236515346,0.5435966211852702,41.32681400478915,0.5255635524135968,0.4200092889563017,0.4353509880325656,68.46619871792149,0.0,78.66666666666667,4.377851263263401,27.139384713132337,0.3451384236515346,0.5502162981991351,0.9953782301106524,21.27431550389896,0.6934603285044432,0.5336234793066978,0.7934548500925303,0.2936153593951271,-0.2985699827928822,-0.2208428895450197,-0.4465189687402571,0.9554896142433236,41.32681400478915,0.5255635524135968,0.6218278912876378,1.3596252033082366,27.491012663600703,0.8663303256034851,0.5481784045696259,0.7019684631377459,0.3333673331865098,-0.1851409998576362,0.1711317712379179,-0.4607198795098495,0.9584569732937686,0.5750068886867421,0.4362904105620336,0.104439364163156,0.1805691313720285,0.1015685021534307,0.0043389145983735,0.0273320772045679,0.1010887787463549,0.0058394900492034,0.0288171687884797,3.676849656200276,0.3655913121056103,0.0915757040948287,rl2,rl2,8,2360.0,folding clothes,"{""short sleeve shirts"",""long sleeve shirts"",shorts}",False,False,False,False,False,False,,True
2025-11-11-22-55-17-748000,1743.0,58.1,0.0,0.0,0.0,0.0,0.0,0.0,0.0,0.0,0.0,0.0,0.0,0.0,0.0,0.0,29.21548414827966,0.5031369256305338,0.2917874989399915,35.64466968523688,0.6138576868869725,0.3153434613579139,0.5584973062587532,64.86015383351653,0.0,58.1,4.079230924412053,29.21548414827966,0.5031369256305338,0.7526342917139263,1.3541969390810422,31.071127828468672,0.5295639298856258,0.2918397858738899,0.7300120037980378,0.1128217666110457,-0.1141408101494712,-0.2967410586299872,-0.4348745280248928,0.970723306544202,35.64466968523688,0.6138576868869725,0.7758851414267016,1.616010725435767,33.798390549876764,0.5350833125412464,0.4619543589651584,0.7161440448835492,0.1770193987451508,-0.2262154375932303,0.0547637432446365,-0.4446669039741261,0.9712973593570609,0.835052413670476,0.3751123134410781,0.0763885209983747,0.1612696911756819,0.1041907622651451,0.0050570695189028,0.0298041938411842,0.1015182687074659,0.0065758530761052,0.0337835159442109,3.377820197890535,0.2317216686033448,0.1214165379102326,rl2,rl2,8,1743.0,folding clothes,"{""short sleeve shirts"",""long sleeve shirts"",shorts}",False,False,False,False,False,False,,True
2025-11-11-22-55-28-353000,1567.0,52.233333333333334,0.0,0.0,0.0,0.0,0.0,0.0,0.0,0.0,0.0,0.0,0.0,0.0,0.0,0.0,25.491257210189545,0.4883382607316004,0.502860870900377,30.637888703908327,0.5869327337913472,0.3181502462590787,0.5376354972614739,56.12914591409787,0.0,52.233333333333334,3.974684766552857,25.491257210189545,0.4883382607316004,0.7069700008978673,1.208310610834448,31.696167690922135,0.3339518997818231,0.336054939776659,0.5408912468701601,0.0607021614441587,0.0363271364314575,-0.3346008120583704,-0.4459555023638074,0.979565772669221,30.637888703908327,0.5869327337913472,0.718005475187453,1.4567473143253795,34.848944106523234,0.3548507951200008,0.3156528975814581,0.3925926499068737,0.0439741777493971,-0.2370217053033055,-0.0959090721159317,-0.437952737422005,0.9802043422733078,0.8228441572102693,0.3685869805241364,0.058129309243435,0.2075023913562221,0.1011383617086105,0.0036719357768182,0.0210487219486851,0.1008194280753838,0.0067619744821134,0.0293485308467806,3.502375287547548,0.286791260778613,0.1639058544449706,rl2,rl2,8,1567.0,folding clothes,"{""short sleeve shirts"",""long sleeve shirts"",shorts}",False,False,False,False,False,False,,True
2025-11-11-22-55-39-656000,1367.0,45.56666666666667,0.0,0.0,0.0,0.0,0.0,0.0,0.0,0.0,0.0,0.0,0.0,0.0,0.0,0.0,28.021787292260825,0.6154126052473095,0.3303235251690615,33.050009498502995,0.7258420826904026,0.3902511864942689,0.6706273439688559,61.07179679076382,0.0,45.56666666666667,3.8408849775948064,28.021787292260825,0.6154126052473095,0.8056843175886523,1.5647020924446813,35.97553187307452,0.4881908148527145,0.2584253754466772,0.3963058777153492,0.0499983040749132,-0.2579301828525323,-0.1842078954886152,-0.3988264932896023,0.9926793557833088,33.050009498502995,0.7258420826904026,0.8581877813750359,1.6609556213990315,39.668343595522,0.4191005099564791,0.4342623283155262,0.4194817189127207,0.0763454896342819,-0.1675410203461282,0.2608525205550724,-0.4067129823171425,0.9948755490483162,0.8078211935551785,0.4656198507936445,0.0963844836625814,0.2232755511929606,0.1035966160058164,0.0042573908989832,0.0214771107917263,0.1032797708350598,0.0046769259882133,0.0271916277519243,2.8947917607562315,0.1331778554338057,0.1139803920942035,rl2,rl2,8,1367.0,folding clothes,"{""short sleeve shirts"",""long sleeve shirts"",shorts}",False,False,False,False,False,False,,True
2025-11-11-22-55-56-880000,1628.0,54.266666666666666,0.0,0.0,0.0,0.0,0.0,0.0,0.0,0.0,0.0,0.0,0.0,0.0,0.0,0.0,28.33472667320867,0.522459619051174,0.5499452080151377,38.7680151750619,0.7148374033508648,0.6225439839926602,0.6186485112010194,67.10274184827057,0.0,54.266666666666666,4.012169954033085,28.33472667320867,0.522459619051174,0.7640485050922473,1.2694414108846055,30.87072177253201,0.5903871711343527,0.2884217668324709,0.6076342929154634,0.1034682779071507,-0.3777101204801506,-0.1512413012305462,-0.469242874900204,0.988322065150584,38.7680151750619,0.7148374033508648,0.8852376212659688,1.6539954390108853,38.24896910785609,0.5198659477755427,0.4440624511917121,0.6263292115181684,0.1445899443089295,-0.1331618743569931,0.2855275402755909,-0.4790365627259748,0.9901659496004918,0.8196961981620647,0.5072338459068676,0.1235854102019832,0.0410593009483044,0.1010677628097389,0.0043123797611444,0.0224700016040986,0.1024770043979009,0.0064546274448939,0.0292232155010357,3.329927266004229,0.2068959722006781,0.0942979214619777,rl2,rl2,9,1628.0,folding clothes,"{""short sleeve shirts"",""long sleeve shirts"",shorts}",False,False,False,False,False,False,,True
2025-11-11-22-56-13-083000,1944.0,64.8,0.0,0.0,0.0,0.0,0.0,0.0,0.0,0.0,0.0,0.0,0.0,0.0,0.0,0.0,25.697977771067,0.3967778348595008,0.4306584689424694,41.33142314499209,0.6381588751156781,0.7151223547071962,0.5174683549875895,67.02940091605909,0.0,64.8,4.186619838331271,25.697977771067,0.3967778348595008,0.6314019412671857,1.0928897948567984,27.845728515703428,0.4771734643727541,0.5122544951736927,0.5043904464691877,0.1232903015503657,-0.3092732130647579,-0.1813024831609992,-0.4878085679652499,0.9727225939269172,41.33142314499209,0.6381588751156781,0.7576733106578839,1.7449820672243583,36.6190330510988,0.5370578030124307,0.5056551154702902,0.716818917542696,0.1946636643660706,-0.2096832102306432,0.1723829041127925,-0.526380640033004,0.9783839423571796,0.692675721856835,0.3999292900895114,0.1082762193534353,0.1730873357494663,0.100800408447818,0.0038982530679687,0.0210154498784577,0.1030336424176441,0.0044719381912506,0.022424461550773,3.363164200766155,0.2605455273221705,0.0963355114787376,rl2,rl2,9,1944.0,folding clothes,"{""short sleeve shirts"",""long sleeve shirts"",shorts}",False,False,False,False,False,False,,True
2025-11-11-22-56-28-321000,2012.0,67.06666666666666,0.0,0.0,0.0,0.0,0.0,0.0,0.0,0.0,0.0,0.0,0.0,0.0,0.0,0.0,27.36038569408997,0.4081609004588261,0.4350786012553418,39.22576434871601,0.5851680410052116,0.569383661914234,0.4966644707320187,66.58615004280598,0.0,67.06666666666666,4.220487617062456,27.36038569408997,0.4081609004588261,0.6087443415101504,1.014652466771857,25.807132697751236,0.4839223362505436,0.2083184560760855,0.5490087736397982,0.0553455491879206,-0.3001876783813674,-0.1443278789325852,-0.4803506168231338,0.9880656389855792,39.22576434871601,0.5851680410052116,0.65187469271233,1.443578088507902,30.04839795094787,0.4458575830794871,0.3406810406595468,0.6685678623616695,0.1015522661415819,-0.2272324284279874,0.1578167695959593,-0.5231512591611246,0.9855793137742416,0.7635890784618047,0.3382640312827067,0.0738468007767201,0.1102190305447284,0.1020104277320083,0.0032250056334407,0.0186798717301145,0.1025279727019747,0.0044493856922687,0.0244270923102542,3.6015225347844053,0.2276174763928274,0.0988667315348091,rl2,rl2,9,2012.0,folding clothes,"{""short sleeve shirts"",""long sleeve shirts"",shorts}",False,False,False,False,False,False,,True
2025-11-11-22-56-48-683000,1595.0,53.166666666666664,0.0,0.0,0.0,0.0,0.0,0.0,0.0,0.0,0.0,0.0,0.0,0.0,0.0,0.0,27.219763338887027,0.5122916563153143,0.3269745955272913,32.14676684839689,0.6050207060551483,0.3156950485965423,0.5586561811852313,59.366530187283914,0.0,53.166666666666664,3.9920657131016823,27.219763338887027,0.5122916563153143,0.7537961794169799,1.146966430569582,31.895199281903697,0.3732548840343952,0.3113130331039428,0.4701801352202892,0.0546345132850055,0.052183149684349,-0.3162888407987487,-0.4278738786037252,0.9849435382685068,32.14676684839689,0.6050207060551483,0.7573085665054726,1.3687341927328824,33.74302183876233,0.3217440173029899,0.3687475342303514,0.4588663261383772,0.0544409623063998,-0.1917518214010239,-0.058775653676232,-0.4422571008575374,0.9868255959849436,0.8773423555680976,0.3628744018702933,0.0551777827851198,0.1885874921296731,0.1013750960279951,0.0037082616521153,0.0193670427925204,0.1012153115223569,0.0056420172793869,0.0299093618533584,3.883789954617141,0.3575235883616261,0.1564499113201974,rl2,rl2,9,1595.0,folding clothes,"{""short sleeve shirts"",""long sleeve shirts"",shorts}",False,False,False,False,False,False,,True
2025-11-22-23-48-44-070000,2754.0,91.8,0.0,0.0,0.0,0.0,0.0,0.0,0.0,0.0,0.0,0.0,0.0,0.0,0.0,0.0,51.44184598628259,0.5605722410419461,0.1801553183487778,64.16194081219501,0.6991856971906468,0.1740049629573589,0.6298789691162964,115.6037867984776,0.0,91.8,4.530446639792155,51.44184598628259,0.5605722410419461,1.0499687840310532,1.233766524723482,40.08781376667669,0.5432359054684639,0.3769785929471254,0.7258107624948025,0.1486375574582661,-0.5184142960123204,-0.3424356621355305,-0.7303943701207465,0.9949146385760989,64.16194081219501,0.6991856971906468,1.130399314255418,1.503748557697981,45.860470734742705,0.4984727352857589,0.5016306973993778,0.7167239468544722,0.1792162680490621,-0.1706250201521499,0.0986537703881863,-0.7283541717091081,0.9963675989829276,0.8639060071442058,0.5716986290200776,0.0905089585003692,0.2860179736975987,0.1017683479554535,0.0047417451162692,0.0259371359914475,0.1031206671321857,0.0060052572458455,0.0270253157333112,14.614525250350107,0.450694330607134,0.3045975572445851,rl2,liMUt-8vcABzgMW2,1,2754.0,"In this task, the collector will sit or stand in front of a table which has a piece of clothing placed horizontally with the collar/waist facing the collector's right. The clothing will be placed with the backside facing the collector. The collector will fold using the following strategy.","{""short sleeve shirts"",""long sleeve shirts"",shorts}",False,False,False,False,False,False,,True
2025-11-22-23-48-44-089000,2994.0,99.8,0.0,0.0,0.0,0.0,0.0,0.0,0.0,0.0,0.0,0.0,0.0,0.0,0.0,0.0,55.69994270932487,0.5583021320680743,0.4039193151770362,67.82116112454932,0.6797978061264548,0.1326952017536318,0.6190499690972646,123.5211038338742,0.0,99.8,4.613138355637268,55.69994270932487,0.5583021320680743,1.1794382601497204,1.0821723388039557,47.575589838038475,0.5400188192725182,0.3121515288949013,0.8813716694712639,0.1485707952278079,0.0541196989493398,-0.3744515210935073,-0.7740940371131352,0.9939859672569328,67.82116112454932,0.6797978061264548,0.9226651842081376,1.5588363926086894,39.670009446243625,0.3407607050612569,0.3474133685231209,0.8323719780892134,0.0985402104662708,-0.1612252866320185,-0.0455710220016173,-0.730918274407257,0.99164717674574,0.6290991000239028,0.4031176934333141,0.0636954644484761,0.2061425131982186,0.1023859429374669,0.0027209187126268,0.0252826928413289,0.1011439066064728,0.0060059474564136,0.0327628717446156,11.652733016373713,0.3875179853446923,0.2265796623811787,rl2,liMUt-8vcABzgMW2,14,2994.0,"In this task, the collector will sit or stand in front of a table which has a piece of clothing placed horizontally with the collar/waist facing the collector's right. The clothing will be placed with the backside facing the collector. The collector will fold using the following strategy.","{""short sleeve shirts"",""long sleeve shirts"",shorts}",False,False,False,False,False,False,,True
2025-11-22-23-48-44-122000,1763.0,58.766666666666666,0.0,0.0,0.0,0.0,0.0,0.0,0.0,0.0,0.0,0.0,0.0,0.0,0.0,0.0,33.99811457447892,0.5788555262397092,0.2495516826266957,49.429209642890505,0.841586997325037,0.2794221530794397,0.710221261782373,83.42732421736943,0.0,58.766666666666666,4.090448091942977,33.99811457447892,0.5788555262397092,0.8478316447484974,1.4027652597732312,35.68190088186539,0.4030539318919182,0.3133348952978849,0.4609528053551912,0.0582141269216226,-0.1582596868443526,-0.2602881857289622,-0.298131342434234,0.9948921679909194,49.429209642890505,0.841586997325037,0.9748588807904044,2.110199159507766,43.2464925957152,0.3730659037828445,0.5913746915757656,0.3980180155485868,0.0878114246687959,-0.2135382203329238,0.1765647811456388,-0.3259283669633126,0.9954597048808173,0.7844186704131391,0.4504900934690886,0.1105773158341104,0.1516779408990248,0.1035826240308205,0.0038818017953201,0.0210060164729493,0.104594400594871,0.0045465847907891,0.0233289168220704,4.597083848405264,0.1517406292624236,0.1816854457057988,rl2,4OOitkcdBEpTp3V5,3,1763.0,"In this task, the collector will sit or stand in front of a table which has a piece of clothing placed horizontally with the collar/waist facing the collector's right. The clothing will be placed with the backside facing the collector. The collector will fold using the following strategy.","{""short sleeve shirts"",""long sleeve shirts"",shorts}",False,False,False,False,False,False,,True
2025-11-23-19-41-59-700000,3584.0,119.46666666666668,0.0,0.0,0.0,0.0,0.0,0.0,0.0,0.0,0.0,0.0,0.0,0.0,0.0,0.0,54.057394342161835,0.4526156378076625,0.3654534140413646,71.0771178158383,0.5951196021421014,0.7919607569171944,0.523867619974882,125.13451215800016,0.0,119.46666666666668,4.791373089490018,54.057394342161835,0.4526156378076625,0.6486131803979536,1.4044754817770009,24.322957461757785,0.3449729681015014,0.4972043130546808,0.6516249775886536,0.1117680504411262,0.372424897845901,-0.3387796197400478,-0.6146133193703592,0.9829751604800446,71.0771178158383,0.5951196021421014,0.8886228928807679,1.5685925754704133,36.7911540017349,0.5529552735388279,0.765361376106739,0.6182472705841064,0.2616488039466617,0.0323631081942689,-0.3032362767771701,-0.6660594920197452,0.985766117778398,0.6772245704879487,0.3623127876958361,0.0792634490277671,0.0304803770278736,0.1016809743340265,0.0061161924112538,0.0296698159895386,0.1015482699360124,0.0071097550667763,0.0278372023825885,12.856900038270846,0.5229828759510303,0.2374253902118787,rl2,VROAuSISD7m-3qs6,7,3584.0,fold clothes,"{shorts,t-shrits,long-sleeve-shirts}",False,False,False,False,False,False,,True
2025-11-23-19-42-15-896000,2839.0,94.63333333333334,0.0,0.0,0.0,0.0,0.0,0.0,0.0,0.0,0.0,0.0,0.0,0.0,0.0,0.0,38.364781890976275,0.4055473772830472,0.4102014217542681,63.56755301311942,0.6719614483416431,0.6372875640649919,0.538754412812345,101.9323349040957,0.0,94.63333333333334,4.5605214343192095,38.364781890976275,0.4055473772830472,0.983830417744887,0.9099103141093596,39.00815097558061,1.1789634749293327,0.7542738206684589,0.7523106746375561,0.6690007569942655,0.3341756753817689,-0.2320327382029879,-0.7350908797227735,0.9950669485553206,63.56755301311942,0.6719614483416431,1.0471738259710996,1.715070878352027,43.43971659545497,0.994860865175724,0.799204558134079,0.8723459579050541,0.6935999490828957,-0.0421714416979646,-0.3227762257086206,-0.7737717952798394,0.996124031007752,0.7584503230911751,0.4185589077213651,0.1197603679375921,0.0683822823797956,0.1027176724206947,0.0050603624078308,0.0247504566078861,0.1004246627039673,0.0063132254145841,0.0305145763666625,16.218230924431573,1.1258698659500233,0.2196236870492475,rl2,VROAuSISD7m-3qs6,7,2839.0,fold clothes,"{shorts,t-shrits,long-sleeve-shirts}",False,False,False,False,False,False,,True
2025-11-23-19-42-30-541000,2359.0,78.63333333333334,0.0,0.0,0.0,0.0,0.0,0.0,0.0,0.0,0.0,0.0,0.0,0.0,0.0,0.0,30.244910853018297,0.3847953034735152,1.0921050497350533,42.8971691062792,0.545765510258005,0.9761072876262682,0.4652804068657601,73.14207995929749,0.0,78.63333333333334,4.377432765663654,30.244910853018297,0.3847953034735152,0.8260835626473646,0.9312311513623336,31.74879057954801,0.4426403678953647,1.0138697624206543,0.8597567221149802,0.3858413506143254,-0.0175950360946726,-0.5132563263051537,-0.671001029210327,0.9936386768447836,42.8971691062792,0.545765510258005,0.8979997846190381,1.23662208468544,35.95559312091004,0.792732086032629,1.102355882525444,0.8049919717013836,0.7034606513228918,-0.2934940693755494,-0.1189610985517418,-0.6986505393429978,0.993214588634436,0.8253685525086644,0.5014610280930701,0.1231995303032219,0.1516418496098948,0.101585000554852,0.0057960051870677,0.0241541520087543,0.1003023556771885,0.0079902613503784,0.0311353335622315,11.906223593655245,0.9080037468625592,0.2159666164858731,rl2,VROAuSISD7m-3qs6,7,2359.0,fold clothes,"{shorts,t-shrits,long-sleeve-shirts}",False,False,False,False,False,False,,True
2025-11-23-19-42-41-832000,3510.0,117.0,0.0,0.0,0.0,0.0,0.0,0.0,0.0,0.0,0.0,0.0,0.0,0.0,0.0,0.0,38.90086570724926,0.3325807840460181,0.4388370316839204,56.453664315721454,0.4826474578146605,0.4208145444898996,0.4076141209303393,95.35453002297072,0.0,117.0,4.770684624465665,38.90086570724926,0.3325807840460181,0.5614644769426358,0.8563887177300188,16.878877756606563,0.4422110803425312,0.1825745776295662,0.6167360600084066,0.0497931116592217,-0.0113326677895997,-0.4056026788263919,-0.619741045333912,0.9766315189512682,56.453664315721454,0.4826474578146605,0.724640255535973,1.2220103396410698,25.217330980619383,0.4329733811318874,0.5241736061871052,0.6317372471094131,0.1433748015226173,-0.1969226933853897,-0.0893952860061241,-0.644797307417391,0.987175833570818,0.786096124191403,0.374480942904343,0.0644789209345679,0.1497386487989532,0.1030111960500543,0.0047249285285396,0.0288870614056314,0.1010138849708733,0.0069635518942829,0.0330870655054248,10.729657077067852,0.3015569850667184,0.1912227423568201,rl2,VROAuSISD7m-3qs6,6,3510.0,fold clothes,"{shorts,t-shrits,long-sleeve-shirts}",False,False,False,False,False,False,,True
2025-11-23-19-42-53-057000,3521.0,117.36666666666666,0.0,0.0,0.0,0.0,0.0,0.0,0.0,0.0,0.0,0.0,0.0,0.0,0.0,0.0,36.51796492483833,0.3112326556094175,0.3603972790232769,54.17023620971956,0.4616781495146553,0.3858420029816753,0.3864554025620365,90.68820113455789,0.0,117.36666666666666,4.773787151280932,36.51796492483833,0.3112326556094175,0.5407883650786784,0.7985693460632309,15.997270142886071,0.1700768917798996,0.2736037261784076,0.4528041705489158,0.0210706404481904,0.4060321826232796,-0.2974712265524732,-0.6182899276263858,0.969318181818182,54.17023620971956,0.4616781495146553,0.6146613802162482,1.1844384949563436,22.144513041731976,0.3713234979659319,0.2999465903267264,0.487582691013813,0.0543056032424983,0.0755437348478094,-0.2540136807278387,-0.6448517928999769,0.9738636363636364,0.7656566692178638,0.341717295076014,0.0597362240959808,0.1577161691293844,0.1022868724037145,0.0055839080112049,0.0286180935523243,0.0995943875035057,0.0075941552377126,0.0329942144658507,10.028504913360376,0.2773353772529897,0.1911409883470919,rl2,VROAuSISD7m-3qs6,6,3521.0,fold clothes,"{shorts,t-shrits,long-sleeve-shirts}",False,False,False,False,False,False,,True
2025-11-23-19-43-04-853000,3271.0,109.03333333333332,0.0,0.0,0.0,0.0,0.0,0.0,0.0,0.0,0.0,0.0,0.0,0.0,0.0,0.0,52.66016286086898,0.4831207601914585,0.385465193303785,70.77513370570247,0.6493131532633254,0.3702435436229401,0.5662169567273919,123.43529656657144,0.0,109.03333333333332,4.700783350191037,52.66016286086898,0.4831207601914585,0.8308354330659529,1.4340784570360774,30.973799715900512,0.2611124217510223,0.468744870275259,0.5771676395088434,0.070642495722397,0.5468956380786425,-0.0722202251174185,-0.5651187503824847,0.9883792048929664,70.77513370570247,0.6493131532633254,1.121845467254517,1.6352080040701331,44.96727922908325,0.6784952245652676,0.4333191039040684,0.6161785237491131,0.1811595315751065,0.2404205675078291,-0.2221392806626808,-0.6004200563215127,0.9889908256880734,0.7474578452787115,0.3591672084888008,0.0803073881030898,0.0888184846493366,0.1022716236128215,0.0069345578222346,0.030084591144145,0.1012753749882669,0.0083866435938844,0.0324659377690185,14.02190730502496,0.4342484398986125,0.2653062414710658,rl2,VROAuSISD7m-3qs6,6,3271.0,fold clothes,"{shorts,t-shrits,long-sleeve-shirts}",False,False,False,False,False,False,,True
2025-11-23-19-43-18-340000,2999.0,99.96666666666668,0.0,0.0,0.0,0.0,0.0,0.0,0.0,0.0,0.0,0.0,0.0,0.0,0.0,0.0,40.077636164755006,0.4010437241303036,0.2478447844917141,70.07886695302537,0.7012561736460178,0.4246525911411211,0.5511499488881607,110.15650311778036,0.0,99.96666666666668,4.614790429365082,40.077636164755006,0.4010437241303036,0.7086115554090365,1.0185237026138894,24.768690639650043,0.2493733838200569,0.5563519839197397,0.656499620527029,0.0910823482378132,0.4916537386719566,-0.3198625171484401,-0.5999587817808844,0.9956637758505672,70.07886695302537,0.7012561736460178,1.0337859509519376,1.8503361808446388,42.97891094898766,0.5729540698230267,0.7388387322425842,0.6998246386647224,0.2962502269309525,0.1196087730696618,-0.3227684486389692,-0.6320743243290449,0.99866577718479,0.7254631597541817,0.4045847053802875,0.1200741324742251,0.1454737101548197,0.103689632620866,0.0052750869287455,0.0335129095127187,0.1004308364515607,0.0065850292554242,0.0307684532531918,14.018911689354436,0.4982106102353612,0.2172359093865024,rl2,VROAuSISD7m-3qs6,6,2999.0,fold clothes,"{shorts,t-shrits,long-sleeve-shirts}",False,False,False,False,False,False,,True
2025-11-23-19-43-46-578000,2907.0,96.9,0.0,0.0,0.0,0.0,0.0,0.0,0.0,0.0,0.0,0.0,0.0,0.0,0.0,0.0,41.26941352554351,0.4260434981990039,0.1084246631115384,54.562748653519805,0.5632768271182361,0.100209675169044,0.49466016265862,95.83216217906332,0.0,96.9,4.583946549536464,41.26941352554351,0.4260434981990039,0.926354966894872,1.0010639642628345,34.592105966777524,0.8355324696749449,0.5278850076720119,0.5789135452359915,0.2553385399752532,0.373441491097258,-0.3055510097191296,-0.4472491300649144,0.9845147969717826,54.562748653519805,0.5632768271182361,1.057652952729067,1.3735292042835794,43.01959356328824,0.6761203110218048,0.4515262264758348,0.5376777332276106,0.1641455127906342,-0.0959497017809614,-0.3371578071914846,-0.453578207579047,0.9862353750860288,0.7657769444794454,0.4941209803554585,0.1245288374829134,0.1139471223308476,0.1015408669181171,0.0062546692932433,0.0322098021915559,0.1001360208844107,0.0089887654894058,0.0352019539891799,9.924716554851855,0.3900336169200297,0.1880396236466474,rl2,VROAuSISD7m-3qs6,3,2907.0,fold clothes,"{shorts,t-shrits,long-sleeve-shirts}",False,False,False,False,False,False,,True
2025-11-23-19-44-09-197000,3135.0,104.5,0.0,0.0,0.0,0.0,0.0,0.0,0.0,0.0,0.0,0.0,0.0,0.0,0.0,0.0,49.53304981002543,0.474151721219133,0.3826320158934381,63.92170370074884,0.6118861234915334,0.2315491179876274,0.5430189223553332,113.45475351077428,0.0,104.5,4.658710952916121,49.53304981002543,0.474151721219133,0.6783946433252002,1.3375882402453776,25.139226885153143,0.5644026733934879,0.3216678015887737,0.3557952754199505,0.0645946917276963,-0.0532983673219546,-0.3419228328602831,-0.4262661301348198,0.9917038927887684,63.92170370074884,0.6118861234915334,1.0376040210046356,1.479177945127173,42.855856241104576,0.5052008582279086,0.7079069092869759,0.3289785720407963,0.1176543102085675,-0.2741021711857576,-0.1018849600631553,-0.4469438072347469,0.9907466496490108,0.7203344496435315,0.3373244222965653,0.0685208164320326,0.1639988454686538,0.1017229550729231,0.0052879070746006,0.0303781126502998,0.1011637087577434,0.0069636012419058,0.0319363058914194,12.98076037938458,0.3511096706899247,0.3057386573251527,rl2,VROAuSISD7m-3qs6,3,3135.0,fold clothes,"{shorts,t-shrits,long-sleeve-shirts}",False,False,False,False,False,False,,True
2025-11-23-19-44-25-710000,3145.0,104.83333333333331,0.0,0.0,0.0,0.0,0.0,0.0,0.0,0.0,0.0,0.0,0.0,0.0,0.0,0.0,49.19147944470899,0.4693843458464598,0.6246772100326353,69.70429272150349,0.6651172969609113,0.6330342062126292,0.5672508214036855,118.89577216621248,0.0,104.83333333333331,4.661865529664636,49.19147944470899,0.4693843458464598,0.9648062162902452,1.3021078283606606,38.92182258676695,0.7372111678123474,0.4665695540606975,0.4719677902758121,0.1623381760386351,0.215629355528574,-0.3231253690680041,-0.4437438774273534,0.9831424936386768,69.70429272150349,0.6651172969609113,1.3548192583495118,1.553614617837079,57.08959463711053,0.5446221120655537,0.6083491370081902,0.4675699807703495,0.1549154692557879,-0.1655301792224327,-0.2509783648621492,-0.4451033156104563,0.98441475826972,0.7673142094106593,0.4052652670056516,0.0988454388152497,0.1420764451529859,0.1021846720155982,0.00502549900694,0.0314852150522724,0.0998352337701364,0.007445861221437,0.030383329362865,13.451388230661824,0.3350903063951779,0.2846554718420646,rl2,VROAuSISD7m-3qs6,3,3145.0,fold clothes,"{shorts,t-shrits,long-sleeve-shirts}",False,False,False,False,False,False,,True
2025-11-23-19-44-41-638000,3161.0,105.36666666666666,0.0,0.0,0.0,0.0,0.0,0.0,0.0,0.0,0.0,0.0,0.0,0.0,0.0,0.0,38.33075095029881,0.3638995343382797,0.2968431303981905,69.0900352527351,0.6559180561968522,0.3494213164192642,0.5099087952675659,107.42078620303391,0.0,105.36666666666666,4.666892244616088,38.33075095029881,0.3638995343382797,0.7634548471006625,0.8645532568644986,30.16288639330331,0.4872103184461593,0.3895687833428383,0.4930425006896257,0.0935804186906088,0.0914563424210572,-0.4356540586069881,-0.4504171426253902,0.9876582278481012,69.0900352527351,0.6559180561968522,1.2195780200985646,1.6875312729582284,51.93571046931387,0.6182669531553984,0.5453923866152763,0.51940375007689,0.1751419520215979,-0.2479548167198076,-0.2706123724462254,-0.4656700448506346,0.9873417721518988,0.8144743315648233,0.4041145653399198,0.1409898472919744,0.0502079014177372,0.1020290129630707,0.0053022097096164,0.032991111682633,0.0995243239500357,0.0068792587644905,0.0345386568905745,10.233754685862952,0.3365095522743785,0.1797005836939887,rl2,VROAuSISD7m-3qs6,3,3161.0,fold clothes,"{shorts,t-shrits,long-sleeve-shirts}",False,False,False,False,False,False,,True
2025-11-23-19-44-54-068000,3403.0,113.43333333333334,0.0,0.0,0.0,0.0,0.0,0.0,0.0,0.0,0.0,0.0,0.0,0.0,0.0,0.0,43.250559924068,0.3813982356619753,0.4495515342996554,70.71804845968742,0.6236159476162912,0.3645208619497527,0.5025070916391332,113.96860838375542,0.0,113.43333333333334,4.739992411795536,43.250559924068,0.3813982356619753,0.6437844457107372,0.882053251041498,22.64238911805768,0.5506812036037445,0.3632835187017917,0.5494455918669701,0.1099184616955041,0.101141266578706,-0.413364154928455,-0.6675842303148866,0.9961787184009406,70.71804845968742,0.6236159476162912,0.8298512264632836,1.5456893548346238,32.84745515028417,0.6137557234615088,0.5764830447733402,0.6400864832103252,0.2264752511226502,-0.1843374781352978,-0.161621747596732,-0.7289198235765454,0.9970605526161082,0.7519279771879976,0.4163537317220857,0.1182349387612028,0.1786879739601621,0.1026449498110421,0.0054756373163882,0.0255712191921723,0.0986702406399838,0.0071087899911531,0.0285091555533738,20.48017028823764,0.722102950704992,0.2231604137836345,rl2,VROAuSISD7m-3qs6,5,3403.0,fold clothes,"{shorts,t-shrits,long-sleeve-shirts}",False,False,False,False,False,False,,True
2025-11-23-19-45-07-808000,2660.0,88.66666666666667,0.0,0.0,0.0,0.0,0.0,0.0,0.0,0.0,0.0,0.0,0.0,0.0,0.0,0.0,37.633885412062384,0.4246019414674206,0.0873777508469085,43.5329797642819,0.4911581018911082,0.1118401311597118,0.4578800216792644,81.16686517634429,0.0,88.66666666666667,4.496099090933729,37.633885412062384,0.4246019414674206,0.6425249356107582,1.1245761402627186,20.421920495429983,0.4148710295557976,0.3059066869318485,0.3502120673656463,0.0444460516101905,-0.0186489839540948,-0.3109103847519123,-0.747652404839383,0.9808198570891312,43.5329797642819,0.4911581018911082,0.701249720238264,1.1331552404037215,23.340167781948004,0.3314374219626188,0.4201310165226459,0.2659253031015396,0.0370293381771924,-0.2468300555923715,-0.1200599494385813,-0.7960341244487834,0.98307634449041,0.8025851885851892,0.3140523643090216,0.0517700309653997,0.1811311622818202,0.1017867093122705,0.0063079971472336,0.027783348738879,0.1002542516969392,0.0081321385841454,0.0311450185821834,10.366601637642049,0.3436624314256195,0.2381108302084859,rl2,VROAuSISD7m-3qs6,5,2660.0,fold clothes,"{shorts,t-shrits,long-sleeve-shirts}",False,False,False,False,False,False,,True
2025-11-23-19-45-26-311000,2687.0,89.56666666666666,0.0,0.0,0.0,0.0,0.0,0.0,0.0,0.0,0.0,0.0,0.0,0.0,0.0,0.0,34.11433077745175,0.3810237987057158,0.539454518113001,46.131382543798,0.5152425451652792,0.5867314118124302,0.4481331719354975,80.24571332124975,0.0,89.56666666666666,4.506086227764192,34.11433077745175,0.3810237987057158,0.776990777057341,0.8898797113175734,29.185305972631102,0.371089294552803,0.7719785757362843,0.6315308585762978,0.180916530226396,0.3455145377520184,-0.1806117768557901,-0.7147865951460536,0.990692479523455,46.131382543798,0.5152425451652792,1.0225453825123192,1.1535215340575236,41.24123149297566,0.7600834965705872,0.5109065640717745,0.6680635623633862,0.2594302239011817,-0.1060974233491595,-0.3316970877023569,-0.7452124459360517,0.994415487714073,0.8001249648606019,0.4957741733263127,0.1227690717282018,0.178611511194849,0.0999931591082693,0.0069391333535455,0.031095308654971,0.0991432307309432,0.0075423458469155,0.03103329596984,12.754259973068944,0.838555364220376,0.2009311670524504,rl2,VROAuSISD7m-3qs6,5,2687.0,fold clothes,"{shorts,t-shrits,long-sleeve-shirts}",False,False,False,False,False,False,,True
2025-11-23-19-45-45-117000,2530.0,84.33333333333333,0.0,0.0,0.0,0.0,0.0,0.0,0.0,0.0,0.0,0.0,0.0,0.0,0.0,0.0,29.052944997503005,0.3446375444543654,0.2612925762332256,51.16995538447988,0.6069982845134031,0.258856038729535,0.4758179144838843,80.22290038198288,0.0,84.33333333333333,4.446565155811452,29.052944997503005,0.3446375444543654,0.6461753096765718,0.7984816199120184,22.26077948060844,0.3473816774785518,0.5264549236744642,0.4951351061463356,0.0905507015983088,0.3054791104092664,-0.2369288835713406,-0.6833720481825676,0.9960458679319888,51.16995538447988,0.6069982845134031,0.8755362932019793,1.5666946301727669,35.97801574482593,0.6427439972758293,0.5815590280108154,0.5240751728415489,0.1958959320664651,-0.0824343800316509,-0.2628934763172244,-0.7315895539969794,0.9988137603795968,0.768714488828955,0.4206296949023206,0.1268399977420878,0.1544933826514478,0.1032086212136706,0.0066835837557972,0.030261965352639,0.0989421657025775,0.0080483641983461,0.0337858529498847,14.164716553076236,0.6771245015695354,0.1933371697521661,rl2,VROAuSISD7m-3qs6,5,2530.0,fold clothes,"{shorts,t-shrits,long-sleeve-shirts}",False,False,False,False,False,False,,True
2025-11-24-20-22-59-483000,3214.0,107.13333333333334,0.0,0.0,0.0,0.0,0.0,0.0,0.0,0.0,0.0,0.0,0.0,0.0,0.0,0.0,46.60030852337461,0.4351102569876248,0.4085608108699595,63.910352501133566,0.5967353174709016,0.4466037875218304,0.5159227872292631,110.51066102450818,0.0,107.13333333333334,4.683365033573148,46.60030852337461,0.4351102569876248,0.7533454495402123,1.3786093243127973,27.25471785413291,0.500677403062582,0.3239227570593357,0.7897985018789768,0.1280901566624658,-0.065540574906555,-0.3366031779246387,-0.6977113862895751,0.980080921257392,63.910352501133566,0.5967353174709016,0.9286885425231054,1.594316475834109,37.56013357371968,0.4830348249524832,0.5742518361657858,0.6954517066478729,0.1929069224688961,-0.3200775730251505,-0.0618226232897502,-0.7332116655875566,0.9838157485216308,0.7643322124276853,0.3901774690969253,0.0827147259403083,0.1062807695911123,0.1047115925121963,0.0067584332421084,0.0297588156326482,0.1007494922481124,0.0093259083604913,0.0337784414479701,12.32124419204542,0.4189026060144033,0.2486255682889673,rl2,VROAuSISD7m-3qs6,1,3214.0,fold clothes,"{shorts,t-shrits,long-sleeve-shirts}",False,False,False,False,False,False,,True
2025-11-24-20-23-14-893000,3829.0,127.63333333333334,0.0,0.0,0.0,0.0,0.0,0.0,0.0,0.0,0.0,0.0,0.0,0.0,0.0,0.0,43.46758739335854,0.3406550736156625,0.1430380044078746,72.29517485046918,0.5665766054112006,0.0548504905688891,0.4536158395134315,115.76276224382772,0.0,127.63333333333334,4.856965979875463,43.46758739335854,0.3406550736156625,1.1437143984573497,0.7920300041242029,46.9282158897936,1.290348380804062,0.7231921819038689,0.4284382276237011,0.399805641288625,-0.0918509409302973,-0.4163779376578337,-0.4840359589550522,0.9793625914315568,72.29517485046918,0.5665766054112006,1.3530247347306006,1.4466396653167843,57.39447457588271,1.152234248816967,0.5769007988274097,0.4346660636365413,0.2889333376798074,-0.4207542085361935,-0.2053956099992973,-0.5007526157406827,0.9791013584117032,0.9046545172129732,0.4219736115437951,0.1335896940160309,0.0332315092351708,0.1065869295959458,0.0067461085192009,0.0297688604157491,0.1007324614175396,0.0088108688503056,0.0320892270499779,11.91404967277814,0.5771972095667173,0.1635367044054863,rl2,VROAuSISD7m-3qs6,1,3829.0,fold clothes,"{shorts,t-shrits,long-sleeve-shirts}",False,False,False,False,False,False,,True
2025-11-24-20-23-30-277000,3592.0,119.73333333333332,0.0,0.0,0.0,0.0,0.0,0.0,0.0,0.0,0.0,0.0,0.0,0.0,0.0,0.0,65.13853393194421,0.5441815700245966,0.6128437553882515,88.02068190145062,0.7353440426186351,1.019397406767626,0.6397628063216159,153.15921583339482,0.0,119.73333333333332,4.7935842567812035,65.13853393194421,0.5441815700245966,1.5939415242087356,1.397169413122049,64.68234386756053,1.1860212236642838,0.553667051717639,0.5912904012948275,0.3882772718089481,-0.2508539578035776,-0.2453178636302428,-0.4357519593794534,0.9713171818434976,88.02068190145062,0.7353440426186351,2.037471113788352,1.5794373905007957,85.27587336353284,0.9152439683675766,1.3571138381958008,0.5323555376380682,0.661233625387397,-0.3460393912972517,0.1058900756419186,-0.4365359874963885,0.984126984126984,0.9196430748068454,0.4205221655390635,0.0974184272729942,0.1412671637806843,0.106101190099371,0.0076090827539517,0.0303508443399878,0.1005114192073676,0.0095199167253738,0.035158648416204,16.2929783121602,0.6624597292855029,0.3142735138572906,rl2,VROAuSISD7m-3qs6,1,3592.0,fold clothes,"{shorts,t-shrits,long-sleeve-shirts}",False,False,False,False,False,False,,True
2025-11-24-20-23-46-303000,3772.0,125.73333333333332,0.0,0.0,0.0,0.0,0.0,0.0,0.0,0.0,0.0,0.0,0.0,0.0,0.0,0.0,68.488762180593,0.544858887673771,0.1598717736603001,84.33568616917367,0.6709282909242138,0.3528504703377796,0.6078935892989924,152.82444834976667,0.0,125.73333333333332,4.842085141386219,68.488762180593,0.544858887673771,0.7575408232150171,1.5984819974606477,26.14783789981653,1.0282288119196892,1.3738165944814682,1.0316344648599625,1.4572845803545167,-0.0065411987730765,-0.3901811019329957,-0.5608058794382328,0.9899230973216654,84.33568616917367,0.6709282909242138,0.8281749825409599,1.763553675514381,32.79925820309616,1.2101859971880913,1.2214780151844025,1.3565036114305258,2.005204786103435,-0.2946245671677502,-0.1886488919785979,-0.5946884080080312,0.9917793688676744,0.72688425371115,0.3897604418902232,0.0936723591829246,0.0121067596606775,0.1034465268204703,0.0063837122186768,0.03382522330778,0.1011171274239935,0.0087092071875258,0.0340535961504889,22.543210623052445,1.6714939793408643,0.3118339146369633,rl2,VROAuSISD7m-3qs6,2,3772.0,fold clothes,"{shorts,t-shrits,long-sleeve-shirts}",False,False,False,False,False,False,,True
2025-11-24-20-24-01-320000,2384.0,79.46666666666667,0.0,0.0,0.0,0.0,0.0,0.0,0.0,0.0,0.0,0.0,0.0,0.0,0.0,0.0,37.874185009027016,0.4768046790897233,0.502531293811925,54.47856641018931,0.6858401142701132,0.4195554968054023,0.5813223966799183,92.35275141921632,0.0,79.46666666666667,4.387843019995321,37.874185009027016,0.4768046790897233,1.1561268732904988,1.1255510484013218,45.15787110856557,0.6459798589348793,0.984034799039364,0.738410759717226,0.4693831018325869,0.0252242137899859,-0.3534738032550444,-0.6212735002174435,0.9895090222408728,54.47856641018931,0.6858401142701132,1.542205539062277,1.5784788655573776,62.99504095804672,0.8599259927868843,1.1571844518184662,0.8825096059590578,0.8781791212333618,-0.3230980859665847,0.0193920648688672,-0.6437390739085105,0.9962232480067142,0.8344740071219156,0.5323037200263221,0.1359947149551425,0.0361393141080025,0.102872172660361,0.0073792550848672,0.0324019693668174,0.0999171318913879,0.0097090811124048,0.0306217077500414,13.918482442324926,0.56987708151541,0.2691432809482761,rl2,VROAuSISD7m-3qs6,2,2384.0,fold clothes,"{shorts,t-shrits,long-sleeve-shirts}",False,False,False,False,False,False,,True
2025-11-24-20-24-16-462000,3310.0,110.33333333333331,0.0,0.0,0.0,0.0,0.0,0.0,0.0,0.0,0.0,0.0,0.0,0.0,0.0,0.0,37.343022683551126,0.3385586825344617,0.1433991987154186,61.63389395848859,0.5587841700678929,0.1466357376897449,0.4486714263011773,98.97691664203973,0.0,110.33333333333331,4.712528704308591,37.343022683551126,0.3385586825344617,0.6629020240828661,0.913105318132835,23.590152720003616,0.2422251254320144,0.3509918376803398,0.7250059321522713,0.0616393097290093,0.1603607654318303,-0.2741538786945521,-0.697662059492305,0.9821698398307646,61.63389395848859,0.5587841700678929,0.9531812347204176,1.4968692604656637,39.14930597054213,0.7131669819355011,0.6453600568929687,0.8847733391448855,0.4072164728303147,-0.1743919384744569,-0.2278048018860177,-0.7413334261436083,0.9900271985494108,0.7163365330768442,0.3625742575930245,0.0818091526255975,0.1715655234030962,0.1031624023205034,0.0055585302587356,0.0317923436938778,0.0986307790730914,0.0075713436201402,0.0323274075244753,10.905567107383,0.4136600673586056,0.1807157601562606,rl2,VROAuSISD7m-3qs6,2,3310.0,fold clothes,"{shorts,t-shrits,long-sleeve-shirts}",False,False,False,False,False,False,,True
2025-11-24-20-24-32-080000,3457.0,115.23333333333332,0.0,0.0,0.0,0.0,0.0,0.0,0.0,0.0,0.0,0.0,0.0,0.0,0.0,0.0,59.41922065005817,0.515791845920644,0.3146343596273288,72.68773207915737,0.6309698965204632,0.3285965740398833,0.5733808712205536,132.10695272921555,0.0,115.23333333333332,4.755599665013496,59.41922065005817,0.515791845920644,0.9616976466828626,1.5904473087140496,36.58357551792019,0.5816214047372341,0.7027801275253296,0.6266902014613152,0.2561608512889803,0.0452507366540784,-0.3277254773137915,-0.6065192607710704,0.9864004629629628,72.68773207915737,0.6309698965204632,1.1386335384645578,1.5883135477495056,45.87174654685905,0.460028238594532,0.9587634056806564,0.6947039440274239,0.3064048993907699,-0.213910518450372,-0.0334893642631717,-0.6572362817877767,0.9904513888888888,0.7877947977169075,0.4183767901961053,0.076194398462297,0.1806399894329079,0.1035283452492585,0.0069480736050333,0.0308700596767803,0.1000582122916777,0.0092299298908704,0.0318028865691687,16.64339144368904,0.5199744433516859,0.2753352594474596,rl2,VROAuSISD7m-3qs6,2,3457.0,fold clothes,"{shorts,t-shrits,long-sleeve-shirts}",False,False,False,False,False,False,,True
2025-11-24-20-24-48-557000,3317.0,110.56666666666666,0.0,0.0,0.0,0.0,0.0,0.0,0.0,0.0,0.0,0.0,0.0,0.0,0.0,0.0,56.91120847162256,0.5148782431087686,0.1208086386980315,83.4335419974229,0.7548269782637778,0.1784499291136561,0.6348526106862732,140.3447504690455,0.0,110.56666666666666,4.714622319549171,56.91120847162256,0.5148782431087686,1.0552913880119377,1.2230022812566252,42.56711096015341,1.0754649937152865,0.4900405332446098,0.5500246733427048,0.2898747948339598,-0.0814177181037131,-0.3119574816193334,-0.62881771008545,0.9951749095295536,83.4335419974229,0.7548269782637778,1.0858273271218808,1.8907685616997372,46.14753736034515,0.6076873559504747,0.7375457137823105,0.6986743025481701,0.3131438693984951,-0.2952553329139696,0.017630141151407,-0.6719798496903283,0.9975874547647768,0.6964416400274357,0.4300553808485557,0.127651489189046,0.0512377380346577,0.1051850447602607,0.0069483126155298,0.036115743718382,0.1026482558515675,0.0080895480848137,0.0348324846977245,17.352263677474866,0.6623741933867068,0.2234869343751711,rl2,VROAuSISD7m-3qs6,4,3317.0,fold clothes,"{shorts,t-shrits,long-sleeve-shirts}",False,False,False,False,False,False,,True
2025-11-24-20-25-05-493000,2736.0,91.2,0.0,0.0,0.0,0.0,0.0,0.0,0.0,0.0,0.0,0.0,0.0,0.0,0.0,0.0,50.48521124437784,0.5537683134666673,0.1979306173221933,63.21359688871338,0.6933849750133094,0.1665933405138326,0.6235766442399884,113.69880813309123,0.0,91.2,4.523960130562548,50.48521124437784,0.5537683134666673,1.1051756974142912,1.582115763048786,43.06738252285415,0.8928485363721848,0.6409469321370125,0.7635627668350935,0.4369629423309331,-0.0034895586282183,-0.0295122549576805,-0.6290613912244747,0.993784277879342,63.21359688871338,0.6933849750133094,1.153066557175368,1.734721541603723,47.587431470296,0.5138359870761633,0.8221504390239716,0.7133336588740349,0.3013481482756612,-0.3159301961671387,0.2044465679527523,-0.6656205451649706,0.9959780621572212,0.832415334787032,0.4129522537856577,0.0895213378067984,0.0114724244922664,0.1054870287400723,0.0072631020700117,0.0279450584814476,0.1011509728564051,0.0097795352879745,0.0339929636751116,13.334177939758952,0.4481479418738842,0.2981058166004837,rl2,VROAuSISD7m-3qs6,4,2736.0,fold clothes,"{shorts,t-shrits,long-sleeve-shirts}",False,False,False,False,False,False,,True
2025-11-24-20-25-22-940000,3237.0,107.9,0.0,0.0,0.0,0.0,0.0,0.0,0.0,0.0,0.0,0.0,0.0,0.0,0.0,0.0,56.3357265911052,0.5222718781622856,0.1920722236319917,73.12583393318795,0.677928003088887,0.1890238698786149,0.6000999406255862,129.46156052429313,0.0,107.9,4.690430029938915,56.3357265911052,0.5222718781622856,1.117561843011966,1.3072117651560582,42.927263228919216,0.9771768376231194,0.4541095979511738,0.574127659201622,0.2547664967948185,0.0687247918973609,0.0548277089407989,-0.6856301294171887,0.9916563658838072,73.12583393318795,0.677928003088887,1.3670169471453792,1.6113224157132906,55.592630624393216,0.664239227771759,0.7289849892258644,0.6070951819419861,0.2939678878049841,0.3240039336573071,-0.3210980096769664,-0.7257300449174461,0.996600741656366,0.8552652396943372,0.4744314586348506,0.1131512879706967,0.0300624511998102,0.1060999347515289,0.0079815665298931,0.0332050127583819,0.1035638999944432,0.0082340811506044,0.0336768192615899,15.519412760999575,0.6107390393952316,0.2420044716060173,rl2,VROAuSISD7m-3qs6,4,3237.0,fold clothes,"{shorts,t-shrits,long-sleeve-shirts}",False,False,False,False,False,False,,True
2025-11-24-20-25-32-091000,1589.0,52.96666666666667,0.0,0.0,0.0,0.0,0.0,0.0,0.0,0.0,0.0,0.0,0.0,0.0,0.0,0.0,31.546222505704417,0.5959613823495795,0.1315495289471795,43.93600308200688,0.8300252471411879,0.1049648636855084,0.7129933147453837,75.4822255877113,0.0,52.96666666666667,3.98836657201548,31.546222505704417,0.5959613823495795,1.105452044924495,1.6810824751029152,43.05072994395533,0.7904743105173111,0.4480232242494821,0.5019237250089645,0.1777567134878903,-0.1528736657625365,-0.1928815238929164,-0.6318659400456053,0.9968513853904282,43.93600308200688,0.8300252471411879,1.5765021608464258,1.898592186610424,65.58440991219814,0.4317932110279798,0.7682508751749992,0.5073452666401863,0.1682993684723868,-0.2379985057799845,0.1439292871303076,-0.6749973284177918,0.9937027707808564,0.870382183112481,0.3700177456381791,0.0801840374094972,0.0794191465011824,0.1064323420728967,0.0064191779040516,0.0282622430304575,0.10098350577959,0.009460212349951,0.0335564838881611,8.542217875912218,0.4211091145502615,0.3643132842847399,rl2,VROAuSISD7m-3qs6,4,1589.0,fold clothes,"{shorts,t-shrits,long-sleeve-shirts}",False,False,False,False,False,False,,True
2025-11-24-20-25-48-438000,2508.0,83.6,0.0,0.0,0.0,0.0,0.0,0.0,0.0,0.0,0.0,0.0,0.0,0.0,0.0,0.0,31.0430168296106,0.371476068962233,0.8417442609415119,46.448864989291415,0.5558300557154937,0.8189075256046772,0.4636530623388633,77.49188181890202,0.0,83.6,4.437934266612178,31.0430168296106,0.371476068962233,0.7015984778695626,1.0165215756852406,26.24109349401171,0.728398934006691,0.7070033252239227,0.7091948483139277,0.3652214951944741,-0.4469073125483554,-0.0855386050076293,-0.6912180079047701,0.9824491424012765,46.448864989291415,0.5558300557154937,0.902674350808347,1.382806518778662,37.16021120394467,1.1936587989330292,0.556311393622309,0.734917227178812,0.488018837648828,-0.1644397374993395,0.3097323310412292,-0.7188318864727598,0.9864379736737136,0.7546569063070143,0.5005237398662216,0.1177649249116076,0.1404623288370836,0.1020012268173174,0.0066924168922782,0.0287446996561433,0.1003277477432516,0.0082122902197111,0.032682728574312,9.971341391896926,0.8064313876167944,0.213054793095266,rl2,VROAuSISD7m-3qs6,7,2508.0,fold clothes,"{shorts,t-shrits,long-sleeve-shirts}",False,False,False,False,False,False,,True
2025-11-24-20-26-03-116000,3206.0,106.86666666666666,0.0,0.0,0.0,0.0,0.0,0.0,0.0,0.0,0.0,0.0,0.0,0.0,0.0,0.0,68.19120042929896,0.6382951678249512,0.2524463695607639,86.04595075609332,0.8054223159696722,0.554216611174536,0.7218587418973117,154.2371511853923,0.0,106.86666666666666,4.680895896516227,68.19120042929896,0.6382951678249512,0.9363798067916748,1.7755370134666535,36.17144659303726,0.4983853921294212,0.506773944478482,0.6846440620720387,0.1729196819715248,0.4671053333116169,-0.2343855815802274,-0.5792210629861744,0.9931357254290172,86.04595075609332,0.8054223159696722,1.2418872552957063,1.984953676819081,52.378731458348234,0.6112330500036478,0.4467702177353203,0.7044913787394762,0.1923830149387191,0.0800006532036779,-0.2594249278226494,-0.6226832161530276,0.9946957878315132,0.7835301026586562,0.4064097761045789,0.0770226554008522,0.1140566439504022,0.102934691245124,0.0062498210977394,0.0284930883352124,0.1015611513643909,0.0081272237554556,0.0326376987474999,16.59396965929293,0.4619669707303033,0.3359153776772255,rl2,VROAuSISD7m-3qs6,8,3206.0,fold clothes,"{shorts,t-shrits,long-sleeve-shirts}",False,False,False,False,False,False,,True
2025-11-24-20-26-18-264000,3515.0,117.16666666666669,0.0,0.0,0.0,0.0,0.0,0.0,0.0,0.0,0.0,0.0,0.0,0.0,0.0,0.0,50.389599140911486,0.430190089421555,0.4998023879010201,78.08124058408615,0.6666013709512193,0.3767291288074827,0.5483957301863871,128.47083972499763,0.0,117.16666666666669,4.772096057304073,50.389599140911486,0.430190089421555,0.7829572648235144,1.045513398734434,28.440912860527312,0.6845314502716064,0.3612478338181972,0.70347685739398,0.1739596289453173,-1.8458904002672576,-0.3564357919308488,-0.7340011816498311,0.9926010244735344,78.08124058408615,0.6666013709512193,1.1215115566180998,1.6091771124925316,46.060373255455886,0.6961369216442108,0.6504342276602983,0.6158559396862984,0.2788541998269108,-2.0720097938353783,-0.1177521981453229,-0.7869669140773596,0.995731360273193,0.8083315868219458,0.3531904410887355,0.0684195670735211,0.1635104489151718,0.1011114879892868,0.0050029997543764,0.0334524668720076,0.0999226489957867,0.0060301390126208,0.031991914279652,15.746589561498958,0.8587710690409683,0.2466205633986205,rl2,VROAuSISD7m-3qs6,8,3515.0,fold clothes,"{shorts,t-shrits,long-sleeve-shirts}",False,False,False,False,False,False,,True
2025-11-24-20-26-32-162000,3117.0,103.9,0.0,0.0,0.0,0.0,0.0,0.0,0.0,0.0,0.0,0.0,0.0,0.0,0.0,0.0,50.266486044858986,0.4839520479286809,0.2016756795296093,69.94930259655072,0.6734528491323882,0.5678962758160784,0.5787024485305345,120.21578864140972,0.0,103.9,4.653007515402251,50.266486044858986,0.4839520479286809,0.8553188875715945,1.2763171432924731,33.03901959177846,0.629048228263855,0.6325794337317348,0.5580292157828808,0.2220526440211599,0.1387727865408466,-0.420943554673663,-0.5748303222757121,0.9929396662387676,69.94930259655072,0.6734528491323882,1.1712042194308858,1.6331661192146745,48.99558461741165,0.5514232348650694,0.918853260576725,0.6325979363173246,0.3205228481839178,-0.1848030635820541,-0.0770528290573544,-0.6166374988054374,0.9958279845956356,0.7559007861503559,0.4952696191394343,0.106408511069886,0.1715998021428672,0.1026689629352063,0.0074197742701004,0.0329776579088664,0.0994689249244477,0.0091609816776525,0.0321203155518963,15.247679864246088,0.5750354375151235,0.2447080814568567,rl2,VROAuSISD7m-3qs6,8,3117.0,fold clothes,"{shorts,t-shrits,long-sleeve-shirts}",False,False,False,False,False,False,,True
2025-11-24-20-26-47-208000,2853.0,95.1,0.0,0.0,0.0,0.0,0.0,0.0,0.0,0.0,0.0,0.0,0.0,0.0,0.0,0.0,46.185928199544136,0.4858267342168036,0.6400366577261478,54.33755181781456,0.5715731257133368,0.5670745626911867,0.5286999299650703,100.5234800173587,0.0,95.1,4.565389315976247,46.185928199544136,0.4858267342168036,0.6996674586228692,1.36945432536546,25.021098412959685,0.3708688281476497,0.2611077139154076,0.7962873196229339,0.0771098457441182,0.0352335488622831,-0.1918843557475127,-0.6250417875844164,0.9901823281907434,54.33755181781456,0.5715731257133368,0.7414301271299031,1.5184142875583209,29.260759301757854,0.2500476595014334,0.5519201569259167,0.7790130469948053,0.107508742131947,-0.1496310078692705,0.0910237914795645,-0.6566654473146221,0.9905329593267882,0.8156945847524953,0.3457127073958863,0.0644452190560395,0.2055429803130413,0.1042793159231281,0.0046859535376054,0.0233327511578961,0.1011323003019105,0.0076811123974919,0.0285146057719479,11.47107496909851,0.3830530998874523,0.2899434261579277,rl2,VROAuSISD7m-3qs6,8,2853.0,fold clothes,"{shorts,t-shrits,long-sleeve-shirts}",False,False,False,False,False,False,,True
2025-11-24-20-27-06-126000,2647.0,88.23333333333333,0.0,0.0,0.0,0.0,0.0,0.0,0.0,0.0,0.0,0.0,0.0,0.0,0.0,0.0,39.66668382602478,0.4497356442859952,0.1441902240669625,55.64874507462777,0.6309381527735576,0.2088459456570309,0.5403368985297764,95.31542890065256,0.0,88.23333333333333,4.491254661858197,39.66668382602478,0.4497356442859952,0.6656781050428565,1.2085117111306491,24.286806099475413,0.5228414759039879,0.2892019748687744,0.3115502297878265,0.0471085093520786,0.1769862367508037,-0.5204311929584045,-0.5852713674267463,0.9875283446712018,55.64874507462777,0.6309381527735576,0.7786663130762417,1.6009271396043785,32.6815649376586,0.4696402885019779,0.7084146477282047,0.3402951955795288,0.113216231829839,-0.0176806159956227,-0.0320912538805875,-0.6006173853479919,0.9916855631141346,0.7262856020345947,0.5341004800551122,0.1302846837223419,0.029751932922976,0.102890059648417,0.0054639089144425,0.0284117958082009,0.1012469694893726,0.0078679380327751,0.0335563843778721,9.978242882534168,0.3820529349276901,0.2097540862348433,rl2,VROAuSISD7m-3qs6,11,2647.0,fold clothes,"{shorts,t-shrits,long-sleeve-shirts}",False,False,False,False,False,False,,True
2025-11-24-20-27-24-975000,3630.0,121.0,0.0,0.0,0.0,0.0,0.0,0.0,0.0,0.0,0.0,0.0,0.0,0.0,0.0,0.0,51.17304834521322,0.4230342932919252,0.3022787515808921,88.27005653024247,0.7297056202555178,0.1935671491421328,0.5763699567737215,139.44310487545567,0.0,121.0,4.804021044733257,51.17304834521322,0.4230342932919252,0.7135737758080821,1.0547449750090745,27.103393251138257,0.5449617393314838,0.3936911150813102,0.5480357855558395,0.1175792116382157,0.1569398966356188,-0.4582695215406825,-0.5885257510340083,0.9933866078809588,88.27005653024247,0.7297056202555178,1.0634155738601443,1.8704783796005664,45.12515535810527,0.5622964445501566,0.6559830214828253,0.5596058741211891,0.2064144995144219,-0.1418140589450704,-0.1845240885007228,-0.6224305911805511,0.9955910719206392,0.7136973453496994,0.4328428824425472,0.1307508012000267,0.1325056721270559,0.1014904147470004,0.0057451248356971,0.032375607115834,0.0986267344205341,0.0069846619865347,0.0349082913908148,16.99123656065092,0.4684369061870067,0.1989854397742917,rl2,VROAuSISD7m-3qs6,11,3630.0,fold clothes,"{shorts,t-shrits,long-sleeve-shirts}",False,False,False,False,False,False,,True
2025-11-24-20-27-44-006000,3620.0,120.66666666666669,0.0,0.0,0.0,0.0,0.0,0.0,0.0,0.0,0.0,0.0,0.0,0.0,0.0,0.0,65.03027211300258,0.5390738224343955,0.2393791558791366,94.91214375770296,0.7867820703871478,0.0935911237350908,0.6629279464107717,159.94241587070553,0.0,120.66666666666669,4.8012850649143815,65.03027211300258,0.5390738224343955,0.8003691485773886,1.4906422366769343,30.293209532814345,0.5126782990992069,0.4044699352234602,0.3680227026343345,0.0763142763866035,0.1309008113414728,-0.3176281676375569,-0.5151764472277619,0.994473611494888,94.91214375770296,0.7867820703871478,1.4909764283425866,1.808736523011532,61.49316610401104,0.5040602348744869,0.5496364068239927,0.5099234655499458,0.1412742228644371,-0.113666719912541,-0.057226223795675,-0.5439497915678014,0.9961315280464216,0.758604279834897,0.3798024874709931,0.0832071057212237,0.0743923262405919,0.1024121136148176,0.0051007747598617,0.0278678294922684,0.0995717508413697,0.0073242413141996,0.0317941338622892,20.40753775191923,0.4316520994080896,0.3329423866607596,rl2,VROAuSISD7m-3qs6,11,3620.0,fold clothes,"{shorts,t-shrits,long-sleeve-shirts}",False,False,False,False,False,False,,True
2025-11-24-20-28-03-428000,3221.0,107.36666666666666,0.0,0.0,0.0,0.0,0.0,0.0,0.0,0.0,0.0,0.0,0.0,0.0,0.0,0.0,55.56414779093031,0.5176783955676737,0.2233338845882757,77.98727560334471,0.7265895242547644,0.1980149894172707,0.6221339599112191,133.55142339427502,0.0,107.36666666666666,4.68552053864175,55.56414779093031,0.5176783955676737,0.7905616219477536,1.416440815038211,29.04631133363582,0.6186497807502747,0.3454751297831535,0.4110980480909347,0.0878632101977411,0.1099711917508457,-0.3138249246313941,-0.5760405132213352,0.9903726708074534,77.98727560334471,0.7265895242547644,1.3560921756394213,1.7589541673601028,55.03301857422489,0.4191163089126348,0.6380449868738651,0.511137280613184,0.1366858064707856,-0.1646543049534857,-0.0153326605143689,-0.6124615488074852,0.9925465838509316,0.7822086055028723,0.4247796243599909,0.0916961825806673,0.1418865856219151,0.1016291153853011,0.0052170065763307,0.0291585134928533,0.0984093715858148,0.0073546516501165,0.0313817325848789,15.392375678563608,0.4314811435002452,0.317408787499958,rl2,VROAuSISD7m-3qs6,11,3221.0,fold clothes,"{shorts,t-shrits,long-sleeve-shirts}",False,False,False,False,False,False,,True
2025-12-09-23-00-30-725000,3074.0,102.46666666666668,0.0,0.0,0.0,0.0,0.0,0.0,0.0,0.0,0.0,0.0,0.0,0.0,0.0,0.0,51.29525354213146,0.5007672002160571,0.4961232849643942,65.1869305196202,0.6363839621179975,0.4834989830999961,0.5685755811670273,116.48218406175168,0.0,102.46666666666668,4.639249499640954,51.29525354213146,0.5007672002160571,0.6898063664161057,1.4916174131225708,24.07079424030833,0.3667358532547951,0.429991269716993,0.7990446146577597,0.1260039143670543,0.0362653567176372,-0.2755175888027178,-0.623136767527366,0.9928408721119428,65.1869305196202,0.6363839621179975,0.6951680779529633,1.6151616581564665,27.65096717646208,0.4460693076252937,0.4205244071781635,0.6883860863745213,0.1291295486832745,-0.1994876752946242,-0.0332658511072237,-0.7038282219456266,0.9973966807679792,0.703475955036095,0.3652160324745463,0.0747331174433517,0.1635334937583026,0.107406504156362,0.0066177530878989,0.0309248167594851,0.1043909758501797,0.0079112698904549,0.0304556987390065,15.841952653404055,0.6731361044647509,0.2620508424995108,rl2,VROAuSISD7m-3qs6,14,3074.0,fold clothes,"{shorts,t-shrits,long-sleeve-shirts}",False,False,False,False,False,False,,True
2025-12-09-23-01-29-940000,3295.0,109.83333333333331,0.0,0.0,0.0,0.0,0.0,0.0,0.0,0.0,0.0,0.0,0.0,0.0,0.0,0.0,38.56218064968493,0.3512038310535968,0.3662156419558543,67.91899007945091,0.6185700371534691,0.2878268142735063,0.484886934103533,106.48117072913584,0.0,109.83333333333331,4.708027571427799,38.56218064968493,0.3512038310535968,0.4678270881537784,0.913319416991316,16.763595578986287,0.3591982834041118,0.3626685403287411,0.5307980626821518,0.0691470196387711,0.1477782044333599,-0.2865211142099862,-0.652867889876883,0.9939283545840925,67.91899007945091,0.6185700371534691,0.7231414081261556,1.698368932104528,30.734166038864466,0.6010772362351418,0.5624207966029644,0.46698147803545,0.1578669823523175,-0.1683098652477804,-0.0642260690819089,-0.7235381714671805,0.9933211900425016,0.5904609835571882,0.4243106965096968,0.1313106830062266,0.1055552051747867,0.1057063832446359,0.0061660230217318,0.0287360284784987,0.1008455101221962,0.0071501874486956,0.0300990380218979,16.533072539425913,0.6019729982148303,0.1818498052425624,rl2,VROAuSISD7m-3qs6,14,3295.0,fold clothes,"{shorts,t-shrits,long-sleeve-shirts}",False,False,False,False,False,False,,True
2025-12-09-23-01-46-368000,2316.0,77.2,0.0,0.0,0.0,0.0,0.0,0.0,0.0,0.0,0.0,0.0,0.0,0.0,0.0,0.0,31.79582086221454,0.4120408751042921,0.2228499046192728,45.321789411905144,0.5873234049058983,0.2455177644686317,0.4996821400050951,77.11761027411968,0.0,77.2,4.359269647551265,31.79582086221454,0.4120408751042921,0.792478805157113,1.0502788626775827,30.1062297564687,0.5754538252949715,0.6991123165935278,0.3849632143974304,0.1548733408042625,0.1579061208883162,-0.2571598938248073,-0.6488376806018832,0.9922246220302376,45.321789411905144,0.5873234049058983,0.6898725924609508,1.4268989831489127,28.07821944095953,0.5557165667414665,0.4319008328020572,0.3811892792582512,0.0914909344361252,-0.2384569499730526,0.0463715266903407,-0.7074061931948948,0.9982721382289416,0.6241509271900214,0.516829102194569,0.1380841533132342,0.0318828514027009,0.1057182278325739,0.0069952802206304,0.0236179294259866,0.1010302127891016,0.0080736762705239,0.0301829449879213,12.833522707608818,0.5924555756239404,0.2183379423027384,rl2,VROAuSISD7m-3qs6,14,2316.0,fold clothes,"{shorts,t-shrits,long-sleeve-shirts}",False,False,False,False,False,False,,True
2025-12-09-23-02-03-731000,2985.0,99.5,0.0,0.0,0.0,0.0,0.0,0.0,0.0,0.0,0.0,0.0,0.0,0.0,0.0,0.0,50.156319333074634,0.5042525402118764,0.2517931624275626,64.87755454054079,0.6522542346569115,0.1806141255722896,0.5782533874343938,115.03387387361542,0.0,99.5,4.61015772749913,50.156319333074634,0.5042525402118764,0.7238561928796087,1.5288793211442726,25.88059626008845,0.5121874427422881,0.3693012073636055,0.4868024066090584,0.0920793766929577,0.1635204969635436,-0.2238015432587795,-0.6391166254303963,0.9892761394101875,64.87755454054079,0.6522542346569115,0.8514900199609781,1.6732728069803016,34.88476893688149,0.4674916341900825,0.5770384073257446,0.4656097963452339,0.1256031910795484,-0.174392939514638,-0.0302850006956545,-0.7161710402574172,0.9953083109919572,0.7045359621925781,0.41466471310439,0.093308918527542,0.1239921289359638,0.1079037107053131,0.0058913421578801,0.0258689246394818,0.1040325066415687,0.0076135904438827,0.0293986596268104,15.701400410187528,0.467756644515876,0.2790324349541601,rl2,VROAuSISD7m-3qs6,14,2985.0,fold clothes,"{shorts,t-shrits,long-sleeve-shirts}",False,False,False,False,False,False,,True
2025-12-09-23-02-21-846000,3467.0,115.56666666666666,0.0,0.0,0.0,0.0,0.0,0.0,0.0,0.0,0.0,0.0,0.0,0.0,0.0,0.0,57.27921851027014,0.4957808872787375,0.1868575038722561,90.50752242477247,0.7833888265271708,0.2318720443618329,0.6395848569029543,147.78674093504262,0.0,115.56666666666666,4.75846335540122,57.27921851027014,0.4957808872787375,0.8707737291858884,1.4429953859092142,34.18279642381774,0.5454306975007057,0.250004343688488,0.3599377758800983,0.0490811307965385,-0.0344592130084567,-0.3767944497400414,-0.3938941821963119,0.9861511829197924,90.50752242477247,0.7833888265271708,1.621182364754666,1.712737500682297,68.49149263130056,0.4133892636746168,0.7542936764657497,0.4527728967368603,0.1411822444641966,-0.2716050629767546,-0.1117847703955191,-0.4081144542928934,0.9907674552798617,0.7593958113488086,0.3823538053994736,0.0832035513760195,0.1059253909617318,0.1036652374187087,0.0075103409711196,0.0333146731851293,0.1001324305055078,0.0087136133835794,0.0343541596053111,15.72634086571954,0.3032582250007637,0.2952260086484937,rl2,VROAuSISD7m-3qs6,16,3467.0,fold clothes,"{shorts,t-shrits,long-sleeve-shirts}",False,False,False,False,False,False,,True
2025-12-09-23-02-39-780000,3155.0,105.16666666666669,0.0,0.0,0.0,0.0,0.0,0.0,0.0,0.0,0.0,0.0,0.0,0.0,0.0,0.0,47.86206994910399,0.455251140923627,0.4148738047690756,70.4786386586542,0.6703738616866285,0.4764353574798988,0.5628125013051277,118.3407086077582,0.0,105.16666666666669,4.665010186344109,47.86206994910399,0.455251140923627,0.9424719719707532,1.2039032691755618,37.86451233501255,0.6773811131715775,0.8595289289951324,0.5959450155496597,0.346976269461642,0.4376393755670584,-0.1743959428694006,-0.5028288048534121,0.9892200380469244,70.4786386586542,0.6703738616866285,1.230838776508095,1.6375515034227763,52.47639981623407,0.875686876475811,0.8028243966400623,0.6134131010621786,0.4312433886592312,-0.0664178769501212,-0.2711645338958847,-0.5129649391843569,0.9930247305009512,0.7933738581165204,0.529587308944967,0.1583975803096043,0.0215465215288505,0.1049269520135027,0.0084756709878981,0.0309922517360005,0.1001146831363649,0.0091612229822371,0.0327760795720633,11.69632965536308,0.4735403596434978,0.2110834251925968,rl2,VROAuSISD7m-3qs6,16,3155.0,fold clothes,"{shorts,t-shrits,long-sleeve-shirts}",False,False,False,False,False,False,,True
2025-12-09-23-02-57-487000,3266.0,108.86666666666666,0.0,0.0,0.0,0.0,0.0,0.0,0.0,0.0,0.0,0.0,0.0,0.0,0.0,0.0,46.545853557394665,0.4276801245702419,0.0543123518305113,81.09638584376313,0.7451429020866442,0.1053328659245912,0.5864115133284431,127.6422394011578,0.0,108.86666666666666,4.699267509367207,46.545853557394665,0.4276801245702419,1.052179987046762,1.0559020774784753,42.62081820753701,0.9215747304260732,1.0038561634719372,0.3683387748897075,0.3407606884481451,0.3790920378417301,-0.2729727675130715,-0.4388844070708594,0.9859111791730476,81.09638584376313,0.7451429020866442,1.321385567833803,1.8822563241464372,56.73486552651269,0.8187316134572029,0.9070439194329084,0.4095238968729973,0.3041229016320756,0.0090645377484845,-0.3636028745349391,-0.4526177334752611,0.9926493108728944,0.806260302199733,0.4201606489393504,0.1382306101687104,0.0277293170404969,0.1070752815140749,0.0072917081209484,0.0283823801267914,0.0989702380198788,0.0079049249732107,0.032906869597157,11.933704253854518,0.4439789111409383,0.1845510701405769,rl2,VROAuSISD7m-3qs6,16,3266.0,fold clothes,"{shorts,t-shrits,long-sleeve-shirts}",False,False,False,False,False,False,,True
2025-12-09-23-03-14-919000,2892.0,96.4,0.0,0.0,0.0,0.0,0.0,0.0,0.0,0.0,0.0,0.0,0.0,0.0,0.0,0.0,29.539929336260112,0.3065367969864418,0.2211092250400607,48.97881490886134,0.5082547378989415,0.2369242243370528,0.4073957674426916,78.51874424512145,0.0,96.4,4.578826210648489,29.539929336260112,0.3065367969864418,0.4580249151853441,0.8614530420279006,15.016434299804052,0.2458325568586588,0.3659823834896087,0.287076398730278,0.0258283741464469,0.1329227520344858,-0.3388360632702007,-0.511094649369992,0.9750951227948806,48.97881490886134,0.5082547378989415,0.653524353746474,1.3451714805439865,26.158031191972,0.5164974071085453,0.438604031689465,0.3212378993630409,0.0727725414909606,-0.188312476313928,-0.182472002343496,-0.5237932444020673,0.9868557592528536,0.5759852419465755,0.3704792345231849,0.0899492009277895,0.0180990937179463,0.1055575915728326,0.0076710610440614,0.0291627747051558,0.098810838266675,0.0082050657112823,0.0326589575880483,7.294034328552515,0.2244980567762425,0.176786965594432,rl2,VROAuSISD7m-3qs6,16,2892.0,fold clothes,"{shorts,t-shrits,long-sleeve-shirts}",False,False,False,False,False,False,,True
2026-01-06-20-50-02-445000,2697.0,89.9,0.0,0.0,0.0,0.0,0.0,0.0,0.0,0.0,0.0,0.0,0.0,0.0,0.0,0.0,43.80514860742728,0.4874460156612828,0.4217100167593842,55.90477419310396,0.6220857662437385,0.1871061590110176,0.5547658909525106,99.70992280053125,0.0,89.9,4.509760001183433,43.80514860742728,0.4874460156612828,1.3920830122517291,0.9914154582379716,59.053378552066185,1.046823300421238,1.0460519269108772,0.7789909951388836,0.8530197016844637,-0.0679894339066713,-0.3640933752965187,-0.5532592533344992,0.9922106824925816,55.90477419310396,0.6220857662437385,1.5860101889334317,1.3205324383593515,68.05463258796469,0.6045029573142529,0.7278927192091942,0.7962881829589605,0.3503773922252695,-0.096043770785998,0.0901194988928364,-0.5824219109687345,0.9925816023738872,0.7439233951229092,0.4843634573367735,0.1813568311918436,0.0094224669661123,0.1024169265293242,0.0066797338813682,0.032019304738731,0.1040969043086959,0.0065468315126834,0.0295337966687244,12.281871853155216,0.6206100802531154,0.1969949042995785,rl2,__zQ0kS-xjtwKdGt,1,2697.0,fold clothes,"{shirts,shorts,t-shirts}",False,False,False,False,False,False,,True
2026-01-06-20-52-14-820000,2501.0,83.36666666666666,0.0,0.0,0.0,0.0,0.0,0.0,0.0,0.0,0.0,0.0,0.0,0.0,0.0,0.0,40.12032280107731,0.4814438736129277,0.3223623179561701,45.3256317587975,0.5439075811055699,0.6304971575936761,0.5126757273592488,85.4459545598748,0.0,83.36666666666666,4.435172378882968,40.12032280107731,0.4814438736129277,1.036489267846969,1.1762066709409296,43.60755522819352,0.9349981658160686,0.3450495791621506,0.7333613783121109,0.2365975785549734,0.2031162035149164,-0.1691836788327802,-0.5403106990604528,0.9836,45.3256317587975,0.5439075811055699,1.37361115545331,1.2366332802066011,58.82162190283193,0.5144753679633141,0.583984699100256,0.9594913646578788,0.2882750959131109,-0.079758086152969,-0.0776669410550443,-0.55395140680747,0.9804,0.6956648181151714,0.3124193612415376,0.0793843770002129,0.0783009983244807,0.1060254351989204,0.0046989439202748,0.0231551234779603,0.1063995161959728,0.0045194293624433,0.0215883382173695,6.368967070314368,0.3098725698030991,0.122729660440891,rl2,__zQ0kS-xjtwKdGt,1,2501.0,fold clothes,"{shirts,shorts,t-shirts}",False,False,False,False,False,False,,True
2026-01-08-21-51-53-000000,2139.0,71.3,0.0,0.0,0.0,0.0,0.0,0.0,0.0,0.0,0.0,0.0,0.0,0.0,0.0,0.0,43.178838107700926,0.6058770548320991,0.5424529416398223,48.76535570229885,0.6842659827263636,0.7101483959479251,0.6450715187792313,91.94419380999976,0.0,71.3,4.280824129164719,43.178838107700926,0.6058770548320991,1.0311188330331706,1.7063398487227297,43.09039843955921,0.528116513043642,0.6298293974250555,1.1107441298663616,0.3694593836859861,0.0638974648092661,-0.2852335219175312,-0.6890292680217541,0.9915809167446212,48.76535570229885,0.6842659827263636,1.0434998792173802,1.655030813512624,44.43772203461983,0.5431566219776869,0.6792945452034473,0.9749985338421538,0.3597387062795772,-0.2303570529882277,-0.0777063263478863,-0.6954572566254491,0.9920486435921422,0.8024108309226036,0.3926908013307936,0.0902626227676581,0.1003274770774947,0.1039280322610236,0.0050018520544296,0.0299778827938389,0.1030632934878796,0.0076495433111533,0.0333265304979583,15.064619383821636,0.7408221235683395,0.3294350433454157,rl2,MppisaQryreZkiwB,1,2139.0,fold the clothes,"{""long sleeves t-shirt"",t-shirt,shorts}",False,False,False,False,False,False,,True
2026-01-08-21-58-04-000000,2959.0,98.63333333333334,0.0,0.0,0.0,0.0,0.0,0.0,0.0,0.0,0.0,0.0,0.0,0.0,0.0,0.0,46.86513718723308,0.4753056509861367,0.4616432734420886,67.25838315165005,0.6821337033635907,0.3655554874588019,0.5787196771748636,114.12352033888314,0.0,98.63333333333334,4.601496780621782,46.86513718723308,0.4753056509861367,0.8618246091219517,1.0458416592267366,34.88053255755786,0.800949402153492,0.5538396323099732,0.8818712588399649,0.3911959054862272,-0.0732790258657671,-0.3706686148719296,-0.7128906539172669,0.9942528735632185,67.25838315165005,0.6821337033635907,0.9489713025549554,1.6084381248389714,40.97775072681719,0.8488871604204178,0.7745329216122627,0.8668325766921043,0.5699346631728638,-0.26278208244783,-0.0180219711986104,-0.6942468627008832,0.99763353617309,0.8326296811565663,0.4375873429404471,0.110201684727963,0.1437197448595096,0.1028001084664412,0.0043659440538186,0.0282228537803061,0.1044538463670489,0.0053895538604155,0.0320364339308524,19.646114530839743,0.8980254013070738,0.301973138221955,rl2,MppisaQryreZkiwB,1,2959.0,fold the clothes,"{""long sleeves t-shirt"",t-shirt,shorts}",False,False,False,False,False,False,,True
2026-01-08-22-02-55-000000,2674.0,89.13333333333334,0.0,0.0,0.0,0.0,0.0,0.0,0.0,0.0,0.0,0.0,0.0,0.0,0.0,0.0,41.38289773699934,0.4644545200561092,0.6720874329517361,63.972897800370895,0.7179898743027037,0.6633815534562861,0.5912221971794065,105.35579553737024,0.0,89.13333333333334,4.501290055500699,41.38289773699934,0.4644545200561092,0.6918202666116384,1.146992165865946,28.4177452813395,0.7148021385073662,0.5511077539995313,0.8378251194953918,0.3300469637255303,0.0491630638209112,-0.3089344235244726,-0.7401534044431075,0.9955106621773288,63.972897800370895,0.7179898743027037,0.8250581330750035,1.7212120085110625,37.86235130407637,0.7385923005640507,0.6681507006287575,0.8044677656143904,0.3969975724366555,-0.2015321426909966,-0.0062319738217077,-0.7113900794665049,0.9951365506921064,0.7730007156630676,0.4263775865042755,0.1040144266659942,0.1644649084274572,0.1037977427762891,0.0042071174040243,0.0232818813294256,0.1046168038661051,0.0050178444289087,0.0318067143861865,16.48745297514613,0.8345775586600375,0.2508586088429753,rl2,MppisaQryreZkiwB,1,2674.0,fold the clothes,"{""long sleeves t-shirt"",t-shirt,shorts}",False,False,False,False,False,False,,True
2026-01-08-22-07-39-000000,2841.0,94.7,0.0,0.0,0.0,0.0,0.0,0.0,0.0,0.0,0.0,0.0,0.0,0.0,0.0,0.0,51.535802999757024,0.5443922852087009,0.0944060109190689,66.04913129611306,0.6977020911561239,0.250585520802784,0.6210471881824123,117.58493429587008,0.0,94.7,4.5612182984589085,51.535802999757024,0.5443922852087009,0.8246260126341045,1.1596479759855995,34.33605392691145,0.5530152209103107,0.6718639321625233,0.982508385553956,0.365051954362161,-0.010382263434068,-0.3570274839539799,-0.731608963004041,0.9954225352112676,66.04913129611306,0.6977020911561239,0.9665228840316092,1.5810133324188522,42.20650745877566,0.6717867571860552,1.0254520252346992,0.9890161531511694,0.6813184823497944,-0.1884413307504967,0.0515312816984239,-0.7145755196203121,0.997887323943662,0.8410978267537327,0.4693022077750452,0.1031253888078054,0.134786186284022,0.102822130791881,0.0049927020372146,0.0258786959036195,0.1033520708158183,0.0061707933810948,0.0310557335762017,21.362695679293427,0.9885031768836452,0.3367816659483313,rl2,MppisaQryreZkiwB,1,2841.0,fold the clothes,"{""long sleeves t-shirt"",t-shirt,shorts}",False,False,False,False,False,False,,True
2026-01-08-22-41-22-000000,2513.0,83.76666666666667,0.0,0.0,0.0,0.0,0.0,0.0,0.0,0.0,0.0,0.0,0.0,0.0,0.0,0.0,56.02816755390284,0.6691262048634895,0.2990094297777652,62.01437026772586,0.7406174793120127,0.3931009506801479,0.7048718420877511,118.0425378216287,0.0,83.76666666666667,4.439902383759964,56.02816755390284,0.6691262048634895,1.016981056920314,1.9691852069681963,45.92994770922158,0.616219062358141,0.5920932646840811,0.9721044469624758,0.3546812084438302,0.1239740480748522,-0.2392722638618068,-0.7062740885855321,0.9992038216560508,62.01437026772586,0.7406174793120127,1.0523274765276116,1.8890959959506672,48.61016162797912,0.434571891091764,0.7485860511660576,1.0318107744678855,0.3356629606879321,-0.1666434605413558,-0.041781647855999,-0.7013996207654488,0.998407643312102,0.8881746893134436,0.3764997314656287,0.0972050001358158,0.1572644802469584,0.1034048520320602,0.0046381407683698,0.0222016609251988,0.1020719900741608,0.0081955124828707,0.0334057196714572,15.666832072760462,0.8190053055115432,0.2946047491320952,rl2,MppisaQryreZkiwB,2,2513.0,fold the clothes,"{""long sleeves t-shirt"",t-shirt,shorts}",False,False,False,False,False,False,,True
2026-01-08-22-48-30-000000,2670.0,89.0,0.0,0.0,0.0,0.0,0.0,0.0,0.0,0.0,0.0,0.0,0.0,0.0,0.0,0.0,49.42016481177985,0.5554907996828008,0.6882767511789157,61.71931318439573,0.6937352549763477,0.7689619652632215,0.6246130273295742,111.13947799617556,0.0,89.0,4.499809670330265,49.42016481177985,0.5554907996828008,0.8226418031654544,1.1841747988772258,34.40390238595444,0.5071935281157494,0.6279910951852798,0.9749124413356184,0.3105223051379395,0.1143000189249825,-0.4004955055220017,-0.7136758854375518,0.9985013113525664,61.71931318439573,0.6937352549763477,0.8951972993369368,1.5789691808512822,39.02555411121979,0.623639889061451,0.8638065159320831,0.9282692056149244,0.5000625195786194,-0.1672418664441503,-0.0679617408690394,-0.6995505360070239,0.9988759835144247,0.8831780387213094,0.462230972155952,0.1234177813066266,0.1045160674203731,0.1008010795629382,0.0051507308524544,0.0280867168539712,0.10473581655372,0.0052859187588745,0.0265130043663139,20.969894303504276,0.9079543853524948,0.3256354031381617,rl2,MppisaQryreZkiwB,2,2670.0,fold the clothes,"{""long sleeves t-shirt"",t-shirt,shorts}",False,False,False,False,False,False,,True
2026-01-08-22-59-47-000000,2389.0,79.63333333333334,0.0,0.0,0.0,0.0,0.0,0.0,0.0,0.0,0.0,0.0,0.0,0.0,0.0,0.0,45.77662227113244,0.5750831943609602,0.1241139679574542,50.031419879343474,0.6285354256198928,0.6473743151451014,0.6018093099904266,95.80804215047591,0.0,79.63333333333334,4.389912128947872,45.77662227113244,0.5750831943609602,0.8512082432813896,1.4436135681047748,36.08894878375767,0.7994919940829277,0.4042129255831241,1.0173954856581986,0.3287866099948959,0.0658520981688917,-0.2764718551625326,-0.7167088235535473,0.9958123953098827,50.031419879343474,0.6285354256198928,0.950210895627208,1.3872353809425702,40.78079401059371,0.5186689188703895,0.6251529604196548,1.0137663772329688,0.3287111222738661,-0.2014756716348078,-0.0272912280600543,-0.7056925495229907,0.9958123953098827,0.8351166606927803,0.3902879374477315,0.091876936330387,0.1102358211707201,0.1060583125367386,0.0051860989411869,0.027429342232667,0.104943168216491,0.0067485177320641,0.0300566729783417,15.895209322602971,0.7624413410778814,0.3323610467608189,rl2,MppisaQryreZkiwB,2,2389.0,fold the clothes,"{""long sleeves t-shirt"",t-shirt,shorts}",False,False,False,False,False,False,,True
2026-01-08-23-04-48-000000,3361.0,112.03333333333332,0.0,0.0,0.0,0.0,0.0,0.0,0.0,0.0,0.0,0.0,0.0,0.0,0.0,0.0,45.04891570735965,0.402222461672854,0.7035525286712528,63.14623881514491,0.563805703706651,0.6997536690483132,0.4830140826897525,108.19515452250457,0.0,112.03333333333332,4.727682760463483,45.04891570735965,0.402222461672854,0.6122655703174382,0.902045179838011,25.54278992315821,0.6168472934514284,0.651418061926961,0.9581883326172828,0.3850244755741656,0.203010345195115,-0.3660647299659417,-0.7407651008288959,0.9952380952380953,63.14623881514491,0.563805703706651,0.6688167632599672,1.35602214631149,30.067983674764825,0.7390932776033878,0.8938099890947342,0.9109067250974476,0.6017531392177029,-0.1368446944573657,-0.1737938261806618,-0.7338531377917331,0.9973214285714286,0.8046678398892104,0.4406472977473342,0.1011067192762252,0.1643942731753245,0.0982140659795191,0.005813717280712,0.0305746956946312,0.1013494323061941,0.0068055054804884,0.0303061444963133,20.49221686236025,0.8959601968673544,0.2554551998296483,rl2,MppisaQryreZkiwB,2,3361.0,fold the clothes,"{""long sleeves t-shirt"",t-shirt,shorts}",False,False,False,False,False,False,,True
2026-01-08-23-18-36-000000,2497.0,83.23333333333333,0.0,0.0,0.0,0.0,0.0,0.0,0.0,0.0,0.0,0.0,0.0,0.0,0.0,0.0,45.944786773349534,0.5522209948719896,0.3269220113503975,51.51775747791227,0.6192038158402918,0.4655273780693773,0.5857124053561407,97.46254425126182,0.0,83.23333333333333,4.433590725726039,45.944786773349534,0.5522209948719896,0.7527609437400458,1.532810232422221,32.70934369487655,0.5668183788657188,0.481222010217607,0.6723762825131416,0.1834010392426652,0.1281736358402697,-0.2534240697020822,-0.5804385144493259,0.9923878205128204,51.51775747791227,0.6192038158402918,0.7551793081688352,1.4496730532388704,34.288517799295406,0.5399860562756658,0.4488136935979128,0.693538460880518,0.1680812212142839,-0.2209038448463685,-0.0877005569438095,-0.5871296657811034,0.9947916666666666,0.8247624048197529,0.406657015745302,0.0931882104557783,0.1276389404800234,0.1034671815621452,0.0058656955313708,0.0244636795764019,0.10599376661785,0.005382883952305,0.0299345272491095,10.305569418591652,0.5339693498394182,0.27346476012103,rl2,MppisaQryreZkiwB,3,2497.0,fold the clothes,"{""long sleeves t-shirt"",t-shirt,shorts}",False,False,False,False,False,False,,True
2026-01-08-23-23-46-000000,3140.0,104.66666666666669,0.0,0.0,0.0,0.0,0.0,0.0,0.0,0.0,0.0,0.0,0.0,0.0,0.0,0.0,33.88035901073623,0.3238008188346883,0.7087728654214965,52.628449933269174,0.5029797699898296,0.6971962157171142,0.413390294412259,86.50880894400541,0.0,104.66666666666669,4.660289485209171,33.88035901073623,0.3238008188346883,0.5066717799904953,0.781553960964805,21.038442168352734,0.4234078601002693,0.5932648130692542,0.8120575211942196,0.2039831527197199,0.1570047534942911,-0.2944935138291341,-0.6122465044479509,0.983434214718063,52.628449933269174,0.5029797699898296,0.6117843215790539,1.2487729122557496,27.323240817614845,0.6602735072374344,0.6625000946223736,0.848351027816534,0.3710952598866269,-0.1873540651340891,-0.1547611861650989,-0.605495457450272,0.987257088244664,0.8017210160207972,0.4070150455657084,0.1096430715556028,0.1637456612328906,0.1012675484975799,0.0044951548461229,0.0254271873001189,0.1019373498804926,0.0061931931829234,0.0298763517087486,12.847819935921878,0.621518366001142,0.2048107517535529,rl2,MppisaQryreZkiwB,3,3140.0,fold the clothes,"{""long sleeves t-shirt"",t-shirt,shorts}",False,False,False,False,False,False,,True
2026-01-08-23-32-08-000000,2644.0,88.13333333333334,0.0,0.0,0.0,0.0,0.0,0.0,0.0,0.0,0.0,0.0,0.0,0.0,0.0,0.0,46.35207880548131,0.5261302929112521,0.2661482953522475,48.919267998805736,0.5552697843224261,0.4175371526844888,0.5407000386168391,95.27134680428703,0.0,88.13333333333334,4.490133375999733,46.35207880548131,0.5261302929112521,0.7082097733854175,1.3913556756845662,30.319469107598504,0.5677508004009724,0.5163580570369959,0.7424637395888567,0.2176626746808219,-0.0646988980083919,-0.2845129843918115,-0.6166309866555452,0.9920544835414302,48.919267998805736,0.5552697843224261,0.6812569310848928,1.3128614363120608,30.282801951559204,0.4729049913585186,0.6549980118870735,0.6736295074224472,0.2086579720943945,-0.2578344890138391,0.048623393533715,-0.6147529060569128,0.9954597048808173,0.8073923478565467,0.4117848276305871,0.0860529618167048,0.1542365864005863,0.1035457598779153,0.0048519107703717,0.0232714771937562,0.1057263400690667,0.004803379597763,0.028093170609158,11.377780439876664,0.6377920071236357,0.2448237574357191,rl2,MppisaQryreZkiwB,3,2644.0,fold the clothes,"{""long sleeves t-shirt"",t-shirt,shorts}",False,False,False,False,False,False,,True
2026-01-08-23-42-39-000000,2972.0,99.06666666666666,0.0,0.0,0.0,0.0,0.0,0.0,0.0,0.0,0.0,0.0,0.0,0.0,0.0,0.0,39.12163551749043,0.3950350271035722,0.680717210421942,59.14386344908107,0.5972116807379442,0.970462925826066,0.4961233539207582,98.2654989665715,0.0,99.06666666666666,4.605836630531252,39.12163551749043,0.3950350271035722,0.7019297228390189,0.9587458743548456,30.433637723349303,0.3673200309276581,0.5745084239169955,0.8561427071690559,0.1806704702204117,0.1395677496161447,-0.3226579480336334,-0.6155721713377672,0.989902389767755,59.14386344908107,0.5972116807379442,0.8114257046730564,1.4561125801699046,37.86935684686176,0.5938970800489187,0.8252028599381447,1.115616012364626,0.5467473081664956,-0.1864058199377158,-0.170234631720714,-0.58851735757897,0.9902389767754964,0.8450879177295921,0.3925053389274382,0.104879439439965,0.1273323988748482,0.0997002523077458,0.0052726763644314,0.0277884835066184,0.102407365190417,0.0065479255360387,0.0297063758208903,14.391323186076788,0.6620353940787161,0.2599780905339692,rl2,MppisaQryreZkiwB,3,2972.0,fold the clothes,"{""long sleeves t-shirt"",t-shirt,shorts}",False,False,False,False,False,False,,True
2026-01-08-23-51-17-000000,2998.0,99.93333333333334,0.0,0.0,0.0,0.0,0.0,0.0,0.0,0.0,0.0,0.0,0.0,0.0,0.0,0.0,48.65905346760948,0.4870776122883832,0.492789426608,52.32599294124816,0.5237837131256072,0.7049797619875666,0.5054306627069952,100.98504640885764,0.0,99.93333333333334,4.614460232895184,48.65905346760948,0.4870776122883832,0.7752397688157749,1.2248153822713397,34.27485413181716,0.5199669674038887,0.5704799117520452,0.763332786038518,0.2264279460435095,-0.0060781805802154,-0.2482321332723323,-0.6690529619031067,0.9963296629963296,52.32599294124816,0.5237837131256072,0.7201704546577469,1.1943542294608884,32.80863639864783,0.7817554473876953,0.6416189894080162,0.9618276860564948,0.4824423219899016,-0.2535433763799345,-0.0336914120820173,-0.6665324116277299,0.996996996996997,0.8594924769070107,0.3529399775390036,0.0772652030025736,0.1291516957924382,0.1045512439781145,0.0043165036865641,0.0228278765457809,0.104983213920751,0.0063427781809944,0.0292806428014094,13.65077469617389,0.8807744017595247,0.1625759435461717,rl2,MppisaQryreZkiwB,4,2998.0,fold the clothes,"{""long sleeves t-shirt"",t-shirt,shorts}",False,False,False,False,False,False,,True
2026-01-08-23-57-13-000000,2406.0,80.2,0.0,0.0,0.0,0.0,0.0,0.0,0.0,0.0,0.0,0.0,0.0,0.0,0.0,0.0,46.95240236307399,0.5856848527618378,0.5046436958897541,47.167305153738255,0.5883655528532838,0.9592887071815984,0.5870252028075609,94.11970751681224,0.0,80.2,4.396915247167632,46.95240236307399,0.5856848527618378,0.8899343602769079,1.4077909881449762,39.447855202898374,0.281373618170619,0.717224108055234,0.9097304453607648,0.1835908292465659,0.2401444448215433,-0.157853660346692,-0.7228526350650557,0.997920997920998,47.167305153738255,0.5883655528532838,0.8805715975860698,1.2224357647429052,39.215434175140835,0.5298230908811092,0.8194248005747795,1.0437729140394367,0.4531541991201266,-0.15596237703763,-0.2273923896990212,-0.7052239614373322,0.9995841995841996,0.8415194955424886,0.432406847398264,0.0755995965716664,0.0671668416825374,0.1041659689279772,0.0042344075163699,0.02354544549182,0.1044343138632156,0.0069924760284684,0.0303934603453085,14.139956840799195,0.7127549519247184,0.25843641527204,rl2,MppisaQryreZkiwB,4,2406.0,fold the clothes,"{""long sleeves t-shirt"",t-shirt,shorts}",False,False,False,False,False,False,,True
2026-01-09-00-04-42-000000,2828.0,94.26666666666668,0.0,0.0,0.0,0.0,0.0,0.0,0.0,0.0,0.0,0.0,0.0,0.0,0.0,0.0,40.85641417570099,0.4335664751577749,0.7197956200626279,51.99386681770316,0.5517566340753783,0.8278744513020591,0.4926615546165766,92.85028099340414,0.0,94.26666666666668,4.556679976827657,40.85641417570099,0.4335664751577749,0.6276311754035374,0.960912932090324,27.110585525133587,0.2432226426899433,0.5979932621121407,0.932138113770634,0.1355752954448564,0.286729448888572,-0.1965299376168504,-0.7564467676631024,0.9985850725150336,51.99386681770316,0.5517566340753783,0.6574904622511265,1.2941433361037005,29.964132362567984,0.6965492963790894,0.8035085871815681,0.9556574448943138,0.5348655516442595,-0.1567131875526118,-0.2023560858768878,-0.7135619245330597,0.9932790944464096,0.831024690282751,0.4784874830819505,0.1068006765079814,0.1789762765807311,0.1038291379482059,0.0047682034214583,0.0264814713222739,0.1040863790249466,0.0051318445474171,0.0293495513220411,16.173445184975986,0.7628203677041159,0.1966125456232683,rl2,MppisaQryreZkiwB,4,2828.0,fold the clothes,"{""long sleeves t-shirt"",t-shirt,shorts}",False,False,False,False,False,False,,True
2026-01-09-00-09-32-000000,2794.0,93.13333333333334,0.0,0.0,0.0,0.0,0.0,0.0,0.0,0.0,0.0,0.0,0.0,0.0,0.0,0.0,48.496519537199134,0.520907836060141,0.228890411702321,51.28264318014946,0.5508339761562778,0.3449102743116089,0.5358709061082094,99.7791627173486,0.0,93.13333333333334,4.544712216950978,48.496519537199134,0.520907836060141,0.7923549055456715,1.4548154543227958,34.48943840570927,0.5438848622143269,0.6003618761897087,0.844625209691003,0.2757935577509097,0.2608226975219413,-0.0590147772306325,-0.6411189142608437,0.9942713927676332,51.28264318014946,0.5508339761562778,0.7601290668771229,1.284458284072287,33.559202770732014,0.5893469341099262,1.089077852666378,1.0349500618176537,0.6642772051902692,-0.0047278552680791,-0.2567636434988964,-0.632616632962381,0.9942713927676332,0.8501388122459541,0.3718421911654885,0.0728140169562021,0.133927095178986,0.1042590770313477,0.0038623954735281,0.0209769090638033,0.1055906520534882,0.0060943491478237,0.030078880810873,15.32936189493659,0.8768774510307212,0.2030074013075538,rl2,MppisaQryreZkiwB,4,2794.0,fold the clothes,"{""long sleeves t-shirt"",t-shirt,shorts}",False,False,False,False,False,False,,True
2026-01-09-00-14-38-000000,2501.0,83.36666666666666,0.0,0.0,0.0,0.0,0.0,0.0,0.0,0.0,0.0,0.0,0.0,0.0,0.0,0.0,46.47724954501655,0.5577269945401986,0.6690148014573647,48.74084447030504,0.5848901336436606,0.7291836124450106,0.5713085640919295,95.21809401532158,0.0,83.36666666666666,4.435172378882968,46.47724954501655,0.5577269945401986,0.8435494095366808,1.5568404508703273,36.732474483730584,0.6428859569132328,1.0092468187212944,0.9271202981472016,0.6015440256376078,0.1107167919117604,-0.2850936095281297,-0.7115361159324783,0.9928,48.74084447030504,0.5848901336436606,0.8139593662836716,1.3570134386250812,36.34829028069469,0.6756794899702072,0.9057966470718384,0.9747425320092588,0.5965699334222861,-0.2106819270662397,-0.0557885226650546,-0.7009695272494081,0.996,0.8617672176365363,0.4229306453947962,0.0746636662685286,0.1481364903236393,0.1041722480096029,0.0046440454161142,0.0313425688660024,0.1043652153124495,0.0069063309750253,0.0323868683793827,13.370396464791952,1.018178418803676,0.238820261904797,rl2,MppisaQryreZkiwB,8,2501.0,fold the clothes,"{""long sleeves t-shirt"",t-shirt,shorts}",False,False,False,False,False,False,,True
2026-01-09-00-19-36-000000,3204.0,106.8,0.0,0.0,0.0,0.0,0.0,0.0,0.0,0.0,0.0,0.0,0.0,0.0,0.0,0.0,42.53965744621628,0.3984357550379295,0.1163052960719263,56.61477205880445,0.5302663633356646,0.2551694107568917,0.464351059186797,99.15442950502072,0.0,106.8,4.680277658474897,42.53965744621628,0.3984357550379295,0.6034301883434569,1.030866550893984,26.02269410412414,0.5850308835506439,0.451243944466114,0.905341049656272,0.2390024716520228,0.1053259816266638,-0.3741301057869556,-0.7802377595448781,0.9834530128004996,56.61477205880445,0.5302663633356646,0.6690262103030066,1.4006481386669951,30.639744727437257,0.6240000575780869,0.6379480622708797,0.7597496453672647,0.3024408558885676,-0.2213108399388765,-0.1043600898140331,-0.7427835540332077,0.986262878551358,0.7688480827822203,0.4639550612787238,0.0904592002785787,0.1978163386975149,0.1034721710819979,0.0032726933475643,0.0180587642707084,0.1013746838013064,0.0060964240261061,0.0308259188239829,15.167838352941606,0.5760477539659208,0.1790090856162693,rl2,MppisaQryreZkiwB,8,3204.0,fold the clothes,"{""long sleeves t-shirt"",t-shirt,shorts}",False,False,False,False,False,False,,True
2026-01-09-00-24-08-000000,2712.0,90.4,0.0,0.0,0.0,0.0,0.0,0.0,0.0,0.0,0.0,0.0,0.0,0.0,0.0,0.0,53.017216261818135,0.5866899623218531,0.6518576077410853,55.541580999190735,0.6146246514111848,0.4050961404885016,0.600657306866519,108.55879726100886,0.0,90.4,4.515245478460105,53.017216261818135,0.5866899623218531,0.880849915023767,1.5378220208275233,37.86879869446437,0.6759057119488716,0.9126067459583282,0.9982329839840532,0.6157461530665589,0.0809617662736404,-0.3023903722969515,-0.7263263115243146,0.9937292511988196,55.541580999190735,0.6146246514111848,0.953145298493877,1.400342468383826,41.71120221680879,0.5466381479054689,0.765891969203949,0.9429219141602516,0.3947691269234316,-0.2214347690556426,-0.0311003615637442,-0.7073476591802018,0.9944669863518996,0.8570572558019602,0.4365210109160164,0.0816420632608285,0.1244704761710541,0.1042993494160758,0.0038752757030942,0.0230671073087158,0.1046134805243916,0.0056367909122988,0.0291714610916089,17.39773940156307,0.9655482283493112,0.232909337781643,rl2,MppisaQryreZkiwB,8,2712.0,fold the clothes,"{""long sleeves t-shirt"",t-shirt,shorts}",False,False,False,False,False,False,,True
2026-01-09-00-29-05-000000,3147.0,104.9,0.0,0.0,0.0,0.0,0.0,0.0,0.0,0.0,0.0,0.0,0.0,0.0,0.0,0.0,47.26578851972832,0.4507227131569769,0.5061398445281878,63.203775627397434,0.6027060612911389,0.5433358775794119,0.5267143872240581,110.46956414712577,0.0,104.9,4.662495252607361,47.26578851972832,0.4507227131569769,0.7382760775663232,1.061022078147339,31.19746738196812,0.6149727255105972,0.9137983545660971,0.8747660983353853,0.4915844879618094,0.1225063385406978,-0.299993205550447,-0.7537799571786687,0.995232040686586,63.203775627397434,0.6027060612911389,0.8052649011654983,1.5154905215808,36.13020084788825,0.8083397597074509,0.8943976312875748,0.8803282678127289,0.6364572365280153,-0.1768788698701703,-0.0150651860334108,-0.7205700891741712,0.9958677685950412,0.7952349575567553,0.4568462082459879,0.1059101732938303,0.1373623966194854,0.1040655786645261,0.0034241653950176,0.0196780285939683,0.1023538619352383,0.0059053361855653,0.0301558826951852,18.630440484501136,0.9417888180112532,0.2321734469525594,rl2,MppisaQryreZkiwB,8,3147.0,fold the clothes,"{""long sleeves t-shirt"",t-shirt,shorts}",False,False,False,False,False,False,,True
2026-01-09-00-41-56-000000,2352.0,78.4,0.0,0.0,0.0,0.0,0.0,0.0,0.0,0.0,0.0,0.0,0.0,0.0,0.0,0.0,51.18924798234647,0.6532018032626092,0.6992436938273171,53.799878971246045,0.6865148316194731,0.8256418873101355,0.6698583174410412,104.98912695359252,0.0,78.4,4.37449836825309,51.18924798234647,0.6532018032626092,0.9778354505160788,1.7757535069842694,42.151910649442776,0.6759943030774593,0.579004152212292,0.948632998391986,0.3712982837107164,0.1113446489436596,-0.2496374040413121,-0.7269297669511795,0.9987239472564866,53.799878971246045,0.6865148316194731,0.9709917059467054,1.6075242132311347,42.70971183173145,0.5424244161695242,0.6745328828692436,0.9033137084916234,0.3305072246123141,-0.1936898537005494,-0.0595346178119403,-0.7113073031809244,0.9995746490854956,0.8554568068676992,0.3891059647942833,0.0694512930557439,0.2532954410229106,0.1049507654571833,0.0040286927000374,0.0221226540395918,0.1059909881192239,0.0051533795151811,0.0276903314996359,16.516605639557167,0.7337493685718071,0.2698891171929556,rl2,MppisaQryreZkiwB,5,2352.0,fold the clothes,"{""long sleeves t-shirt"",t-shirt,shorts}",False,False,False,False,False,False,,True
2026-01-09-00-50-24-000000,2901.0,96.7,0.0,0.0,0.0,0.0,0.0,0.0,0.0,0.0,0.0,0.0,0.0,0.0,0.0,0.0,52.579802131228,0.5439289875644275,1.219689252339166,64.73531517181866,0.6696756741912274,2.0144217067584846,0.6068023308778275,117.31511730304666,0.0,96.7,4.581901559048737,52.579802131228,0.5439289875644275,0.8984831608504666,1.0921802575398187,38.19175194257493,1.3970411010086536,1.3711140006780624,0.8556892843917012,1.6390750602673732,0.2303204858404003,-0.2235677478361881,-0.754236875514454,0.9996551724137932,64.73531517181866,0.6696756741912274,1.052948795424928,1.4560075877014536,45.97229349060428,2.5675268322229385,0.8446295633912086,0.9281773166731,2.012853744995452,-0.206737122501342,-0.134363823497416,-0.7232069946573171,0.9989655172413792,0.8800167742141899,0.4914278310136832,0.0905216906530781,0.2512385045673401,0.1043437574110958,0.0038674852420434,0.0239713590501228,0.1054538295184781,0.004836223409162,0.0286993814602082,22.142267305106255,2.3750601403439866,0.2727756225608879,rl2,MppisaQryreZkiwB,5,2901.0,fold the clothes,"{""long sleeves t-shirt"",t-shirt,shorts}",False,False,False,False,False,False,,True
2026-01-09-00-55-10-000000,2638.0,87.93333333333334,0.0,0.0,0.0,0.0,0.0,0.0,0.0,0.0,0.0,0.0,0.0,0.0,0.0,0.0,60.16573868659097,0.6844793934765753,1.1591480020009366,62.78275548419592,0.7142520532900559,1.7568674601578822,0.6993657233833156,122.94849417078689,0.0,87.93333333333334,4.487887025373359,60.16573868659097,0.6844793934765753,1.0790980948323488,1.881534613640973,47.85390092006453,1.3457608744502068,1.0753007680177689,0.8631897978484631,1.249119972739455,0.1370575226584931,-0.1821785756885531,-0.7430394638634772,0.9981039059537352,62.78275548419592,0.7142520532900559,1.0749292177248295,1.6017367622722536,48.02322584059432,2.1052590012550354,0.6092412732541561,0.8059011474251747,1.0336574142425707,-0.1957925122977574,-0.0850429158558319,-0.7131753669150733,0.9969662495259763,0.8605155547082315,0.4017741927839412,0.0943178756409367,0.2486214616974723,0.1063823765659347,0.0037858146172648,0.0236997662269043,0.1068381519387866,0.0051283138681921,0.0330043082474738,19.62190425648277,1.9419182001874464,0.2463470126283928,rl2,MppisaQryreZkiwB,5,2638.0,fold the clothes,"{""long sleeves t-shirt"",t-shirt,shorts}",False,False,False,False,False,False,,True
2026-01-09-01-00-13-000000,3020.0,100.66666666666669,0.0,0.0,0.0,0.0,0.0,0.0,0.0,0.0,0.0,0.0,0.0,0.0,0.0,0.0,43.18869223122634,0.4291688529104969,0.3228252712045554,57.4557607445765,0.5709416437023169,0.640002639921563,0.5000552483064069,100.64445297580284,0.0,100.66666666666669,4.621699487939302,43.18869223122634,0.4291688529104969,0.7796706806802586,0.9974319792127776,31.747398530849267,0.6327860616147518,0.5184783604927361,0.8320860415697098,0.27299568099163,0.1108674173437626,-0.2979065983549658,-0.7416310557367786,0.9976813514408744,57.4557607445765,0.5709416437023169,0.8515247183150914,1.3191407649286424,36.26653160259727,0.692165195941925,0.9615867659449576,0.8455809932202101,0.5627991696262431,-0.1820027447459041,-0.0119822676483979,-0.722511074710514,0.9983438224577674,0.8469566210947169,0.4520464173983328,0.0894271139675225,0.2301612834406553,0.1036586169274978,0.0031620897494203,0.0208038469009956,0.1029742771452687,0.0054977304691616,0.0285170651209974,18.043454933507988,0.9898812797648086,0.210120674947538,rl2,MppisaQryreZkiwB,5,3020.0,fold the clothes,"{""long sleeves t-shirt"",t-shirt,shorts}",False,False,False,False,False,False,,True
2026-01-09-19-48-24-000000,2910.0,97.0,0.0,0.0,0.0,0.0,0.0,0.0,0.0,0.0,0.0,0.0,0.0,0.0,0.0,0.0,58.25884500451764,0.6008131145189168,0.3827154214261723,63.65005118909427,0.6564116657520894,0.5727854669044091,0.6286123901355032,121.90889619361192,0.0,97.0,4.584967478670572,58.25884500451764,0.6008131145189168,0.925054887323254,1.807864655178199,41.76892109430086,0.5106367617845535,0.7153739631175995,1.09845685120672,0.4012621619323839,0.0644390327868746,-0.2612075936153636,-0.6325901508702547,0.9938123066345824,63.65005118909427,0.6564116657520894,0.942106370724622,1.6051100663702131,43.56547913964636,0.6130210729315877,0.8627951219677925,0.897197132348083,0.4745379630597249,-0.1910149076073414,-0.08225436443763,-0.6260388941578071,0.9934685458920592,0.867208490492454,0.3381373870470435,0.0695283253262658,0.1474807174160985,0.1048029237986978,0.0046738615927539,0.0256462409872627,0.105928464722625,0.0055676917610267,0.0301232813900798,15.298364134868091,0.8297015375693594,0.2624056139684159,rl2,MppisaQryreZkiwB,6,2910.0,fold the clothes,"{""long sleeves t-shirt"",t-shirt,shorts}",False,False,False,False,False,False,,True
2026-01-09-19-53-09-000000,2751.0,91.7,0.0,0.0,0.0,0.0,0.0,0.0,0.0,0.0,0.0,0.0,0.0,0.0,0.0,0.0,41.34337821540987,0.4510186714408348,0.6102132039573981,56.44501318813055,0.6157637802341515,0.7386067246396394,0.5333912258374932,97.78839140354044,0.0,91.7,4.529368472571809,41.34337821540987,0.4510186714408348,0.634277930838131,1.0974148527163436,27.775095539810497,0.5556852594017982,0.6810213588178158,0.7927026096731424,0.2999852471619353,-0.1135672061903499,-0.3019107826775524,-0.6538762084040175,0.9934545454545456,56.44501318813055,0.6157637802341515,0.7693221047606548,1.5722778131733677,34.612942766026755,0.6291381008923054,1.245821177959442,0.9711299845948816,0.7611654375138476,-0.1937399147212456,0.0892684140211808,-0.6453147287331914,0.9934545454545456,0.7902851427781971,0.4336392017831957,0.1278541503474085,0.1297203730035656,0.104196630476477,0.004504092900512,0.0250655125295365,0.1062050474119878,0.0046959539026821,0.0330446901990298,14.686702299940375,1.0147139688787574,0.196751214185457,rl2,MppisaQryreZkiwB,6,2751.0,fold the clothes,"{""long sleeves t-shirt"",t-shirt,shorts}",False,False,False,False,False,False,,True
2026-01-09-19-57-45-000000,2842.0,94.73333333333332,0.0,0.0,0.0,0.0,0.0,0.0,0.0,0.0,0.0,0.0,0.0,0.0,0.0,0.0,55.23497781440399,0.5832627013136641,0.888715487163953,64.21561226885512,0.6780951665137817,0.6985269961726966,0.6306789339137229,119.45059008325912,0.0,94.73333333333332,4.56156654850596,55.23497781440399,0.5832627013136641,0.8257981458648334,1.6362973940236232,36.26322871963874,0.6617987751960754,1.1009541973471642,0.8381551187485456,0.6106883178694097,0.1163274971207893,-0.2348215682393141,-0.6240740703514867,0.9883843717001056,64.21561226885512,0.6780951665137817,0.8683401348649962,1.6396443855221652,38.89790588203386,0.9091051463037728,1.1132649704813955,0.874861802905798,0.8854256838190996,-0.1882798799830059,-0.1245393572577696,-0.6217360835837661,0.985568461809222,0.8164965029371657,0.3646471937946947,0.086759099007256,0.115717166419313,0.1046851971689958,0.005155953908396,0.0311571348913289,0.1057961506714013,0.0058277875821498,0.0297351245887868,16.09866917575369,1.0021827291140903,0.2642226796429159,rl2,MppisaQryreZkiwB,6,2842.0,fold the clothes,"{""long sleeves t-shirt"",t-shirt,shorts}",False,False,False,False,False,False,,True
2026-01-09-20-03-13-000000,3004.0,100.13333333333334,0.0,0.0,0.0,0.0,0.0,0.0,0.0,0.0,0.0,0.0,0.0,0.0,0.0,0.0,43.63977023551924,0.4359617406145777,0.5825143479228553,60.46403828253361,0.6040363464788572,0.6877986053807877,0.5199990435467176,104.10380851805284,0.0,100.13333333333334,4.616439778246322,43.63977023551924,0.4359617406145777,0.6726960877608367,0.994871131989916,29.757992382775743,0.6659622713923454,0.6986799146980047,0.8887936659157276,0.413550771472057,0.2177354297820806,-0.2385984761519325,-0.6673923786109519,0.9966699966699968,60.46403828253361,0.6040363464788572,0.786191146524232,1.5392237937713389,35.36643278588858,1.241368681192398,0.6768541485071182,0.8524956833571196,0.7162886473387293,-0.1733940178602834,-0.1207787146514031,-0.6548578658695525,0.9953379953379954,0.79785978066796,0.4527718398177809,0.1350892496139709,0.0809793118221133,0.1032782528301164,0.0042724895107803,0.0276086080470322,0.1052039989231366,0.004604113369619,0.0278089912656431,17.28147901250313,1.0132234718958733,0.2182473240249902,rl2,MppisaQryreZkiwB,6,3004.0,fold the clothes,"{""long sleeves t-shirt"",t-shirt,shorts}",False,False,False,False,False,False,,True
2026-01-09-20-14-23-000000,3074.0,102.46666666666668,0.0,0.0,0.0,0.0,0.0,0.0,0.0,0.0,0.0,0.0,0.0,0.0,0.0,0.0,47.282917515302415,0.4615969819261543,1.023923619838207,63.466965923257675,0.6195928986976017,0.9269025678714984,0.540594940311878,110.74988343856008,0.0,102.46666666666668,4.639249499640954,47.282917515302415,0.4615969819261543,0.7567820126824428,1.178705743491349,32.111908858692665,0.5757259130477905,1.4537157267332077,0.9379863683134316,0.7850400126836276,0.2113756901980241,-0.2520308698983557,-0.7481959653023337,0.9973966807679792,63.466965923257675,0.6195928986976017,0.893651417629077,1.5460833662614966,39.60207805598099,1.0340358093380928,1.3823008686304092,0.9780935659073292,1.3980366665976576,-0.2231644834840165,-0.1695480143815764,-0.7110327459457385,0.9986983403839896,0.7753902639040338,0.5050136887468747,0.1152120307296198,0.256103526178304,0.1035932418560254,0.0035717091351353,0.0260788420663179,0.1053566661097957,0.0053720199787066,0.029908990943007,18.596549265410545,1.4305956015782406,0.1974685568317684,rl2,MppisaQryreZkiwB,7,3074.0,fold the clothes,"{""long sleeves t-shirt"",t-shirt,shorts}",False,False,False,False,False,False,,True
2026-01-09-20-19-26-000000,2556.0,85.2,0.0,0.0,0.0,0.0,0.0,0.0,0.0,0.0,0.0,0.0,0.0,0.0,0.0,0.0,53.7933126431246,0.6316240232069426,1.0979252901771437,60.268887190077926,0.7076581666153965,0.9161553630596851,0.6696410949111695,114.06219983320253,0.0,85.2,4.456670177669648,53.7933126431246,0.6316240232069426,0.8866937587923602,1.867649599814884,39.28070829385417,0.7860345914959908,1.413059115409851,0.795382671058178,0.8834421467608782,0.0068058471052567,-0.2779937695691082,-0.7112879001867778,0.9984344422700588,60.268887190077926,0.7076581666153965,0.9443714246249308,1.7341137547440006,43.13013438498757,1.187990978360176,1.2522828578948977,0.9780200868844986,1.4550012045813667,-0.2557539130467776,-0.1028136613542887,-0.700197113774781,0.9972602739726028,0.7953439368552727,0.3919270271334557,0.0873471086623858,0.1371062441554287,0.1052491776400484,0.0039862103246653,0.0201044116563479,0.1078864840785079,0.0037788664702503,0.0173854548783512,17.636971772997427,1.4464592999273382,0.2015450501922585,rl2,MppisaQryreZkiwB,7,2556.0,fold the clothes,"{""long sleeves t-shirt"",t-shirt,shorts}",False,False,False,False,False,False,,True
2026-01-09-20-24-04-000000,2862.0,95.4,0.0,0.0,0.0,0.0,0.0,0.0,0.0,0.0,0.0,0.0,0.0,0.0,0.0,0.0,53.073220892298,0.5565175207161621,1.068640752045267,63.077239447417995,0.6614180997632085,0.9630946107282896,0.6089678102396854,116.150460339716,0.0,95.4,4.5685062016165,53.073220892298,0.5565175207161621,0.7635702309285725,1.2311024936121735,33.90596416414524,0.5665752589702606,1.5738230347633362,0.9001580774784088,0.8026612301241908,0.178711966441581,-0.3148278919687061,-0.7383486258033937,0.9975533030408948,63.077239447417995,0.6614180997632085,0.8545228659620082,1.671114249282053,38.75834156715243,0.8746063634753227,1.5127460956573486,0.8215264417231083,1.0869266064579683,-0.181175582732577,-0.2057106141777291,-0.7103910687061288,0.9968542467668648,0.8226888700222059,0.4425898220294896,0.1219839063902074,0.1062952435370721,0.1041525563811561,0.0037361547416363,0.0200831291528249,0.1063478747823112,0.0035677936139411,0.0188416510676477,20.65561621843233,1.468128882380094,0.2358473495054091,rl2,MppisaQryreZkiwB,7,2862.0,fold the clothes,"{""long sleeves t-shirt"",t-shirt,shorts}",False,False,False,False,False,False,,True
2026-01-09-20-31-25-000000,3075.0,102.5,0.0,0.0,0.0,0.0,0.0,0.0,0.0,0.0,0.0,0.0,0.0,0.0,0.0,0.0,51.59634357354982,0.5035427154217614,0.4072772041011535,67.63646167582138,0.6600825797900589,0.8728481473292639,0.5818126476059102,119.2328052493712,0.0,102.5,4.639571612705423,51.59634357354982,0.5035427154217614,0.7413056390004586,1.2206022523826026,31.35315756735853,0.5794335044920444,0.8870600201189518,0.9537842012941836,0.4902377316569923,0.1861281909393828,-0.2413262799458353,-0.7572359005658608,0.9970722186076773,67.63646167582138,0.6600825797900589,0.8450781105012006,1.5546700904433208,37.57725210881698,1.1676264330744743,1.2377163544297218,0.8570236470550299,1.2385622890884866,-0.2486549079869457,-0.1086171782639244,-0.7317290982852379,0.9993493819128172,0.8018233986156849,0.5018099896259619,0.1105042251915615,0.1731920333697097,0.1037397750558712,0.0033956571150393,0.0186969444651297,0.1037599956821689,0.0057923074310267,0.0297133602810622,20.776845747427476,1.2335086414154883,0.2410411936926961,rl2,MppisaQryreZkiwB,7,3075.0,fold the clothes,"{""long sleeves t-shirt"",t-shirt,shorts}",False,False,False,False,False,False,,True
2026-01-20-21-28-19-470000,3470.0,115.66666666666669,0.0,0.0,0.0,0.0,0.0,0.0,0.0,0.0,0.0,0.0,0.0,0.0,0.0,0.0,54.43393096791042,0.4707460158654691,0.5202389972382507,84.31064913496752,0.7291206324730543,0.6307762690878482,0.5999333241692617,138.74458010287793,0.0,115.66666666666669,4.75932086581535,54.43393096791042,0.4707460158654691,0.728403046956961,1.1745067511315457,31.70884827545877,0.5682876408100128,0.6841050004586577,0.6909836381673813,0.2686326150291327,0.1164269774916021,-0.3607030474665871,-0.666640796713123,0.989045834534448,84.31064913496752,0.7291206324730543,1.0255574163151635,2.0292960716460167,47.36175496142453,0.6492750030010939,1.0161457732319832,0.744418241083622,0.4911359270955157,-0.2347842500260588,-0.099602729649238,-0.7021613358581702,0.9884692995099452,0.5715403721051685,0.4734110462502663,0.1444834984868229,0.1338963063696386,0.102463266165438,0.0067805520657683,0.0335539110332536,0.1012364245891884,0.0076606832596974,0.0325357660790882,13.433738729320831,0.7983498847317364,0.1585623135176443,rl2,B9BG1frBKz-C2vUD,9,3470.0,fold clothes,{clothes},False,False,False,False,False,False,,True
2026-01-20-21-28-33-672000,2893.0,96.43333333333334,0.0,0.0,0.0,0.0,0.0,0.0,0.0,0.0,0.0,0.0,0.0,0.0,0.0,0.0,56.91326880176297,0.5903866058274166,0.7442608866632237,58.41867582682944,0.6060028612741644,0.5859981306370438,0.5981947335507904,115.3319446285924,0.0,96.43333333333334,4.57916838344909,56.91326880176297,0.5903866058274166,0.8666818258003566,1.712710262207049,38.07342907628816,0.6244283933192492,0.5904066432267427,0.8656964730471373,0.3191534373645212,0.1330093956995733,-0.2526393165488404,-0.6546968257153195,0.9799446749654218,58.41867582682944,0.6060028612741644,0.8715154873658274,1.6078634332905029,39.07928497479832,0.5195115059614182,0.6508073434233665,0.6594867445528507,0.2229737233844876,-0.1718371831699291,-0.0161817342204156,-0.6399910142880243,0.9740663900414938,0.534817642340358,0.4033468952431564,0.1207627016821809,0.1383108167715044,0.1043706244032102,0.0078223749659482,0.0336795976694825,0.1060997102708185,0.0067202286018037,0.0254958767981684,10.495968431859316,0.5382410274961679,0.1144871613679621,rl2,B9BG1frBKz-C2vUD,9,2893.0,fold clothes,{clothes},False,False,False,False,False,False,,True
2026-01-20-21-28-46-027000,3424.0,114.13333333333334,0.0,0.0,0.0,0.0,0.0,0.0,0.0,0.0,0.0,0.0,0.0,0.0,0.0,0.0,44.3271457092633,0.3884938274256204,0.6271806771091719,51.88975237636698,0.4547743415983084,0.4308094623877032,0.4216340845119644,96.21689808563028,0.0,114.13333333333334,4.746090877044469,44.3271457092633,0.3884938274256204,0.6268177528111634,0.9914155212759038,26.78463481226553,0.4355720281600952,0.4945512805134058,0.6460240855813026,0.1391617953066306,0.1410755173104084,-0.2047287390642705,-0.6535436439895829,0.9664037394098745,51.88975237636698,0.4547743415983084,0.7966792421154678,1.1496570945446858,34.6860910943562,0.402362760156393,0.6094627492129803,0.5616309605538845,0.1377260163198022,-0.134592609548023,-0.0569383286779454,-0.6372750743638254,0.9661115980134384,0.5222219093444012,0.3210192338836036,0.0721032289682426,0.1169592214245125,0.101795990397195,0.0076629992194841,0.0264651774219132,0.1033571963298728,0.0073025919297915,0.0288802825230487,10.709418788405785,0.4217390477553818,0.0945360059241472,rl2,B9BG1frBKz-C2vUD,9,3424.0,fold clothes,{clothes},False,False,False,False,False,False,,True
2026-01-20-21-28-58-868000,3612.0,120.4,0.0,0.0,0.0,0.0,0.0,0.0,0.0,0.0,0.0,0.0,0.0,0.0,0.0,0.0,49.00115469078376,0.4070990420170348,0.658653638809325,87.32153258278632,0.7254627464645775,0.2787809952351432,0.5662808942408061,136.32268727357007,0.0,120.4,4.799090878625398,49.00115469078376,0.4070990420170348,0.73994276102177,0.9556997583924102,31.703525229420613,0.7547849044203758,0.5131700220517814,0.7398138623684645,0.2865543124292213,0.0963215591070878,-0.3473787260068279,-0.6284209100311934,0.9803378565494324,87.32153258278632,0.7254627464645775,1.017960604483804,2.004927879345615,45.980775960746165,0.65500651858747,0.7888737395405769,0.7725260592997074,0.3991776890400272,-0.2039349304884981,-0.0438931215756913,-0.6388104015854027,0.9778454721683744,0.5777453994222801,0.4550069013668808,0.1492548823089342,0.031957386784251,0.1027187660482827,0.0070254953983606,0.0271678032684173,0.1016720906263955,0.009069570147511,0.0340604108604852,14.522741912057526,0.61720267919592,0.1820162263831523,rl2,B9BG1frBKz-C2vUD,9,3612.0,fold clothes,{clothes},False,False,False,False,False,False,,True
2026-01-20-21-29-45-799000,4307.0,143.56666666666666,0.0,0.0,0.0,0.0,0.0,0.0,0.0,0.0,0.0,0.0,0.0,0.0,0.0,0.0,65.36002287617245,0.4553647669031986,0.6796042584278589,56.974545068696855,0.3969429521739214,0.2785612472610918,0.42615385953856,122.3345679448693,0.0,143.56666666666666,4.973740762173211,65.36002287617245,0.4553647669031986,0.7550059398772166,1.1496873525404545,33.10083460564114,0.4934532642364502,0.3355322610586881,0.7147574182599783,0.1183420208405216,-0.0282971092378917,-0.219376048499371,-0.6808598912553483,0.9647004180213656,56.974545068696855,0.3969429521739214,0.5695205865155448,1.0589755666616183,25.21285668256086,0.3460011146962642,0.5414027087390423,0.5288692228496075,0.0990709246898956,-0.1641595784459277,0.0020246958546078,-0.6814925745120936,0.9593590339061774,0.514387539924758,0.280137335287594,0.0807510169300424,0.092358494838318,0.1044543147918695,0.007420674879056,0.0328116079999708,0.1062955661170033,0.0065673819229582,0.0297449011933599,12.816762693471182,0.4494310889259743,0.1160839475037542,rl2,B9BG1frBKz-C2vUD,10,4307.0,fold clothes,{clothes},False,False,False,False,False,False,,True
2026-01-20-21-30-16-883000,3141.0,104.7,0.0,0.0,0.0,0.0,0.0,0.0,0.0,0.0,0.0,0.0,0.0,0.0,0.0,0.0,45.66491086174333,0.4362889572778025,0.6358407841763865,58.39646039330384,0.5579279655411195,0.0833125020876636,0.4971084614094609,104.06137125504716,0.0,104.7,4.660604892876192,45.66491086174333,0.4362889572778025,0.70332410535548,1.2515233715939664,30.927097275466657,0.398033183068037,0.6653153598308563,0.8016151040792465,0.2122817803045653,0.2158730831477567,-0.2651732774767968,-0.6946552252009706,0.9557324840764332,58.39646039330384,0.5579279655411195,1.0504471041210612,1.4389700400831789,46.3813612290968,0.5828318800777197,0.6085798777639866,0.7813684977591038,0.277151214199991,-0.2537666513272927,-0.0521527879778733,-0.6815776424930188,0.9503184713375796,0.5621629669956866,0.5238693691155081,0.1472124683141921,0.1291571907630856,0.1031632109148717,0.0079539691537131,0.0301263312234639,0.1054271851842231,0.0069181011424291,0.0297948078576185,11.83803771603218,0.6353789514972328,0.1510759569764534,rl2,B9BG1frBKz-C2vUD,10,3141.0,fold clothes,{clothes},False,False,False,False,False,False,,True
2026-01-20-21-30-45-970000,3384.0,112.8,0.0,0.0,0.0,0.0,0.0,0.0,0.0,0.0,0.0,0.0,0.0,0.0,0.0,0.0,49.12358955188736,0.4356215449472718,0.1582363000111854,91.06268628548708,0.8075319505068319,0.3919975391027968,0.6215767477270518,140.18627583737447,0.0,112.8,4.73444252169223,49.12358955188736,0.4356215449472718,0.8461040109417004,1.0390502543171785,36.45457381867317,0.4272328689694404,0.4410441182553768,0.8988628499209881,0.1693714180522277,0.3419407624498133,-0.0341740508123853,-0.6487021081061304,0.981377475613361,91.06268628548708,0.8075319505068319,1.3808663316570584,2.0814007913176464,62.05221435605382,0.6786938309669495,0.6279692640528083,1.031018796376884,0.4394190413760351,-0.0492070045139988,-0.2397513789899753,-0.6814903258480531,0.985811409991132,0.7224586362704407,0.4682001382361792,0.1435073311945308,0.14799449840645,0.1024767888361572,0.0073213780231433,0.0327979360711659,0.1029649740731663,0.0085026105822962,0.0337105859607699,16.898265857358098,0.6901025466218063,0.2778783358266156,rl2,B9BG1frBKz-C2vUD,10,3384.0,fold clothes,{clothes},False,False,False,False,False,False,,True
2026-01-20-21-31-13-320000,3092.0,103.06666666666666,0.0,0.0,0.0,0.0,0.0,0.0,0.0,0.0,0.0,0.0,0.0,0.0,0.0,0.0,55.2698197750048,0.5364265911517775,0.1319149861209234,62.50889596537016,0.6066861465419298,0.0955982987537257,0.5715563688468536,117.77871574037496,0.0,103.06666666666666,4.645031719413222,55.2698197750048,0.5364265911517775,0.771805818520854,1.4070008541726136,33.6796048012072,0.3186455368995666,0.5526775252074003,0.7319860607385635,0.1289087671638764,0.2942177462204809,-0.0927425376979563,-0.6647087713326406,0.966353930766742,62.50889596537016,0.6066861465419298,0.8027538418292249,1.6852929961789265,36.403826156884406,0.4867887012660503,0.3879629401490092,0.6580743566155434,0.1242812747508011,-0.0848160889183435,-0.2171011721785511,-0.6602351558328465,0.9679715302491104,0.6856037432368812,0.4083993874066635,0.1050358501172997,0.1678006631868172,0.1052164695864662,0.0071672556488185,0.0294809336190766,0.1072986487375616,0.0057124485490967,0.0245045305761495,13.553383181707188,0.48183169624893,0.1384561036521795,rl2,B9BG1frBKz-C2vUD,10,3092.0,fold clothes,{clothes},False,False,False,False,False,False,,True
2026-01-20-21-31-40-476000,2758.0,91.93333333333334,0.0,0.0,0.0,0.0,0.0,0.0,0.0,0.0,0.0,0.0,0.0,0.0,0.0,0.0,45.84886493388085,0.4988995096178547,0.1430223074414159,59.57812438696742,0.6482929748309839,0.4047684577401086,0.5735962422244192,105.42698932084826,0.0,91.93333333333334,4.531882390218259,45.84886493388085,0.4988995096178547,0.7203688505090216,1.477914017327445,31.79304772268375,0.3834228385239839,0.6479028984904289,0.7281473707407713,0.1808869293676072,0.3190144054534925,-0.0744099766784862,-0.6909600941571012,0.9785999274573812,59.57812438696742,0.6482929748309839,0.8720376737415975,1.7778107255696949,40.64954861816509,0.5116972699761391,0.7000794149935246,0.7609552536159754,0.2725960306034984,-0.1679597831810024,-0.2095543665788541,-0.6680366527120312,0.982227058396808,0.6902025809853967,0.5100558195124296,0.1548256610393245,0.1557015241381129,0.1029824102541042,0.0077069283238953,0.0271599832415253,0.1046422332173459,0.0075830190445466,0.0293786186700939,11.305022158803116,0.542439240012793,0.1334973427132263,rl2,B9BG1frBKz-C2vUD,15,2758.0,fold clothes,{clothes},False,False,False,False,False,False,,True
2026-01-20-21-32-08-684000,3165.0,105.5,0.0,0.0,0.0,0.0,0.0,0.0,0.0,0.0,0.0,0.0,0.0,0.0,0.0,0.0,47.06010538843151,0.4462083317487184,0.8244276072036046,87.66783016021346,0.8312373276884967,0.7142768576152975,0.6387228297186076,134.72793554864495,0.0,105.5,4.66814498514948,47.06010538843151,0.4462083317487184,0.6672335758422916,1.0726318816953515,28.596061663302898,0.3063133768737316,0.6497736573219299,1.0013574534095824,0.1993045430527951,0.2981464499357564,-0.1785295463866174,-0.6554913264839052,0.9895701643489254,87.66783016021346,0.8312373276884967,1.088418593715966,2.276131268100538,50.42742154909936,0.7187565341591835,0.7365299379453063,1.043007142841816,0.5521530721569889,-0.1520564236973911,-0.2526782695517678,-0.6759300335261847,0.990834386852086,0.5521440962868419,0.482922068244531,0.1548035688390671,0.1625472726365517,0.1021601552750638,0.0065673960216833,0.0314633796741927,0.1038388867109245,0.0072291407708462,0.0340021738350282,15.235870006173812,0.6630959884962571,0.2192277039709811,rl2,B9BG1frBKz-C2vUD,15,3165.0,fold clothes,{clothes},False,False,False,False,False,False,,True
2026-01-20-21-32-36-344000,2999.0,99.96666666666668,0.0,0.0,0.0,0.0,0.0,0.0,0.0,0.0,0.0,0.0,0.0,0.0,0.0,0.0,50.36589203051036,0.5039949169163812,0.13633345394753,59.428994280873326,0.5946864004090059,0.0662284024029156,0.5493406586626935,109.79488631138368,0.0,99.96666666666668,4.614790429365082,50.36589203051036,0.5039949169163812,0.8254864983881268,1.5193430839649709,33.65112754498773,0.2601593397557735,0.5367161780595779,0.8270460776984692,0.1154818717408149,0.2558009033912756,-0.1341733450736374,-0.6550404528288215,0.9683122081387592,59.428994280873326,0.5946864004090059,0.9259330442393884,1.690648961434521,39.548096575477075,0.3732175081968307,0.5640538446605206,0.7342011984437704,0.1545601967126864,-0.0898252589986468,-0.1921614387280532,-0.6355208421244636,0.9669779853235492,0.7905741152180176,0.3570438500484253,0.0824931126273053,0.1407625061386448,0.1050442689512499,0.0077489391006604,0.0297645708425658,0.1058889271403567,0.007571392139726,0.0304002018898726,10.20007436169938,0.4357179690446263,0.1260482331531544,rl2,B9BG1frBKz-C2vUD,15,2999.0,fold clothes,{clothes},False,False,False,False,False,False,,True
2026-01-20-21-33-05-081000,3075.0,102.5,0.0,0.0,0.0,0.0,0.0,0.0,0.0,0.0,0.0,0.0,0.0,0.0,0.0,0.0,45.0405391905786,0.4395628418078589,0.49966519273986,57.81713799294391,0.564253135910318,0.1538817261786223,0.5019079888590884,102.85767718352253,0.0,102.5,4.639571612705423,45.0405391905786,0.4395628418078589,0.6552756818014575,1.2241340519169033,28.640127964251135,0.2129013873636722,0.4548449255526066,0.6769546940922737,0.0655543400256396,0.2347626015919495,-0.1836734347612544,-0.6347295643383167,0.9752765126870528,57.81713799294391,0.564253135910318,0.8037025130263555,1.4629581975666468,37.063990441730546,0.3268355149775743,0.3648573365062475,0.6610714308917522,0.0788316677608542,-0.0946408790552882,-0.2074933645206435,-0.6144476418621172,0.9837345478204296,0.6530417474849451,0.3355098374111528,0.0661936361986983,0.1511897041123011,0.1045119749165045,0.0066996354903968,0.0263239157164656,0.105468476341991,0.0066836720344388,0.0299111736630254,12.521195832086724,0.4532723514152019,0.1392148778378818,rl2,B9BG1frBKz-C2vUD,15,3075.0,fold clothes,{clothes},False,False,False,False,False,False,,True
